Country,Year,Agri_GDP,Credit_Private,Elec_Access,Emp_Services,FDI_GDP,GDPC_2015,Indus_GDP,Internet_Usage,Serv_GDP
ABW,2004,0.0014283931157615978,0.6090144658173691,1.0,0.9109107808108794,0.0,0.6936817281669146,0.27713455936002407,0.23,0.797911053142434
ABW,2005,0.0013725025958358761,0.6184749172663639,1.0,0.9082468152425779,0.0,0.6893638623592301,0.29794511521415257,0.254,0.7873102035835351
ABW,2006,0.0014146714788744823,0.61775489138246,1.0,0.9082468152425779,0.8645621542230044,0.6883832817561321,0.33597731481278337,0.28,0.7661659822183391
ABW,2007,0.001492202497024486,0.6087681410778722,1.0,0.9082468152425779,0.0,0.6917162367603201,0.3312003222367015,0.309,0.7457122140900179
ABW,2008,0.001295053147767127,0.6041777489906532,1.0,0.9074683768427647,0.3272453347778568,0.6932493428092977,0.29458608704922606,0.52,0.7590449785041571
ABW,2009,0.0019762426654786904,0.6258130609314889,1.0,0.9109107808108794,0.2569714163405705,0.6742393293643004,0.19308940082612125,0.58,0.789931165724775
ABW,2010,0.00211302861513714,0.6369857946818067,0.9220587880546196,0.818033229802856,0.7793862234492419,0.6698824061662246,0.13638385781801543,0.62,0.8216261716611934
ABW,2011,0.0020903191556048725,0.6272167673380513,1.0,0.9120878540724723,1.0,0.6736231150285458,0.16824853048692323,0.6900000000000001,0.8089699235777226
ABW,2012,0.002341127436273216,0.636555239309027,1.0,0.9074683768427647,0.0,0.6699709454476329,0.07369146425174455,0.74,0.8327048221174591
ABW,2013,0.0014872515542577991,0.6383424482721025,1.0,0.9109107808108794,0.9331555266871934,0.67685288308794,0.1033916859583699,0.789,0.8397803348878381
ABW,2014,0.0007823323818305964,0.6423190683908679,1.0,0.9085848448698395,0.7698574119864363,0.6773616739064973,0.10552081722859796,0.8378,0.8403052197806105
ABW,2015,0.00024289576647333957,0.6286858684636432,1.0,0.9109107808108794,0.2249764997631897,0.6810255463263427,0.17208696645657984,0.886612,0.8282651424071386
ABW,2016,0.0016732618569119582,0.6309886116858789,1.0,0.9109107808108794,0.3441153872711471,0.6817060552469191,0.18115512792215172,0.9354250000000001,0.8237145067656968
ABW,2017,0.002912326190033485,0.6310833127783655,1.0,0.9082468152425779,0.6259089937500782,0.6866797386443276,0.1693155026263089,0.9717,0.8265818683375596
ABW,2018,0.002524132900351934,0.6260967968332134,1.0,0.9109107808108794,0.5703597042629975,0.6910387451954275,0.1287923098904138,0.7057692,0.8348050847271957
ABW,2019,0.001629381954349985,0.6401446709183578,1.0,0.9109713860453976,0.1377326354485889,0.6924136141257696,0.13969097452417634,0.6805064,0.8145910470256776
ABW,2020,0.002395244763101939,0.710723048251787,1.0,0.9085848448698395,0.7081573889435042,0.6535933659644647,0.177385704149444,0.7057692,0.8064353480131867
ABW,2021,0.00432403890864755,0.6711490674545728,1.0,0.9094238885041708,0.5856998385931245,0.6747307212158461,0.11431304299493128,0.7057692,0.820121643396087
ABW,2022,0.005298044646901508,0.6433820059173085,0.9988575261865398,0.9085848448698395,0.7698625970128363,0.689929575339027,0.05800009094778735,0.7058032000000001,0.8267567533869733
ABW,2023,0.15526735456059276,0.6290164419315376,1.0,0.9074683768427647,0.050736934948293094,0.7006400944154832,0.4835667378272655,0.8545598000000002,0.5246293321900993
ABW,2024,0.2907004362159102,0.8101445312761385,0.9992506894297059,0.8826857392826817,0.441547149215162,0.7093469012847121,0.374554929848533,0.6117466,0.711992931513187
AFE,2004,0.570172707058236,0.7046131874586112,0.0,0.28330452502906756,0.40285103152494867,0.23510950343237746,0.5382518703743393,0.0516,0.4936511843022111
AFE,2005,0.5682794253469683,0.719237927725862,0.0,0.2866488278871615,0.4156064459858157,0.2399426955423528,0.5546818820050592,0.018000000000000002,0.4741810746109576
AFE,2006,0.574689014239384,0.741645513633159,0.0,0.2933548726512756,0.36580214028681357,0.24539195415429693,0.5560619152707842,0.019,0.4620288657930445
AFE,2007,0.5931936591172638,0.7392001336611531,0.0,0.29963798113789597,0.4426465934687961,0.2508949578472567,0.5786871512087675,0.027000000000000003,0.4216658782180831
AFE,2008,0.6160274638089319,0.6998111388083208,0.0,0.3048177060405579,0.4894736872668994,0.2532423879473912,0.5989314760884428,0.03,0.3949338779032199
AFE,2009,0.6207556334386058,0.7038777302687265,0.0,0.3092411812439728,0.4523386373253435,0.250599449486829,0.5347848605668728,0.035,0.4830296030847139
AFE,2010,0.5997209765598099,0.7174108534862094,0.0,0.32353775342090696,0.39336183667047425,0.25413500327331373,0.5459827847173064,0.053,0.49106715919694777
AFE,2011,0.5774601981404229,0.6947749931903242,0.0,0.33033964268263327,0.4022031598761878,0.25603809802801225,0.5682891307938758,0.068,0.48974938603122764
AFE,2012,0.5926225379144479,0.7029789696731898,0.0,0.3391997269513203,0.4536437832501431,0.25485712998882726,0.5657978994827324,0.084,0.48665485079567716
AFE,2013,0.5993490672916955,0.692083375766458,0.0,0.3348966624954106,0.42591946008619486,0.2570565714798049,0.5544751857756245,0.1,0.4890596124428477
AFE,2014,0.6139071883402293,0.6877080906978696,0.0,0.34735335868194106,0.4636715224474067,0.2587123134510395,0.5431782818391075,0.121,0.4840027942225906
AFE,2015,0.6268152949346488,0.6617864916495002,0.0,0.35672550112948365,0.48873231292106634,0.2589951607203179,0.5006078208815179,0.14300000000000002,0.4972167432814367
AFE,2016,0.6246167893419327,0.662598653230891,0.0,0.366846037093433,0.417087089234049,0.25822197382021084,0.4980722421179933,0.163,0.493059035722621
AFE,2017,0.6172227844464533,0.6616078106563212,0.0,0.37747264897630384,0.3543783799822048,0.2582223193757308,0.510524409363631,0.17300000000000001,0.49465162830779574
AFE,2018,0.6087359332256171,0.6491708107337559,0.04258377030326521,0.39249895353573727,0.3709207359458761,0.2581280099791766,0.5251540812636375,0.196,0.4906863787170539
AFE,2019,0.6257695598996268,0.643386310303812,0.07755765354721156,0.40986748108453064,0.3829758536909706,0.25709525141527834,0.5225639769068502,0.21600000000000003,0.4701629254192654
AFE,2020,0.6544036482907573,0.6253566991533415,0.12464424849036426,0.3835018358775386,0.3763247264537747,0.24903345234593777,0.5048099183115324,0.23500000000000001,0.4549763143586003
AFE,2021,0.6386581232166938,0.5995351974477892,0.16878849242421268,0.3793788660244286,0.6044968001779147,0.2516845445566406,0.5208819569789678,0.25,0.42286489515670356
AFE,2022,0.6459407935626308,0.5752652675660177,0.1845050743036376,0.3937190253017109,0.3976701903034263,0.25322557922714284,0.5278957068126733,0.268,0.3896896163040857
AFE,2023,0.6633117413396644,0.5862108320847497,0.22693485118907475,0.39525833714064973,0.4147386977959754,0.2523459095813393,0.5296536089127788,0.278,0.42168108605888355
AFE,2024,0.6623196347486561,0.20163445776852837,0.04538697023781495,0.4056040848695326,0.42701722396938435,0.2527136843654313,0.5209873226255162,0.28800000000000003,0.4372292052800715
AFG,2004,0.8139538740011253,0.21431153090765837,0.0,0.2175501749756188,0.5168178018332417,0.04339302021180058,0.5261570291624895,0.00105809,0.25458300617267104
AFG,2005,0.8245338960721811,0.22784654175508745,0.0,0.23760751386702395,0.5683328581113136,0.05370422668006014,0.5368571243614872,0.0122415,0.20890612720841206
AFG,2006,0.8053792565895834,0.11564507148518838,0.0,0.24287012462309354,0.5061882567247246,0.055334459914913925,0.5615407149077376,0.0210712,0.22706554242624888
AFG,2007,0.8169154896033705,0.18155060588745797,0.0,0.2708926100408551,0.40999584221087537,0.07134483658452195,0.5381242655248688,0.019,0.23713272069012659
AFG,2008,0.7731779890398363,0.24463840626794436,0.02582938936209711,0.2801549466932176,0.31365569616914435,0.073753587914827,0.5387262805372743,0.0184,0.34124716936455846
AFG,2009,0.8106433799371021,0.26906090951142086,0.17283782824307714,0.31551378122982765,0.31342978510729175,0.09654840846936141,0.43903086121180124,0.0355,0.33806413219128384
AFG,2010,0.7850152500032058,0.28745919139025705,0.03377426959979424,0.34950718272734216,0.3623195229461114,0.11173989043890253,0.42237453134090486,0.04,0.4055255475853392
AFG,2011,0.7623583333416674,0.1200638726778776,0.046895312373966824,0.348730094766017,0.30309096796775087,0.10700770368351764,0.45722214197321787,0.05,0.42001840096946186
AFG,2012,0.7685151860450632,0.10095014940998998,0.5788075254742742,0.3707468677985548,0.3025973850067862,0.11853339422871767,0.42251954908031153,0.054545500000000004,0.4354059975947666
AFG,2013,0.7531932920670547,0.09470224330891025,0.5605661683339731,0.36644669697754084,0.29962716703313674,0.12147692993751458,0.4060608297133439,0.059000000000000004,0.47104110293318735
AFG,2014,0.7463501119103283,0.07806747367535255,0.8733985027471611,0.3694046498016075,0.29766590023026057,0.12010835060580038,0.4241483153889605,0.07,0.47614375336687553
AFG,2015,0.7303373151649526,0.07989445705876808,0.6176328652416263,0.3958728417779378,0.3415514542962003,0.11767524897532622,0.44399192258390263,0.08259999999999999,0.4801709430150405
AFG,2016,0.7808627076501036,0.07566222581519716,0.9734324496186684,0.42147257164904595,0.31764154321679877,0.11723970555596253,0.09113289953393156,0.11,0.5705749920155907
AFG,2017,0.7868496104458683,0.07352249790863563,0.9734324496186684,0.4468990312555525,0.3019046701843414,0.11695603983552427,0.07259159575287466,0.135,0.5602040160623831
AFG,2018,0.7453778809838415,0.05772118800113618,0.9220587880546196,0.450308418233869,0.32707589375539653,0.11445127496504137,0.20527144335888803,0.168,0.5772962080734239
AFG,2019,0.781162643636257,0.04323649128514995,0.9734324496186684,0.4581308775204165,0.29212314079698665,0.1156867677141693,0.22819854050058574,0.17600000000000002,0.5162144606858106
AFG,2020,0.815921223836427,0.03605566476685851,0.9734324496186684,0.42636387996933145,0.28825076744804634,0.10767007383023797,0.18983920321559067,0.170485,0.4692017920682847
AFG,2021,0.8422903273181948,0.09650785572210861,0.9734324496186684,0.3303288341689794,0.29342284470300806,0.07059131223541693,0.23534847691052607,0.16514299999999998,0.37425839801730154
AFG,2022,0.8430047468662478,0.21519744122911488,0.8185921018853666,0.3161550489597915,0.3834718846013384,0.05918299360350665,0.2907070128599807,0.17191700000000001,0.33430588531838046
AFG,2023,0.8500581819613326,0.31452076196939405,0.8185921018853666,0.31756462448743594,0.3823633327146837,0.05933651138900631,0.20745473122943747,0.177089,0.35958665843039306
AFG,2024,0.8209398913856406,0.3637727598463879,0.24152326121100512,0.31763722970541064,0.5138974116193059,0.1418079642887156,0.46595360663626584,0.13483780000000004,0.23918162154983164
AFW,2004,0.7634037005270081,0.22909859693370144,0.0,0.3980764882747869,0.40143795017818273,0.24932653390435255,0.5718154821406833,0.0874,0.2643382574055959
AFW,2005,0.7587626552610954,0.2286957416416699,0.0,0.40690637386660367,0.47479123948916946,0.25338241806008865,0.5819430895051483,0.023,0.26416503312343487
AFW,2006,0.7485055745647207,0.22461133211757095,0.0,0.4156072508018962,0.4329690519495269,0.25675663715195307,0.5603797987618826,0.034,0.332735387323714
AFW,2007,0.7454764155390068,0.30050176055707417,0.0,0.42610334184576226,0.4640900713954106,0.260357653024473,0.541623743826646,0.043,0.3586379649562881
AFW,2008,0.7511110450160627,0.3444107489347578,0.011551050559465814,0.4368308348290477,0.4689432203495266,0.26499907094827,0.5602493601333194,0.05,0.3351619384370186
AFW,2009,0.7619900311140713,0.3597778596901032,0.015217018783615366,0.4479921409776315,0.5134861123675057,0.26959434521681935,0.4954707147092794,0.057999999999999996,0.3744605992799519
AFW,2010,0.7462994480609857,0.3117242334337929,0.013861943040448743,0.461731186279271,0.4891055092869163,0.2753676268818016,0.5463227053740016,0.073,0.3671495917318093
AFW,2011,0.7290686659023309,0.2924385769495536,0.11925551127042233,0.47181745534013153,0.5147327926463962,0.27824286335895676,0.5966598389151796,0.087,0.33844030938762604
AFW,2012,0.727057492286751,0.2881221084289694,0.07235338257358226,0.48033667754849274,0.46596436986634737,0.2814653317366339,0.5871613012855896,0.10300000000000001,0.35835966429309707
AFW,2013,0.7188835490551647,0.30465179984403584,0.14668139263451252,0.4883628078127069,0.4317106895519064,0.2860204978387667,0.570888209005431,0.126,0.38194409828862375
AFW,2014,0.7139009577624803,0.3266247288364416,0.16030942698932815,0.4973747930648855,0.40350201459485824,0.2900902846819896,0.5463447369186305,0.15,0.4076604112171238
AFW,2015,0.7252606175558335,0.3334885701754839,0.1387068711948869,0.5059623373744708,0.4228554947432471,0.29036785658477726,0.46587719041233555,0.18600000000000003,0.4813977729973993
AFW,2016,0.729919730645725,0.3531798200067981,0.23533327622339684,0.5098951069516686,0.42949732659999185,0.28677157670413866,0.4306162357212515,0.209,0.4957339263776741
AFW,2017,0.727258374566489,0.34050006903724755,0.18680636440439358,0.517152537771544,0.45038786339650116,0.2862552092838796,0.491693287660669,0.23800000000000002,0.44899366926328366
AFW,2018,0.7294009751541664,0.3161613936693836,0.2417573518614775,0.5260277788835497,0.40858042506165254,0.2867334810301373,0.534767915844981,0.257,0.4077534040441102
AFW,2019,0.7596624980670746,0.2783422722119286,0.24078174616239956,0.5370700518912459,0.3638737639950331,0.28787808456430686,0.4696653584703179,0.28500000000000003,0.4337242126467409
AFW,2020,0.7777921128223918,0.2902590122223084,0.25316472131634704,0.5150315002210859,0.3517587949613699,0.2788959610894032,0.4243709582121502,0.315,0.4295834315386422
AFW,2021,0.7798142326383062,0.3058551818839343,0.30672590334801875,0.5181181115718778,0.38824072970870543,0.2791192337031697,0.43957912568293245,0.34700000000000003,0.4081402610841436
AFW,2022,0.7775532443929656,0.305470003027381,0.33385987775461157,0.5217385880127328,0.3795674336319821,0.28208372808808,0.4644051634147146,0.375,0.39657882557183477
AFW,2023,0.7662696951459788,0.37562486120255384,0.36165187428587053,0.5290120207438198,0.4194932250844603,0.2838402764926392,0.46666080138701593,0.385,0.4028064124562336
AFW,2024,0.7506232808363741,0.4353401654539379,0.8661299981814166,0.536249683898824,0.4401083409454792,0.28686544793144686,0.48677262983410263,0.4,0.38835457853462696
AGO,2004,0.5768075640984422,0.4054884615196014,0.0,0.7394129538844263,0.8136713820697459,0.3379748271243591,0.8448234596369892,0.00464815,0.22449931988288396
AGO,2005,0.5357309152370764,0.34273921483411907,0.0,0.7198140451542683,0.07904466812266508,0.3518939032565852,0.8989434505585314,0.0114337,0.1270782304321596
AGO,2006,0.5326105282471272,0.48998855190561963,0.0,0.7015313718396428,0.27983629545753635,0.36278695320875454,0.8819002696688791,0.015,0.16637284527204388
AGO,2007,0.5369957416673652,0.2939244218889913,0.0,0.6824726354104258,0.20442054138981886,0.37509505047116154,0.9143881609480244,0.017,0.09214294140204426
AGO,2008,0.51634070246218,0.44033570090995705,0.0,0.6634036518622635,0.3946257269454384,0.3844774515464634,0.8996785039492003,0.019,0.09530030723897243
AGO,2009,0.5768611925390921,0.461401423802447,0.0,0.6427690438251012,0.4596770689217564,0.38182810356649133,0.743888720474952,0.023,0.3648938846291161
AGO,2010,0.571024474445522,0.3624955296000676,0.0,0.6136307702420201,0.06420657649925385,0.3837251266046081,0.8273850083244045,0.027999999999999997,0.23953055067144513
AGO,2011,0.559235946817025,0.2262924857647922,0.0,0.585095801402336,0.12728382058489754,0.38320683084969887,0.862862129514459,0.047,0.18221520889379583
AGO,2012,0.5623925400634352,0.1416987529731558,0.0,0.5575143542188292,0.21763134499680975,0.38941408352074747,0.8740010749076639,0.077,0.18964859199862927
AGO,2013,0.5760921930199903,0.12189837455034187,0.0,0.5306181617651493,0.0,0.3907457287517847,0.8455796154497448,0.13,0.24158413719942695
AGO,2014,0.5991192695555848,0.2636624328822195,0.0,0.5006734526060757,0.43913999388118863,0.39193263757521024,0.7788907468033546,0.213623,0.3147975910315064
AGO,2015,0.6376039902810939,0.4254634801141874,0.015150357321191521,0.5005263776238129,0.9204687829022948,0.38780421885211724,0.690336327441035,0.22,0.3904296382067032
AGO,2016,0.6534468002630897,0.3868380270940223,0.009773530704505262,0.4974922652518359,0.26450980555579234,0.38012503306050605,0.6990654732798469,0.23199999999999998,0.3661263497106191
AGO,2017,0.6573283181160285,0.33930528570134283,0.039040613089818876,0.49608270733122817,0.0,0.374769985702612,0.6951797718948707,0.26,0.3641785800452748
AGO,2018,0.6322766069534023,0.3155888964246036,0.10042950034432785,0.49253954217116425,0.0,0.3688935991962873,0.7464809740846321,0.29,0.312900328502153
AGO,2019,0.6159562669455413,0.31895070148855403,0.1078783565087642,0.4908953655405912,0.0,0.36367994167512496,0.7586844347829209,0.32129399999999997,0.3110195143362606
AGO,2020,0.6587319940073767,0.2826978743939535,0.1420173840377048,0.46906786279244983,0.07762490621218923,0.3529497686477253,0.6900158183873488,0.36634700000000003,0.3402732272663762
AGO,2021,0.68060913408006,0.22932865136387953,0.17049604628040171,0.4590903378519422,0.0,0.35135301364707316,0.709155396193488,0.393876,0.28640806492557314
AGO,2022,0.7114773088385543,0.18228206832550137,0.17750717559421858,0.502944741611203,0.0,0.3527845628061145,0.6657402078347125,0.420719,0.30924430557735194
AGO,2023,0.7309475790499772,0.20138825074857664,0.2365486246510402,0.503504648236023,0.15530221793356255,0.35013592533396853,0.6684749039554652,0.447581,0.2691621323458313
AGO,2024,0.7456512190576531,0.1937103221313511,0.8415791580995607,0.5058388934463434,0.21251870260665717,0.35200007446962733,0.660589349571628,0.4340356799999999,0.25340275940064405
ALB,2004,0.7063404697545839,0.4060401763404956,0.9931281193697661,0.4415743094252469,0.5838966444644289,0.3370718180952582,0.5531916223032187,0.0242039,0.22112566061146843
ALB,2005,0.6881306714108698,0.4840919038849233,0.9931281193697661,0.4397916269705795,0.4909091844815174,0.3450748977493182,0.5602723581106899,0.060438900000000004,0.23936336739962583
ALB,2006,0.6734372404099684,0.4422161578721687,0.9931281193697661,0.45134168758559223,0.5152633694308659,0.3544717651420414,0.5652753047085228,0.0960999,0.2350687250725061
ALB,2007,0.6662062985632049,0.5359632596349553,0.9931281193697661,0.45506688307876386,0.665869763948711,0.3647069924241263,0.5678130624857356,0.150361,0.2425244242519362
ALB,2008,0.6646079423349488,0.4971342221754149,1.0,0.45856024067271894,0.8962030244975534,0.3755128041831889,0.5675475765293914,0.2386,0.25382332115780404
ALB,2009,0.6625242598959956,0.5371734470459455,0.995423298675246,0.44294156581513056,0.9938334194823661,0.3803439222229833,0.5503451362452922,0.41200000000000003,0.2732943947610118
ALB,2010,0.6778324835089103,0.5444031406647822,0.995423298675246,0.4657803204641149,0.8708738008671053,0.3853161350085633,0.5487055213782761,0.45,0.25885557552113125
ALB,2011,0.6827488368739302,0.5571954231261191,0.9965691777763395,0.4305221751656916,0.8100791479996865,0.38923829814817734,0.5391830576615144,0.47000000000000003,0.278153079402331
ALB,2012,0.6941922474450254,0.558042009146748,0.9988575261865398,0.44745190288778414,0.7718566944480181,0.3928989447933021,0.5107909367690515,0.494,0.30390049366779603
ALB,2013,0.710709331089699,0.5508543355765063,0.9988575261865398,0.476648985580439,0.9218252733146972,0.3975950868615937,0.5126748650025139,0.518,0.28615379094326965
ALB,2014,0.7144253426220855,0.547182479186173,1.0,0.49094316088779166,0.8468604622535398,0.40304980371275334,0.47977308828136844,0.543,0.286741708616979
ALB,2015,0.7085736893511287,0.5346429708040972,1.0,0.4937711668622269,0.8454898848751595,0.40848676897221214,0.49282773224569776,0.569,0.29122931976917954
ALB,2016,0.7135924263303093,0.5306367179893472,0.9988575261865398,0.49891605466762723,0.8509608663131902,0.41629116240849295,0.4805494942236148,0.596,0.3027429346209125
ALB,2017,0.7003668858501348,0.5177593654558608,0.9988575261865398,0.5278983031479232,0.7860530620930977,0.4232190308649223,0.4617172635367164,0.624,0.3248117449732226
ALB,2018,0.698314380336901,0.5071432232522035,1.0,0.5343563947177761,0.7936659600951932,0.4306914250228068,0.478249540177359,0.654,0.32157514226205963
ALB,2019,0.7013810500250208,0.5151482646593504,1.0,0.5413105300189684,0.7855390163546319,0.43589402448001724,0.4619731779660101,0.685504,0.3420839870205592
ALB,2020,0.709284790363327,0.539550309992805,1.0,0.5416594180021961,0.7407926248564891,0.4332428187755749,0.4724265192739723,0.722377,0.3472116506029286
ALB,2021,0.6967672687431226,0.5319838971078805,1.0,0.5575897187896537,0.7238239448406212,0.4479491695253589,0.4506933260764663,0.7932370000000001,0.3387258508191522
ALB,2022,0.6862784600043065,0.5155715917394492,1.0,0.5518502847246416,0.777282081782735,0.4570304390201462,0.4632212618593492,0.826137,0.35816950316884455
ALB,2023,0.6766707029799262,0.5068701723462343,1.0,0.5820899925457037,0.7330948670363752,0.46498396338785997,0.466053885005679,0.831356,0.3835505533367223
ALB,2024,0.6650402871377036,0.5172951370769949,0.9965655368908666,0.5880017193486635,0.6955520326018639,0.47298017810766535,0.4499835880649594,0.7229162,0.4021339998451636
AND,2004,0.0800055211816252,0.8113193396076926,1.0,0.8914633131251524,0.6961392293405534,0.7358326494834347,0.2826765764782595,0.26838,0.7785683643142933
AND,2005,0.07417643075344389,0.8627325169754132,1.0,0.8977864322056549,0.6961392293405534,0.7375398269357375,0.29027650684421635,0.376058,0.7741539841945282
AND,2006,0.06945726082872536,0.8307302100483893,1.0,0.9049977313428208,0.6961392293405534,0.7403557305393899,0.29414515052835943,0.48936799999999997,0.7706525462005951
AND,2007,0.07213306808151115,0.8627325169754132,1.0,0.89372197546322,0.6961392293405534,0.7384715838212613,0.2733930593432874,0.7087000000000001,0.7758000714668349
AND,2008,0.07868314859129248,0.8160497383118784,1.0,0.891323756773614,0.6961392293405534,0.7273284891997472,0.2721466599128297,0.7004,0.7852462554541262
AND,2009,0.08071017180239624,0.8160497383118784,1.0,0.8978049041158609,0.6961392293405534,0.7187377766426658,0.2513244286552956,0.7853,0.793052159182198
AND,2010,0.08857475619451387,0.8160497383118784,1.0,0.901977776570775,0.6961392293405533,0.721455475569709,0.19604008731150113,0.81,0.8040437687449291
AND,2011,0.09245384741587351,0.7805844684897079,1.0,0.883629961213666,0.6961392293405534,0.7267986204333615,0.15072453815503706,0.81,0.8084218532649854
AND,2012,0.1095217641244467,0.7460521034143243,1.0,0.9037299463423889,0.6961392293405534,0.7211739652713421,0.1169891717005318,0.8270000000000001,0.8021410971147453
AND,2013,0.10718635692353204,0.7805844684897079,1.0,0.8965346445048088,0.6961392293405534,0.719062693787088,0.09773329148260856,0.8440000000000001,0.8157453291669285
AND,2014,0.09986619643988183,0.8160497383118784,1.0,0.9025202919658548,0.6961392293405533,0.7254935858547721,0.07719774797275547,0.861,0.8182480362657318
AND,2015,0.09608296030768625,0.8160497383118784,1.0,0.9026717954017809,0.6961392293405534,0.7306705371510521,0.06936742829977871,0.8790000000000001,0.8230023993715965
AND,2016,0.09743090791951883,0.8627325169754132,1.0,0.9006255720015357,0.6961392293405534,0.7359438622931552,0.07662226026564012,0.897,0.8166393346650955
AND,2017,0.10324071530584782,0.8609208954494555,1.0,0.8980465312528798,0.6961392293405534,0.7332982692429958,0.08799553378744651,0.915675,0.8140206268925088
AND,2018,0.10121840659102917,0.8125312382856414,1.0,0.8839621002460734,0.9355124897948706,0.7328590562583254,0.11718725130157126,0.7154926,0.8116087830411813
AND,2019,0.09753015252296379,0.6711996671877254,1.0,0.9085848448698395,1.0,0.7332437259420105,0.14251161078194818,0.907187,0.810471361546099
AND,2020,0.10322607601526661,0.6727975884900067,1.0,0.9097560275365781,0.8978711337887344,0.7143180747324004,0.1791830471764957,0.9320560000000001,0.835758060482537
AND,2021,0.09896837970252048,0.6711996671877254,1.0,0.9079870420665077,1.0,0.7240402122040003,0.1681050417157024,0.938975,0.8309620568760745
AND,2022,0.09196238942861655,0.6642546235810667,1.0,0.9109107808108794,1.0,0.7348365313607109,0.12005372480263721,0.944855,0.817664110436152
AND,2023,0.09051532283478152,0.693089800565929,1.0,0.9082468152425779,0.7581899710613818,0.7364579388284588,0.1705682764957528,0.954456,0.8190050532770221
AND,2024,0.08847964970167926,0.5824032995255636,1.0,0.8909964223052175,0.7163236968917787,0.7393420981006279,0.1825914256650818,0.42373840000000007,0.8108518138244261
ARB,2004,0.48142423702545956,0.5022496203106388,0.777502653707475,0.637229459992378,0.42490480948458365,0.44088990898578573,0.8380906619671726,0.1664,0.29470643475252034
ARB,2005,0.45530621720768344,0.5023252253116048,0.7884910475411093,0.6404015230168398,0.4902019123148684,0.44531572473989656,0.8745212474477473,0.1276,0.21976449474300974
ARB,2006,0.44721764195282554,0.4963337035851963,0.8183835181167236,0.6432119251737056,0.5424661493131043,0.4506403189659821,0.8856184831156608,0.2312512,0.18799350646517388
ARB,2007,0.44743968803340467,0.5089892320521909,0.7960110800051474,0.6451827600566196,0.531545344141104,0.4535175083469837,0.8745672807258864,0.2312512,0.20701302825143708
ARB,2008,0.427869989610259,0.5061076160036884,0.7912148324009785,0.6508366270730916,0.45240343460459415,0.4576924816295119,0.8991588498783618,0.40680000000000005,0.15588740913077626
ARB,2009,0.4662659384999333,0.5403840577860237,0.8032517614010137,0.6582277524625746,0.4286185531948648,0.4550424423776863,0.8188680785242304,0.182,0.32398274671641003
ARB,2010,0.45051065365834886,0.53601610032623,0.8400610601064056,0.6619112353256762,0.42146562783968344,0.4590075449801928,0.8425072156408333,0.2002,0.3006902962851399
ARB,2011,0.4295101833364355,0.5204327901568457,0.843351416699126,0.6716494508540967,0.36970694378482094,0.4611460695750974,0.8745948628514624,0.2002,0.2417315906858608
ARB,2012,0.4101982675668469,0.5173867499035965,0.8390947258722834,0.679848591664717,0.38487510249209655,0.46544860201270855,0.8816134670044642,0.2002,0.25795231586747613
ARB,2013,0.4149551060104426,0.529319533351599,0.8665170541941603,0.685472946451704,0.36534040232239956,0.4655090965190244,0.8613207935825202,0.20020000000000002,0.298400555696944
ARB,2014,0.42369932928676424,0.5474069643140858,0.8593816911256944,0.6897684939372097,0.33989805481884183,0.4659152917709585,0.836896647330166,0.2294,0.34776714427008715
ARB,2015,0.44786470507996157,0.5898568218370499,0.8626647333452269,0.6969974881447021,0.3392310359274467,0.4671313540755112,0.7373042227267406,0.452459,0.4847461773529669
ARB,2016,0.440792185941753,0.6240802413476483,0.8693921327629344,0.7008987331503187,0.4078786186158878,0.46886271937943313,0.7089473028912983,0.46891420000000006,0.5146091177170655
ARB,2017,0.42356527919319686,0.615721381653888,0.8841937744021484,0.6999612809545077,0.3626148351024391,0.46786704982822147,0.7414307863987903,0.4909696,0.48166215374286825
ARB,2018,0.4090206206283274,0.5798071930449847,0.8630273838498086,0.7098254623218883,0.38285346055436414,0.4691149247496519,0.784827426541508,0.2922,0.4168305422913354
ARB,2019,0.41608055039640596,0.5872619330708467,0.8788526920115345,0.7119478011059752,0.36340765023724786,0.46889818511292336,0.7611547408168187,0.36142840000000004,0.44555332885816146
ARB,2020,0.44744517631018843,0.5611999648469544,0.8828131385469975,0.716264397701833,0.3675572366520373,0.45794080295422235,0.6838171188788147,0.592099,0.5218706694785875
ARB,2021,0.4195193134730843,0.5930782362337867,0.8852415429002951,0.7193587887111565,0.43093872473298966,0.46203634695505935,0.7645721230715767,0.4510156,0.4023361737085924
ARB,2022,0.3963115484015118,0.5301124276104714,0.8880185602057855,0.7266522948475589,0.41926047233638397,0.46853228905453104,0.8282744161168247,0.22307999999999995,0.3061248474801528
ARB,2023,0.42328520836540845,0.5655708552192978,0.900420699781062,0.7328828919635835,0.44410075631018836,0.4676119125617525,0.7857185469220267,0.5076156000000001,0.38495511264587634
ARB,2024,0.43924258722766657,0.619175400960984,0.9221248326435383,0.7339342842413235,0.5206451958049413,0.46693450424917227,0.7644601197365675,0.47463620000000006,0.40960096960144243
ARE,2004,0.23103777733886688,0.5408414489279679,1.0,0.7203299545264543,0.7244251206278561,0.7834665417066148,0.8581824652933019,0.301313,0.36487653375073004
ARE,2005,0.20557481396266397,0.5204884558898666,1.0,0.7372622793612718,0.6767649184837214,0.7828181411667555,0.8946911581034156,0.4,0.2929142223719623
ARE,2006,0.17353630882071241,0.5423201951471129,1.0,0.749634536995528,0.6592338495075116,0.7861011570780471,0.9143696579468328,0.52,0.2522881879847416
ARE,2007,0.15975906310496427,0.5695172540011522,1.0,0.763605264827897,0.6419878747240223,0.773827646030396,0.8875062265565541,0.61,0.3173638310328353
ARE,2008,0.14102365882437706,0.8054771967902659,1.0,0.7777082626742686,0.38846571774245026,0.7618670603279364,0.9153497305749196,0.63,0.25551028712108836
ARE,2009,0.16691455679778897,0.8543950483664122,1.0,0.7804335172480745,0.31313550909602184,0.7450226759103672,0.861671362859076,0.64,0.3697621803395701
ARE,2010,0.12829009996048107,0.7030534222148198,1.0,0.7838124264184985,0.4700538898897889,0.743849985935778,0.8444445579397064,0.68,0.40782985948552675
ARE,2011,0.11671080327235352,0.8490872161781888,1.0,0.7871781275254168,0.410201504010115,0.7484369016781233,0.8956453858236846,0.78,0.305759215323393
ARE,2012,0.11344329378199292,0.846959047948723,1.0,0.7913013648239708,0.4425253169253994,0.7493338571438014,0.8921351381727916,0.85,0.3140580374546831
ARE,2013,0.11396669752558987,0.8540546149628755,1.0,0.7932790954426152,0.43915938112210023,0.7504983532984396,0.870549568927883,0.88,0.35967936350096164
ARE,2014,0.11313356661680152,0.7767625412031468,1.0,0.794121750340349,0.45358354419450253,0.7503181322522013,0.8491426920688623,0.904,0.40113219790091614
ARE,2015,0.12607737134566546,0.7559845984554799,1.0,0.7926408279801334,0.4297092760954764,0.752443198982533,0.7579122041135529,0.905,0.5419227986318793
ARE,2016,0.12945990018269934,0.7103069721500292,1.0,0.7946208345303098,0.44777461959231574,0.7532752387561726,0.730560652174675,0.9059999999999999,0.5759219329265477
ARE,2017,0.131219936899066,0.6998198459799772,1.0,0.7990798819520624,0.4510780068625183,0.7471193086131697,0.7491343708796918,0.948199,0.5527339044045552
ARE,2018,0.12459440602096516,0.6877037170412208,1.0,0.8019727073532392,0.4374327734171487,0.7474032424905329,0.7980564919274626,0.9845,0.4853354726745378
ARE,2019,0.12861258551002347,0.6915689612728311,1.0,0.8043275812588337,0.5521028002551023,0.7477063502577123,0.7729338832783392,0.9915,0.5213400367255372
ARE,2020,0.15809999148624643,0.7282094329134143,1.0,0.8180636223762159,0.646342705482498,0.7351939061941554,0.7360281488721001,1.0,0.5659917235122318
ARE,2021,0.14911149782032815,0.6941373481815507,1.0,0.8047877304617117,0.6024106396393787,0.7389927683028198,0.7941367767078311,1.0,0.4882414445992951
ARE,2022,0.12947268034775433,0.6606443042489185,1.0,0.8066751901079794,0.5733596708875834,0.7421241086672498,0.8352740016135489,1.0,0.42403627374249275
ARE,2023,0.1326255699417525,0.7148884953926598,1.0,0.8067900969185722,0.6661585339683559,0.7424638943745206,0.7943487949122519,1.0,0.48997841488979876
ARE,2024,0.13334770847448488,0.5841578812242036,0.9993138355552679,0.8089118919836071,0.8217495154102015,0.7413476774084923,0.7825961218998878,1.0,0.5071457684508354
ARG,2004,0.5306190113478081,0.2508981238391201,0.9593242954667272,0.815472230614811,0.4470467362848728,0.5387350136360781,0.571873033151348,0.160367,0.3866960620083817
ARG,2005,0.519575291892161,0.27039908334475654,0.9616876717453318,0.8145071813419094,0.4564401363968932,0.549554510505201,0.5686468022107802,0.177206,0.3984689381412867
ARG,2006,0.4911900644122592,0.2933563343770779,0.9652236803006815,0.8146186491664569,0.4389801760488632,0.5592961712714836,0.5783497280826211,0.20927199999999999,0.40319448133442215
ARG,2007,0.5062337337620301,0.31309299463611123,0.9675750108202648,0.8151029150925653,0.43053450466031773,0.5703764319147141,0.5476500807692484,0.25946600000000003,0.4166974143181337
ARG,2008,0.5024403865739581,0.30025800882897963,0.9710930426900379,0.8159027326824004,0.4590788932044283,0.5746789714007238,0.5270001654086556,0.281126,0.4297843360032352
ARG,2009,0.43515406897834613,0.3019731103634729,0.9746003760175901,0.8232177979773989,0.36253566798776254,0.5642852551632013,0.5084323750016346,0.34,0.4813325317307582
ARG,2010,0.4970254072814713,0.3065032769949508,0.9862150483999299,0.8241294473617788,0.45811966767880297,0.5767515895926499,0.5079454499186495,0.45,0.4510966353397752
ARG,2011,0.4930804399307092,0.3271161107898079,0.9885240125752848,0.8186963950225388,0.4170868119504276,0.5836692967937406,0.5070618981926471,0.51,0.4564595610555289
ARG,2012,0.45372458281264244,0.3444144206675542,0.989676763516206,0.8222546223781442,0.46667830905711827,0.5806800804665707,0.4917931085804972,0.5579999999999999,0.4870947100666907
ARG,2013,0.463073517890788,0.3514410894021362,0.9919788146205688,0.8206342720492366,0.39981112000996444,0.5826888119521277,0.48335092667729773,0.599,0.4913415172214264
ARG,2014,0.4843974215862061,0.3243367772866293,1.0,0.8183352447844849,0.3466541043811571,0.5774975489773552,0.4887837644240731,0.647,0.47531239519865576
ARG,2015,0.43066752839043854,0.33309216269253866,0.9965691777763395,0.8236665716694631,0.41269228261862023,0.5798885717735197,0.4658944523959214,0.680431,0.521598974381094
ARG,2016,0.47012376761402835,0.3219632673634289,0.9988575261865398,0.8307423035695911,0.32207625898013853,0.5754307337717587,0.4424681663792118,0.7096899999999999,0.5264087960437562
ARG,2017,0.4335523119035394,0.35449404269568613,1.0,0.8358735207918047,0.40047229737052514,0.5781860736090593,0.4364978834266817,0.742949,0.5453677176428817
ARG,2018,0.40540925555553947,0.4724050837661783,1.0,0.8391377522298016,0.4293134367040616,0.5731417647134237,0.4775581596127123,0.777,0.5302636497212201
ARG,2019,0.4368557903936054,0.33401218773100644,1.0,0.8414694149684117,0.3806647633315238,0.5691761928144964,0.46599424332263184,0.79947,0.5156776889683692
ARG,2020,0.47313974698025457,0.3516740835405389,1.0,0.8376051586429427,0.3664228787569358,0.5533401120602374,0.45015066645404644,0.855144,0.5064528828678716
ARG,2021,0.5016458875310261,0.31571508182846214,1.0,0.841421075300417,0.37307477691862434,0.5673702033252938,0.47305828846053655,0.871507,0.4735501667881259
ARG,2022,0.47904697587471906,0.30973807467374875,1.0,0.8376919600717851,0.44011201419667967,0.5755503546467996,0.4854785628295508,0.883754,0.4850700613940502
ARG,2023,0.4560003315109447,0.3464002151519831,1.0,0.8369092973957857,0.5320988115117862,0.572414818868061,0.5062842812224402,0.89229,0.47957533859960266
ARG,2024,0.45457650697172336,0.34309519506481073,1.0,0.8403698553930732,0.4027325271525374,0.5699503752256719,0.48316411954965854,0.8966719999999999,0.48698519834624276
ARM,2004,0.4785550154703763,0.5712468527386776,0.989676763516206,0.5100133607274411,0.7337152393858672,0.29755485991898756,0.5220777169414108,0.048990099999999995,0.5133361512067729
ARM,2005,0.657078686214273,0.5541179965949949,0.9977139195282607,0.5310593025902719,0.6719028692517207,0.31728927741593915,0.575588529825114,0.0525298,0.3265853188910265
ARM,2006,0.5679223899319806,0.5871727765413695,0.989676763516206,0.5485532560069704,0.7595787198440642,0.33617250108333685,0.46787295005159824,0.0563179,0.4849783739192272
ARM,2007,0.4379923343210623,0.5871727765413695,0.9908283634325308,0.5649211052262078,0.7560004962545336,0.35572043527565655,0.3820344665038634,0.0602125,0.630358819702311
ARM,2008,0.428990432082857,0.5564484511267515,0.9908283634325308,0.5666774742783867,0.8106685324802485,0.3663540326883169,0.37168352950659955,0.0621,0.5799811533460151
ARM,2009,0.36443777569766655,0.4490276868822661,0.9919788146205688,0.5654937236057251,0.8559864472329213,0.3452942774807394,0.29246865751656803,0.153,0.6963386342763871
ARM,2010,0.5921895558477407,0.47817437184387407,0.9977139195282607,0.5662980920370604,0.6560189005146864,0.349458903941812,0.36519517791699785,0.25,0.5177805964457194
ARM,2011,0.500636056231064,0.5255063104527837,0.994276279962726,0.5764628603545137,0.7031776404502157,0.3569313573975862,0.3835057054378296,0.32,0.5387537581030449
ARM,2012,0.6982781496160186,0.5527075142738109,0.994276279962726,0.581777103102791,0.5883809480713073,0.36720277428472603,0.5548893306230049,0.375,0.3467837680147783
ARM,2013,0.7047712917263346,0.5650289737781473,0.9931281193697661,0.60682652829869,0.48654453121252084,0.37201509421042467,0.5349896698684729,0.419,0.3477535662267299
ARM,2014,0.7002788605973452,0.5964917090798487,0.9965691777763395,0.6086561783319553,0.5119374731313622,0.3775417959752544,0.5081706345282859,0.546228,0.3789227900838683
ARM,2015,0.6894217529714742,0.581225761064083,1.0,0.6124815389180949,0.39756791962298704,0.38255653172481774,0.5164920799272688,0.591008,0.39352820891466767
ARM,2016,0.6782698062411084,0.5963051444578693,0.9977139195282607,0.6345444091025194,0.4900220919093192,0.3834417829952962,0.5140078632561647,0.64346,0.42376847325954214
ARM,2017,0.6583133254263723,0.6079816873828774,0.9965691777763395,0.6498816489047816,0.42671296956493654,0.3945640677944925,0.5183877230188563,0.647449,0.43861286643303155
ARM,2018,0.6420908763670193,0.6242670700269859,0.9988575261865398,0.6069756038711476,0.42342478307300424,0.4024283319224241,0.4982307341212717,0.6824509999999999,0.46993701197138504
ARM,2019,0.6000232349843769,0.6420066285842767,1.0,0.6315313924760431,0.3319421387365248,0.41337699504192804,0.5024135761613988,0.665439,0.49221921454434625
ARM,2020,0.5966527203613491,0.6822836283997569,1.0,0.6529608057280312,0.3141794839090836,0.4025816153777798,0.5369511094734911,0.765077,0.4802680794370793
ARM,2021,0.5965318848563655,0.6475047616989988,1.0,0.6610404818265136,0.4558406492282111,0.41072468678577,0.5286921396043902,0.786123,0.4775875738945836
ARM,2022,0.572212479818419,0.6122548926249884,1.0,0.6219019120943474,0.6094139389885301,0.4276097369221016,0.5113501700464174,0.770277,0.5184754445418776
ARM,2023,0.5238969722919422,0.6238817504013603,1.0,0.6443593545933419,0.44018572646764365,0.43942155559197704,0.46017679772364617,0.7999660000000001,0.5899956881327477
ARM,2024,0.516004305719817,0.6569802369584554,0.9887545627634691,0.6461652043318766,0.3170084644268825,0.44439223271024797,0.4596914098747382,0.6520224,0.6135791102976915
ASM,2004,0.4090469563755824,0.5153681100127073,0.9955647246925725,0.8261309583642008,0.5458520155265478,0.5757111111472432,0.49422847993823005,0.77251,0.5546331155331389
ASM,2005,0.4267152652234582,0.571449563527173,0.9955647246925725,0.7878332904819044,0.5256220596799251,0.5756318442624965,0.5471555853939561,0.7725100000000001,0.5421867962709889
ASM,2006,0.4077180228811185,0.5358959143133618,0.9891558342455753,0.75143784593895,0.4140844962182032,0.5701820538472188,0.5368926754696507,0.6307026,0.5422126782801765
ASM,2007,0.3351930899345318,0.5017802684353415,0.8934742702007716,0.6815842603929352,0.5484404105816789,0.5735190085173977,0.5401530133558452,0.5783188000000001,0.49072206338587676
ASM,2008,0.40515856649560106,0.5358959143133618,0.9891558342455753,0.75143784593895,0.5392471136905639,0.5703487992258419,0.4716535721567949,0.6307026,0.579246108520381
ASM,2009,0.368942916214866,0.5705637711831306,0.9856987372053719,0.7470515021561613,0.5018427611675882,0.5649533681445905,0.4988212799588111,0.6766548,0.5915203525790129
ASM,2010,0.3500478252197986,0.5906640531146907,0.9900348596209705,0.7034988834791547,0.6230282479934471,0.5661742709319423,0.536707591091504,0.6999844,0.587377392740595
ASM,2011,0.37240216781485425,0.5363106136133268,0.9534014981867724,0.8034353278467942,0.49293517742282217,0.5670521073752087,0.5969022974898163,0.6383813999999999,0.4758515408569606
ASM,2012,0.3600464199939416,0.5888321683485387,0.983282981976768,0.7445368245684796,0.6336373090261074,0.561697185164247,0.5140428701126043,0.6130844000000001,0.5930827584317809
ASM,2013,0.3785640364143725,0.5638959687296692,0.9909841954893575,0.8108869164946592,0.5368136185770682,0.5593146900823222,0.4732450589631497,0.6616148,0.5630344475965774
ASM,2014,0.41334526262005944,0.6693233596373986,0.9866510445387086,0.749815028557519,0.5517755943728899,0.5633097553893963,0.5253776571232803,0.6989986000000001,0.5739199550021116
ASM,2015,0.4044643276877412,0.5474372869079672,0.9988566194609201,0.7974105415271787,0.5368684443809751,0.5694160276204686,0.4363505906303383,0.7207199999999999,0.5807120476127556
ASM,2016,0.3463979601850021,0.6957400980050049,0.9405007186200043,0.7968039985470127,0.5612631776936292,0.5687057615701664,0.5026538307932971,0.6784952,0.6535587876377124
ASM,2017,0.4039077051977052,0.7408351521361037,0.9943693110302503,0.7199963087389913,0.5651050938970975,0.5600340582864948,0.5209774951407979,0.6387398000000001,0.5704113973906028
ASM,2018,0.32011872302414257,0.5398308403065394,0.9777941373971213,0.7604062352530423,0.6635407549694878,0.5657806536703712,0.4815006540093615,0.6692531999999999,0.6084758732790121
ASM,2019,0.37240216781485425,0.5363106136133268,0.9534014981867724,0.8034353278467942,0.49293517742282217,0.5670776825484808,0.5969022974898163,0.6383813999999999,0.4758515408569606
ASM,2020,0.40111589757942695,0.4705901566511638,0.9596481415936434,0.7969783668203323,0.5710158017968141,0.5746450671045277,0.5253773477558447,0.34748729999999994,0.4658807553804663
ASM,2021,0.4263192979263445,0.4948412295504096,0.9648910484953032,0.77389449473769,0.4704809284306579,0.5750768051637664,0.43518143284616484,0.636174,0.6095461815913578
ASM,2022,0.35696560198921146,0.4740674644386801,0.9653399205865622,0.7697346408776594,0.566410953223223,0.5802009438989185,0.6050922226287048,0.5637118,0.462281131676861
ATG,2004,0.1896893679299629,0.6199446929393304,0.9757671209025043,0.832272902856349,0.9471418131082701,0.6065106891431212,0.1603564540646203,0.24266500000000002,0.7934634691413356
ATG,2005,0.19888254715608228,0.6179435364045567,0.9073038675760579,0.7379730801029647,0.9880961798778229,0.6139802464732657,0.2096924108038869,0.27,0.7859020524457332
ATG,2006,0.1888014497364554,0.6300346429371668,1.0,0.9089169839022467,1.0,0.629545842368772,0.32141025596529316,0.3,0.7398475978145038
ATG,2007,0.18300237779966247,0.6296175570328149,1.0,0.9079264368319894,1.0,0.6405064861916693,0.2985931217593547,0.34,0.7348599408685761
ATG,2008,0.17761670625694823,0.6364415369960452,1.0,0.9089169839022467,0.9256648847860907,0.6383557470308486,0.3347381351148069,0.38,0.7319512522560649
ATG,2009,0.17555299869377816,0.6617700987160997,0.9827429116469135,0.9008671991385546,0.6782081698187314,0.6176704706218016,0.3463819984596457,0.42,0.7388250057398844
ATG,2010,0.18686593279379135,0.6753617698198884,0.9850588305383061,0.8936130678807842,0.7538052823247465,0.603854227650006,0.25359916858802145,0.47000000000000003,0.7651082768241655
ATG,2011,0.20753526204159423,0.6681352104478073,0.9366273256021067,0.807013532531759,0.636025843089532,0.5992713037324656,0.19965375091131587,0.52,0.7816424975395639
ATG,2012,0.20373708780578895,0.6482345395192235,1.0,0.9079264368319894,0.8793112265094181,0.602534782556054,0.19421988546480407,0.58,0.7532957465854713
ATG,2013,0.21423434465259486,0.6460854782500272,1.0,0.9074683768427647,0.7400729523971546,0.600328526295061,0.2511112978273622,0.634,0.7707987666823186
ATG,2014,0.21009305741553583,0.626364973147642,1.0,0.9109107808108794,0.5023985793282025,0.6023339735667749,0.27012255297774357,0.6778000000000001,0.7685160588983928
ATG,2015,0.21052744833321577,0.5952062828330473,1.0,0.9109107808108794,0.8002481558777703,0.6033336628133451,0.2870842354608165,0.7000000000000001,0.7582256279756523
ATG,2016,0.21177416630673776,0.5877755343369866,1.0,0.9109107808108794,0.7096940973653469,0.6082882387362202,0.33888777141669935,0.709743,0.734651018045485
ATG,2017,0.23063930129304794,0.5743722155299025,1.0,0.9074683768427647,0.9254305352222232,0.6113705286171917,0.366035396880277,0.7196210000000001,0.7239381949148478
ATG,2018,0.22756200349492492,0.5612455389835225,1.0,0.9089169839022467,1.0,0.6200671807272854,0.4109049970692351,0.7296370000000001,0.6936063336010525
ATG,2019,0.229363451481232,0.5627901896674692,1.0,0.9085848448698395,0.788798716015829,0.6239027024046709,0.4207669174030062,0.7397920000000001,0.7003829389348666
ATG,2020,0.2804399058613283,0.6172899809883485,1.0,0.9109107808108794,0.7283629724063866,0.5927872121211403,0.42168318103470637,0.750089,0.6926385722723456
ATG,2021,0.26557708185506645,0.5802814220899921,1.0,0.9089169839022467,1.0,0.6033976349330238,0.4069654173335413,0.7605280000000001,0.7005049176830345
ATG,2022,0.2556892347624083,0.5421439289219507,1.0,0.9085848448698395,1.0,0.6152803459769688,0.3872657769029084,0.771648,0.7000958442883718
ATG,2023,0.2546873593819455,0.5412373583722878,1.0,0.9074683768427647,1.0,0.6180193417863401,0.37065234791760826,0.775756,0.7084507309186985
ATG,2024,0.22308208761638829,0.5443209104156819,1.0,0.8492162211026489,1.0,0.6225243996848312,0.6397965287517191,0.6801888,0.5964471361505873
AUS,2004,0.33128305658321255,0.7598342320957165,1.0,0.8609690254747289,0.7375984078425537,0.7680806319912462,0.4808506631448597,0.6805064,0.6459291203956825
AUS,2005,0.3211401414378475,0.7720855089485912,1.0,0.8637194191210815,0.04966006597914954,0.7708232965302876,0.49365445570444755,0.63,0.6475643719913089
AUS,2006,0.3118188003049992,0.7824037319204167,1.0,0.8635896682712185,0.5492249108330223,0.7728319704631598,0.5123033816069245,0.66,0.6389416433246429
AUS,2007,0.27558164936948243,0.7954964224196235,1.0,0.8650979589272652,0.6216565343647591,0.7755819084719205,0.5139040290626156,0.6945,0.646910354425613
AUS,2008,0.2858495326502211,0.7976256280047047,1.0,0.8620611339520345,0.5617535764660772,0.7778405060288865,0.5127180064523553,0.7167,0.6487030825329687
AUS,2009,0.28299290060120563,0.7988456542216313,1.0,0.8641985044809228,0.48610579192343384,0.7776592803987009,0.5398410212697382,0.7425,0.6429376404591443
AUS,2010,0.27598491019481836,0.8036697688409171,1.0,0.8657612919218725,0.484780623735388,0.778574177445022,0.5050529818230367,0.76,0.6649067706747811
AUS,2011,0.2823173625628795,0.7982581218956786,1.0,0.8706522421476617,0.5882259679590041,0.7799923533133898,0.5304739825095204,0.7948770000000001,0.6501626930397153
AUS,2012,0.2800205089693335,0.796395596578434,1.0,0.871957628551661,0.5253201826229901,0.7830850170972231,0.5281214436193711,0.79,0.6573143259124707
AUS,2013,0.28129847064517033,0.8025835934022993,1.0,0.8755940279740586,0.50786276492303,0.7843895326415581,0.5065034461526656,0.834535,0.6712831673354684
AUS,2014,0.276629338119826,0.80911386296958,1.0,0.8772209802904665,0.56295189967258,0.7859519744720672,0.5138701668602259,0.84,0.6636835295692327
AUS,2015,0.28744123848658976,0.8224759090671176,1.0,0.8855602559497986,0.5089440468112159,0.786971049454002,0.4768762980738388,0.845605,0.6841338795720806
AUS,2016,0.28999504824542044,0.8325744127168901,1.0,0.8862786563280598,0.5148328204748146,0.7886496884354567,0.4480863749993269,0.8654000000000001,0.6968396359876734
AUS,2017,0.310596044203569,0.8294256080822138,1.0,0.8907389875538203,0.5197127907316461,0.7895505169218794,0.471999001743467,0.86545,0.68092860146005
AUS,2018,0.2940760404391688,0.8284544917300334,1.0,0.8870791384451993,0.5596014385690873,0.7914922254385844,0.48540787180037404,0.9,0.6764555021997816
AUS,2019,0.26891648590280726,0.8222569257900871,1.0,0.8938539595742201,0.46434218938751376,0.792497891918969,0.5078829266275064,0.936099,0.6692449329620245
AUS,2020,0.26043913201794266,0.8319477584475696,1.0,0.8912656430528783,0.3717653268383655,0.7905134988985546,0.5106978729295681,0.946935,0.6719951419065864
AUS,2021,0.2823548156403632,0.8265985229500961,1.0,0.8909431464939912,0.41518414745593535,0.7931933918989461,0.5113251061317012,0.9697220000000001,0.6649614026832276
AUS,2022,0.30746396467832476,0.8189143533745566,1.0,0.8951431963339664,0.5477338202390434,0.7973678390189521,0.5474150206424884,0.9704240000000001,0.632809658892235
AUS,2023,0.3008323107254187,0.8075050272833713,1.0,0.8922336770746266,0.4165327928189407,0.7989451205062009,0.549444621533377,0.9706310000000001,0.6365944075600809
AUS,2024,0.26205687939687056,0.811593255430668,1.0,0.8940598019438024,0.4817876896381861,0.7980309454209601,0.5131287912615312,0.5118387999999999,0.6704720383833211
AUT,2004,0.21511355239512234,0.7271823766787484,1.0,0.8035469793909704,0.3532668742441465,0.7368402123869174,0.551170636437446,0.5428000000000001,0.584420711324753
AUT,2005,0.19405077376846222,0.7430087981073383,1.0,0.8019575393274407,1.0,0.7391810068333192,0.5477026401627074,0.58,0.5870168770089981
AUT,2006,0.19871893278753514,0.7433402903853901,1.0,0.7970033490557209,0.48867932942351644,0.7431325399492156,0.5507506006604777,0.636,0.5886402064807701
AUT,2007,0.2121094810089743,0.739561838335997,1.0,0.8019283791599499,1.0,0.7480411432274988,0.5538347904504135,0.6937000000000001,0.583857208677165
AUT,2008,0.2045404249720254,0.746427501455817,1.0,0.8140766581850718,0.3795576989383934,0.7496811453928506,0.5475963691810213,0.7287,0.5912869858803527
AUT,2009,0.18272850253158873,0.7507606235026174,1.0,0.8240278548288709,0.5170955468639072,0.7439995116791568,0.5270968461836609,0.7345,0.6074311148083051
AUT,2010,0.19514429092561214,0.7525652629634443,1.0,0.8253424791481523,0.0,0.7462529731528605,0.5226871806555189,0.7517,0.6085757313873272
AUT,2011,0.21204584729585874,0.7469575252126825,1.0,0.818390540560431,0.6327262584572638,0.7499521139802575,0.5192792394781571,0.7874,0.6089150846736828
AUT,2012,0.20778157113072945,0.7427071507568455,1.0,0.8201753680061783,0.36751840085232923,0.7501993812770432,0.5221317629859592,0.8003,0.6045397266509043
AUT,2013,0.19357546212982196,0.7391785581100154,1.0,0.8225045740502326,0.2643256890613596,0.7489794319390702,0.5213856035170299,0.8061879999999999,0.6078547963609875
AUT,2014,0.1933354205635722,0.727019201365317,1.0,0.8216064511938868,0.3093732312808533,0.7489379390601597,0.5179403542812551,0.8099580000000001,0.6114849838592269
AUT,2015,0.17909393655682995,0.7221506676958114,1.0,0.8241081651128823,0.16661103645788744,0.7491906708480941,0.5128349560344962,0.8394010000000001,0.6160356372351976
AUT,2016,0.17972205049865447,0.714722223244888,1.0,0.8273751181891091,0.0,0.750662169147256,0.5203155781680564,0.843237,0.610388466933014
AUT,2017,0.18527284748113168,0.7177421241973536,1.0,0.8362799351169774,0.5041076450075095,0.7529153092950717,0.5182523928400762,0.8793559999999999,0.611688713033097
AUT,2018,0.175223433184327,0.7180709833371839,1.0,0.833959154074623,0.0,0.7557702706607233,0.5166878009344329,0.8747910000000001,0.6171622854378365
AUT,2019,0.1678197736107343,0.7217986685828186,1.0,0.8349435294840406,0.09837751880028164,0.7576501860837442,0.5132358205015748,0.877522,0.621639292449975
AUT,2020,0.1709188396119214,0.7384896321072199,1.0,0.8373101557874953,0.10418493516767946,0.7475735142769667,0.5154699304249648,0.875294,0.6251524442065679
AUT,2021,0.18692945488448293,0.7385154203408468,1.0,0.8320136219865311,0.5413524913565796,0.7539170249260979,0.5168055189126666,0.925292,0.6180115831879065
AUT,2022,0.20065530758457967,0.729075795358811,1.0,0.8274432789806618,0.48070220227025046,0.7600680104643825,0.5190428516816001,0.936141,0.6198769922985212
AUT,2023,0.18976743516951494,0.7160767801656422,1.0,0.8363962507307083,0.32086339678756803,0.7574859127187709,0.5236323988757401,0.9533469999999999,0.6218998597237984
AUT,2024,0.18707955466471715,0.7098345792806668,1.0,0.8461666694933894,0.4502029891342583,0.7557931493245421,0.4948376637095866,0.9491970000000001,0.6411909160416975
AZE,2004,0.5895630047616506,0.560159701370523,0.9885240125752848,0.6100162050981521,1.0,0.30870827558488345,0.8494228813239288,0.43473740000000005,0.03176813865508521
AZE,2005,0.549818939658814,0.5994563967749205,0.989676763516206,0.6105977808118932,1.0,0.3430007836495249,0.9218690739490767,0.0803038,0.0
AZE,2006,0.4958163324099388,0.5724728504167211,0.994276279962726,0.6044246456618216,1.0,0.38438106804534156,0.9712804440151594,0.119922,0.0
AZE,2007,0.4789999473601385,0.5724728504167211,0.994276279962726,0.6132651753399263,1.0,0.41565598228089173,0.9803663472581712,0.1454,0.0
AZE,2008,0.4461932083298856,0.44446081182899083,0.9965691777763395,0.606593418341054,0.8151433536653239,0.4272190367702814,0.9755357530354583,0.17079999999999998,0.0
AZE,2009,0.46539546722183806,0.4216429831733598,0.9988575261865398,0.6178508669423448,0.7101277805647404,0.4372041752376502,0.9001542703822802,0.27399999999999997,0.01868926898104295
AZE,2010,0.4452359609582663,0.494016330944946,0.9988575261865398,0.6038564363354539,0.6964475598249044,0.4422663053125081,0.9319241677753043,0.46,0.0
AZE,2011,0.42753075711294936,0.46094963211233947,0.9988575261865398,0.6037266104133856,0.726595398437972,0.4380741218199019,0.9460676689937983,0.5,0.0
AZE,2012,0.4300114513937161,0.46094963211233947,1.0,0.6039353200693687,0.7784000369281825,0.4393081331238494,0.9279706611849594,0.542,0.0
AZE,2013,0.4386494499260468,0.4977292420666618,1.0,0.6096154832198422,0.5138899829712806,0.4456731482338848,0.9070685780170455,0.73,0.023404913298600505
AZE,2014,0.43688789275073153,0.4569748163495051,1.0,0.6146772040955066,0.6672402281725487,0.44786607448996485,0.876085885547059,0.75,0.0944296358751342
AZE,2015,0.46725329752055955,0.46348491746772946,1.0,0.6223259462147199,0.7803231219850483,0.44765253317153764,0.7887952521285468,0.77,0.24478029351998298
AZE,2016,0.44743178560348823,0.509548583679621,1.0,0.6193964929243534,1.0,0.4415142716979982,0.8172079359647644,0.782,0.21589566124877768
AZE,2017,0.44751325965296535,0.42376857926069394,1.0,0.618689142030374,0.7406653575283912,0.4403129059699308,0.8389428978771716,0.79,0.18897149640664557
AZE,2018,0.43281490290765595,0.41044385881440465,1.0,0.6156054150622272,0.47782671916542724,0.44121700156934096,0.863620816098458,0.798,0.1217826378854392
AZE,2019,0.4506684803334126,0.43235738401497886,1.0,0.6144074491726998,0.4871887360029844,0.4435433737030904,0.8301503717895691,0.8109999999999999,0.1623567389617988
AZE,2020,0.48520741358705743,0.4590073071776634,1.0,0.6153039601715244,0.3613293929140238,0.4363243901664694,0.7555464770111997,0.846,0.28052562043149143
AZE,2021,0.4517559084568973,0.43163875787880274,1.0,0.613299362821266,0.08131503736420398,0.44361471803417063,0.8300989460505022,0.86,0.1793025097760914
AZE,2022,0.40858843861896277,0.3834676817436951,1.0,0.6128366495234143,0.0,0.45024361260076107,0.8991410207946324,0.88,0.03914953442180735
AZE,2023,0.4439947866256255,0.43353037293794333,1.0,0.6208515159334786,0.30673924026191945,0.45202173248075017,0.7990978503563482,0.89,0.2256172312237683
AZE,2024,0.4493037927071741,0.4619947118510979,0.9926608527780203,0.6258553577019828,0.30427421517654996,0.45711680712772995,0.7631670010724336,0.7509984000000001,0.2797460468474804
BDI,2004,0.893592216170241,0.37218022201071804,0.0,0.0,0.2843387558889469,0.004075052315138827,0.2986878773568775,0.0034906,0.0891697724364735
BDI,2005,0.887658255781849,0.3349665684074496,0.0,0.0,0.28742727929836853,0.0,0.3160972911450952,0.0054214300000000005,0.1666343904587544
BDI,2006,0.8864561420205491,0.35280083318205296,0.0,0.0,0.28418245063966074,0.0024156642857033894,0.2685373818177894,0.00657593,0.19550205642451113
BDI,2007,0.8513284858566277,0.33827126871452445,0.0,0.0,0.2864214978613422,0.001965005407555398,0.32231971534580883,0.006999999999999999,0.29549511695928743
BDI,2008,0.8708805473663174,0.32189114947333725,0.0,0.0,0.2994979911771482,0.00292877788563628,0.27160874107566446,0.008100000000000001,0.2571269428829006
BDI,2009,0.8637345153900664,0.3369152146585019,0.0,0.0,0.2852980366319843,0.0009782088380642096,0.3173111191815301,0.009000000000000001,0.23641850496591088
BDI,2010,0.8734690289301158,0.3842034490875685,0.0,0.0,0.2865208163454704,0.0013935272714704627,0.2707177059972401,0.01,0.24357253432779258
BDI,2011,0.8627947675631921,0.4184700689774305,0.0,0.0,0.29378665948427246,0.0019254194336708608,0.2527023762049949,0.0111,0.2680890607675779
BDI,2012,0.8551219532389913,0.4051292423062525,0.0,0.0,0.2857124798059504,0.0030235955566865202,0.28299579564321387,0.0122,0.2749913937076367
BDI,2013,0.8730851557369791,0.3957969345904215,0.0,0.0,0.593879405574332,0.00478001250868032,0.27677608207732085,0.0126422,0.20395763247955667
BDI,2014,0.8514853821245352,0.39473270212407,0.0,0.0,0.5046241769829993,0.005883074192780224,0.27272093045158496,0.0104239,0.28085491021237274
BDI,2015,0.8534002091301442,0.3811423521308425,0.0,0.0,0.30124776858587854,0.002016655867805306,0.2716954187871934,0.02,0.30238515894134377
BDI,2016,0.8554150141207135,0.37208565977793234,0.0,0.0,0.2841579560667127,0.004081755017121602,0.3153492948025911,0.022000000000000002,0.23619161453280135
BDI,2017,0.8671754204541868,0.3396960467149253,0.0,0.0,0.43416048191602696,0.00612036409858252,0.3173885978758042,0.026607500000000003,0.22151719444422602
BDI,2018,0.8540975662194257,0.36164981757602704,0.0,0.0,0.298906470047064,0.009280850106254679,0.34302671276653784,0.04,0.25076704029189356
BDI,2019,0.8467335953975997,0.3866823448123751,0.0,0.0,0.3526482249824434,0.010841481032113465,0.33298128046906106,0.061,0.2730006453239282
BDI,2020,0.8202634889214717,0.39595162464753314,0.0,0.0,0.32675736273931455,0.007077502076369591,0.2990064385112612,0.0917302,0.3745817916864409
BDI,2021,0.8392757455264935,0.47765903997752907,0.0,0.0,0.3263611096774515,0.0077449376654642466,0.3220101952083603,0.109847,0.30615296948390824
BDI,2022,0.849660740875691,0.5228237270622738,0.0,0.0,0.32473333094268386,0.007145369337630214,0.3161196979266976,0.110009,0.3034076473871212
BDI,2023,0.8411129132253884,0.5375548749259877,0.0,0.0,0.3485123153357518,0.007832689079990574,0.3492802716888135,0.11078400000000001,0.30642762896997056
BDI,2024,0.8511612130158567,0.452598251098538,0.0,0.0,0.3543759788037202,0.00992393251298751,0.3359685269421544,0.079728,0.29819363229866624
BEL,2004,0.16527276640939487,0.6481076025187174,1.0,0.8502680543575933,1.0,0.7281009338871977,0.46185724799728267,0.5386,0.6585057433327175
BEL,2005,0.14275739407019553,0.654282378359045,1.0,0.8537845611332382,0.8519829393687215,0.7306341357187921,0.45368205038008225,0.5582,0.6669384582346543
BEL,2006,0.15123648513143723,0.6619095787051164,1.0,0.8544146687890355,1.0,0.7333351617298997,0.4443373417689389,0.619819,0.6705921220677533
BEL,2007,0.14875501362135798,0.670497492020468,1.0,0.857330114589562,1.0,0.7375107783714457,0.4474155977376417,0.6676040000000001,0.6693312197384782
BEL,2008,0.12552854990625437,0.6513503147398652,1.0,0.8578242242094221,1.0,0.7370113380212592,0.4323588200034898,0.688573,0.6812616329743761
BEL,2009,0.1264100099240937,0.6357271035807337,1.0,0.8679210664856636,1.0,0.7330493357299622,0.407102524722708,0.745441,0.6980533897996666
BEL,2010,0.1436984643220841,0.6293019966011302,1.0,0.8697753788879443,1.0,0.7356049719827754,0.411079078458654,0.7763979999999999,0.6937608466583121
BEL,2011,0.12745660955361457,0.6223247669950271,1.0,0.8712966111183573,1.0,0.7364929624879079,0.4132082805524273,0.8161,0.6962360394144391
BEL,2012,0.14326658192369654,0.6202171704823389,1.0,0.8838190426274783,0.43823178988840833,0.735905665362455,0.3954170000991917,0.8072,0.7035031727803931
BEL,2013,0.13269270854154744,0.6268618947100133,1.0,0.8827742326463892,0.0,0.73566425175939,0.393485549735195,0.8217019999999999,0.7051311901518553
BEL,2014,0.1261099427610083,0.6324801093438113,1.0,0.8862593206357015,0.10007739631715476,0.7375603110955257,0.38631176599092076,0.850012,0.711331596643956
BEL,2015,0.1308003675697937,0.6443670508956507,1.0,0.8862640246769553,0.008563781188368869,0.7388434444524287,0.3828283088817743,0.850529,0.7130895972667726
BEL,2016,0.12001382521697082,0.6543459269825966,1.0,0.886992741131504,1.0,0.7398307156541829,0.3734382055496319,0.865165,0.7151214639395298
BEL,2017,0.12791101033564445,0.6602385211374526,1.0,0.8882431507355935,0.0,0.741396206270101,0.37484931458495496,0.8767969999999999,0.7129733752848941
BEL,2018,0.11879007946850567,0.6696071697511485,1.0,0.8925745403954921,0.0,0.7434362076807436,0.3700733696905305,0.8864730000000001,0.7162424551445441
BEL,2019,0.1264252601108829,0.67343538437751,1.0,0.8893772978045491,0.155649348038979,0.7461551129751692,0.37701993027141767,0.9027540000000001,0.7144574153490106
BEL,2020,0.12559537631859585,0.6940144649686284,1.0,0.8931909607822353,0.0,0.7383998351447932,0.37301412797945255,0.915264,0.724564650205648
BEL,2021,0.11739276370067417,0.6899920440349316,1.0,0.8996614772731455,0.6535059627064679,0.7466085909211401,0.34508054172150593,0.9278870000000001,0.7296641115088951
BEL,2022,0.11976285332309956,0.6835337213637709,1.0,0.8944953709823,0.4286560989144652,0.7510675806875832,0.39557194626458037,0.9400780000000001,0.7136404173514967
BEL,2023,0.13404024133457773,0.6731749065266452,1.0,0.8967525046620803,0.24157721966256984,0.7523004558277958,0.38256487466437994,0.9462630000000001,0.7235285195312695
BEL,2024,0.13632314226298348,0.669379556029237,1.0,0.9020279131439151,0.0,0.7528799358029122,0.3642843600779506,0.9577580000000001,0.7326092892430078
BEN,2004,0.7877232752588998,0.20755787396009345,0.0,0.42848182486447106,0.2411537335959278,0.1862395335741922,0.4073451881697081,0.0118254,0.16058874551283076
BEN,2005,0.7891794454554019,0.23686634644708154,0.0,0.4286729548589183,0.2753119933518322,0.18403269147298185,0.43276261460706245,0.0127103,0.18658964866927752
BEN,2006,0.7886826856094841,0.26418889509035454,0.0,0.43306160902140256,0.2725822715774039,0.18511626051882213,0.42250153609803753,0.0153785,0.21401886781896895
BEN,2007,0.7915927157279092,0.3001777953097085,0.0,0.44238466771148754,0.3949082896363696,0.1892617632640854,0.3836727885925799,0.0179,0.2524415414920447
BEN,2008,0.7903539889028702,0.3079795515378007,0.0,0.4512357557779092,0.3160768261689112,0.1918151426171989,0.336105623390204,0.018500000000000003,0.30982812765055856
BEN,2009,0.7916597833963691,0.34326249220713007,0.0,0.4549448879273239,0.2714526771352784,0.1907910578954619,0.34303688478772365,0.022400000000000003,0.31553036886718333
BEN,2010,0.781760065588803,0.3528535329357229,0.0,0.45799146031396143,0.3205401054667837,0.18949729708482677,0.3454122597161642,0.0313,0.3245242246106863
BEN,2011,0.781367661987112,0.36248987614070244,0.0,0.4643525914864184,0.3821898166107217,0.18941444215896008,0.34879878002775033,0.0414832,0.370897915853595
BEN,2012,0.7811181547107744,0.3503463945987984,0.0,0.48659075281658737,0.44848110928568846,0.1919250848266174,0.31676116783429276,0.045,0.4053958468251655
BEN,2013,0.7766805396154269,0.3609490444107249,0.0,0.5101391131303354,0.47136180589713417,0.19771936976532178,0.32473873177791224,0.049,0.41515030752249027
BEN,2014,0.7797735603878236,0.3645563898075866,0.0,0.5111514636189773,0.48278800673428574,0.20237255321518444,0.30125309054682314,0.06,0.4170542775513941
BEN,2015,0.7866050020769784,0.36453866225597814,0.0,0.5029848935048169,0.36960153844245813,0.20064483012878676,0.30048737193667296,0.11255000000000001,0.41196418517924593
BEN,2016,0.7981722193179108,0.37378228674263964,0.0,0.4964688124993528,0.3565771074655517,0.20116763853986297,0.28032411933487333,0.145,0.39335663287836553
BEN,2017,0.8041939459203321,0.36253552146244944,0.0,0.4967558407988366,0.3869578438380065,0.20498944702326327,0.2620918681853981,0.187,0.3969332182567653
BEN,2018,0.8007385839435675,0.3646739689481931,0.0,0.5002132092697118,0.3725772362636617,0.21031018537082768,0.2473351715968033,0.19,0.4041070164997369
BEN,2019,0.7907790346726079,0.37533330832072137,0.0,0.4994128403763982,0.38269531028858594,0.2159733638915936,0.298384083000206,0.20500000000000002,0.39015491455153883
BEN,2020,0.7927670011663024,0.3488539636638212,0.0,0.4774033824005577,0.3562167502672698,0.21758898233872392,0.29774404946768307,0.221206,0.38779701159032953
BEN,2021,0.8045166364388557,0.3495166014098508,0.015150357321191521,0.4737229018615001,0.4113224849266555,0.22385268011543824,0.3028633813518278,0.282047,0.35032854833227
BEN,2022,0.7909575511803303,0.36909670962153124,0.350289754022012,0.4811865810548581,0.4244437709121399,0.22895494134381156,0.31847118576331357,0.300134,0.3693110182199555
BEN,2023,0.7778263858732541,0.387038202226004,0.3602753334593771,0.4934626458446787,0.43055316125819854,0.23422933539003743,0.3263489592449882,0.322083,0.38459851657752964
BEN,2024,0.7670158735159328,0.3912490433766221,0.14211301749627783,0.5055451308900469,0.4485200621218391,0.2410853605291413,0.32858770314045405,0.1552434,0.4055284625994613
BFA,2004,0.7588418372435823,0.3107738738373878,0.0,0.08209124412299063,0.30114932881953416,0.0921118410710593,0.4555011490086853,0.00400295,0.3615279691080042
BFA,2005,0.7898801767471887,0.3162138447059742,0.0,0.11205397522350435,0.33921804889547247,0.09958720006521227,0.3994782505585348,0.00469914,0.3245643394316886
BFA,2006,0.7762588279053269,0.33689379454726714,0.0,0.13882678188954634,0.3673650076840396,0.10385391633479424,0.407448792872356,0.0063270800000000006,0.3738529935072905
BFA,2007,0.7432636401932426,0.30804448067826734,0.0,0.15526570904366466,0.3025503353561208,0.10529741233330969,0.45313878544860886,0.0075,0.39291683367172325
BFA,2008,0.7945005880013969,0.3427232667134344,0.0,0.16744313732571658,0.30687499666767026,0.10920913242815578,0.4084787435901849,0.0092,0.33464353738303254
BFA,2009,0.7571084952967584,0.3561350308254326,0.0,0.18002921693732232,0.3230342318670794,0.10920880240738706,0.4617707690344641,0.0113,0.3504190163968941
BFA,2010,0.7661795959193813,0.3501703935637372,0.0,0.20102405651495103,0.3090436142902289,0.11671835480289994,0.5229830968513387,0.024,0.2757105712611847
BFA,2011,0.7555151842116647,0.34658185245254963,0.0,0.21990315300069696,0.3615142883296528,0.12172626006238674,0.5643144483159086,0.03,0.24289853178183396
BFA,2012,0.7624772316868035,0.3633570317950335,0.0,0.23856982626027268,0.4546247704755103,0.1264155434615849,0.537858406497147,0.0372503,0.2376536670429421
BFA,2013,0.7613678212134882,0.411004945370612,0.0,0.2578673189362515,0.5214100543141149,0.1302272963869876,0.4851556863275144,0.05,0.2640185287509409
BFA,2014,0.7618770565077222,0.4360965811188339,0.0,0.27148794058500103,0.45079103302824597,0.1320569717168818,0.5015980406811582,0.06,0.28343472485440335
BFA,2015,0.7515435911112844,0.4506073595156069,0.0,0.28484275000237247,0.4115724264560726,0.1333386453197909,0.49045237564765953,0.0655,0.3148884744233946
BFA,2016,0.741957445281328,0.45715824977442493,0.0,0.30249240221544316,0.4821107592421999,0.13748689825882343,0.5006654905120194,0.0714,0.3098881346289222
BFA,2017,0.7297995552739152,0.47024369198229804,0.0,0.3211446661742383,0.2852078415490139,0.14207539417990855,0.5056693339008651,0.0779,0.3131089667252005
BFA,2018,0.7343066737971649,0.4680890393373814,0.0,0.33956227066548017,0.39395355075950533,0.14743629523452007,0.5142408261090798,0.085,0.30479927765963577
BFA,2019,0.7021281564563806,0.47743238315076225,0.0,0.35453220038092415,0.3501730988664554,0.15206388785930303,0.5478390764335217,0.09271810000000001,0.3394476473566752
BFA,2020,0.6983094355765748,0.47990885447952963,0.0,0.3349266875867305,0.24775340361492604,0.15141968270375494,0.5827640883966967,0.107927,0.3324357533803517
BFA,2021,0.6902980886271747,0.48593142581302023,0.0,0.33076243646121073,0.25760343907842825,0.15770474270151746,0.5670193230149656,0.125631,0.3402714122365542
BFA,2022,0.7302870275578617,0.5013282896881224,0.0,0.33517284886628795,0.5180740828653997,0.1566966067613258,0.5227673037480736,0.146238,0.36419172447256765
BFA,2023,0.7116855738516364,0.5031126518116491,0.0,0.34163594200871694,0.319432786610749,0.15769166859407913,0.5173435299576903,0.17022600000000002,0.38190645950145496
BFA,2024,0.733602578015153,0.46814858362534234,0.22869360555284768,0.34943843411892583,0.3073638585043471,0.16123210526249987,0.5314452645914312,0.11279344,0.31269547701028966
BGD,2004,0.7147691487772456,0.4740892594416321,0.0,0.31169605937805134,0.32889162468142724,0.14913024495173033,0.45805778187412094,0.00199036,0.47308351017684114
BGD,2005,0.7064374671017438,0.48491328089701774,0.07269789235664703,0.33587139685928147,0.36020662531561404,0.15648053651797378,0.4689425419090365,0.00241637,0.4743104202333357
BGD,2006,0.6998030401577766,0.49798324270649846,0.2231894727349033,0.3441967225691043,0.32540280445546993,0.16416047591014904,0.48514704505603645,0.01,0.472067777548991
BGD,2007,0.6969361098974416,0.5040139225090758,0.1299405488680243,0.353540127960009,0.33724034542239933,0.1724895688975877,0.49320530109104954,0.018000000000000002,0.4743776804181472
BGD,2008,0.6942477382124778,0.5171826520451219,0.3052961072037226,0.36189196553828085,0.3783642641179875,0.17950919272912214,0.4976531164078646,0.025,0.4751731839236131
BGD,2009,0.6878662350631187,0.530523279862614,0.3622621164147395,0.37025121302031216,0.34125968118141503,0.18529471484193238,0.5086498939485231,0.031000000000000003,0.48161687694842126
BGD,2010,0.686499853497404,0.5575745073366862,0.32596560701495036,0.3784409552865271,0.35358906170855303,0.19188597590256806,0.5021203912065713,0.037000000000000005,0.4844839411922428
BGD,2011,0.6839536816413028,0.565493546360633,0.4108509032446692,0.3864434438885702,0.34802030362262926,0.19965207885735425,0.5038389422417595,0.045,0.47705031474534243
BGD,2012,0.6753324660584112,0.568212164252824,0.5180031382643682,0.3944278221860791,0.3613684438090607,0.20742406586733664,0.5089250635862377,0.05,0.4787936858625561
BGD,2013,0.665639211012091,0.5619830321770507,0.4464560332902412,0.40242483539491225,0.3969550711666543,0.2145322779629263,0.5276381791671965,0.0663,0.4827134840067404
BGD,2014,0.6635823744643408,0.5719278750190497,0.462945503979725,0.4184537915383353,0.37960371551038297,0.22174522081996717,0.5277114333968635,0.11900000000000001,0.486729848841172
BGD,2015,0.6551427248988178,0.5752642858077319,0.6567324476022041,0.4336210059067924,0.3784374487726686,0.22965433746261776,0.5372060230094167,0.129,0.48800303332365713
BGD,2016,0.6343461949717818,0.5400089810965822,0.6855861146345408,0.4480705615231151,0.3412604099265564,0.23832728133760173,0.6085055623031745,0.18100000000000002,0.44620251475278927
BGD,2017,0.625829577679779,0.5548206180100266,0.8541223901928952,0.48069412516590093,0.32413231133516923,0.24635053813466812,0.6113079079221131,0.215,0.44920468866147223
BGD,2018,0.61753436260489,0.5525146198699331,0.8397789612031117,0.4836635535043996,0.33306172265685496,0.25540654110014593,0.6226377425696399,0.256,0.440761491692629
BGD,2019,0.6084342900620001,0.5470375176025342,0.9073038675760579,0.4862686864274548,0.31937513962536096,0.26518437538287565,0.6357313955010984,0.304,0.44005896377793174
BGD,2020,0.6088816063939365,0.547745176010259,0.9557701255650102,0.4730957974137566,0.31056437526076,0.2688888684593417,0.6366076386448696,0.361091,0.45137052561002555
BGD,2021,0.6020562146559232,0.5473035695775696,0.9885240125752848,0.46936572421167355,0.3109716608078791,0.2774388647739806,0.6425731815191718,0.389174,0.4478012634333193
BGD,2022,0.5940863664330989,0.5465953011380296,0.9931281193697661,0.4712656070304617,0.306666110465681,0.2859040297033789,0.6513504679245443,0.416165,0.44329943053474574
BGD,2023,0.5898745074369843,0.5390985648583906,0.994276279962726,0.45016775861796043,0.3061065037910801,0.2922772091746483,0.6609704542856432,0.445027,0.4445634595226897
BGD,2024,0.5930536488989828,0.5282220001030602,0.967800481009769,0.4559060275110345,0.3030270340067999,0.2965164503090497,0.6538952739863086,0.3830914,0.4497619967034705
BGR,2004,0.5328926413107774,0.5113664325646896,0.8810196354589328,0.6978657914043986,1.0,0.4293820832742893,0.4654849916049195,0.1813,0.4935375597722942
BGR,2005,0.5014273113545646,0.5471996904184535,0.8873323344175441,0.7029053681402258,1.0,0.4403707762779362,0.4878874653884011,0.1997,0.4849872643620077
BGR,2006,0.46453519099564794,0.5653914470036396,0.8948622450846884,0.7091261110715688,1.0,0.45102467539410085,0.5100794568414904,0.27090000000000003,0.47530526178338084
BGR,2007,0.4102640541815332,0.6356996031341322,0.9010998331410773,0.7043211805535732,1.0,0.4614420204663209,0.5267736620399539,0.33640000000000003,0.4914077235162786
BGR,2008,0.456794734730375,0.6655249082737835,0.908540679727162,0.695422844629213,1.0,0.4710951026436917,0.5027808900619113,0.39670000000000005,0.4798578650295342
BGR,2009,0.3920335073124994,0.6721528108592658,0.9159338282510037,0.7100570916602678,0.7714780733833242,0.4670890478390285,0.5324103222044954,0.45,0.5259593836204788
BGR,2010,0.382590929685304,0.6697143907081136,0.9232798863374301,0.7342637457155177,0.5206309617223297,0.4702845088148876,0.4782615025093202,0.4623,0.5776373736513118
BGR,2011,0.4106680695273167,0.6600415022728632,0.930579450073937,0.7547121881166561,0.5213861450516097,0.4742175727917358,0.5035452986947142,0.4798,0.5490359506837601
BGR,2012,0.400724522162428,0.6617407095874355,0.9378331043009336,0.7546242365254594,0.4983413434877846,0.47614102838997774,0.5103343016301158,0.519,0.5427960415052242
BGR,2013,0.4044401234788074,0.6630911743685994,0.9450414228929294,0.7639125431117764,0.5159231857565109,0.47827859236601034,0.4732228774484617,0.5306150000000001,0.5581154829401118
BGR,2014,0.4063048195752782,0.6385765345822663,0.95220496903098,0.7649832410957038,0.40870568143634656,0.4814128646121537,0.47192431610106267,0.5549040000000001,0.5661802164312433
BGR,2015,0.38398343899042015,0.6214429211710335,0.9605065889791575,0.7631157101818022,0.568793463356768,0.48810714849334114,0.48383871174691984,0.566563,0.5593939964689065
BGR,2016,0.38364982473486064,0.6100081653641773,0.9687488808660074,0.7634078949436667,0.463638339011327,0.4943191725332817,0.49240041312709515,0.598255,0.5490748814803896
BGR,2017,0.3830962499196293,0.600438597669021,0.9780970756754845,0.7687040746595115,0.504806849932246,0.5001725066359325,0.48301713372465516,0.634101,0.554620655473105
BGR,2018,0.35081415739880534,0.6036658104004293,0.9850588305383061,0.7639860070144988,0.4622207762520719,0.5055063470873798,0.4464857829749791,0.64782,0.5987097490375972
BGR,2019,0.33958818018675807,0.6005647359769966,0.9908283634325308,0.7708786293022967,0.4950311127521468,0.5129592891492732,0.4316237534396097,0.67947,0.6065777307226758
BGR,2020,0.3525070956543681,0.6069581113050557,0.9965691777763395,0.7591415261975061,0.5426699522618211,0.5097945184814817,0.4378474865551547,0.7016249999999999,0.6068589617648064
BGR,2021,0.39623899650583455,0.5930357302633531,0.9977139195282607,0.7695490567693755,0.448597175554461,0.5216986131117617,0.413179073843136,0.752714,0.619771493901641
BGR,2022,0.3668676702591109,0.576847484526976,1.0,0.766120575131652,0.6254690837355588,0.5284527616052187,0.5088057711614988,0.7912690000000001,0.5834134792964072
BGR,2023,0.29752133957615884,0.5797507237909683,1.0,0.7749494424861423,0.6132515310194705,0.5312890769885769,0.45643184238996715,0.803896,0.619823626424469
BGR,2024,0.2856274248088256,0.5880297291919281,0.9970186380703249,0.8008327426838111,0.48779865943655343,0.5362404660518497,0.42192636867824707,0.82439,0.6383306692687722
BHR,2004,0.10808579520887955,0.572961662607558,1.0,0.8128386826961025,0.712258988089162,0.6595871861299097,0.21944644991540224,0.214587,0.8034321033703717
BHR,2005,0.1057503552016896,0.5716683100986042,1.0,0.8039527100746522,0.7113728912802206,0.6580567546228878,0.28273341725959794,0.213037,0.796006796938767
BHR,2006,0.054037311553519665,0.5775763890641297,1.0,0.7937942579466344,1.0,0.6559065761091681,0.793075979089743,0.28244,0.4839149683232935
BHR,2007,0.058414976342778945,0.614604111556859,1.0,0.7847311041577085,0.8100231359474555,0.6560163399225524,0.7999243532671321,0.32909999999999995,0.473151978195947
BHR,2008,0.05329318063758433,0.6564084413813311,1.0,0.774608215112008,0.7381195601842042,0.6561087952202015,0.8458989539935802,0.5195000000000001,0.3952368980201464
BHR,2009,0.06657932241998496,0.6799574060766351,1.0,0.7762831540855148,0.35697875328220136,0.6502147328255704,0.7687616265611494,0.53,0.5181650821356096
BHR,2010,0.057170116484501786,0.6588842905920984,1.0,0.7659025081419091,0.32183913563978017,0.6503267011551169,0.778110016662777,0.55,0.505298970097706
BHR,2011,0.05611630760945941,0.6654796821050171,1.0,0.7702365544745593,0.4538959092626844,0.6571147316553393,0.8247858923795863,0.77,0.4358806940347115
BHR,2012,0.05336292935648564,0.6641907105636802,1.0,0.7725987543772916,0.5985286132249921,0.6608487162855908,0.8044274926707116,0.88,0.4670830639042931
BHR,2013,0.05319320519043932,0.6657470554663527,1.0,0.7719918665806729,1.0,0.6631195055648645,0.8082112012829568,0.9,0.46186643489637813
BHR,2014,0.05761912491128081,0.646288975998919,1.0,0.770735869017134,0.5682428357291706,0.6623031025050624,0.7934029148742545,0.905031,0.4881190779853606
BHR,2015,0.060187061031750935,0.6771950718885227,1.0,0.771275940019299,0.29700630711115766,0.6598684414346251,0.720816311932778,0.934783,0.580787638526433
BHR,2016,0.0627530057696439,0.7647276225668858,1.0,0.7700854549157392,0.33075953844297035,0.6597535638987587,0.7095552120086079,0.98,0.5952907751325847
BHR,2017,0.055594202907907765,0.6824350931930873,1.0,0.7703394980886915,0.5334720002834428,0.6590886009845388,0.7320175080372646,0.9587810000000001,0.5676498423211558
BHR,2018,0.05522752373823338,0.6792011683993916,1.0,0.7715668281210522,0.5561056854432086,0.6618470213529485,0.7498883703162913,0.9864470000000001,0.5431680685152345
BHR,2019,0.05402056203644663,0.721243021224144,1.0,0.7728705862431031,0.4355512090439141,0.6666760280035954,0.739621091671991,0.997015,0.5307262722731281
BHR,2020,0.060414773567904936,0.6871376944885956,1.0,0.7780557381039381,0.46948066517464726,0.6589658439611362,0.7209331082429469,0.9967100000000001,0.5525678592295367
BHR,2021,0.05401147615791291,0.6713660600531799,1.0,0.7725938175172864,0.5675488349534561,0.6620098294632103,0.7813421068781263,1.0,0.47421301509027636
BHR,2022,0.04975103483306048,0.6713660600531799,1.0,0.7722086750574313,0.5573676766307747,0.668766074535953,0.8049574562997945,1.0,0.41196847784306945
BHR,2023,0.050769187303251126,0.5660828368338201,1.0,0.7732225709414333,1.0,0.6693872567579694,0.7726074959930391,1.0,0.4587028968339917
BHR,2024,0.04962521285471341,0.6848790857860791,0.9990855678113043,0.7743924772155002,0.6573795682405179,0.6720536616453593,0.7594432285754693,1.0,0.4793626162451048
BHS,2004,0.18110143596417003,0.5919738334890556,1.0,0.9022445489906339,0.480655238929673,0.7052452210188914,0.0856772916928008,0.22,0.8630384945167822
BHS,2005,0.17011793539000894,0.6028962195190131,1.0,0.8961050291109212,0.6567955502426076,0.7083468853935447,0.10592798626958921,0.25,0.8616346324852451
BHS,2006,0.1820561643422089,0.6286209493106429,1.0,0.8999509657837268,0.7361687015406815,0.7100754810891746,0.14385406864322436,0.26,0.8261653919752563
BHS,2007,0.17343919462090004,0.6360925352776541,1.0,0.9040594955959373,0.7212323957172606,0.710107870934883,0.03516311499380875,0.27,0.8603941370843615
BHS,2008,0.16764444442221244,0.6490290785750388,1.0,0.9119815526335957,0.8158345459387777,0.7047421396217547,0.08773032384280333,0.3154,0.8509229124003861
BHS,2009,0.1515328033569746,0.6627317550273037,1.0,0.9137999046155034,0.7169049918119785,0.6966623992134829,0.07068458433508029,0.33880000000000005,0.8637462403153258
BHS,2010,0.17390565958368503,0.6595986583459237,1.0,0.9215827487959505,0.8461137252951447,0.6970231538571047,0.13452854202239029,0.43,0.8502310608157511
BHS,2011,0.17331540002312898,0.6625135219894263,1.0,0.9288419837354587,0.7148208544127097,0.6962409550378675,0.1560079628555695,0.65,0.8362759118329066
BHS,2012,0.17107304948004537,0.6481051611208832,1.0,0.9308855261202562,0.6034404415800306,0.7012049937709378,0.19276662302286374,0.717482,0.8034714032830936
BHS,2013,0.1538015412630941,0.649347125035217,1.0,0.934553433762261,0.521501916324294,0.6956475019388134,0.18938339837098783,0.72,0.8271647397821797
BHS,2014,0.14247842932921415,0.634220761235295,1.0,0.9361185093408841,0.4308286796216173,0.6970283741104569,0.19812071022891908,0.7692,0.8199387475227788
BHS,2015,0.13943860310776163,0.6185681143405646,1.0,0.9389701810229587,0.32584531497835745,0.6973162893896206,0.12038920873640246,0.78,0.8022833297712193
BHS,2016,0.14742663026345937,0.6096800303029706,1.0,0.9398097424696452,0.49786936013018535,0.6946108724174124,0.19812061643179968,0.8,0.7982955993541547
BHS,2017,0.13348966762426875,0.676119456907293,1.0,0.9390634010201611,0.4432772122567651,0.6985178565343485,0.1888541832913535,0.8059999999999999,0.7805164446542281
BHS,2018,0.12057164695859988,0.635808290305296,1.0,0.9395788714585902,0.5334941403241718,0.7011302210359552,0.1643048893307948,0.8300000000000001,0.7826128816294409
BHS,2019,0.0994216215708639,0.7072058597567348,1.0,0.9394297758627594,0.5203946512546214,0.699185904194812,0.1911635948297814,0.906933,0.773554724354101
BHS,2020,0.1342090148741464,0.6356909192691965,1.0,0.9401355099375635,0.5569445840368472,0.6661967473514666,0.15876814628770863,0.9244370000000001,0.7980167416326212
BHS,2021,0.08660303671268395,0.7178036703393857,1.0,0.9363428260010367,0.49113019284502135,0.6895252573803335,0.14843079091969735,0.943479,0.806165524142954
BHS,2022,0.07996201742907633,0.6910328411027905,1.0,0.9364215856557863,0.5326516987229979,0.7040880285466035,0.04703033621439778,0.9473260000000001,0.8411961462159376
BHS,2023,0.08660550632990126,0.8662562050731083,1.0,0.9370388744142999,0.42143799913281765,0.7077538227352506,0.05992911947881119,0.9481860000000001,0.8217823900741492
BHS,2024,0.09629305977119845,0.7775384871736988,0.9993138355552679,0.9375629566190091,0.3828979083969156,0.7119089523466028,0.052803471540042946,0.9001722000000001,0.8062673699387881
BIH,2004,0.5361823593675393,0.5599241583824723,0.989676763516206,0.588818053703748,0.8540448896215433,0.3627291657195736,0.40108383920670776,0.15469,0.518334791576927
BIH,2005,0.5289547420412907,0.5941075257844727,0.989676763516206,0.5919166310600525,0.6457627764111611,0.369844815018889,0.4287254614192968,0.21326699999999998,0.502935199544627
BIH,2006,0.5226375484527749,0.591303882173472,0.9931281193697661,0.5964788741659506,0.7119702662447975,0.37867782726335275,0.4196113215253765,0.251224,0.46957493595495325
BIH,2007,0.5132554188416861,0.6422576571310037,0.9965691777763395,0.5840743237003538,1.0,0.38873216228588625,0.43628395937150377,0.2792,0.4686677646895645
BIH,2008,0.49921749987053543,0.6611708298760817,0.9919788146205688,0.57621583135795,0.6261765410275515,0.3988240971531688,0.46690058212462837,0.34659999999999996,0.4869838062685723
BIH,2009,0.4953905266935593,0.6559092812177874,0.9931281193697661,0.5801916303920267,0.33519777127301353,0.396909389207749,0.46075685755879925,0.3774,0.5188521977838332
BIH,2010,0.48698215926935773,0.6481172964927615,0.994276279962726,0.6066759465898608,0.4521884854679581,0.4007386425209044,0.45111966513237967,0.4275,0.5167802884578587
BIH,2011,0.4857859075899525,0.6434447102846712,0.9965691777763395,0.6310240979053181,0.4486418305668687,0.40480194917613754,0.4454955026617413,0.438877,0.5215962649237147
BIH,2012,0.46592182664573445,0.647655335970784,0.9965691777763395,0.6026256058849353,0.4321032230047191,0.406411609517057,0.432976320282217,0.450645,0.5367115419195656
BIH,2013,0.4883431549537209,0.6444824433081802,0.994276279962726,0.6293549296710146,0.39617796720714576,0.4121446319541121,0.4483163105032939,0.48521299999999995,0.5269531543932398
BIH,2014,0.4596046278413963,0.642231688511814,0.9988575261865398,0.6485204157867295,0.47508859842917395,0.41567153687202507,0.44469470258090693,0.49917700000000004,0.536669952180719
BIH,2015,0.4625539807378483,0.6338437847131948,0.9965691777763395,0.6449016826007359,0.43600112457526174,0.4236563598253721,0.4352670726965633,0.526,0.507585059918306
BIH,2016,0.4668527052169812,0.6307931240650315,1.0,0.6233808128876159,0.40310099020811385,0.43017779213500595,0.4487620761186015,0.602565,0.49548588150677153
BIH,2017,0.4410636955610982,0.63214724811592,1.0,0.6329997873991422,0.4649268406351794,0.43667530254863796,0.46522789460602176,0.6489199999999999,0.49991994036216303
BIH,2018,0.4515004764483506,0.6288127548381954,1.0,0.6399150403891491,0.4752129299223453,0.44390390012321757,0.4773905235258318,0.701201,0.4883122997359317
BIH,2019,0.4417668691871415,0.630785126369485,1.0,0.6180012150909104,0.42632511897850345,0.4498208286446551,0.46695009130135046,0.699463,0.5018585032866354
BIH,2020,0.4583451456327799,0.6326633754446216,1.0,0.6691208263547366,0.4395217513288183,0.4473950443897733,0.47873659615920383,0.7321179999999999,0.5032275086712872
BIH,2021,0.42528700835993793,0.6153126190063696,1.0,0.6373510044687558,0.4950293820059234,0.4601598522516618,0.4990664480878466,0.7567619999999999,0.4904066318842788
BIH,2022,0.4175134093540733,0.5927885475495736,1.0,0.6425248325242165,0.5305605885791962,0.4679734319680887,0.49640494052285145,0.788455,0.5007495665590942
BIH,2023,0.4103246911954764,0.589317061327963,1.0,0.6481730808108281,0.5503287962801373,0.4717358278553513,0.47760482959875916,0.8337720000000001,0.5231075335586692
BIH,2024,0.4052384634964225,0.5935546435514323,0.9938113062555086,0.6532688888219558,0.5046572818317389,0.4769376852920134,0.4505206130987187,0.861009,0.533197649865444
BLR,2004,0.54272893003178,0.34669646540069865,0.8923577333070547,0.6276648815719619,0.3300855064870152,0.38288714283116454,0.6669369568976269,0.1395389,0.2693972586041262
BLR,2005,0.5345619895882288,0.334492846268874,0.8986088446557234,0.6368752964832258,0.3500698764505517,0.3969162002952823,0.7048552702622484,0.12638786,0.22262843239094066
BLR,2006,0.5360637336112333,0.37043920697782645,0.9060657276607129,0.6449967269008852,0.3468964277524342,0.4116367509251969,0.6966051254700751,0.162,0.2486774384289534
BLR,2007,0.529103491986139,0.44858470315239624,0.91224317799644,0.6532997484126155,0.5438037931701201,0.4242759936492525,0.6944972416585498,0.197,0.24094305542004335
BLR,2008,0.5382326847405807,0.4796087787227639,0.9196127060764656,0.6594149960725448,0.5183961412924873,0.4388734764205938,0.7174603930461683,0.23,0.18596456513424942
BLR,2009,0.5246466181258905,0.5289785939184546,0.9269354431866335,0.6692391560452489,0.5240729349028357,0.439520351608062,0.6820029282944036,0.2743,0.27670988802215657
BLR,2010,0.5437357394092418,0.5672457394571258,0.9342119797551884,0.6772056463691438,0.4424676310819202,0.4506708757588681,0.6721176537259803,0.318,0.3032607339598763
BLR,2011,0.5212535167386505,0.5409313264307578,0.9414428951049976,0.6863087987559795,0.7057581750299315,0.4588503412965522,0.6816518719627671,0.396489,0.3164734712371913
BLR,2012,0.5246477605573687,0.42062148141864647,0.9486287577303187,0.6938156687386519,0.4290302499683344,0.46153545073758406,0.6842572518751231,0.46909999999999996,0.299619371066679
BLR,2013,0.4873589606125436,0.43164961120052564,0.9557701255650102,0.7005527003312402,0.47756024853500423,0.46303347978167964,0.6791448066186918,0.5417000000000001,0.3414768192075437
BLR,2014,0.5019842705437769,0.4381723400246155,0.9628675462424807,0.7086530705610303,0.43777514651284244,0.46532881938474524,0.6719414895188649,0.590163,0.34589136874875503
BLR,2015,0.4707348747698336,0.4738520328930261,0.9699215573476945,0.715820658278147,0.47449410969139416,0.45946863361666657,0.6333444409900475,0.6223040000000001,0.38495475456541106
BLR,2016,0.48997628844911795,0.45638003355856777,0.9769326866615113,0.722347284124238,0.45405835116511206,0.45562740302784854,0.6067653520472815,0.71113,0.3991326069717296
BLR,2017,0.5094129473522464,0.4606933887289825,0.9850588305383061,0.7204829878165881,0.435799123288312,0.45941610427530477,0.6160619214788776,0.744364,0.3829774490238709
BLR,2018,0.4805767448438985,0.47175672303730937,0.9919788146205688,0.7156589590939424,0.4386679668233373,0.46422661240162066,0.6115779885424553,0.7912990000000001,0.3862114650363284
BLR,2019,0.4869181299869554,0.48062526613410955,1.0,0.7207316200010792,0.41267452176119296,0.46660379907782656,0.6188764368466595,0.827892,0.39739716016521687
BLR,2020,0.49540936591452,0.5071494992171419,1.0,0.7204296445078682,0.43175855218001724,0.4662387175052892,0.6129162264244599,0.850879,0.4078910689323667
BLR,2021,0.4842092247196883,0.48364765990557207,1.0,0.721600766011544,0.39897818735908047,0.470938053494082,0.6250946442290617,0.8688840000000001,0.4022509107999963
BLR,2022,0.5223089031934763,0.5019422591893792,1.0,0.7248256353853657,0.42572875270820987,0.4651816291078893,0.6383481484771798,0.895073,0.39334483946556675
BLR,2023,0.5004151954683126,0.5019422591893792,1.0,0.7242812267871823,0.46289510394264416,0.47183549488839616,0.6182295199238528,0.9151250000000001,0.4042052126795084
BLR,2024,0.489089713757047,0.4890802091563103,0.8967361001834439,0.7273467905451443,0.43279212985123394,0.47826569332836344,0.6028108018054161,0.942618,0.4197266675051119
BLZ,2004,0.5764342444780264,0.5533062861302966,0.7819323529004123,0.7495334351915983,0.8022416076336021,0.46925036676985454,0.33256130987298604,0.098,0.6064947396140958
BLZ,2005,0.563353422675406,0.55296092825463,0.7942821972370391,0.7599625197898576,0.8442307191442486,0.4682017659360852,0.3209487801254516,0.17,0.6206237532263685
BLZ,2006,0.5584126767278116,0.5642222029744748,0.8923577333070547,0.7625670994419855,0.7293332670006469,0.4704395329962766,0.3714970651128209,0.24,0.5915886830591561
BLZ,2007,0.5388843696337373,0.5808372049452701,0.8172549107554259,0.766097886250904,0.8194523478314262,0.47111995093447223,0.39920706618083224,0.24600000000000002,0.5864210273399775
BLZ,2008,0.529901687857268,0.5986789200640268,0.8292341817330371,0.7675884278698235,0.9191814213623735,0.464744613687308,0.40132638480500615,0.263,0.5900849835464901
BLZ,2009,0.5352402008154418,0.6135966848601866,0.8397789612031117,0.7719970830405649,0.7036433285736008,0.4602117074589086,0.3805700886169614,0.272,0.6083482857674181
BLZ,2010,0.5402104557100343,0.6005740338061838,0.8784848493388813,0.7764927547399463,0.6429100271838313,0.4587541650890311,0.3508105439041578,0.282,0.6082229645351105
BLZ,2011,0.5430677734247857,0.5905979822322529,0.9010998331410773,0.7788192356482506,0.6228138991768941,0.45540349830043303,0.36776897900990035,0.307,0.5982778693850053
BLZ,2012,0.577035669212442,0.5852710382480271,0.8911034349557196,0.7820460719046012,0.9432810939269156,0.45789584102797554,0.29237265523576283,0.31,0.6109774874532707
BLZ,2013,0.5707678389127689,0.5775400951903669,0.8936106690309069,0.7843304371225472,0.5790032261545167,0.4605837554017552,0.28351144985974486,0.336,0.6161114406764328
BLZ,2014,0.5729140541418224,0.5766790790567795,0.8986088446557234,0.7866337970043387,0.713464873476827,0.46305870357593826,0.2844008986540598,0.387,0.6124060761596142
BLZ,2015,0.5605330317265107,0.5824741806725071,0.9023433127444198,0.7961350399517046,0.4594561677674702,0.46396060341824696,0.24448547537155996,0.41590000000000005,0.6160455586984579
BLZ,2016,0.5132152149462675,0.5768792230974527,0.9208363955497516,0.7892746769926591,0.3791395479845513,0.4605628554535003,0.2724818436571743,0.44575699999999996,0.6116093208240883
BLZ,2017,0.53563855205263,0.5751131465409975,0.9317915649730804,0.7996033567527978,0.37544047528492686,0.4545348200156475,0.2292913398061036,0.488771,0.6215293049089969
BLZ,2018,0.4979735766469757,0.5797793168200289,0.9010998331410773,0.7834656600601826,0.6314718695610229,0.4530168563027036,0.21496751557502813,0.5359360000000001,0.6387961508228788
BLZ,2019,0.4795056889374973,0.5828154001049857,0.9134747074464808,0.8044507682407547,0.5406848604225989,0.4569437206700796,0.22791896420319802,0.5876520000000001,0.6425511417609986
BLZ,2020,0.5304835606653875,0.6225795855307412,0.9628675462424807,0.7970674927838188,0.5262567322836988,0.4339946329359502,0.2959071525597965,0.644359,0.6056650216981474
BLZ,2021,0.5184187460914987,0.5905796968525823,0.9734324496186684,0.7974506957101228,0.6203129338201265,0.4563300022757376,0.31617657874623983,0.706537,0.6008689596858003
BLZ,2022,0.5144475048150758,0.5655788675580344,0.9839014523976495,0.8021515552470215,0.6061678361466709,0.46648393367261265,0.27379912215461255,0.7180960000000001,0.608128230393385
BLZ,2023,0.524808927843205,0.5632600784174888,0.995423298675246,0.8074902903787775,0.3182147379196285,0.4642214561055916,0.23980452461142776,0.723595,0.615579280873134
BLZ,2024,0.5198185541666002,0.5592576393645907,0.9771937756579117,0.8111185939174677,0.544985652743653,0.4671298347392786,0.24506148882749224,0.6059198,0.6199482373805232
BMU,2004,0.1432127694034192,0.6493152094291592,1.0,0.9074683768427647,1.0,0.895630948055489,0.05246130308493746,0.609909,0.9571760016898114
BMU,2005,0.13765096831879908,0.84077137799987,1.0,0.9109107808108794,0.3424413355993253,0.897679557382972,0.06798432420805423,0.654471,0.9707548263035821
BMU,2006,0.3977408585229326,0.6634188448030096,1.0,0.9109107808108794,0.190627817362062,0.9052274523676626,0.27495771737587943,0.698997,0.6835730287022693
BMU,2007,0.330177577972285,0.7832648217442293,1.0,0.9109107808108794,0.8775507936267462,0.9095977840114541,0.21983767257234255,0.743506,0.8081713388944127
BMU,2008,0.06327296367408283,0.8244189365269916,1.0,0.9109107808108794,0.4439507137624377,0.9061970101050963,0.15339955515734735,0.823,0.9204538620279117
BMU,2009,0.07887239318959632,0.7780936054264471,1.0,0.9087654804663208,0.2148466154253546,0.8971840680966475,0.075470678980105,0.8325,0.9511011153219618
BMU,2010,0.057272390749655455,0.8016970349092338,1.0,0.9100940571638396,0.502483128921059,0.8931397226229353,0.0,0.8421,0.9309430184802427
BMU,2011,0.062198697484668636,0.7992677536374909,1.0,0.9109107808108794,0.01817812970733096,0.8875842492559248,0.0,0.88336,0.9390785194250584
BMU,2012,0.0563998040561455,0.9025888868023184,1.0,0.9079264368319894,0.3326039076238875,0.879869555326677,0.0,0.912993,0.9482855882764158
BMU,2013,0.06496893642876145,0.9025888868023184,1.0,0.9074683768427647,0.33928347632843076,0.8796272678168703,0.0,0.953,0.9422672623064314
BMU,2014,0.04294940886657695,0.9049491878356871,1.0,0.9089169839022467,0.2805453494373564,0.874255643751758,0.0,0.968,0.9495319800052546
BMU,2015,0.0462290477176735,0.7593645006169197,1.0,0.9089169839022467,0.14407837916172955,0.875525656268387,0.0,0.983236,0.9455980243211077
BMU,2016,0.06112063659284385,0.8432074367308088,1.0,0.9082468152425779,0.21496602147346475,0.8746028206977617,0.0,0.98,0.9428742428973478
BMU,2017,0.055150558620442436,0.7593645006169197,1.0,0.9109107808108794,0.021500237116311327,0.8794578839640875,0.0,0.9837,0.9387163988898988
BMU,2018,0.04760309235622819,0.8751676189099618,1.0,0.9100940571638396,0.36995631640375454,0.8782517683043737,0.0,0.7057692,0.9378174086452948
BMU,2019,0.044879858612756444,0.8243237310039426,1.0,0.9082468152425779,0.2878694336971748,0.8780705741331031,0.0,0.6805064,0.933164578778864
BMU,2020,0.05152811628428658,0.5776272880121718,1.0,0.9117498244452108,0.7342897284420686,0.8671837438387714,0.0,0.6805006,0.9448476073298901
BMU,2021,0.05817765578038013,0.8775279199433305,1.0,0.9089169839022467,0.3283675113482261,0.8731238759125478,0.0,0.6805064,0.9464453076435508
BMU,2022,0.04440729179608224,0.8243237310039426,1.0,0.9074683768427647,0.28889203401826447,0.8820062787398063,0.0,0.6805064,0.9472579567200623
BMU,2023,0.03926017896087993,0.8394244609850553,1.0,0.9082468152425779,0.3984195248128538,0.8890885484657981,0.0,0.7598404000000001,0.9557329057909443
BMU,2024,0.06917659602416285,0.6999898375562349,1.0,0.8082974221586667,0.3670762318219322,0.8976484217788655,0.05134631736350399,0.6197562,0.9319640602872141
BOL,2004,0.6319869794805548,0.5664221688465816,0.6855861146345408,0.5399851865618484,0.33255562881793155,0.30791845799303974,0.5373552077197461,0.0443992,0.412745943727197
BOL,2005,0.6050547541599122,0.5512567034600628,0.5655697649905642,0.5076868079064387,0.12139541849430377,0.3117501173884324,0.5269403874270415,0.0522758,0.3679376733829498
BOL,2006,0.5885569842255773,0.524332162515434,0.6900766870319854,0.5220040113230908,0.44357603950921093,0.3160752019202372,0.5518287524706227,0.0620067,0.2963739010689759
BOL,2007,0.5692950646819032,0.5191203721678748,0.7483379228557219,0.5380167951395225,0.4657139555039885,0.3200693778005491,0.5628997963206122,0.104992,0.2837143260941879
BOL,2008,0.5784556331754392,0.5002652410375428,0.8105456002672922,0.5949272816621276,0.4839855259550594,0.3262778358236017,0.5871558586183279,0.125,0.24146910484613482
BOL,2009,0.5928105831836291,0.5170498038073712,0.8384661241571116,0.6003910016132314,0.4427944705020419,0.3286525738368181,0.5787726936018822,0.168,0.30395262795505706
BOL,2010,0.5773590949460499,0.5295446566985349,0.8541223901928952,0.6083966611918652,0.4900260876920345,0.33213421078139704,0.5937783859131618,0.22399999999999998,0.3048316550774719
BOL,2011,0.5640055669967301,0.5338879780228236,0.8580034725554357,0.6111901847917589,0.5172940753639705,0.3371409193460283,0.5974023779965745,0.3,0.25251204357137924
BOL,2012,0.5649463854329695,0.5466527157416436,0.8848113995988252,0.6369761005079435,0.5387135985700566,0.34206834805689257,0.5805259530336788,0.35340000000000005,0.24033971999075288
BOL,2013,0.568336492846048,0.5574129745142613,0.8733985027471611,0.6277699940342556,0.6554061608414422,0.3493256291986483,0.56680750441894,0.3699,0.23534101505682203
BOL,2014,0.5633544336154144,0.5719959862110959,0.8797529387688607,0.5973954525171137,0.4135181593615906,0.3547993882977972,0.5513589080910757,0.346016,0.2620560486021293
BOL,2015,0.5741892258617637,0.6075815330962278,0.8986088446557234,0.6120086160851552,0.3934022249513012,0.3594807772973191,0.5068645433438006,0.37486800000000003,0.3520654293444938
BOL,2016,0.5931922701105284,0.631706314908469,0.9023433127444198,0.6168909310757495,0.348324927662117,0.36337825659274403,0.5092385385451048,0.39697499999999997,0.42187202484831854
BOL,2017,0.512492246542166,0.5917544364743073,0.9023433127444198,0.6177900730207257,0.38497934952671997,0.3672214009178657,0.5944350789702832,0.43832299999999996,0.45135903621665996
BOL,2018,0.506177306531469,0.6104151937571334,0.9147049232648587,0.6164712256295775,0.32466635179466247,0.369244826846575,0.5976650353212376,0.442861,0.465183951777417
BOL,2019,0.5112730091474059,0.6218108986165747,0.9426436523403492,0.6436925684139343,0.25528143256070746,0.3693738415302078,0.5989015346720028,0.474748,0.4819757399138709
BOL,2020,0.5492665943329322,0.6735599828253171,0.9675750108202648,0.6496962853508514,0.110302937711789,0.3478416943957966,0.5451744290258058,0.5994010000000001,0.5210178260413327
BOL,2021,0.5417530131013851,0.6516683851428922,0.9839014523976495,0.649576788426037,0.3633456317563101,0.3602314313928653,0.6049579115076686,0.6597740000000001,0.4689958749181913
BOL,2022,0.5380853973538291,0.6520145889401077,0.9988575261865398,0.6801790403525887,0.284817503882491,0.3638805327046958,0.6231935170295619,0.673612,0.47395309228133753
BOL,2023,0.5536290294327636,0.6422510951777596,0.9977139195282607,0.6815714165381133,0.31388035355698535,0.36549403689128324,0.5877376349208907,0.702368,0.48937027249833154
BOL,2024,0.5421474214916228,0.6386369415976365,0.7612257509357295,0.6849768722315472,0.32991637412366326,0.3618635957396211,0.6114760661792993,0.4352264,0.48225897840913756
BRA,2004,0.44959520111592627,0.48512696261910754,0.9628675462424807,0.7541460530947139,0.46061679876851147,0.48790986052133445,0.4893651349819601,0.190737,0.5074515571679816
BRA,2005,0.41023806071039093,0.5026322311273188,0.9663999447783445,0.7553382197937655,0.39686223154529027,0.49089400859751675,0.4866933927935986,0.210227,0.5256851624944856
BRA,2006,0.3980708495345395,0.5258590742155267,0.9722633393103699,0.7649210345504978,0.3981138351744966,0.4949974295221037,0.4739723858918663,0.281784,0.5421254589568432
BRA,2007,0.4001430925246407,0.5561254492332779,0.9780970756754845,0.7679383331007532,0.4916789739521499,0.5020809990209826,0.4653176842575337,0.3088,0.5510989453294517
BRA,2008,0.40669632048538173,0.5819527186792988,0.9827429116469135,0.7684224893311717,0.47864887307258414,0.5079022728535777,0.4644810953606713,0.3383,0.5370000468341631
BRA,2009,0.402763581220644,0.5900093404051705,0.9873701083065667,0.777310929164226,0.4069228243442625,0.5064195949316231,0.43862358800051937,0.3922,0.5723829653302772
BRA,2010,0.3865034720781614,0.6131355505710463,0.9839014523976495,0.7853744972614951,0.526769011080253,0.5157341350053791,0.4682823865771739,0.4065,0.5493769835704159
BRA,2011,0.3968238633747513,0.6342623617309686,0.9919788146205688,0.7932774313860298,0.5388196391021971,0.5202099167049378,0.4648309794912848,0.4569,0.5486959899579382
BRA,2012,0.3889413791344542,0.6505084469678741,0.994276279962726,0.7946589293101249,0.5283927387742351,0.5217939695102426,0.4442008344446504,0.48560000000000003,0.566262763017765
BRA,2013,0.4040710249578951,0.6564675363695813,0.995423298675246,0.7945413117126421,0.481961448913945,0.5249146744226562,0.42403847194244215,0.5104,0.580259374814394
BRA,2014,0.39608964278785747,0.6625622806421165,0.9965691777763395,0.8016712416490623,0.5164434903220416,0.524473976907854,0.4067139098845338,0.54551,0.6030659866882533
BRA,2015,0.39580017652587013,0.6652257226943057,0.9965691777763395,0.8080746609932392,0.5177969602534732,0.5180848584837169,0.37995230305150995,0.58328,0.6180758195778822
BRA,2016,0.4201631425863469,0.6493575821308533,0.9965691777763395,0.8166295256094531,0.5532802802121642,0.5121444487867924,0.35447900070611826,0.6087250000000001,0.6306033174352681
BRA,2017,0.40809436431106527,0.6395338467251239,0.9977139195282607,0.8254642761127875,0.501273914579351,0.5129949210055821,0.35013902943149255,0.674713,0.6324757040942046
BRA,2018,0.40029640115550086,0.6422378300435512,0.9965691777763395,0.8301126551486457,0.5494542506213628,0.5145690234044752,0.36462442644229043,0.7043429999999999,0.6229280197662179
BRA,2019,0.3906279655869024,0.6514634998347906,0.9977139195282607,0.8326976901706757,0.5243390028961228,0.5153838543343968,0.3647664465744216,0.7391240000000001,0.6287148897482906
BRA,2020,0.45124135120081477,0.6713104277053752,0.9965691777763395,0.8302513503356734,0.4527490399010355,0.5097072590116564,0.38354869898763777,0.8134269999999999,0.6058896977798627
BRA,2021,0.479589972665227,0.6716609423158972,0.994276279962726,0.8246716105371585,0.4649288916594213,0.5158429630558051,0.4439795808509146,0.8068989999999999,0.5386722904292776
BRA,2022,0.45322233831331626,0.6773704963868212,1.0,0.8331741931350924,0.535751292854731,0.5196340149118138,0.4588977241105061,0.805278,0.5565626754956572
BRA,2023,0.4620619096222885,0.6788352452915412,0.9977139195282607,0.8402560714736014,0.4703983555301852,0.5236898051761391,0.4444296939092447,0.841506,0.5728849955640869
BRA,2024,0.4526862222097404,0.6925302939922384,0.9988566194609201,0.843206094104763,0.5046156095396834,0.5279813181612639,0.4175659354883958,0.844635,0.5727637525380733
BRB,2004,0.22904676849241296,0.6666705754773017,0.9988575261865398,0.8662513482026157,0.7154315697987237,0.6456278230686655,0.2614742054021615,0.498,0.755446167235374
BRB,2005,0.2238848913075216,0.6840272439524968,0.9988575261865398,0.8772098446940522,0.9486386914162994,0.6504961106856254,0.2570094921445485,0.525,0.7442822021722186
BRB,2006,0.21096379220423148,0.6867996097938251,1.0,0.8708559018370678,0.8121915633949117,0.6583522883334162,0.29578316242670777,0.5529999999999999,0.7514716157722234
BRB,2007,0.2007088157910065,0.6794773623936725,1.0,0.8705893046616331,0.9471047986340184,0.660649661885837,0.2499478938202444,0.5820000000000001,0.7454703499265052
BRB,2008,0.19545389262295768,0.6922837106626258,1.0,0.8745278747265588,1.0,0.6608052663793017,0.26262032261541246,0.614,0.7507226257572355
BRB,2009,0.2097339861874053,0.7125436845316935,1.0,0.874129132498012,0.8027112273346555,0.6525853618437881,0.2713887533802197,0.647,0.767146090908192
BRB,2010,0.22557549725626608,0.6573853007079051,1.0,0.8778036800697926,0.7719692801042013,0.6487381573140844,0.20146942759841568,0.6509999999999999,0.7971487490349976
BRB,2011,0.22159417460890074,0.6599694358172573,1.0,0.8815588869328752,0.8121338721123952,0.6478152572896726,0.23194538004533682,0.665,0.7915135711233514
BRB,2012,0.22955963102334936,0.6705775359353314,1.0,0.8838032835178473,0.8804862185205049,0.642353857802931,0.20760286999447475,0.7120000000000001,0.783042123896017
BRB,2013,0.24434677106550814,0.6715614866689972,1.0,0.8846185690201991,0.40355282877580423,0.6393793295564275,0.21903646836260626,0.718,0.7872869754344141
BRB,2014,0.23870707606622535,0.6707258236553768,1.0,0.8869484838382911,1.0,0.6401110807403033,0.21635045007737852,0.7190000000000001,0.7863956223615789
BRB,2015,0.22788511035669273,0.6712193993994671,1.0,0.8890256784603134,1.0,0.6380676497271057,0.21301978321696935,0.72,0.7779410302511836
BRB,2016,0.233854704908407,0.675434197536187,1.0,0.8900027488882389,0.9233954905977504,0.6399078096058463,0.2028175327949744,0.7220000000000001,0.7812954977645159
BRB,2017,0.24309291832725308,0.6821209388080356,1.0,0.8877548293487423,0.3887800592523595,0.6406352679561186,0.21334779800527115,0.723,0.7627462598355561
BRB,2018,0.2722672518718319,0.6708493088455463,1.0,0.8959982052221593,0.5459862512614602,0.6384916452782151,0.18369936091641303,0.7240000000000001,0.7706225647940252
BRB,2019,0.2791679270781657,0.6670183325804704,1.0,0.9079335163187352,0.5114887154472585,0.638565550561147,0.1752229281677644,0.7417910000000001,0.7740596390668668
BRB,2020,0.33322092316714763,0.693312445681403,1.0,0.9105989266296994,0.5994866396267657,0.6158029534954538,0.19682311307748912,0.7600199999999999,0.7640575407952288
BRB,2021,0.2576966162061658,0.6706974150201206,1.0,0.9080393165295324,0.545251284564215,0.6154312333475059,0.1768125924691637,0.778697,0.7793641311297699
BRB,2022,0.21083335826099672,0.6453481459761372,1.0,0.9131861576060882,0.47307147338564604,0.6384136353401045,0.184800511043147,0.794451,0.7891901383199524
BRB,2023,0.22986665407883347,0.64044538897686,1.0,0.9235815782059085,0.48665028982876807,0.6425742253153336,0.16526479397734883,0.799923,0.7868311847118452
BRB,2024,0.2228206288999286,0.6588717182798269,0.9988566194609201,0.9243468651131423,0.5470633788957713,0.6460660136199982,0.16790082005118956,0.7677724,0.7872315115852118
BRN,2004,0.18206387231109997,0.8490872161781888,1.0,0.897945780273004,0.36949782928713915,0.7279937244637374,1.0,0.297156,0.0
BRN,2005,0.15951044385521101,0.7140265828393971,1.0,0.8991472260309767,0.39204397658716417,0.7255388606633301,1.0,0.364664,0.0
BRN,2006,0.13136159986250082,0.5017073172421322,1.0,0.8991450855311629,0.3292302840989305,0.7290634695514108,1.0,0.42186300000000004,0.0
BRN,2007,0.12747079117956173,0.5181920838916301,1.0,0.9030928232763009,0.4088483707329489,0.7210436957158538,1.0,0.44680000000000003,0.0
BRN,2008,0.12270285319239913,0.5021453235707682,1.0,0.9039267424716866,0.3748114269122767,0.7125846598846631,1.0,0.46,0.0
BRN,2009,0.1601503587778976,0.5529352189469567,1.0,0.9073259174067023,0.46188766956197896,0.7070748452158983,0.9887981841213258,0.49,0.07980262005530658
BRN,2010,0.12843671853170013,0.5348049944559643,1.0,0.9082104706755394,0.5122620016957538,0.7082440623542957,0.9987021549090871,0.53,0.050709209982628956
BRN,2011,0.1052560493831463,0.475692538440779,1.0,0.9068513633254143,0.5268369161826476,0.7109922606987124,1.0,0.56,0.0
BRN,2012,0.11742983429223225,0.4746988667036723,1.0,0.9072542932902947,0.5795190432131099,0.7100871141663351,1.0,0.602731,0.0
BRN,2013,0.12168204908229874,0.49816932844324874,1.0,0.9096595504910954,0.5629981293543437,0.7049630811344866,1.0,0.645,0.016610473013978666
BRN,2014,0.1456145152208238,0.5117818640433485,1.0,0.9113251547201773,0.5024680440065519,0.6993309053487532,0.9928635934809336,0.6877,0.059526830755959104
BRN,2015,0.1745552776032991,0.5600973949701056,1.0,0.9158907265148564,0.37023280972417305,0.6968701246040304,0.9430820061440008,0.7120000000000001,0.21827528431819143
BRN,2016,0.18567924862365262,0.574746293642298,1.0,0.9209638911079718,0.1980773667846232,0.6913994997784864,0.9091003982465877,0.9,0.29322197582017084
BRN,2017,0.17264733519800257,0.5494178215348824,1.0,0.9244136849053586,0.5351106614908103,0.6915581149203641,0.9296573011364626,0.9486669999999999,0.2490651277577638
BRN,2018,0.16465092456119187,0.5234791033191393,1.0,0.9025342985572289,0.5316404376896725,0.6899540757534465,0.9580394261293277,0.9500000000000001,0.17088654552866034
BRN,2019,0.16088838999694396,0.5275779144386887,1.0,0.885449369424554,0.46436851248881295,0.6938582996846273,0.9522944477087281,0.9500000000000001,0.19021095578234393
BRN,2020,0.187173025572101,0.5506775008917892,1.0,0.8672063597221729,0.5905837688580889,0.6939536874240962,0.924770726559319,0.963055,0.26174114916931
BRN,2021,0.19130780344638484,0.5309949468744541,1.0,0.8678296193837491,0.379951682143075,0.690232130603342,0.9537674084353203,0.976288,0.1776301031038372
BRN,2022,0.17375439657968572,0.5006842608766957,1.0,0.8833615304282953,0.170816950051952,0.6866811885995884,0.99341826850707,0.989704,0.05116518556918814
BRN,2023,0.18235234423006313,0.5358408136623154,1.0,0.8930594303737514,0.25990866322933925,0.6871724726612233,0.9461253195362564,0.9903360000000001,0.2051280665905879
BRN,2024,0.182500925247544,0.5394942330756267,1.0,0.8933498495966012,0.29635026696412664,0.6917507566933049,0.9455985464604715,0.6151322,0.20769087267472885
BTN,2004,0.716078047733832,0.34304052998877893,0.25412347475378105,0.3542982928298013,0.36243280549894374,0.2641168074190773,0.660691111663956,0.0315698,0.2498843975274898
BTN,2005,0.6998020150538143,0.37030488360039854,0.4146509963708178,0.36081968477260107,0.3309998691142532,0.2713411543848695,0.6531152121386996,0.0384711,0.2936066673438309
BTN,2006,0.6909631359618297,0.4064758117974718,0.41275251492094167,0.36739777742442703,0.3262812462938856,0.27735688839113937,0.674988470135238,0.0451832,0.2858931576875108
BTN,2007,0.6569974729318301,0.42578019272310647,0.6223954069866107,0.3771330678099143,0.666775637741811,0.29733465477612986,0.7516144203296065,0.0592,0.22046984142276926
BTN,2008,0.6506390107972616,0.4794670966926185,0.5538607586297335,0.38194365494312876,0.2995509872767065,0.3021228212104451,0.7420070826702705,0.0655,0.24591691762444112
BTN,2009,0.6430963957026439,0.4954270979317728,0.6176328652416263,0.38781100869696905,0.3734749009399758,0.3112363166461717,0.725414358352926,0.0717,0.2892777994745144
BTN,2010,0.6163423621567946,0.5437915912426796,0.6459175116338569,0.39387535535808915,0.5706886717760192,0.3260022462869202,0.7237456897165222,0.136,0.2938150981847709
BTN,2011,0.6051835651809967,0.5686333101866254,0.770842582645936,0.33980513322302874,0.3864964410088903,0.3362323886691859,0.6993737011048498,0.14400000000000002,0.32853778560929037
BTN,2012,0.6009234822596,0.5643551810526384,0.8986088446557234,0.3604179570551489,0.36442520057307204,0.3419322632337033,0.7096751968139305,0.156,0.2813185472619071
BTN,2013,0.6061688146743317,0.5642234646442286,0.8463208234412596,0.37765471129266626,0.3524377323207857,0.34282193244470316,0.7177159900210301,0.22399999999999998,0.2826374056168661
BTN,2014,0.6100544012419558,0.5582358129000136,0.8973613299636449,0.37459547448050845,0.3573377664718094,0.3495490428087332,0.7023383684668125,0.303,0.29451993070292826
BTN,2015,0.6087969154643487,0.5657970656882663,0.9462384413920546,0.37146729432186243,0.30321025902924575,0.35743347625045685,0.7129411870346343,0.39799999999999996,0.30867375530986063
BTN,2016,0.608930849463851,0.5738875074540557,0.9919788146205688,0.3767556297270085,0.31682759828799406,0.36782644656058816,0.7126976989564489,0.465,0.3018073870479836
BTN,2017,0.6253595774458179,0.5937621963136419,0.9734324496186684,0.37979963793256655,0.24244766283825864,0.36957377783934986,0.7201643922288292,0.543,0.29854368632799666
BTN,2018,0.6357617855224551,0.6216566777666381,1.0,0.3820366320537958,0.29069551644890973,0.3735289055876786,0.6703648401869764,0.635,0.34516913967382346
BTN,2019,0.6254307839221124,0.6391225088813559,1.0,0.3905584560849502,0.3149739891926316,0.3806849630258634,0.6393053140032645,0.7417940000000001,0.4187959895395261
BTN,2020,0.6686532059707448,0.6676017056104255,1.0,0.42123638060278434,0.2766408450976184,0.36406287866552345,0.6197032282157988,0.7685080000000001,0.42501322899365235
BTN,2021,0.6699588356373278,0.6591792790460247,1.0,0.40959611837891075,0.2999644354160669,0.36932029485078177,0.6171237746710803,0.8563689999999999,0.4284609006319542
BTN,2022,0.653444831768035,0.6686421626241903,1.0,0.5075254095907265,0.30288788521220333,0.37567541774294677,0.6202225529905574,0.8629030000000001,0.44601448136396105
BTN,2023,0.6582961587610529,0.6799772129024104,1.0,0.5093536915021857,0.3060400140757559,0.3812333636808197,0.5816896710565211,0.88426,0.47283357112507485
BTN,2024,0.26823591793477514,0.6094918727517094,0.7750324758383625,0.5142799292164111,0.36223742128047964,0.46828910716270056,0.48935415481306366,0.20283540000000003,0.5440460076274276
BWA,2004,0.2790281871644662,0.4221724530241629,0.0,0.7778014532671791,0.5680180982123206,0.4441520603774288,0.7174314470996055,0.0330489,0.3888349751935669
BWA,2005,0.24519320827056784,0.39986858463031133,0.0,0.7772799392427903,0.5601507761064974,0.4480139313257684,0.7659618940247768,0.0326255,0.33882295559925213
BWA,2006,0.23753060470442353,0.4121851490308062,0.0,0.7744157728078997,0.6034851035513201,0.456964859113678,0.8074429439709352,0.0428993,0.3868380067458239
BWA,2007,0.25334004751894235,0.43661168267674283,0.012465077364530508,0.780490766159744,0.58864685402902,0.46232456905527897,0.7952552441076648,0.05280000000000001,0.3953300106489883
BWA,2008,0.2701209452345181,0.46123710343271845,0.08032742770156798,0.7844429613166342,0.5999441359824237,0.46405475078851965,0.7455321485316673,0.0625,0.4557304053217468
BWA,2009,0.287394646355142,0.48500640023187097,0.052102216118142586,0.7855561074030146,0.4182517431094904,0.4389230407009913,0.6366566612934161,0.061500000000000006,0.5593647055447621
BWA,2010,0.26636839654912164,0.47097852937279133,0.2563016193490144,0.7897689809840442,0.39648267224468414,0.4498521803931149,0.6975509787875898,0.06,0.5045135517024804
BWA,2011,0.26850963881806417,0.4736245895931334,0.28212345659654314,0.7925907219729993,0.4103020926600792,0.45659513356783654,0.7493708724465025,0.09,0.45470252233957087
BWA,2012,0.2830342936640098,0.5098237829973495,0.3402169631799863,0.7935971531329482,0.35238075331602825,0.45391193632743276,0.7014312522840112,0.16,0.5179260988567225
BWA,2013,0.2587260399695297,0.5116932784064931,0.3799908087695769,0.7996361558104161,0.314635626798275,0.4670025064727775,0.7210099033552897,0.3,0.5106873507237082
BWA,2014,0.24445166606451602,0.5076532985261606,0.41843860969411484,0.8033437617724704,0.5007491787062619,0.47293338080680225,0.7534503143503253,0.367447,0.4768597912299013
BWA,2015,0.25505141193593034,0.5293347786456493,0.4574751669873045,0.802652530854925,0.46609654707448184,0.46364381962080625,0.7010224444473483,0.37312100000000004,0.5380951762945019
BWA,2016,0.2573155216879288,0.5083660195278343,0.49523360014826867,0.8065947791690466,0.34551769372142027,0.47168017473939006,0.736315065329989,0.42257599999999995,0.4946762124699493
BWA,2017,0.24633814943813442,0.5166063945459458,0.5504933774919492,0.8095487666464773,0.38931737148256185,0.47547050594897355,0.695207110664136,0.478587,0.5395136685207289
BWA,2018,0.2683863520663722,0.5216003753000795,0.5655697649905642,0.8120461467661881,0.39328547100882255,0.47936658223326123,0.6638743127094382,0.542022,0.5618138905839962
BWA,2019,0.26578051047839407,0.5289878456461798,0.5951438782135527,0.8146407557202933,0.32044305540292584,0.48163671380937456,0.6220928128808769,0.613865,0.6026642228095471
BWA,2020,0.27522949898729687,0.550890311420805,0.6223954069866107,0.7873262281099511,0.2978513174909795,0.46629115174601876,0.5346540469979719,0.69523,0.6675115411907284
BWA,2021,0.2418150557408003,0.5202943117724097,0.6521098874245688,0.7957627796278817,0.17328042934550536,0.4804665820378412,0.6385098191579914,0.78738,0.5886079777226803
BWA,2022,0.2232567081206826,0.48890636959460815,0.6855861146345408,0.7976032659052734,0.5112823092269325,0.48591275511195386,0.6998873626566973,0.8036960000000001,0.5311724873840116
BWA,2023,0.23097100932431047,0.4901394345477827,0.6870849156516821,0.7935764051346381,0.5326327501733336,0.4881150806490321,0.6535208267529617,0.8136,0.5731042264934887
BWA,2024,0.23518830922611436,0.5099391675644325,0.9933540901611607,0.7929809383587156,0.4407546553195766,0.48133575265360073,0.5809413180307696,0.5029504000000001,0.6346322624687022
CAF,2004,0.8639478123375618,0.19053479700051007,0.0,0.03159931510075342,0.36125563714770265,0.07925743949471087,0.18050715488258148,0.00223401,0.30450183793814933
CAF,2005,0.8722420341849986,0.18322907026231827,0.0,0.03041248541282693,0.333150781332803,0.07728879805456801,0.17871284702748963,0.00268196,0.310074768970242
CAF,2006,0.8431740294529739,0.17767688148751232,0.0,0.04249386146573508,0.43836634284696857,0.08107184872699769,0.35859445921950595,0.0031115900000000004,0.2471431566883746
CAF,2007,0.8460153580385352,0.17998056069409113,0.0,0.054585104402459006,0.501296406449746,0.08480449669241852,0.4082003529873174,0.00375816,0.22998212615058397
CAF,2008,0.7687455799362513,0.18664246281295377,0.0,0.057281565537215196,0.6663552818661993,0.08466009718262657,0.45437870545509684,0.01,0.362442066139833
CAF,2009,0.8728836722441996,0.18502728717946876,0.0,0.09309469465267095,0.4171153777701846,0.09754802829541476,0.49464611263444924,0.018000000000000002,0.0
CAF,2010,0.866927826905406,0.2200478073482411,0.0,0.11748592829003379,0.47088358422906956,0.10526405048831655,0.49339037449860834,0.02,0.0
CAF,2011,0.8682013564586721,0.24010774511418193,0.0,0.1287639901629234,0.38254469124252755,0.10891323879230563,0.5337045814989179,0.022000000000000002,0.0
CAF,2012,0.8634882492941898,0.27266594724536414,0.0,0.14820905385396754,0.46560012660273986,0.11460952719836848,0.5495556648905429,0.024,0.006187613641596368
CAF,2013,0.8328805624435129,0.32057120362956354,0.0,0.07487812380538528,0.2911493197362937,0.04809601502462757,0.48706276061408116,0.025,0.2491657423309137
CAF,2014,0.8449495912304618,0.30814958781558505,0.0,0.08191756024702568,0.2959563285580162,0.0488143631215574,0.38297161435673344,0.027000000000000003,0.2884278862873275
CAF,2015,0.8275773564182611,0.2899478280303304,0.0,0.1028456198245491,0.29553390121492196,0.05476829085633128,0.4440182207511496,0.028999999999999998,0.2983889930430559
CAF,2016,0.830431005472187,0.300273102346948,0.0,0.11595045362439849,0.30989601499975183,0.05887315709256835,0.4333105747558357,0.031000000000000003,0.2888533319866502
CAF,2017,0.8366593645126595,0.2809478978006627,0.0,0.12888268020850613,0.3056542813308673,0.06285178658730384,0.41287893735475634,0.04,0.2925696633208794
CAF,2018,0.8254711280849624,0.3007689974253806,0.0,0.13666080797740832,0.33677540451078064,0.06568784441209696,0.40866156537457377,0.051,0.2938815699204902
CAF,2019,0.8030008283273246,0.28976407938730414,0.0,0.14660417801552472,0.3590272593333955,0.06816132198512781,0.40763868146661353,0.0750916,0.233560825074989
CAF,2020,0.8122000348603801,0.2897445400658642,0.0,0.10645338899303236,0.2888804743011246,0.06707927253082524,0.4061448865695463,0.0,0.20879369294838757
CAF,2021,0.8567161464161294,0.2913406529663622,0.0,0.09825437887497213,0.29801184241880907,0.06605415494048716,0.43217781414143164,0.006200000000000001,0.2827947827149293
CAF,2022,0.8596932743285075,0.31213766554317873,0.0,0.10394558188659242,0.34970577318603113,0.067108721850756,0.42250803464180287,0.0,0.28203365575495587
CAF,2023,0.8051787229478804,0.29677834850069484,0.0,0.11022706359029577,0.3826848166177046,0.0665823178322178,0.41217472741713923,0.0,0.24178593368694612
CAF,2024,0.7993716717409178,0.30383153788175715,0.0,0.10691476282534818,0.3795912732440667,0.06381308804816777,0.39632207036666944,0.0,0.27487467775664687
CAN,2004,0.2722184195756361,0.7863604786870824,1.0,0.8670451769393464,0.2932275372727927,0.7360297303160551,0.5646371733300968,0.65956,0.619433675928327
CAN,2005,0.24953159411524664,0.7980212039403425,1.0,0.8690997506535427,0.4257751994131151,0.7392419404340284,0.5785114630104449,0.7166,0.6142030344180518
CAN,2006,0.23420654894690243,0.8197069357293754,1.0,0.8732325131048739,0.6012259660667698,0.7415502261574073,0.5723895941924741,0.7240000000000001,0.6239057380656714
CAN,2007,0.2239370289481003,0.8014173281550296,1.0,0.8777498764358636,0.8177107949474929,0.7430867548842074,0.5696576113572087,0.7320000000000001,0.6291124069832463
CAN,2008,0.2400712057553234,0.8024304359636028,1.0,0.8797974660856243,0.5778646917788803,0.7429511972080601,0.5806552905081914,0.767,0.624063280216602
CAN,2009,0.22047723756788407,0.8490872161781888,1.0,0.888409391702818,0.3832109608483205,0.7369951892632215,0.504431924360871,0.8029999999999999,0.6801021796535167
CAN,2010,0.215119272199642,0.8444723597652553,1.0,0.8906455995904419,0.4035890512021997,0.7398005817196677,0.5284492787086519,0.8029999999999999,0.6650578296714627
CAN,2011,0.2398463623761166,0.8028939433573307,1.0,0.8890490438106813,0.423150489989687,0.7428686124352563,0.5427417284498091,0.8300000000000001,0.652474950772246
CAN,2012,0.24375273069528636,0.8130290344595043,1.0,0.8878785729233152,0.45974713428379854,0.7438218366847394,0.5336374738558161,0.8300000000000001,0.657407487441152
CAN,2013,0.25068120490815915,0.7909548032783416,1.0,0.8893941668260301,0.5202474872004628,0.7456302104890301,0.5332471409702471,0.858,0.6574640834961007
CAN,2014,0.2238805560367019,0.7752241088021256,1.0,0.8912191256198936,0.5153078990542296,0.7482888278317278,0.5427167323444002,0.8712000000000001,0.653880209796021
CAN,2015,0.2486627868833989,0.8304799943144691,1.0,0.893323037610978,0.5348312302197735,0.7481256233079882,0.4915284490789211,0.9,0.681833929005784
CAN,2016,0.24802964107700945,0.8328933548142903,1.0,0.8950423337094828,0.4296921057583923,0.747982868123619,0.4688484679105487,0.9116,0.6943047666812241
CAN,2017,0.2503318815443799,0.8593122899362762,1.0,0.8964874483963938,0.38408234783687284,0.7505859699446377,0.48379174748387443,0.9270140000000001,0.6833492486908304
CAN,2018,0.23410704537559898,0.8254426058645089,1.0,0.8968255701930832,0.4447230371840085,0.7524335302405708,0.4956017238947332,0.9464,0.6800601900398324
CAN,2019,0.2338585453894294,0.8317681514019194,1.0,0.8997110548622964,0.4666844896975628,0.7530558769537808,0.4847878361105522,0.919129,0.6905774716642616
CAN,2020,0.24615310360907397,0.8489044893965335,1.0,0.8981964256568795,0.3984942533876241,0.7439777657736341,0.45106834965617026,0.923,0.7147663907050026
CAN,2021,0.22493284605483363,0.822379391247132,1.0,0.9007634898668249,0.47771003064787587,0.7515641652272081,0.5093414967778738,0.9393710000000001,0.6737645282867919
CAN,2022,0.18753601422187974,0.8015033846072057,1.0,0.9009429394584347,0.434846932893579,0.7549024637499179,0.4345256282597928,0.9400000000000001,0.6325099853710938
CAN,2023,0.15026892216731105,0.8027708477525263,1.0,0.9023788173069249,0.41546883471555257,0.7528883917530317,0.6044647686537781,0.9395640000000001,0.5566445662827169
CAN,2024,0.5142130079407391,0.8175177230207631,1.0,0.905536122385258,0.46691414181422086,0.7508280605414256,0.3760684091519332,0.7132986,0.590748436794502
CEB,2004,0.39724213879527326,0.47874735067477664,0.9800497914252277,0.6580101204911917,0.6509259843885007,0.5178843452855862,0.5819082479661588,0.38659720000000003,0.5003281678295664
CEB,2005,0.3661207251413243,0.4989717087353331,0.9806627277406559,0.6639546156259164,0.8330893878533374,0.5252374607395774,0.583440488225202,0.41200000000000003,0.5055925390790965
CEB,2006,0.3556755960259676,0.5277285663455322,0.9818649103622112,0.6732229395130043,0.8145565610902104,0.5349386843816534,0.5920650013566344,0.41200000000000003,0.5032222594526652
CEB,2007,0.34678947513688,0.5634929971012694,0.9830633024700273,0.6757091470481571,1.0,0.5444008403498807,0.5940594484175092,0.4261604,0.500080489343838
CEB,2008,0.34462297714299145,0.5940492584357946,0.9846985075269297,0.6771318065427514,0.8717861517720844,0.5505610193717975,0.5929412895716564,0.41200000000000003,0.5041039311179225
CEB,2009,0.33087267759923505,0.600915456920621,0.9868927481652925,0.6953603004378661,0.437700647341964,0.5454844617765561,0.5879032197299876,0.38659720000000003,0.5239568515698689
CEB,2010,0.3254772311607524,0.6093539213215939,0.9881136682752825,0.703313483364949,0.3889950813224129,0.548226431781771,0.5883937771510976,0.42062,0.5167327747392685
CEB,2011,0.3505004256456422,0.6097777980744552,0.9893114514568522,0.7054169071250929,0.5078637221319849,0.5537050729410814,0.6007151113778004,0.43473740000000005,0.4946811411410108
CEB,2012,0.33688677505888764,0.6055559538827098,0.9908610024733573,0.710173018782104,0.47218060893027125,0.5552574185513851,0.5853473750577916,0.4383324,0.5152656193296035
CEB,2013,0.35083012797532753,0.6024339814547879,0.992076290041437,0.715963033622494,0.3561064185793843,0.5567264521249612,0.5651770887289764,0.45372960000000007,0.5280385193281454
CEB,2014,0.3439244052416883,0.5959211089092531,0.9932518250246627,0.7181961761279188,0.5227809152349745,0.5617920561980688,0.5800075676963983,0.45372959999999996,0.5183973957054335
CEB,2015,0.32377589321282413,0.5916306167823187,0.9947176843969414,0.7255394571732863,0.4017377629687576,0.5679197801228663,0.5835926912571263,0.45372959999999996,0.5178112476101897
CEB,2016,0.3242091791487105,0.5917953046748674,0.9959495570186299,0.727894058204019,0.8568938519940235,0.5723975372253297,0.5750321689512046,0.45372959999999996,0.5273839240730593
CEB,2017,0.33235603649841666,0.5845724355761426,0.9985567152594932,0.728331470454493,0.42121916001703075,0.5800671155623441,0.5581190768611979,0.6469142,0.5393927986664129
CEB,2018,0.31614768928431874,0.5823318812950506,0.9985874616709092,0.7309711179671252,0.21010485753799385,0.587458525697219,0.554664168588688,0.6469142,0.545986169590067
CEB,2019,0.31026987775171494,0.5769559910371813,0.9994064543051087,0.7346298815944481,0.8778560505564386,0.5934953570097249,0.549538039415318,0.7058032000000001,0.5541878285145616
CEB,2020,0.31598370870952064,0.5826017149936198,0.9997782654021368,0.7360384783247382,1.0,0.5895499078771843,0.5412865187819609,0.7085888000000001,0.56510685954466
CEB,2021,0.31532789968209907,0.5745719869093211,0.9998516807843716,0.7436437019164681,0.6948720789119057,0.6002449959576531,0.5329874540181034,0.7057692,0.5652782978827013
CEB,2022,0.32366749125288913,0.5563231832674413,1.0,0.7469073738757404,0.5555237419703052,0.606190991719073,0.5470370670512217,0.7598404000000001,0.5688442138743262
CEB,2023,0.3081400201585958,0.5388058628516788,1.0,0.7527756870645033,0.30317499589769276,0.6070520071226241,0.5515561651933032,0.7057692,0.5791421595546504
CEB,2024,0.2920085186202801,0.5352373850371288,1.0,0.7636689515141932,0.27440999519660114,0.6102027159789117,0.5227952824174704,0.7578064,0.5923386005358671
CHE,2004,0.15467839464971672,0.8335118104421235,1.0,0.8574682069530826,0.3984553278743743,0.8263380489677857,0.5135226245079758,0.6779999999999999,0.7165774459637646
CHE,2005,0.13988748131118373,0.8391666868827827,1.0,0.8577794462341677,0.3254835286183964,0.8293457113155623,0.5187167789963623,0.701,0.7156926183484056
CHE,2006,0.1311652425813143,0.8448842810081734,1.0,0.8559519090300989,1.0,0.8342307391396336,0.5220011498491384,0.757,0.7137450732197559
CHE,2007,0.133851633494522,0.8499004893270041,1.0,0.854840739944748,0.9297018845528304,0.8385099540888893,0.5206608238218433,0.772,0.7140812380424468
CHE,2008,0.1352422796022517,0.8383908582895154,1.0,0.8567587280056053,0.3183344453031946,0.8406854084674013,0.5209475912871304,0.792,0.7149196959031201
CHE,2009,0.12694050447637648,0.8521880549849048,1.0,0.8632994333706847,0.8436623640893166,0.8354979007636091,0.49796170019022945,0.813,0.7329685717977874
CHE,2010,0.11854858952828756,0.8503832731411303,1.0,0.8623433172134778,0.4760563758119246,0.8386193400717629,0.49701768983308914,0.8390000000000001,0.7332723229167057
CHE,2011,0.12051341671919777,0.8538050066089427,1.0,0.8632165337173747,0.47278596440112275,0.8396136662547401,0.5035728431063973,0.85193,0.7300412898708522
CHE,2012,0.11444789592961506,0.8620706760298353,1.0,0.8671026349668542,0.6627263302950837,0.8397741190893034,0.49524003863857824,0.8520000000000001,0.7387933228630397
CHE,2013,0.11849024245201778,0.8645708335418796,1.0,0.866019731346205,0.05432311379762669,0.8406833907329821,0.4971681662138121,0.8634000000000001,0.7375648001811403
CHE,2014,0.12504618833446524,0.8660097614451869,1.0,0.8704165007645281,0.47215635418522905,0.8422839095364488,0.4897087582735735,0.836173,0.7420053211085609
CHE,2015,0.11325738257585101,0.8682290945328237,1.0,0.8747023497338695,1.0,0.8429994196948695,0.4872635835280352,0.8747910000000001,0.74546598453166
CHE,2016,0.11784061032887289,0.8729991703221027,1.0,0.876751168362166,1.0,0.8443864946096579,0.4850399606743745,0.891347,0.7482228860687368
CHE,2017,0.1139728169736226,0.8052631371590249,1.0,0.8784914534395742,1.0,0.8449968053099771,0.48759421633846656,0.896861,0.7461786890669204
CHE,2018,0.11578094708932751,0.7065596080589519,1.0,0.879860298125497,0.0,0.8480214452556195,0.49169220669350855,0.918,0.7458541439493511
CHE,2019,0.11635975070563775,0.8732028763670414,1.0,0.8836310891685089,0.4857019285027122,0.8486343050792992,0.49753886540750014,0.9314610000000001,0.7433903303271259
CHE,2020,0.12457128927453046,0.7115621090856692,1.0,0.8837700733284226,0.0,0.84443094511931,0.49962253871155515,0.9434990000000001,0.7420252069845765
CHE,2021,0.11342169724423018,0.7231286015256154,1.0,0.8868850051150274,0.0,0.8511737141876329,0.5151132235504647,0.955694,0.7319454056708992
CHE,2022,0.11177697513398847,0.7772207446299527,1.0,0.8886132871629915,0.18650817541632553,0.8543218237042579,0.49404973849157185,0.9645279999999999,0.747169038890509
CHE,2023,0.11303240963680947,0.7115621090856692,1.0,0.8897479445496206,0.0,0.8534741198086556,0.49655355299226844,0.973444,0.7470706754512739
CHE,2024,0.11358749276774863,0.6930835712628467,1.0,0.8898099281970029,0.0,0.8534580337662764,0.4976084911681087,0.8848702000000002,0.7454428386999159
CHI,2004,0.019510108157001126,0.605642161497849,1.0,0.9074693189890635,0.1478343746020778,0.6745650262788916,0.3096528673324088,0.3906,0.7691882506704977
CHI,2005,0.009707512044593209,0.605642161497849,1.0,0.9091300141511005,0.26544906695557136,0.6728924927413974,0.24017321677202083,0.427351,0.730653255041322
CHI,2006,0.12623754619319,0.6177339625342965,1.0,0.9108201622874086,0.1478343746020778,0.745282313585254,0.3071208437949822,0.41373999999999994,0.7696408154591593
CHI,2007,0.13929541098615544,0.5770079496828041,1.0,0.9124220543403503,0.26544906695557136,0.6742689665818216,0.279618730743629,0.389,0.7206398084292656
CHI,2008,0.01239759108250692,0.6071283111970611,1.0,0.9147123542864741,0.1590368215105061,0.695964544687008,0.27561586650366593,0.36301740000000005,0.7964499001417817
CHI,2009,0.38129343445516156,0.8811419036487017,1.0,0.9184822551768628,1.0,0.8118426464043226,0.7544246483764515,0.9177272000000001,0.48793025903175113
CHI,2010,0.3832323155067108,0.684702725874813,1.0,0.9210476877673179,0.8,0.805491180535903,0.7415355058266005,0.7690494000000001,0.5047886710016725
CHI,2011,0.030923158595356954,0.684702725874813,1.0,0.9224808233929118,1.0,0.80612562724758,0.49170336959493743,0.7589816,0.5335883360016885
CHI,2012,0.2670621877300246,0.727135394640689,1.0,0.925180619846119,0.8,0.7965625968522921,0.4812869285975244,0.7459610000000001,0.5015253940969733
CHI,2013,0.2637872876456926,0.727135394640689,1.0,0.92671467164736,0.8,0.7963687256320143,0.7479510853915332,0.9091062000000001,0.5025550141601576
CHI,2014,0.03304000533601146,0.727135394640689,1.0,0.9277650982423449,0.8,0.7990007760753605,0.6479609275322202,0.818449,0.5081642704479191
CHI,2015,0.031022217918808992,0.7628741956103127,1.0,0.9293655670240728,1.0,0.7988952281390219,0.7479510853915332,0.7309012,0.5199396831718864
CHI,2016,0.13411076707996758,0.7328662760244453,1.0,0.9308748328909071,1.0,0.8002649635314966,0.0,0.6494922,0.9581114785809741
CHI,2017,0.13848487650025731,0.7328662760244453,1.0,0.932177198043747,1.0,0.8024781565669751,0.0,0.7064432000000002,0.954392127655161
CHI,2018,0.13308719625845317,0.7328662760244453,1.0,0.9337846269471042,1.0,0.8035426449589372,0.0,0.7323992000000001,0.9556170239989981
CHI,2019,0.13043142351804873,0.7328662760244453,1.0,0.9353506879612952,1.0,0.8052027831303409,0.0,0.6766036000000001,0.9544304002973933
CHI,2020,0.11678911095605214,0.7328662760244453,1.0,0.9386564024304649,1.0,0.791155932077186,0.0,0.6246576000000001,0.9580452897585814
CHI,2021,0.12746845739781,0.7328662760244453,1.0,0.9390746944434132,0.8,0.8044664586422249,0.015409129177908598,0.7081752,0.9456336162497849
CHI,2022,0.11674112967858258,0.7328662760244453,1.0,0.939699219214214,1.0,0.8116087145755898,0.0,0.7235838,0.9510101533809876
CHI,2023,0.10918033170289633,0.754049734107257,1.0,0.9412751304180462,1.0,0.816491003721539,0.0,0.783253,0.9530755758250442
CHI,2024,0.036240602051621953,0.747551539834526,1.0,0.9427977349554357,0.7493965151626208,0.8093144645782342,0.09354735794010613,0.7309905999999999,0.9253525292111467
CHL,2004,0.3692297018624527,0.6958225805694529,0.9710930426900379,0.7877848569683512,0.6104002554325902,0.5291242716979391,0.6342424436013019,0.281779,0.48688639449423876
CHL,2005,0.377307119374394,0.6983584541306254,0.9734324496186684,0.7916155282924433,0.6028272968904083,0.5359179468893612,0.6530076480588187,0.311753,0.46211739108961103
CHL,2006,0.3669021346588614,0.6997190641548954,0.9931281193697661,0.7956567200654625,0.48518357606252105,0.5430266899343258,0.7156948941989856,0.344978,0.39714304570945114
CHL,2007,0.3585875654110061,0.7160050620289198,0.9769326866615113,0.7995215485201075,0.6818849914612004,0.5489201371137781,0.7000111913837939,0.359,0.4174000593918423
CHL,2008,0.3518845619825736,0.7548493541180841,0.9792602903180887,0.8021852707881614,0.9645665079660444,0.5528684933533802,0.6226557070279304,0.373,0.4998952996699195
CHL,2009,0.3661460129717249,0.7603523383411677,0.995423298675246,0.806705288889701,0.7670790219062653,0.5497721846269158,0.6212078998823354,0.4156,0.5168211755795893
CHL,2010,0.3547693521778717,0.7532998024429056,0.994276279962726,0.8103397917475559,0.7292602000110839,0.556568456859113,0.6447791594179497,0.45,0.4896139560520578
CHL,2011,0.3625170805573801,0.7585647514523561,0.995423298675246,0.8104908389059182,0.9666921741800119,0.5639003578630252,0.6295894272115306,0.5224960000000001,0.49862789427796717
CHL,2012,0.3436882342005184,0.7637414665593987,1.0,0.8085741570326164,1.0,0.5711778294950173,0.6004273648398801,0.5505,0.5291512250693788
CHL,2013,0.35450780919871155,0.7674854737484724,0.995423298675246,0.8129823990398259,0.7795353722658092,0.5745180403608442,0.5821191136221555,0.58,0.5433952026008182
CHL,2014,0.37848664203117915,0.773721322469622,1.0,0.8184804459521522,0.9240799417368015,0.5756501441206218,0.5733209989828891,0.6111,0.5423516047194883
CHL,2015,0.3667684579617621,0.7758741837420642,0.9965691777763395,0.8179074820606642,0.7609121364011232,0.5772577555895656,0.555822900539106,0.766296,0.56043930461691
CHL,2016,0.39035639034910974,0.7782635254731745,1.0,0.8245966048101341,0.5805939867496825,0.578024781569291,0.5362683001411299,0.835586,0.5699720267198276
CHL,2017,0.39408254974719686,0.7827541687996531,0.9965691777763395,0.8283900755785232,0.40744267397703626,0.577683116070015,0.5470463614110583,0.823275,0.5594185948683448
CHL,2018,0.3775600538763996,0.7915944667848327,1.0,0.832523681547658,0.4587347835149316,0.5807706125765936,0.5554897837381041,0.8490000000000001,0.5552646509988568
CHL,2019,0.38046404020891456,0.8038202414641389,1.0,0.8359285368925571,0.6015813240483585,0.579367362184665,0.5423679752776853,0.850176,0.5684924453893796
CHL,2020,0.383202607320748,0.8025021045740561,1.0,0.8340591760516181,0.5772766483193095,0.5688631543977017,0.5886745133794724,0.874593,0.5298729393986088
CHL,2021,0.3562333525947186,0.7742555727871372,1.0,0.8304179519826156,0.5972553692311968,0.5837814453628029,0.6052147155560204,0.902328,0.5086887555848065
CHL,2022,0.34143227007587157,0.7808625028114609,1.0,0.8336384030599144,0.6895878726267028,0.5861551491222158,0.6079388826804619,0.935377,0.5146229592890408
CHL,2023,0.3554044039382746,0.7746069730390805,1.0,0.8407530280748312,0.6404825598777414,0.5861266775080406,0.5716385226980842,0.9445740000000001,0.5492221603742702
CHL,2024,0.37682954830694193,0.7618640643351897,1.0,0.8441850813632761,0.5307570187571259,0.5891349785057544,0.5928390317295062,0.8623366000000001,0.5257098049364046
CHN,2004,0.6218946795312851,0.7891684527220018,0.9734324496186684,0.3389442933111315,0.5074389046289964,0.3657304815440997,0.7925250923192035,0.073,0.27400524021445927
CHN,2005,0.5992070884018249,0.7762712524637543,0.9757671209025043,0.35399635087099623,0.576370979452806,0.38061929612194956,0.8048724645935683,0.0852326,0.27601737347844546
CHN,2006,0.5791518562981955,0.7707675377022609,0.9792602903180887,0.3686963922978834,0.5733000218831268,0.3971270026153274,0.8102045977128096,0.10523199999999999,0.2863349492375349
CHN,2007,0.5710698883948355,0.7636217157767042,0.9827429116469135,0.3723125401747889,0.56616582806632,0.41557549659028126,0.802783041544552,0.16,0.30820511870235423
CHN,2008,0.5692695405721531,0.7553702796829416,0.9862150483999299,0.386573832768621,0.5232023126791658,0.4282284986348476,0.8033284334530923,0.226,0.30884822367834364
CHN,2009,0.5573466408460834,0.7991878242807415,0.989676763516206,0.40222010176781664,0.44837256093952627,0.4405490146494019,0.7919374506542549,0.289,0.34006152305497084
CHN,2010,0.5502641598543672,0.803017100090988,0.9965691777763395,0.4107339734451596,0.5401368796808186,0.4544655051982188,0.7976542154004458,0.34299999999999997,0.33579470954782265
CHN,2011,0.5471323753643733,0.7971166262885898,0.9988575261865398,0.42907516820636493,0.5216068664067234,0.466792967186494,0.7986611866002946,0.383,0.3365495263438665
CHN,2012,0.5454920046765872,0.8072554651643906,0.9988575261865398,0.43560131742027375,0.46500702898987784,0.4767850559039949,0.7864961758497109,0.423001,0.3591820298165711
CHN,2013,0.5411300005339791,0.816058010585089,1.0,0.4733639461843331,0.4783480849782064,0.4866907978933527,0.7721062305699393,0.45799999999999996,0.38641702129594435
CHN,2014,0.5336543874619353,0.8254439806270393,1.0,0.5045589405087405,0.4474724433604363,0.49622123162888065,0.7593544851955252,0.479,0.41185706916705156
CHN,2015,0.5270659538358426,0.8440613456741288,1.0,0.5300867230822006,0.4239145085720727,0.505168680458108,0.7326812715895077,0.503,0.45504865695880214
CHN,2016,0.518556656688901,0.8493031774615583,1.0,0.5374500070093644,0.38329319048928584,0.5138524074244512,0.7172950069172424,0.532,0.48104013384561517
CHN,2017,0.5027107526864165,0.8476939216938029,1.0,0.543078283321635,0.37023137289774494,0.5226466723911146,0.7213072742561182,0.543,0.48519312151827565
CHN,2018,0.49063565016448063,0.8519030221056605,1.0,0.5503552223918864,0.39228884448424817,0.5314578606334458,0.7193951213540548,0.5920000000000001,0.4943570982064611
CHN,2019,0.4933033806427536,0.8620395465334427,1.0,0.5588123615921328,0.3676804151960773,0.5394942871931824,0.7038886994515012,0.640809,0.5123659154243527
CHN,2020,0.508698669099373,0.884121626008517,1.0,0.568638928264209,0.39385646055439283,0.5425063650376206,0.6926995667208171,0.700528,0.517404812683699
CHN,2021,0.4957666806473272,0.8771060223749143,1.0,0.572909192397753,0.4070440684381451,0.5543117268301104,0.7081305166663643,0.7305320000000001,0.5058191886643364
CHN,2022,0.4974858854704426,0.8874338565267132,1.0,0.5649919671766552,0.3516006164176029,0.55881014419451,0.7055767582101793,0.756113,0.508043009731904
CHN,2023,0.48980222740645346,0.8968261399303961,1.0,0.5751727075959874,0.3023077940728154,0.566615001657457,0.6908509294450127,0.9059999999999999,0.5297697448173575
CHN,2024,0.4863463034369568,0.9021247946116537,1.0,0.5800302967343702,0.29046379229895175,0.5738442136670777,0.6868818537853314,0.92,0.5361278746022857
CIV,2004,0.6816671338886082,0.24667260386388107,0.2649732934375644,0.48464184385523845,0.36235270266154185,0.25437262400233973,0.27499507418566327,0.00849282,0.19464819778140496
CIV,2005,0.6737673728775145,0.23281623225761133,0.39745110016057694,0.4896011848816806,0.3785284710797094,0.2523470658304473,0.2958092304070046,0.0103924,0.20463935465279093
CIV,2006,0.6720792107531078,0.2604862280750399,0.4222138249156169,0.4930931420618099,0.3743666717597643,0.2529578735355814,0.30620902286635987,0.015249,0.1848978082629933
CIV,2007,0.6668716688457677,0.2975694048230158,0.32596560701495036,0.49733685507110126,0.38444652909507143,0.2511711528569659,0.3033173701426539,0.018000000000000002,0.20353047468272445
CIV,2008,0.6754423958882524,0.2954654955023233,0.4240968085508259,0.5015192855980115,0.37346772650343296,0.2546483086358281,0.329271587408019,0.019,0.1811061439612489
CIV,2009,0.6620897114473437,0.30665348063430325,0.3662254440963597,0.507689462297185,0.3603848858196936,0.25655945767715227,0.34560419728202696,0.02,0.20124239027313973
CIV,2010,0.6928745887014873,0.31292329548346814,0.38778358990618145,0.5131860626465894,0.3507968001085787,0.2629715682992112,0.28852518318935516,0.027000000000000003,0.18231591008664472
CIV,2011,0.7054073215102431,0.31419697590802703,0.3361630847694208,0.5153164280217308,0.33757858762760334,0.2518122829498014,0.31128853551812763,0.028999999999999998,0.09001552149939496
CIV,2012,0.6780596031346179,0.32220493594594163,0.3361630847694208,0.5275250169086454,0.34322638712423964,0.2594357305213949,0.33803843436448533,0.044000000000000004,0.22390938817963368
CIV,2013,0.6634551951374005,0.3316820298804158,0.4464560332902412,0.5379210974404112,0.3460551755028509,0.27136830214941765,0.37046138878291823,0.066,0.2045647114541813
CIV,2014,0.6619748418207891,0.3370769485221187,0.4538138076571734,0.5250078990682225,0.342562041424003,0.2808468494912736,0.3918076069027705,0.1,0.17036486172907228
CIV,2015,0.7038773849249109,0.36461454706177315,0.4665780336609764,0.5089110566455943,0.3542511749199608,0.2867353929808837,0.3984248359967091,0.38439999999999996,0.4948010790709505
CIV,2016,0.6921778013221661,0.37603954446516635,0.49700115178982873,0.4919264343808636,0.3617103783004718,0.29257704786607397,0.4148074353530977,0.412078,0.5006192479380842
CIV,2017,0.6857011661589681,0.3942617662847859,0.5197361622123546,0.5127745383496829,0.4048567043449074,0.29885441527249357,0.3909142301785662,0.438399,0.5205804912020966
CIV,2018,0.6975194529163088,0.3945307437124033,0.5454237991298925,0.5290991803959817,0.3530046027175232,0.3018034142612672,0.37377790814287626,0.37546500000000005,0.5185139564236292
CIV,2019,0.6684408418029039,0.3920051672265596,0.5705517477713391,0.546649829457087,0.37551198841940414,0.30744157285774343,0.43339506934065786,0.36289000000000005,0.5086784467916927
CIV,2020,0.6856005115096002,0.4084507312915315,0.5918950669938088,0.5096441604744242,0.3576334254303145,0.3047821845251558,0.41206778624172413,0.360166,0.5177918961973385
CIV,2021,0.675373965091542,0.4127981648130448,0.611252062131248,0.48667446590732455,0.4085071342899391,0.31109521385916106,0.4435346956929409,0.35950699999999997,0.4942740762029012
CIV,2022,0.6809132086430527,0.411342750170311,0.6255595440065669,0.4725573228326896,0.4307578774761484,0.31644515512542226,0.4636292050621247,0.384133,0.47572574480988017
CIV,2023,0.6720716530071418,0.42185875416517987,0.6318618942268142,0.4829053989186667,0.4842330623115939,0.32208579681049787,0.4812291673134117,0.406528,0.4641852254816321
CIV,2024,0.6708749690758592,0.4277964403072652,0.34437922776100366,0.4920611295685222,0.5172318717863033,0.327032442799409,0.48411439506103493,0.2487322,0.4572395015157871
CMR,2004,0.6938018198677968,0.20732728624085917,0.1444176496707037,0.2595160099386704,0.3075224300413594,0.23515861326063525,0.5522611523432812,0.00976075,0.3916735504445086
CMR,2005,0.6829365316786877,0.22229709741283715,0.14681293032476184,0.2884890363245187,0.36528001892514156,0.23435805354313544,0.5573030765286187,0.014026499999999999,0.3926222240883144
CMR,2006,0.6675371754377782,0.2155372238000045,0.189098501507992,0.29810686197640646,0.3024215827427988,0.23579439669634905,0.5699737833362022,0.0202874,0.3883855475805724
CMR,2007,0.6708480601419478,0.2194716985869879,0.17049604628040171,0.3077120174229604,0.33558300938902624,0.2378690080551754,0.5424884502804517,0.029300000000000003,0.4094880122484925
CMR,2008,0.6728715195447502,0.24140854003881002,0.2254267716331535,0.3322321853760788,0.28895107111639706,0.23778966706806248,0.5509114002187168,0.034,0.4183052624322472
CMR,2009,0.6782247845213227,0.2500875222994378,0.24975480581674603,0.3563032860917157,0.4578923952983833,0.23732718948570397,0.5313857620401841,0.0384,0.43616469311617845
CMR,2010,0.6900306164733949,0.27278009152938326,0.2735802529374416,0.37889349046485554,0.4108953835992756,0.23732738736349368,0.5190436639301332,0.043,0.43632734364578596
CMR,2011,0.6824414003636047,0.3004669888260754,0.292714230928774,0.403482477567525,0.4228166835801403,0.23804530483416075,0.5177723856869418,0.05,0.4557583701118153
CMR,2012,0.6818998083552982,0.301903134877519,0.323915246972045,0.4262478205630367,0.39783497139410107,0.24052439477933507,0.533459102875429,0.075,0.43855144144909275
CMR,2013,0.6827950986117891,0.3108976658242459,0.34627118821292147,0.4486865368003503,0.38964323416348634,0.24352069344923344,0.5355865852593635,0.1,0.43086602423872034
CMR,2014,0.6841658145646252,0.3228814270349711,0.3562914703604365,0.47044964739580797,0.41384475662901565,0.24719971800401208,0.5164751909448533,0.16214900000000002,0.43278208115537087
CMR,2015,0.6892423669130471,0.32981318730113746,0.3916603237088623,0.48223222015684186,0.4243093706663699,0.2506417272901541,0.5047302838575247,0.18300000000000002,0.41761467505824656
CMR,2016,0.6890228810944277,0.3324576796963346,0.4146509963708178,0.4947217985255685,0.41179514720989413,0.2527401632284788,0.48688453584067926,0.20600000000000002,0.43345170662668053
CMR,2017,0.6823814494233741,0.327930545991774,0.4353306040583753,0.506854282893273,0.43085440536127817,0.2536756892653126,0.4884811813659402,0.23203,0.43165221869617953
CMR,2018,0.6797505281676351,0.3369537390611422,0.4593014970924214,0.5185169888162089,0.40863932766013933,0.2552843883355008,0.4967769181923205,0.297,0.43310497291837224
CMR,2019,0.6838505248575513,0.32834306176018707,0.4774074767987173,0.5298605787627291,0.45214823585973,0.25620466192781766,0.47973679850454864,0.365392,0.4431073638586205
CMR,2020,0.6929770709911055,0.41455015846472437,0.49700115178982873,0.5166337556227378,0.3917900883612222,0.25262905644977074,0.46349367514398443,0.41226399999999996,0.4556154071017082
CMR,2021,0.6859431533155579,0.4090179968645981,0.5162675063034383,0.519391364934962,0.42333142202252816,0.2535420198522341,0.4930477159383593,0.42040500000000003,0.4416395009172933
CMR,2022,0.6803950640038453,0.5052588748840875,0.6096513301319169,0.52555880075289,0.4198650860893731,0.2550500881247636,0.5425811386068464,0.41775,0.41486446851827763
CMR,2023,0.6878004811061169,0.5052588748840874,0.6255595440065669,0.5318326061249028,0.3935498701488453,0.2559934253623265,0.5054890418906053,0.419088,0.44049038747135816
CMR,2024,0.7051045977089683,0.32166131233025613,0.3783286690164072,0.5388965710008655,0.39247978760779356,0.25722840972550676,0.46760029968105976,0.29241039999999996,0.4378182757150255
COD,2004,0.7636624306237471,0.0,0.0,0.23291565287641114,0.5425280928732967,0.04470248767298335,0.6195719937162751,0.00196208,0.23452275474909268
COD,2005,0.7214708762295994,0.0,0.0,0.2462193008645388,0.3769202337648379,0.04887484710038459,0.6183978966655896,0.00238038,0.32586628200154344
COD,2006,0.727583433267115,0.0,0.0,0.25698652857928206,0.3916602205076982,0.05162498306942809,0.5798642650670278,0.00296054,0.3323995554756545
COD,2007,0.7026824877400185,0.0,0.0,0.26804536157276404,0.9243763799227036,0.05909537792821995,0.6576963604175632,0.0037,0.3057480628688327
COD,2008,0.70228241234602,0.09566479097936098,0.0,0.27489720432017695,0.7785735755529701,0.06506747822383385,0.6372054774231404,0.0044,0.32297649667587613
COD,2009,0.6893161850257518,0.1329547056264867,0.0,0.27673937685190886,0.1989607397858338,0.06140854447943778,0.6795230198662339,0.005600000000000001,0.2744254104692514
COD,2010,0.8071418866683296,0.048156209456000576,0.0,0.28636894025721116,1.0,0.06772598730485124,0.5766763032499116,0.0072,0.1769529161719987
COD,2011,0.6692017486149672,0.0779621977941074,0.0,0.2967162783962536,0.677576860123857,0.07357426567103731,0.7150821846485285,0.012,0.23641928226096365
COD,2012,0.6631684106891761,0.10991833861577832,0.0,0.30568121239585544,0.9106905741934013,0.08077869695178386,0.7218420453979013,0.016799599999999998,0.22088063579037476
COD,2013,0.6377682328865413,0.118356867008029,0.0,0.3211421831288175,0.6006578074977181,0.089161114893334,0.7318719164952197,0.022000000000000002,0.25176300567197574
COD,2014,0.6176866551078324,0.13443032981893532,0.0,0.3385603979240015,0.5384775695850021,0.09445886972750517,0.7515902974225255,0.03,0.2608584554311473
COD,2015,0.6171090327931432,0.15394916005547754,0.0,0.35256968468730854,0.47283505898106115,0.09860700109728848,0.7386515536032918,0.038,0.2805834961998075
COD,2016,0.614140091186309,0.18919962404415808,0.0,0.35235383448289115,0.4412186467076631,0.09404674082512843,0.7153185540824292,0.10099999999999999,0.3226853881103886
COD,2017,0.6135932022635223,0.14077369348324875,0.0,0.353821990278838,0.46571165636471457,0.09476653800375945,0.7233524910905269,0.086199,0.3367043899147255
COD,2018,0.6143668279347368,0.15348660481418636,0.0,0.3620005888466413,0.48034307174670376,0.0984565901617771,0.7097246568118856,0.11699999999999999,0.3610448491442977
COD,2019,0.6291200834313092,0.1756238032052192,0.0,0.37096636630511215,0.4717050267490509,0.09466738469961855,0.6592287422913081,0.16481200000000001,0.41501391303574975
COD,2020,0.6389390952604387,0.20676841504505183,0.0,0.3448935820154162,0.49282529742192627,0.09112048836935238,0.6689266531348974,0.216422,0.39941665173103713
COD,2021,0.5959934292197743,0.17936862340916265,0.0,0.34155422759646026,0.4688652247365771,0.09545675498168205,0.760170007022767,0.28419300000000003,0.28910362738674156
COD,2022,0.5762490817977466,0.2255536035562123,0.0,0.3574510813260203,0.41426601425798054,0.10368461437732768,0.7555589959927733,0.29499600000000004,0.3089472600407306
COD,2023,0.5770970406524357,0.2822524346339827,0.0,0.3740811934406181,0.5053454568420116,0.11082637144330809,0.7259370440917849,0.30548,0.35104002305228255
COD,2024,0.5610176624315754,0.19572902213227517,0.01657188627954742,0.38471883687916764,0.5513617979706023,0.11474411236542503,0.7304887871842987,0.10561846,0.3633068340293377
COG,2004,0.44395146852409134,0.026900339259501194,0.0,0.4288452856564047,0.40777785738435635,0.3050501629739838,0.9781454194927002,0.010775,0.0
COG,2005,0.46480227656212364,0.0,0.0,0.44398305914570635,1.0,0.3106592745854567,0.9458784987871169,0.0146342,0.0
COG,2006,0.4169765478490514,0.0,0.0,0.4564763972536552,1.0,0.31637509526919005,0.9531955178691969,0.0200799,0.0
COG,2007,0.42131217276067684,0.0,0.0,0.46749690494085705,1.0,0.3011373062931896,0.9072072237081703,0.027597,0.13285316512241208
COG,2008,0.3925959879352427,0.042352130644932484,0.0,0.47084735750633744,1.0,0.30523849816941906,0.9634691062306779,0.0428751,0.0
COG,2009,0.4353937733413668,0.116769515059096,0.0,0.4833041119640944,1.0,0.31541324634389556,0.8951747050881309,0.045,0.08535252866966969
COG,2010,0.3828766496676849,0.15549812837984756,0.0,0.487925521939625,1.0,0.3231412533116832,0.9805074577262842,0.05,0.0
COG,2011,0.38027867129898124,0.19077620897218966,0.0,0.49586459291571083,0.40818227183282135,0.32159065703514045,0.9782162207028722,0.055999999999999994,0.0
COG,2012,0.37125113045979485,0.19735635653946043,0.004371519796340095,0.5047159127463443,0.2585488309006769,0.3312928814518491,0.9739579316050357,0.061067,0.0
COG,2013,0.39313746726856147,0.2333623252202635,0.028483768486296412,0.5108965733219226,0.9648912371883107,0.32672811382784517,0.9481108693406632,0.066,0.0
COG,2014,0.4062592459384315,0.2799332774451701,0.052102216118142586,0.5203240887009022,1.0,0.33255895377115696,0.915208529348845,0.07110000000000001,0.034544608121366505
COG,2015,0.4547366275430746,0.34461393759884845,0.07524668283127145,0.528345131484528,1.0,0.3296539251977567,0.828691153332159,0.0761597,0.21231742915331342
COG,2016,0.485967339046678,0.37925968755686507,0.10042950034432785,0.5366625626724666,0.314150882210012,0.312956774074458,0.7126779963140004,0.0812195,0.37509950977190165
COG,2017,0.5021818492890272,0.3521824759299727,0.12263327698732684,0.5366800000585865,1.0,0.30107721756183026,0.8004529435253029,0.08650000000000001,0.2658915712379435
COG,2018,0.486726052789581,0.3115780457857215,0.1420173840377048,0.5382139100337184,1.0,0.2941563838640612,0.8834517520236065,0.06895194,0.10751843004908279
COG,2019,0.5032426747018651,0.30568096462328326,0.1587152776558911,0.5453668667189806,0.0,0.2922874798546212,0.8431613575604491,0.220551,0.20952678766449084
COG,2020,0.5835689372753824,0.3491156350363392,0.18215769488072375,0.5315388197087372,0.0,0.2794223080345942,0.6518066400974871,0.24820599999999998,0.42479785711756346
COG,2021,0.5486225654529119,0.32552611407303983,0.20513310048170919,0.5319541944743791,0.14346000346429627,0.27741417196126095,0.7664062130069687,0.333461,0.28562512342098945
COG,2022,0.5223113288020976,0.30774944772046825,0.2254267716331535,0.5354377318601165,0.5030195520385934,0.2760619589005918,0.8343962319729248,0.37493899999999997,0.1703573641251741
COG,2023,0.5451821470756568,0.3238262826211143,0.240967508295717,0.5419852203987974,0.5501300094657632,0.2752926565965067,0.7924249899044631,0.383791,0.23997491781717484
COG,2024,0.5566019642224561,0.5198188095216967,0.8348627145383214,0.5481073098675084,0.5339141420967318,0.27550833435821664,0.7335869725783477,0.0954,0.33369511861694834
COL,2004,0.5188333182798086,0.4247323783483396,0.9450414228929294,0.73694853783531,0.4571872819955794,0.4123192220394719,0.5869799203395325,0.09118690000000002,0.49512359279177565
COL,2005,0.5083377896992333,0.43001838350913674,0.9628675462424807,0.7343191750092704,0.7415177732746685,0.41713099755783845,0.5970661803497888,0.110073,0.479105382260415
COL,2006,0.4986210865970818,0.46951475516728763,0.9498220607031751,0.7407695450247105,0.5555584963194957,0.42464214329212935,0.6060572953782173,0.153417,0.46817951656602697
COL,2007,0.4911596051539818,0.49376863777841856,0.9533945794720617,0.752340348101713,0.5644283178278624,0.4322673303729804,0.6007577858867046,0.218,0.4755499511295116
COL,2008,0.48361337000412,0.49921458620267917,0.9628675462424807,0.7561869852035188,0.5675262111408921,0.4352095985721737,0.6248942597579361,0.256,0.4598232242636535
COL,2009,0.4836864331542286,0.4901339955178387,0.9545829641422525,0.7530698867736536,0.508953992315562,0.4351635768506338,0.6112882888073545,0.3,0.4841853071545241
COL,2010,0.4720944762067745,0.5061079389143257,0.9628675462424807,0.7563371968084143,0.4300816619731004,0.4398957970486438,0.6132240283993537,0.365,0.4828592330295094
COL,2011,0.4643809476686744,0.5229779007260482,0.9616876717453318,0.7542912076494845,0.5685946253322692,0.4480898104127281,0.6423687941261205,0.40350900000000006,0.4501605404544855
COL,2012,0.4466208584790804,0.5396979918741289,0.9652236803006815,0.7586959791585071,0.548067519318874,0.45220457833034666,0.643882152946041,0.48979999999999996,0.4594157345518908
COL,2013,0.4396381050435299,0.5495387286862434,0.9746003760175901,0.7739997082863117,0.5601231516463011,0.4580939730832819,0.6341687068867059,0.517,0.48207384835155187
COL,2014,0.44165281763292824,0.5650515286948883,0.9746003760175901,0.7774604466912614,0.5600286551071676,0.46318545609388695,0.60719716221763,0.5256810000000001,0.5028737020585439
COL,2015,0.4606099233947923,0.5872706151853953,0.9792602903180887,0.7805338231885028,0.5416973982396005,0.46615804524216553,0.5680204105666558,0.55905,0.5278639876766813
COL,2016,0.4810884163695451,0.5879658108302908,0.9815832059480165,0.7848833765064938,0.6030185495593909,0.467718784034295,0.5524764737009342,0.581365,0.538444902941738
COL,2017,0.4741949792275559,0.6004453626764759,0.9827429116469135,0.7773291547984087,0.5699279106863006,0.467571798370339,0.5369070391337312,0.622599,0.5493071798055227
COL,2018,0.4688449440776056,0.5823761310873685,0.9827429116469135,0.7721942096422634,0.5040447113968899,0.46857740291888084,0.538362824172024,0.6412640000000001,0.5499815630458462
COL,2019,0.4748734888600023,0.5831918215403549,0.9931281193697661,0.777089309589146,0.5658539276117569,0.4705381876199416,0.5218266229309223,0.650069,0.5573051650711363
COL,2020,0.5078118869782624,0.6099194864319528,0.9965691777763395,0.7768475926285388,0.4635689571464488,0.4576303646727712,0.47182010234611527,0.6979529999999999,0.5867457940059855
COL,2021,0.5150814979464297,0.5919337200236732,1.0,0.7815138084835094,0.47937438221774026,0.47092543718504987,0.49428464735416777,0.730284,0.5581565516872926
COL,2022,0.5422756575468024,0.5741822486311268,1.0,0.7828817236529435,0.6075478125436995,0.47963947216357117,0.5242356939726394,0.727964,0.5072645652385797
COL,2023,0.5417020564386318,0.5612651595992939,0.9850588305383061,0.78817647922122,0.5823975225928092,0.4790428388850777,0.4969792947001932,0.773369,0.5360025104621631
COL,2024,0.5529763656135094,0.5498092351937016,0.9933540901611607,0.7892001268161213,0.4966529850439841,0.479784814717347,0.46396883310190185,0.6730914,0.5574033481844007
COM,2004,0.8112605456395325,0.08796718530102104,0.18215769488072375,0.3289674499329851,0.29105028065474114,0.23045305426029505,0.16218446492309657,0.0132733,0.5012736252044614
COM,2005,0.8112625393141355,0.12760813739188315,0.23433281759026592,0.3495663329245593,0.2895705986023218,0.23548570428487758,0.16219226121945374,0.02,0.5012774124931614
COM,2006,0.811263063025812,0.12104589451396375,0.28212345659654314,0.370566792442657,0.29137892495608403,0.22999272970706508,0.1621897390641185,0.022000000000000002,0.5012732010694028
COM,2007,0.8079455549372522,0.13431711138864239,0.3300554241388962,0.3911590142777319,0.3469349449415763,0.22826285072070596,0.16989405194679508,0.025,0.49748431052330666
COM,2008,0.8093919863044043,0.16718917911656062,0.3760745835453516,0.4155055595434445,0.31707453851763934,0.23102038576812955,0.15948572171289888,0.03,0.5211206016406353
COM,2009,0.8163628629009585,0.2311885735420151,0.42032776199263466,0.43615037521002353,0.3835057654107662,0.23276171765585907,0.15709374514517815,0.035,0.4848415616876678
COM,2010,0.8192875102712341,0.2669899478041979,0.588637078329052,0.4576793730290083,0.3438728074474967,0.23525703551977817,0.14549375849294943,0.051,0.4794239757272116
COM,2011,0.8204104317608129,0.2699119199390913,0.5820933602335048,0.4796672221609293,0.4310800226104827,0.2382469219695812,0.1424126074704175,0.055,0.4861793378578003
COM,2012,0.817436806582455,0.2964455983340107,0.5820933602335048,0.4992735836295057,0.35048935013096894,0.23985364506081674,0.123246375365202,0.059753,0.49332786928027295
COM,2013,0.8221085633434714,0.3083778677135263,0.5837327737581308,0.5196126317747845,0.308692890941014,0.2431252296038059,0.14046436489939929,0.065,0.47722600649670177
COM,2014,0.8161971826331199,0.32137001586721264,0.6223954069866107,0.5378464314128593,0.31054089089795156,0.24299376892878677,0.13897801088276718,0.0698,0.4890831904747177
COM,2015,0.8206698233364449,0.3526828832105459,0.658269192959982,0.550767318699533,0.3172786428812464,0.24158676776377985,0.08856427562762081,0.0745916,0.5071178426674128
COM,2016,0.8264095816437231,0.35691905665078877,0.6930607177273664,0.5690580536665713,0.30695886304884007,0.24334966687018234,0.06352704188390224,0.0793832,0.4954660401187465
COM,2017,0.8302853325965205,0.36101672299568704,0.7268333740540829,0.5901426574481752,0.30769544408248695,0.24589120450779556,0.02914004750191479,0.0847817,0.4958811601247848
COM,2018,0.8431333511170255,0.3538822179130226,0.7596451430357325,0.610508952331331,0.315344277118293,0.24824848458275584,0.016040961720523716,0.17180378000000002,0.47050308151289544
COM,2019,0.8558372128570753,0.349437451716654,0.7915491930662579,0.6270689326159822,0.3075828418533407,0.2479895924289649,0.0,0.163838,0.4577348164669348
COM,2020,0.8569889420703135,0.3423326089552247,0.8225943981645338,0.6181695610268831,0.3047172698367357,0.2448596330561218,0.0,0.22420400000000001,0.4502680083281607
COM,2021,0.8533555355524776,0.36011004176317857,0.8528257883470829,0.628386991369795,0.30460917544479765,0.24486562555295655,0.04100227138352763,0.30681200000000003,0.44439042690335473
COM,2022,0.852850844870827,0.3686275736679813,0.8784848493388813,0.6314076673994773,0.3060001684596997,0.24578140368699575,0.05342854145164022,0.32768500000000006,0.4460395650118394
COM,2023,0.8579290729413599,0.3838877684181475,0.8772153641029732,0.6347337537955497,0.3102755799164847,0.24727252087418183,0.04815186222845269,0.356678,0.43538482160536285
COM,2024,0.8623019290154249,0.39538570977535675,0.8445339186039458,0.6408410064967556,0.31608680450586446,0.24929137969729942,0.049553403920612915,0.2758434,0.42656157197112954
CPV,2004,0.5660751991116973,0.5402449586541218,0.5162675063034383,0.7506723271369324,0.7599305117942103,0.32606739425275977,0.350913959859126,0.0531883,0.7440822025247447
CPV,2005,0.5463549947375903,0.5474086443814392,0.5437289755767356,0.7530848363308613,0.8229606471580815,0.33403740046507313,0.37625803977958583,0.0607409,0.7424825468822305
CPV,2006,0.5295015212635404,0.577469892005338,0.5738611538308014,0.7549295906635329,1.0,0.3435137351770462,0.3732923150239169,0.0680891,0.7522435759837212
CPV,2007,0.4644814939600015,0.5618976148940238,0.6016141741198613,0.7565256820175343,1.0,0.3624036788443551,0.22664036197461912,0.08283220000000001,0.6859734607767591
CPV,2008,0.43675109813638624,0.5910304326549705,0.6302895324013011,0.7579795558880154,0.9844395053777983,0.37077213154782995,0.2736366574732747,0.14,0.6750104040082734
CPV,2009,0.46217264441858985,0.6146379904791248,0.658269192959982,0.760381850316608,0.7267202545487084,0.3671948921911822,0.28831416578885816,0.21,0.6780151061863067
CPV,2010,0.4553835981395782,0.628077700710097,0.7610507827226787,0.7629879837777582,0.6984498174126821,0.3687949061135759,0.2568764723978083,0.3,0.6875582998082219
CPV,2011,0.43988186098700865,0.6411847117469622,0.7777861750843824,0.7646708347523017,0.6091188923468894,0.3739087786900178,0.24501491068964576,0.32,0.6851131589862418
CPV,2012,0.454045852204358,0.6361030618338126,0.7901802585193369,0.7666382930667832,0.7194885586970564,0.375328816551887,0.22648161912249076,0.34740000000000004,0.7034244996625048
CPV,2013,0.45519142579721866,0.6360078570474854,0.8051499075236013,0.7685608428804187,0.5704529597888832,0.37616675987724946,0.24528302026317594,0.375,0.6953697986710461
CPV,2014,0.45207779323054104,0.6326335145139013,0.8185921018853666,0.7707324182656787,0.8595904956683995,0.3771456339977949,0.2728480966272564,0.4026,0.6890015274028642
CPV,2015,0.4747951445152027,0.6278452117408555,0.8331997806670861,0.7733272639213693,0.6413244143798047,0.3784784048579327,0.24649616234978233,0.42683,0.6838179755044336
CPV,2016,0.4717253235270245,0.6226834660261165,0.8476247548637881,0.776118398500599,0.728414444602145,0.3845159711056735,0.17942940028841492,0.503228,0.7112855515070158
CPV,2017,0.4389889471411202,0.6239576389387747,0.8618715384071303,0.7786917103417856,0.6481220918995783,0.3908790581349927,0.17395022674094163,0.571621,0.7153641153922834
CPV,2018,0.4047577513030206,0.616840566768275,0.8822849424650299,0.794208609816375,0.5896324149240739,0.39601377740501265,0.24690831307677863,0.595,0.6874286880810194
CPV,2019,0.401041394966329,0.6083907526305019,0.8973613299636449,0.805895618368468,0.6392185934455933,0.405567322527869,0.20169045013188658,0.6194339999999999,0.7181206118084411
CPV,2020,0.467707616471445,0.6705368161479361,0.925718211178788,0.8035183284757856,0.5256088123809033,0.37155397007050206,0.2487699631547471,0.6937340000000001,0.6683915690627629
CPV,2021,0.46030397174084386,0.667631610016395,0.9474342188142355,0.8027884478451908,0.5741009929198445,0.3808635370545622,0.1739629962738798,0.702825,0.701782728347148
CPV,2022,0.42268728888800594,0.633651764078839,0.9663999447783445,0.8023656597928817,0.6374130853617573,0.4013409626808909,0.1172951369287587,0.7276009999999999,0.7077344550174898
CPV,2023,0.4186806063809392,0.6275236937230058,0.9839014523976495,0.8040043897776359,0.6964936076102187,0.4074163218605483,0.11306028842876747,0.73539,0.70622490953243
CPV,2024,0.42114192342970036,0.5808601771787514,0.9910534143255134,0.8054626119029447,0.5465274479548426,0.4168601950955947,0.09985704765465897,0.5215859,0.7041498879122656
CRI,2004,0.5427811477318795,0.5048764884456115,0.9885240125752848,0.7680284918498956,0.6629882316255109,0.5098881449038198,0.496518890560949,0.20792300000000002,0.5445862532924712
CRI,2005,0.5371443884782955,0.5285204685588825,0.989676763516206,0.7686964850747122,0.7804771667910848,0.5134498743101056,0.4886273041031908,0.2207,0.5520913868858797
CRI,2006,0.5323279701791993,0.5403804001451504,0.989676763516206,0.7792250345468097,0.8000055591350241,0.521679869524385,0.477563768391039,0.251,0.5579279456520374
CRI,2007,0.5189491002498283,0.5721094553628323,0.9908283634325308,0.7821585357496517,0.8266180518553394,0.5311740442697491,0.48109090607288874,0.284,0.5548811552137773
CRI,2008,0.49243047267710544,0.5985631794976338,0.9919788146205688,0.7956924431023902,0.7987366778229208,0.5359249619326955,0.474168719726634,0.3229,0.5765290872318487
CRI,2009,0.4945928878751662,0.5907433679392,0.9931281193697661,0.8001377677325903,0.6257876504736299,0.5327118633062423,0.4735359588858683,0.3433,0.6003232330887442
CRI,2010,0.47725765412779636,0.5748055100350162,0.9885240125752848,0.7980024275829707,0.6135657523175951,0.5384902167615168,0.46942097567378704,0.365,0.6124231444214385
CRI,2011,0.4472425550390639,0.5830891808850465,0.9908283634325308,0.802441503295948,0.6999924675102936,0.5430383854720463,0.45402534912626313,0.392122,0.6303031830265557
CRI,2012,0.42966447897699195,0.5898106350010899,0.994276279962726,0.816828156702186,0.6555388667516873,0.5482642465583977,0.44574742926621225,0.47500000000000003,0.645508693383626
CRI,2013,0.41575122293683603,0.600112018695417,0.995423298675246,0.8346706409885929,0.6934553402515902,0.5502250092712223,0.4267510669954615,0.4596,0.662877718766071
CRI,2014,0.4200226628682449,0.6145228770069153,0.9931281193697661,0.81163964377969,0.6896585438194464,0.5537170219952566,0.4100750100551376,0.53,0.6738983256060531
CRI,2015,0.41433527889961624,0.622775385742933,0.9931281193697661,0.7894011442988904,0.624803899698084,0.5573813137059546,0.39475116940969857,0.59763,0.6857189183126815
CRI,2016,0.4210923325368623,0.6363754642995778,0.994276279962726,0.7944940335023665,0.5738183606951877,0.5618915179900362,0.3870664245419493,0.658804,0.6877692886397
CRI,2017,0.41228027197695505,0.6402797248235481,0.995423298675246,0.7985025102963181,0.5985690183012143,0.566433599685006,0.3788267016336697,0.715817,0.6992576008487812
CRI,2018,0.40307051805726063,0.6425529125581886,0.9965691777763395,0.7853548847718503,0.5983193401195109,0.5688688938722842,0.3848233832579582,0.7347969999999999,0.7034598442919959
CRI,2019,0.3904921904953422,0.6269333998900826,0.9965691777763395,0.797053007926245,0.5587184448038847,0.5711194063854627,0.3768197336658987,0.812026,0.7102721620706696
CRI,2020,0.3969216611483575,0.6419343917247526,0.9988575261865398,0.7860771637838706,0.5033678501755304,0.5637743282681794,0.40425703233034516,0.805302,0.6978345240209962
CRI,2021,0.3979229163677939,0.6285406853693556,1.0,0.8025023196454839,0.6439591479912019,0.5741206717129462,0.4098279576416295,0.82749,0.6828614815780765
CRI,2022,0.38763422850618656,0.6127079724931896,1.0,0.8061185571247242,0.63659220563481,0.5799578953338539,0.4107734589664531,0.82598,0.6855247991715752
CRI,2023,0.37133566992996614,0.6061702552457005,1.0,0.7951167565131101,0.6366995640537048,0.586517393155611,0.4064043503510679,0.853951,0.6947471505901164
CRI,2024,0.35920796167789476,0.609760168399951,1.0,0.8233790875172615,0.6456558184939073,0.5919663490016408,0.38845096461695916,0.7679696,0.7049013357745633
CSS,2004,0.3045860543193577,0.579042478095525,0.8959808142726837,0.784990483500116,0.6930521609147122,0.5610498784889945,0.5943897092406838,0.7564758000000001,0.6002957411296497
CSS,2005,0.2786899392728221,0.5749666641715088,0.8900460996190045,0.7850921667120763,0.7196651446359525,0.5684038370655929,0.649465675057268,0.6793846,0.5583127089604352
CSS,2006,0.37095136323286804,0.572489008181486,0.9041613256567773,0.7870462720760156,0.7107141945395385,0.5785103996503215,0.6732825792464623,0.447007,0.5137347704832593
CSS,2007,0.35352342207959786,0.5736943806580981,0.9181622441614197,0.7889630312051041,0.6805636020463299,0.5830682379258442,0.6714891172543773,0.5121694000000001,0.5209460639752508
CSS,2008,0.3466796393577505,0.559942955644205,0.922597810860645,0.7895877105228015,0.8802382234168162,0.5845928635531855,0.7365409610309923,0.33913519999999997,0.45192151805445935
CSS,2009,0.38445566350393984,0.5983828058733331,0.9161216664035612,0.7962119509791727,0.6284663958177015,0.5788136848748907,0.619264637730131,0.5221180000000001,0.5745529711562245
CSS,2010,0.3765110927953899,0.5659444445684967,0.931567570704579,0.8023274467296542,0.5888948573466971,0.5805637602736552,0.634629588460943,0.6308092000000001,0.564175897810745
CSS,2011,0.3594470871386045,0.5552499533340711,0.9309151133931772,0.8094897845317224,0.5280631172111401,0.5808819153677064,0.6744764014722571,0.5678365999999999,0.5307977930406174
CSS,2012,0.36702074096833737,0.5624029143928868,0.9444941079547551,0.8116063460326082,0.32569518890043836,0.5856819945151871,0.6096569292614393,0.5649253999999999,0.5602620167976964
CSS,2013,0.37101833566181,0.5605412463856017,0.948195755407995,0.8133481283790371,0.3386782363022972,0.5866643753642381,0.5979462417454977,0.5616327999999999,0.5776638611655422
CSS,2014,0.3658368630002045,0.5590145494765539,0.9515289574520542,0.8161234628582936,0.5355274940381016,0.5893973521314838,0.5837979988802786,0.42328,0.5929454104101919
CSS,2015,0.38396257804788025,0.5697900767811226,0.9557724375012855,0.8194082960291711,0.49230944523157993,0.5883176825466175,0.4981077949439019,0.551479,0.6326716957844241
CSS,2016,0.36645799643549876,0.5789344151022713,0.9612825405485665,0.8225252730680341,0.4912704447452254,0.5828661022663159,0.4868570273140622,0.4394,0.6508076935553802
CSS,2017,0.37995840729067687,0.5678807227367779,0.9658624238333724,0.826004179728796,0.3817028313566001,0.5809529583106977,0.5070519359235206,0.441,0.6309065293904137
CSS,2018,0.36090028220600795,0.5678299812864644,0.9662568305410897,0.8261585720730213,0.5081814871689212,0.5813262720211482,0.5119119644054722,0.45123060000000004,0.6251328043588527
CSS,2019,0.34596386324559675,0.5726524331779388,0.969553352678016,0.8329665650936184,0.7405583737111012,0.5814273852214079,0.4911476759827571,0.41200000000000003,0.643857536454504
CSS,2020,0.3746135276088051,0.6021674380013864,0.9761561159204835,0.8323186438020866,0.7161724807657996,0.5671644150849625,0.49066299066572516,0.38659720000000003,0.639415492822673
CSS,2021,0.35878665316086034,0.570155132180167,0.9789660972763228,0.8307207180559346,0.5581718957046328,0.5757033932658385,0.5795677665914323,0.41200000000000003,0.5759672936388194
CSS,2022,0.34627575601206284,0.5318016532384826,0.9804969210832342,0.8333575159843214,0.2581647408649207,0.5952581468102888,0.6825074695719042,0.41200000000000003,0.5009068178324316
CSS,2023,0.35641145148394415,0.546046339788786,0.9904654748814696,0.8328676583938583,0.1813195958367602,0.6068241783090579,0.6303538993967501,0.43473740000000005,0.5377597308293103
CSS,2024,0.35132972783166444,0.5138768513137884,1.0,0.8333608481968651,0.979022834013729,0.6243519650404851,0.6957678715452786,0.7085888,0.4609022513728247
CUB,2004,0.4426671158631411,0.5139540368023541,0.9605065889791575,0.7296734883663691,0.6174038989142285,0.42390298013671324,0.44215216680172276,0.08407980000000001,0.7383604405749664
CUB,2005,0.3977868717672337,0.48209235505933334,0.9628675462424807,0.7414280718749238,0.44004988895777314,0.4390053709047955,0.4308287689639263,0.09738060000000001,0.7566166950688089
CUB,2006,0.3508357623710047,0.6825216887485965,0.9640462149402405,0.7531205053373533,0.3194051780474037,0.4553326466504387,0.44574438480114864,0.111596,0.7604754811871941
CUB,2007,0.37662258608439103,0.6324477648638122,0.9663999447783445,0.7662210399035327,0.3194051780474037,0.46539536718291086,0.45268278872370304,0.1169,0.7504164347092219
CUB,2008,0.3721569290416853,0.685422743591124,0.9687488808660074,0.7673009252058902,0.3194051780474037,0.47119302511132044,0.4496694758526798,0.1294,0.7490161072776487
CUB,2009,0.37770404729432167,0.692363335475672,0.9722633393103699,0.7706575068717991,0.3194051780474037,0.4732462938989793,0.45434156987558505,0.1433,0.7505977072002716
CUB,2010,0.3619032344411566,0.6922351173842427,0.9746003760175901,0.7763577643050326,0.3194051780474037,0.47664025938302423,0.4604613572956975,0.159,0.7507910921887531
CUB,2011,0.36141599759041587,0.6751738600344768,0.9769326866615113,0.7656900064928673,0.3194051780474037,0.48059811274906805,0.4469042286717977,0.16017299999999998,0.7572841372653296
CUB,2012,0.37378780539907464,0.6940944852960456,0.9804223329558175,0.7503013726520917,0.3194051780474037,0.4848886917112575,0.47033493711370045,0.212,0.7408856948794686
CUB,2013,0.37743844216738387,0.7162969685084288,0.9827429116469135,0.7750972278932502,0.3194051780474037,0.4888871123888908,0.4658372205845396,0.2793,0.7422633906660558
CUB,2014,0.37805652324659994,0.7162969685084288,0.9850588305383061,0.7754007474988898,0.3194051780474037,0.49055895343650857,0.4446014103736915,0.290702,0.7558194632964206
CUB,2015,0.37308157363382366,0.7340516055907921,0.9885240125752848,0.7789289188205895,0.3194051780474037,0.49699978450342097,0.4489658593598951,0.373051,0.7542944086555607
CUB,2016,0.3780870894438758,0.6891399418463799,0.9908283634325308,0.7815702329260215,0.3194051780474037,0.4978639744300023,0.46149603411524054,0.42978700000000003,0.7456707953365251
CUB,2017,0.37132098835990635,0.593592524883352,0.9931281193697661,0.7838661621684802,0.31940517804740365,0.5006965624923848,0.49035813351285507,0.571484,0.7305131749027214
CUB,2018,0.37043472538085864,0.6333050950038256,0.995423298675246,0.7867696875759993,0.18598688599134286,0.5041906787633569,0.5005952995017691,0.626789,0.7229999339685529
CUB,2019,0.35946392625012374,0.6615153648115664,0.9977139195282607,0.7912122638523003,0.31940517804740365,0.5042679016159387,0.49417100931295144,0.679708,0.7253923983052948
CUB,2020,0.31320644447439255,0.6749097631395193,0.9988575261865398,0.7945655874765212,0.5094019402938884,0.4877799750225188,0.4630875542320936,0.711191,0.7633274487889117
CUB,2021,0.14806027357180854,0.5721219166605934,1.0,0.7956598877638217,0.5094019402938884,0.4902948268953703,0.46992902943598636,0.676435,0.7805367288432374
CUB,2022,0.13752264874427844,0.5889446308657487,1.0,0.7987796181021443,0.5094019402938884,0.4936639185988013,0.4788516950469519,0.6825,0.7762221782688594
CUB,2023,0.20660560748703818,0.6012145696160992,1.0,0.7986888468682332,0.5094019402938884,0.49136064865230755,0.4931406784982031,0.7127500000000001,0.7596424057490236
CUB,2024,0.18955297202738441,0.5487520288563026,0.9958743476505623,0.8023445428458933,0.34176626925093884,0.4903411407947852,0.4801677489217222,0.7153938000000001,0.761917340008984
CUW,2004,0.10327463109793206,0.6144311107648045,0.9977139195282607,0.8962895385412786,0.9593815684793483,0.645600465989452,0.25958023297306365,0.5450262,0.8153698243453245
CUW,2005,0.10768309964710046,0.6144311107648045,0.9965691777763395,0.9061369828314202,0.5526404249693092,0.6428774751016669,0.2714443004382241,0.45372959999999996,0.815471682110366
CUW,2006,0.10293501385253163,0.6431869840918993,0.9965691777763395,0.9123821713318861,0.7093765509173062,0.6415051610043317,0.291939649713834,0.45372959999999996,0.7933693280643137
CUW,2007,0.1148217767954806,0.6431869840918993,0.9965691777763395,0.9103883744232537,0.7093765509173062,0.6421802603986172,0.3008025905883034,0.45372960000000007,0.780974845109907
CUW,2008,0.11572735501520054,0.6431869840918993,0.9965691777763395,0.9034813025709681,0.6913551951695224,0.643495684193197,0.26540512557742013,0.45372960000000007,0.793365465759448
CUW,2009,0.08724491345273436,0.5871444432871684,0.9965691777763395,0.9119299051464672,0.7093765509173062,0.6417772347197942,0.3164348367209784,0.45372959999999996,0.7748521673687896
CUW,2010,0.0843909405624156,0.6144311107648045,1.0,0.8842520139879863,1.0,0.6400597084782426,0.25934044094516895,0.7877152000000001,0.8044915381581332
CUW,2011,0.06157195910654105,0.6532261581686787,1.0,0.9089169839022467,0.4406120700944232,0.6387333927654685,0.21398652941678664,0.6470202,0.7863022201295902
CUW,2012,0.038547641173031555,0.6638404932844538,1.0,0.9082468152425779,0.4345834148736454,0.6370213132875814,0.21903562299155133,0.6805064,0.785623230444358
CUW,2013,0.0462160097214823,0.6257387862816742,1.0,0.9079264368319894,0.28078502687996565,0.6344500469650179,0.2692667319139217,0.6470202,0.7559628040323441
CUW,2014,0.04220219935864523,0.7796855812552267,1.0,0.9089169839022467,0.4314275796510529,0.6315657221618066,0.299718632260616,0.6805064,0.7458250747701989
CUW,2015,0.041928394683247654,0.7521227305497831,1.0,0.9089169839022467,0.5955829588407238,0.6303137869844567,0.30390479403171744,0.6470202,0.7406767422026155
CUW,2016,0.03462527733485783,0.7550334787178066,1.0,0.9089169839022467,0.570366074328654,0.6272165474172747,0.32225232578551966,0.618555,0.7287286446929762
CUW,2017,0.0339545898884711,0.669375490146065,1.0,0.9082468152425779,0.6544943419501797,0.624888343577677,0.2714460484602481,0.681272,0.7484396082158074
CUW,2018,0.04366941432087954,0.6584394872279526,1.0,0.9085848448698395,0.5551716646571405,0.6225638783505526,0.2399090418607912,0.7598404000000001,0.763497358631755
CUW,2019,0.04698093241539374,0.6246844256836243,1.0,0.9079870420665077,0.7210874644318499,0.6195705058989088,0.20131846580293256,0.6805006,0.7680388192241323
CUW,2020,0.05397257538677426,0.6315170802381774,1.0,0.9089169839022467,0.6839583197804207,0.5918040586141912,0.15367145399963733,0.6805064,0.7820320116267028
CUW,2021,0.0522247801681092,0.6257510804254365,1.0,0.9079264368319894,0.6900277948965187,0.5991923860271092,0.13198228778274368,0.6805064,0.775815868961717
CUW,2022,0.053550221268897226,0.6315170802381775,1.0,0.9074683768427647,0.6556767181941252,0.6094780083133712,0.12186127596192442,0.6470202,0.7617646873987485
CUW,2023,0.05394142417034466,0.6374712664808679,1.0,0.9109107808108794,0.5549419182367222,0.6141961325411393,0.142032361054089,0.6805064,0.7609235510774206
CUW,2024,0.055924286785310806,0.6584394872279526,1.0,0.9274446566230878,0.5669292758201663,0.620088221838404,0.16142174810582532,0.9153098,0.7486871487692794
CYM,2004,0.11458283222912906,0.5978009112151748,1.0,0.8294980211582687,0.19309988711963982,0.713381279646957,0.24017321677202083,0.42360500000000006,0.7298750742113541
CYM,2005,0.36930936195842995,0.6586450781291915,1.0,0.8533949020479141,0.461369256603713,0.6830714296277338,0.14249841176581132,0.380344,0.8431039511413904
CYM,2006,0.04739385552515379,0.6813898752204428,1.0,0.9089169839022467,1.0,0.8628183722919757,0.06232407942368967,0.445,0.8760172460567923
CYM,2007,0.050483193730126476,0.7713364814764587,1.0,0.9074683768427647,1.0,0.8630238918003418,0.05399584227424192,0.52,0.8852881131208097
CYM,2008,0.0528298724294809,0.809651524653751,1.0,0.9109713860453976,1.0,0.8582889064028508,0.026512062202495246,0.61,0.8912774125557088
CYM,2009,0.06243349032594975,0.8153351461632123,1.0,0.9079264368319894,1.0,0.8433367389341827,0.0,0.645,0.910680411567617
CYM,2010,0.06218200271751542,0.8153351461632123,1.0,0.9074683768427647,1.0,0.8353109624964973,0.0,0.66,0.9178502466222422
CYM,2011,0.06510182239818696,0.8857407690602193,1.0,0.9089169839022467,1.0,0.8330098092354762,0.0,0.694659,0.9148607441825658
CYM,2012,0.06539045517086209,0.8857407690602193,1.0,0.9089169839022467,1.0,0.8308439222058214,0.0,0.6970000000000001,0.9136170075506098
CYM,2013,0.06723654812972724,0.8982076796880847,1.0,0.9087654804663208,1.0,0.8288804569184421,0.0,0.7140000000000001,0.9136961700542843
CYM,2014,0.07024054490289133,0.9163032506102138,1.0,0.9097560275365781,1.0,0.8290059071198342,0.0,0.741,0.91488229729379
CYM,2015,0.07385124662996694,0.8968104885046702,1.0,0.9109107808108794,1.0,0.8295287046647369,0.0,0.77,0.9161118021544223
CYM,2016,0.0774153969517459,0.9014400447817426,1.0,0.9079264368319894,1.0,0.8307638109945282,0.0,0.79,0.9102962711340266
CYM,2017,0.08060724004141676,0.9024936192886244,1.0,0.9109107808108794,1.0,0.8320495072509829,0.0,0.8106770000000001,0.9127473029349811
CYM,2018,0.07896592953565752,0.6481533506255961,1.0,0.9089169839022467,0.4883676009831286,0.8349867491650252,0.0,0.7059092,0.9027018550922157
CYM,2019,0.07993389892502542,0.801255243566614,1.0,0.9079264368319894,1.0,0.8375427542943114,0.0,0.6770406,0.9032119288540361
CYM,2020,0.08346182605823779,0.8508103980487398,1.0,0.9109107808108794,1.0,0.8272694392373104,0.0,0.7345980000000001,0.9095512024063139
CYM,2021,0.08656186698257,0.7992677536374908,1.0,0.9074683768427647,0.0,0.8311923871654566,0.0,0.6183601999999999,0.8937147857653596
CYM,2022,0.0889697504723841,0.7992677536374908,1.0,0.9089169839022467,0.0,0.8363045927408886,0.0,0.6772492,0.8971008795683293
CYM,2023,0.08014234477141,0.801255243566614,1.0,0.9074683768427647,1.0,0.8416054133134637,0.0,0.6716378000000001,0.9013376429936244
CYP,2004,0.332754036474036,0.8406268629218792,1.0,0.8365747199123432,0.7044110330107319,0.6662434507655056,0.3469554244659314,0.3383,0.6795076130899291
CYP,2005,0.3117177037079404,0.8543105642013271,1.0,0.8368354203222292,0.6942590313377011,0.6710317557169522,0.34228189520144325,0.3281,0.6783657327523822
CYP,2006,0.2802242135571161,0.8630399288283856,1.0,0.8523166872490933,0.8909258666561368,0.6752959674951305,0.34065545243241524,0.3583,0.6817275633155382
CYP,2007,0.2611029636097395,0.8860753446485818,1.0,0.852326948149118,0.9070585067931622,0.6794233970996818,0.35036488975618085,0.40770000000000006,0.6699358336398387
CYP,2008,0.266543535691849,0.9219454439671269,1.0,0.8492910200198343,1.0,0.6809779945273645,0.34242819108784217,0.42310000000000003,0.673512694765348
CYP,2009,0.25834947146953313,0.9363458723833147,1.0,0.8616303730995152,1.0,0.6741264239048123,0.28787050691837446,0.49810000000000004,0.7200204999477906
CYP,2010,0.2637793840274381,0.9439982290970552,1.0,0.8739399915102961,1.0,0.6736063951258427,0.24207051583100503,0.5299,0.7406874436245472
CYP,2011,0.27051915881926897,0.9517607988644554,1.0,0.8697827097921458,1.0,0.6705064734719705,0.1823111836780038,0.5685990000000001,0.7690055714267223
CYP,2012,0.25934152306578445,0.957823590063096,1.0,0.8826221635591356,1.0,0.6632024200713255,0.14481049913063337,0.6068990000000001,0.7803779169870744
CYP,2013,0.26211052393440804,0.9626534637881161,1.0,0.9010111809587475,1.0,0.6534772780162404,0.10337514479521692,0.654548,0.7939581405697798
CYP,2014,0.24657985522184867,0.9601516318330436,1.0,0.898909337471788,1.0,0.6512999083668652,0.06898283508772307,0.693287,0.7906390417729816
CYP,2015,0.24850890536556572,0.9525649064390525,1.0,0.9043588436289611,1.0,0.6558652346878523,0.07888248277875154,0.717157,0.7870370340842077
CYP,2016,0.2704011366018677,0.9261464373966506,1.0,0.9008178897822394,1.0,0.6643484060449586,0.10709653688804766,0.759002,0.7759163668603106
CYP,2017,0.24722912145859174,0.8993720672597303,1.0,0.9091527336708234,1.0,0.6712277780881545,0.12834742593268755,0.807432,0.7708155789569657
CYP,2018,0.23571312488223506,0.821685231538823,1.0,0.9146637945312057,1.0,0.6783805072617942,0.15513123126467132,0.844336,0.7631799394084391
CYP,2019,0.23833631035498362,0.7688309939060964,1.0,0.8996786569915947,1.0,0.6847257468399705,0.18390613423027946,0.860636,0.7606447448241385
CYP,2020,0.24493637217408723,0.7683921363697157,1.0,0.889084310078863,0.0,0.6780208512317497,0.18516223375924,0.908019,0.7757757390113582
CYP,2021,0.21600387755798459,0.724586202354863,1.0,0.9002552614957926,1.0,0.6915208097286291,0.1337459811028654,0.907595,0.7902003254985468
CYP,2022,0.1837695144200474,0.6779983353520884,1.0,0.9094852437216323,0.29525527170915655,0.7003609535938572,0.0870910112676504,0.89601,0.8059262626850718
CYP,2023,0.18035099777218078,0.6435285239919024,1.0,0.9163916045311451,0.0,0.7027213759866816,0.1277949509088887,0.9122110000000001,0.7952053309465361
CYP,2024,0.18036969019796084,0.6288059580266077,1.0,0.9167458991461768,0.0,0.7060178133755152,0.11965807629192415,0.6668348000000001,0.7981449577884274
CZE,2004,0.2896483175523065,0.45546697268974207,1.0,0.6834678153739882,0.6319564004701703,0.5859159779352255,0.6445676643184388,0.355,0.5040373575101387
CZE,2005,0.2806083457842066,0.48383720103057154,1.0,0.6861033435416766,0.9349954595276289,0.5946856517904794,0.6457246419017886,0.3527,0.5029220701215249
CZE,2006,0.2718508284934505,0.5159294058486794,1.0,0.689407830739007,0.5811021370188223,0.6036012845648274,0.6564636132014181,0.4793,0.49989149061739013
CZE,2007,0.2661889257383537,0.545219807888869,1.0,0.6929289430216179,0.7571399254938518,0.6105104603572616,0.6546178134056879,0.5193,0.49782795862359164
CZE,2008,0.252824694390426,0.5696496493922634,1.0,0.6974721630711458,0.5265951119705031,0.6130496450370221,0.6470321463443267,0.6297,0.5114658385179394
CZE,2009,0.23925917185416182,0.578547370393141,1.0,0.7182580903377156,0.4497801961757496,0.6050851296414558,0.6377975711647714,0.6443000000000001,0.5199955931796096
CZE,2010,0.21790948367099264,0.5823741608753097,1.0,0.7243709830188871,0.5973816156296217,0.6085500792770268,0.6346899073063661,0.6881999999999999,0.5290050181947414
CZE,2011,0.25635564997957944,0.5920286918799338,1.0,0.720756754945429,0.4018114103370281,0.610800104794409,0.6425616058946919,0.7049,0.5105360243459685
CZE,2012,0.2769740929740754,0.5971095303671159,1.0,0.7234568383264803,0.5758541632738186,0.6094740204995813,0.6321421160007952,0.7343000000000001,0.5113757385755155
CZE,2013,0.28538016270295696,0.602572622762577,1.0,0.729791284143062,0.5087975805919471,0.6093651689213054,0.6285852074828207,0.741104,0.5082097845572875
CZE,2014,0.28857208337810897,0.5972785134700322,1.0,0.7273328555982301,0.5336081874829295,0.6124352955952471,0.6456352337108191,0.742317,0.5022973945720701
CZE,2015,0.2789799276785937,0.5980279345750283,1.0,0.7257004034855399,0.3425219895218948,0.6191749570332633,0.6454815764777875,0.756688,0.49803587661398074
CZE,2016,0.27072972621527913,0.603803074798893,1.0,0.7254812870766854,0.6403754927509955,0.6225948842757932,0.6383041885160652,0.764812,0.5066489638123204
CZE,2017,0.2674781056222531,0.6023215252061243,1.0,0.7266050515009956,0.6140181021789927,0.6295311030156899,0.6264620919379424,0.787192,0.5191081060300591
CZE,2018,0.2567278398962705,0.6044382176729375,1.0,0.7321985106044067,0.49901432824283987,0.6330969027733898,0.6112556185880462,0.806882,0.5403528620796578
CZE,2019,0.2504575154854869,0.5988277466836531,1.0,0.736017655822335,0.5565133634187485,0.6376110286041466,0.6045390781348097,0.8086690000000001,0.5522991299768174
CZE,2020,0.254745973323958,0.6098527000972458,1.0,0.736591201404222,0.5047153530171031,0.6293459700725604,0.5861107103670631,0.8133889999999999,0.5788384709343064
CZE,2021,0.23925954909324926,0.6100773651070137,1.0,0.7413769934743253,0.5723432077767148,0.6377095113984915,0.5667770431838175,0.8267059999999999,0.597543204437804
CZE,2022,0.2652323863323433,0.5952199598484702,1.0,0.7393845542167803,0.48117176830037767,0.6395042265280598,0.5786043904970997,0.845401,0.5812165282769
CZE,2023,0.2702081724070475,0.5910480383682464,1.0,0.740937161240983,0.5083013246096262,0.6369860621787159,0.5918328258424927,0.85994,0.5805361414330674
CZE,2024,0.25109310470111795,0.5924643523214801,0.9988566194609201,0.7531809480051335,0.5287749648073301,0.6382184102527771,0.5784589530611082,0.8768779999999999,0.5874794776211836
DEU,2004,0.1563817142351864,0.7653498600012434,1.0,0.7951963589995148,0.23745626916987123,0.719076733935179,0.5189333289557907,0.6473000000000001,0.6339175944096884
DEU,2005,0.12743146890045465,0.7626460542664477,1.0,0.8079591194538303,0.41860537715403984,0.7204388404906591,0.5160847159085304,0.6870999999999999,0.6371135867512012
DEU,2006,0.12612126937030294,0.7552228311347433,1.0,0.8062128788154221,0.47083193654345773,0.7261095528467286,0.5267711384889331,0.7216,0.62884534226145
DEU,2007,0.1403403751328472,0.7442463821828202,1.0,0.8036821027322989,0.37899988349014524,0.730437986370771,0.5304423389710844,0.7515999999999999,0.6170342806699392
DEU,2008,0.14228902048440875,0.7440218531045137,1.0,0.8184602566543879,0.33692066320689457,0.7319971622717288,0.5227545445295578,0.78,0.6221770531550455
DEU,2009,0.11961824069379189,0.7473857602830751,1.0,0.8226327498726862,0.3901039103930938,0.7240849028862918,0.4799640863558321,0.79,0.6505512914044167
DEU,2010,0.1342307520746653,0.7229960183951678,1.0,0.8234240093233764,0.44551917107040057,0.730188259437116,0.5226406957582859,0.8200000000000001,0.6236673287615839
DEU,2011,0.15339822677011525,0.7138184853841514,1.0,0.8318091098801279,0.4500324284635925,0.7382340463483618,0.5271305373070965,0.8127,0.6143500441873568
DEU,2012,0.15175395651185347,0.7109854033983356,1.0,0.8285555559245328,0.40244265483410724,0.7386328140297286,0.5320032062538969,0.8235,0.6111801662843037
DEU,2013,0.15370666750500042,0.7068889908245111,1.0,0.8334960097867206,0.3988964138693345,0.7388118072182231,0.5196697370220187,0.8417,0.6188288822739705
DEU,2014,0.15227652719479987,0.6988068932646585,1.0,0.8306498942269345,0.31251043210223045,0.7413373821621293,0.5216873343272641,0.8619370000000001,0.6179164987400876
DEU,2015,0.12499525873760586,0.6953363147588612,1.0,0.8348431858614358,0.40262216185577704,0.7424748779217089,0.5195904273855037,0.875898,0.622287260714459
DEU,2016,0.1280486236421741,0.6936169035918069,1.0,0.8380128709764021,0.390989754907337,0.7444935478924292,0.5251666324371613,0.841652,0.618801354201814
DEU,2017,0.14525330888602703,0.6938217908912729,1.0,0.8376675447231396,0.4720456901191597,0.7479566618268464,0.5214918633217425,0.843942,0.6206377650663075
DEU,2018,0.1296854857607147,0.6954441678530883,1.0,0.8382584919532907,0.5443936629451447,0.7491596858489055,0.51915864045271,0.870371,0.6247884941532269
DEU,2019,0.14178199024971685,0.6993003956626427,1.0,0.8405668316443817,0.4080428854198681,0.750244692548678,0.5133343376905608,0.881345,0.627864560531401
DEU,2020,0.12779061208591685,0.715303456692324,1.0,0.8405076880143483,0.5759187008811688,0.7440008711952814,0.507496298847883,0.898129,0.639878795117971
DEU,2021,0.13124649022391643,0.7123622034595156,1.0,0.8384399638748601,0.4747058745486311,0.749506956388002,0.5059927302547282,0.914306,0.6353351677731562
DEU,2022,0.16191667905350218,0.707968709789935,1.0,0.8429693192952854,0.41912982492154705,0.7521416363539207,0.5136900621326528,0.9162980000000001,0.6344414107804361
DEU,2023,0.1539572837473295,0.6972695040397874,1.0,0.8465850017527532,0.39448730868030396,0.7506828528458224,0.5365631307998151,0.924764,0.6363028572990781
DEU,2024,0.1521260108492586,0.7923842159305148,1.0,0.8484192912187676,0.3501329465357955,0.7495621702613494,0.5148744441702113,0.935,0.6422190966330974
DJI,2004,0.4934514165335667,0.4139729762920495,0.3522937983496668,1.0,0.6606172675110941,0.4974452711580323,0.1991343224146392,0.007813170000000001,0.650265795035694
DJI,2005,0.34789402771215455,0.40320845997027815,0.3562914703604365,0.9999320932918367,0.4879327509148983,0.5744561035873214,0.30205995416095416,0.00953611,0.6496926119527163
DJI,2006,0.4206438402433661,0.4043520622903652,0.3300554241388962,0.9996100450459133,1.0,0.462976186742815,0.22170076970204403,0.0127004,0.6551163418711143
DJI,2007,0.4214400851062591,0.427828364667905,0.36424548271673185,0.9990884769600732,1.0,0.4638941222021131,0.22170076970204403,0.016200000000000003,0.6584352237278933
DJI,2008,0.389788031287052,0.4444795325021344,0.3682020122243168,0.9984530658637567,1.0,0.460854965475911,0.3299054851040044,0.0226,0.594611655528422
DJI,2009,0.5142760541628666,0.4849376560977469,0.37214501510889963,0.9989219689094204,0.884872542247019,0.4564393593918131,0.42511005924140033,0.04,0.4719994848515493
DJI,2010,0.3693547645025616,0.5111400011512843,0.3780343583930774,0.9990444309585111,0.49449866446401713,0.5129823516121975,0.363573190500729,0.065,0.5222337666403314
DJI,2011,0.41480944565590183,0.4961860017839122,0.38194394593470804,0.9988616525955378,0.6989290291464565,0.43185378118067275,0.28089417982364184,0.07,0.6118652099988933
DJI,2012,0.6344161007728555,0.4818419289814389,0.3115359450774182,0.9989390103871352,0.8128683370491363,0.3854278892709234,0.26584392521948963,0.094,0.5146611984300906
DJI,2013,0.18462389703974944,0.4242221024999942,0.3916603237088623,0.998780189646733,1.0,0.31066611081595796,0.1299480288454944,0.127,0.8440981089013198
DJI,2014,0.18788246722642352,0.42413797383673196,0.39745110016057694,0.9981612337280787,0.7324091291106936,0.31813198477381455,0.13905906520556965,0.17,0.8419180746517148
DJI,2015,0.16949016493659302,0.4198850425886111,0.40129552778815825,0.9974118574273514,0.670120030265412,0.32584340553210367,0.13029594541281941,0.22899999999999998,0.8409399970193752
DJI,2016,0.16203015337518487,0.407026125967815,0.4146509963708178,0.9966708500388992,0.6837444747021887,0.33338283240418864,0.12799995834209077,0.308,0.8452943476774624
DJI,2017,0.1952851622631818,0.4145891285517191,0.4222138249156169,0.9959318646751831,0.6725555598035109,0.3387103164635067,0.16973958944364198,0.556814,0.8290608772214996
DJI,2018,0.20768585149813465,0.41919670772717227,0.462945503979725,0.995130935415451,0.6637594725854181,0.3431524205867652,0.22597206613325826,0.570617,0.8100572534607995
DJI,2019,0.2176040000768697,0.426199557596542,0.5040443933454481,0.9944997935673507,0.652730233587733,0.3487233211116899,0.24631752211575408,0.584762,0.8039674542822413
DJI,2020,0.2590366112579648,0.41439580177883345,0.5005281490962643,0.9944382418362379,0.6115373131440178,0.3482773437649812,0.2442296449209993,0.599257,0.8072039759490663
DJI,2021,0.32826406401637265,0.3869070153900495,0.5162675063034383,0.9932772012416557,0.6038764403148404,0.35244215892091624,0.2713259039666085,0.614112,0.7823227303222646
DJI,2022,0.30476001179564366,0.40063270324354777,0.5092987405673002,0.9929176032293463,0.6256437890382602,0.357715460204565,0.259690269073761,0.632573,0.797127344313262
DJI,2023,0.2961347131049159,0.421069527440914,0.5127883868616054,0.9919954960583599,0.5127410876355458,0.3652635977459585,0.2405492086490968,0.650248,0.8054608800488405
DJI,2024,0.2968095645055756,0.43329547904088633,0.8905668060738929,0.9910170336999138,0.39032025498049366,0.37308303862692627,0.28666416018327845,0.4486218,0.7936209020002076
DMA,2004,0.600284138271945,0.5634375314123479,0.8145758683884843,0.720194002296789,0.7068696115104527,0.4892051960171676,0.31312174522946123,0.303196,0.5766703501112591
DMA,2005,0.6073175303839294,0.5791947569191145,0.8279092795535883,0.704057488305965,0.5984109115894867,0.49034801378944015,0.29151270215045466,0.385436,0.5673733567692127
DMA,2006,0.588806129032349,0.5887273741790626,0.8410903055403809,0.660487104250076,0.6928755434770135,0.4964468745549476,0.3028850185482932,0.39398200000000005,0.5650350187731386
DMA,2007,0.5896662740493371,0.5855812311246271,0.8554175360003926,0.7181946086733542,0.8751101145554627,0.5039359008856176,0.29379691956597775,0.402745,0.5461792432542651
DMA,2008,0.6153638353646806,0.586456219562332,0.8911034349557196,0.6929446737981289,1.0,0.5139058563848157,0.24596541017588858,0.41159999999999997,0.5453194687723371
DMA,2009,0.631483904803654,0.5848851364205556,0.8822849424650299,0.6941497363079978,1.0,0.5122268643523883,0.19741625751199154,0.4202,0.5582594347658905
DMA,2010,0.6119330086942087,0.6032424236631075,0.896112464416194,0.7323401590389584,0.9991626981436721,0.5120840339801948,0.2106826964254347,0.47450000000000003,0.5698427402577679
DMA,2011,0.6289288298457107,0.6114797198301836,0.8810196354589328,0.6676420748777162,0.9013089027633767,0.5117377061061176,0.25190526194213514,0.48600000000000004,0.5501297315422211
DMA,2012,0.6183888621273241,0.623116295385433,0.9232798863374301,0.6718783859924063,0.9883944180511399,0.511372519945433,0.25940484600174996,0.498,0.5600865440164067
DMA,2013,0.6441372095888611,0.6126640834093924,0.9366273256021067,0.7514999761830379,0.7456415994186643,0.5101307712196684,0.20735422993370878,0.51,0.5567524756539406
DMA,2014,0.636255609397717,0.5960266925502227,0.9498220607031751,0.8284983598558269,0.42443627599390316,0.5121177265551601,0.2106176435879492,0.5750000000000001,0.5594486548153346
DMA,2015,0.6356055437873304,0.5903702472010035,0.9616876717453318,0.8316027341966798,0.36392715682349075,0.5070606783924198,0.15199897828300468,0.65,0.5839472003687893
DMA,2016,0.6349326418915768,0.5739953344251065,0.9746003760175901,0.8946036149510416,0.7329418673862935,0.5108131238007955,0.17365529790563405,0.6703,0.5701233628080824
DMA,2017,0.6041408338225642,0.5887582007131587,0.9873701083065667,0.9074683768427647,0.5459915177926549,0.5017611152543479,0.14044678197008365,0.696197,0.6084318428341642
DMA,2018,0.5612914010873095,0.5612438907103585,0.995423298675246,0.9109107808108794,1.0,0.5066845865568944,0.3017076287507716,0.45372959999999996,0.5091662078337804
DMA,2019,0.5715697765123771,0.5432062788354737,0.9988575261865398,0.9085848448698395,0.9208158162368874,0.5129320749238057,0.30229942779035435,0.733819,0.5117292745864543
DMA,2020,0.6134818315976965,0.6045930794177348,1.0,0.9079264368319894,0.5650020306681532,0.488790247323157,0.15979374645723787,0.756567,0.579485175199212
DMA,2021,0.6432497196025591,0.5985613990335796,1.0,0.9109107808108794,0.6116525857898618,0.49719493150422045,0.19300480822681476,0.826979,0.5324274162379377
DMA,2022,0.6255995796095608,0.5822720160916717,1.0,0.9074683768427647,0.46077652741520403,0.5123655933055572,0.1772132486582254,0.8331010000000001,0.5650395176602281
DMA,2023,0.6108914508797563,0.5618690878271548,1.0,0.9109107808108794,0.7579757342550146,0.5182600508112506,0.1824852596330664,0.8382550000000001,0.5600531070712069
DMA,2024,0.6129668846653007,0.5489984383594955,0.8063560537936425,0.7456834430422812,0.8504953538698077,0.5218764705903233,0.22207588010518564,0.47197020000000006,0.539104598195105
DNK,2004,0.22482593979926124,0.8375143629795714,1.0,0.8518418161028882,0.0566385161130504,0.7707767679273768,0.4442758987337707,0.8093000000000001,0.6143758042182914
DNK,2005,0.17763622410981586,0.8549665811078595,1.0,0.8509413992263499,0.5993445709433264,0.7737622696343608,0.44372689052505865,0.8273999999999999,0.6104937256496039
DNK,2006,0.17944742579609488,0.8708438169357164,1.0,0.8562589164488417,0.3387982789796411,0.7787220709364236,0.45606123307371393,0.8665,0.6014650868631528
DNK,2007,0.18205166232768988,0.8901790052279044,1.0,0.8558445960134349,0.5240346069165018,0.7795042828781259,0.44255982503073477,0.8503000000000001,0.6089729113954649
DNK,2008,0.14289245746096546,0.8976597412201817,1.0,0.8599494771065888,0.3241933404203206,0.7780445698339232,0.45443300661229724,0.8502,0.619954343690742
DNK,2009,0.13835198115733044,0.9091719057412397,1.0,0.8807084192297547,0.36025714303222645,0.7698611885897456,0.3918175385880869,0.8684000000000001,0.6639241138848955
DNK,2010,0.18402714735503478,0.9005850125464092,1.0,0.8878068468258262,0.05182047555010111,0.771496112239847,0.38014725211736855,0.8872,0.665659814684652
DNK,2011,0.1925766079884886,0.8938242558032732,1.0,0.8876554910772652,0.5402999958177712,0.7727888200053717,0.39181666080625277,0.8981,0.6574345388914296
DNK,2012,0.2267245136651812,0.88805800357091,1.0,0.8878353569944659,0.0,0.7722347432243707,0.3919305142621634,0.9226000000000001,0.6534135473871876
DNK,2013,0.19134480965990364,0.8808288766541001,1.0,0.8891450210429186,0.29686841595213964,0.7736372116615483,0.38911710202206407,0.946297,0.6628586652131299
DNK,2014,0.2013586179556225,0.8769155591388555,1.0,0.8920787873640457,0.40533964863343513,0.7747445520969022,0.38104826414847937,0.959935,0.6684697406600972
DNK,2015,0.15136755667186683,0.8731260768982212,1.0,0.8915785221953327,0.32376844385329717,0.7767421569901697,0.38497751319020446,0.9633050000000001,0.6721730470170764
DNK,2016,0.1539129236713094,0.8686060470137109,1.0,0.895629726071784,0.44670924487117136,0.7800029714405033,0.4010475804405249,0.969678,0.6630279730119004
DNK,2017,0.19168456319607124,0.861831405981542,1.0,0.8981486220970747,0.35481498337191997,0.7834393801486045,0.40556841946458055,0.970994,0.6587794111161438
DNK,2018,0.16220420448063533,0.8616995789065311,1.0,0.8977521535379731,0.44455308182307857,0.7853947870369046,0.40912362292309545,0.973192,0.6573231252374168
DNK,2019,0.18971059554062203,0.861614906464055,1.0,0.9002539023501925,0.21238965830179468,0.7873381586279214,0.41062892958604724,0.9804640000000001,0.6573146232329354
DNK,2020,0.19974143475334302,0.8638577136129211,1.0,0.898602076402462,0.3077018220604125,0.7843075610776061,0.38474779191231656,0.965491,0.6684317940456062
DNK,2021,0.1720271406531846,0.85224441807683,1.0,0.8954978264371944,0.5564047323557642,0.792820114203214,0.38076835899695216,0.988659,0.6770866455826874
DNK,2022,0.1628291011851564,0.8346042226278039,1.0,0.897073704768923,0.7333875491217394,0.7923198214705521,0.4112942013893106,0.978601,0.6743134021732913
DNK,2023,0.16702968434977739,0.8408437372171376,1.0,0.8964205586309584,0.4279856442676472,0.792118895422144,0.4754370193809252,0.987756,0.6403296936268439
DNK,2024,0.15377992147097508,0.8356682540676681,1.0,0.9010022788007568,0.5682513758637574,0.7963500804011466,0.4860764275783067,0.997692,0.6353933074452889
DOM,2004,0.4937276271578705,0.43824600274546105,0.8835488628330328,0.7597555648757899,0.5564634604974816,0.40891711130861996,0.6200401395874007,0.08865550000000001,0.5109698403868523
DOM,2005,0.4993529455611537,0.39863457133858443,0.8810196354589328,0.7702897680566041,0.4874588908775973,0.420095202813506,0.5958001549005876,0.114832,0.5208622383316142
DOM,2006,0.48886951610484497,0.38799972149753653,0.8810196354589328,0.7726620283531935,0.5466602718950258,0.4310141217596696,0.6091437703093849,0.14844900000000003,0.5182175186082252
DOM,2007,0.4780966860589948,0.40984350204462855,0.9640462149402405,0.7782485182707517,0.6175055646492541,0.43963223491099146,0.6002463481478941,0.1766,0.5076540553253102
DOM,2008,0.4703345986048404,0.4101720966823386,0.9722633393103699,0.7889064870537492,0.6532414516218328,0.4425075194266469,0.581210138743945,0.2082,0.5479725811603666
DOM,2009,0.46162534106087083,0.41853440282291315,0.9757671209025043,0.8146872815755621,0.5128076699797368,0.4421166899147272,0.5466032947225608,0.2772,0.5806879558806575
DOM,2010,0.45697879924490126,0.42985201798339073,0.9780970756754845,0.8171419970667348,0.5041989114242946,0.4519665753768537,0.5451255162979693,0.314,0.5866965922214757
DOM,2011,0.4404166215794133,0.4317548404102472,0.9757671209025043,0.8228209194769187,0.5308145993666267,0.45468458945786316,0.54991142810131,0.38,0.5952179296808766
DOM,2012,0.4299787310038466,0.42797722769678054,0.9757671209025043,0.8240762593525535,0.6510944589386217,0.45684847229169245,0.5467250524765033,0.4232,0.6025725745547232
DOM,2013,0.4242861399549958,0.43638600601473415,0.9815832059480165,0.8400843451280458,0.45046698222960596,0.46207151269394553,0.558639919663251,0.459,0.5913445520971159
DOM,2014,0.41798579944079095,0.4525650025980887,0.9827429116469135,0.8333827936511224,0.5156648381903461,0.47031973952784367,0.5645495478031668,0.4958,0.5914135537984824
DOM,2015,0.42684720007254706,0.45906747541562815,0.9839014523976495,0.836320657986851,0.4882742683022474,0.47845407106718885,0.5390673969116073,0.542158,0.5998920434644845
DOM,2016,0.4255928975643127,0.4661430895356324,0.9873701083065667,0.8372129014826952,0.5007525612757467,0.4862805891926484,0.5196998812030442,0.638709,0.6139144651991049
DOM,2017,0.4179778878029293,0.4715111868540069,1.0,0.8284691832388873,0.5801502226007882,0.4903018492631014,0.5179084869495039,0.6757120000000001,0.6155926334931774
DOM,2018,0.4068513888481672,0.47000342386122856,0.9873701083065667,0.8292654474048748,0.49416482871289014,0.4986949514775655,0.5387986420685442,0.74822,0.6004346637732216
DOM,2019,0.3960676590513455,0.475514340426376,0.9885240125752848,0.8404908015615367,0.4905621378762064,0.5041301659361977,0.5466080149796062,0.7971550000000001,0.5989649124645626
DOM,2020,0.4047473771670072,0.49420181051986783,1.0,0.8397889801905323,0.48789349693061407,0.4906254998993632,0.5719977945834669,0.816173,0.5859228008812392
DOM,2021,0.3911158997147919,0.47297496871515915,0.9780970756754845,0.8412019835716715,0.513853108585413,0.5081484456026203,0.6053553208446423,0.85243,0.5523223676495879
DOM,2022,0.38826644216996137,0.47449251646056784,0.9780970756754845,0.8496824647417158,0.5162884944715854,0.5141657722580469,0.6046695025812305,0.8151269999999999,0.5600659884274388
DOM,2023,0.3946814879483052,0.4957159354630896,0.995423298675246,0.8550934282480491,0.5406793774860883,0.516019929329505,0.5801022759317409,0.846161,0.5789711884352116
DOM,2024,0.40176929368025477,0.5031798744570875,0.9961032978053741,0.8576245765208199,0.5183989232482381,0.5218091047725354,0.570309393603075,0.910022,0.5822177974322931
DZA,2004,0.5137266672598061,0.26170846958702926,0.9839014523976495,0.6490528896846262,0.3466658333824373,0.40380707231739377,0.7897824417014416,0.0463448,0.2589672694888776
DZA,2005,0.47960602146399345,0.2861226628279611,0.9839014523976495,0.6589087611267925,0.35430075150589646,0.40931597354261784,0.8269451778201358,0.0584394,0.2203230085982626
DZA,2006,0.4734302664417641,0.2864904474448387,0.9850588305383061,0.6699235699561328,0.3813621882563706,0.4112279834779268,0.8506104344878496,0.0737598,0.19456958501808463
DZA,2007,0.472132395013317,0.3001210707071081,0.9850588305383061,0.6811171857883047,0.3610634956556541,0.41323633049321906,0.8455470690103066,0.09451190000000001,0.22451376183525795
DZA,2008,0.44542479333459944,0.2971427329757967,0.9919788146205688,0.691520941026178,0.3792178186730055,0.41418025471663744,0.8575883392776238,0.1018,0.22142577983349776
DZA,2009,0.5215005209977496,0.339306948820622,0.9862150483999299,0.7033950173935857,0.40294900935671457,0.41313093873635054,0.7562084226946861,0.11230000000000001,0.3551169731870627
DZA,2010,0.5084621630946139,0.323827576143848,0.9873701083065667,0.71115606965569,0.36822789196908084,0.4171093402925513,0.7926378299437273,0.125,0.3058311252376935
DZA,2011,0.4955948447840924,0.3044471838600458,0.9885240125752848,0.7188561213528044,0.36066358991941005,0.41855915752583994,0.7898428553283949,0.149,0.3265550108728821
DZA,2012,0.521917037136662,0.3100532557257723,0.9862150483999299,0.7257452177131283,0.3270094953011621,0.4191089716245743,0.7698482109471549,0.182,0.3316220310756326
DZA,2013,0.5491728069481906,0.34236521664386615,0.9908283634325308,0.732125133050447,0.33195601428778465,0.41990318218402345,0.728944938907351,0.225,0.36743730216147696
DZA,2014,0.5558409956709045,0.3605340184673604,0.9919788146205688,0.7310518740593914,0.3249358621861844,0.4227772051213138,0.7141292439208011,0.295,0.3879113298846164
DZA,2015,0.5803317889070566,0.3939275796692859,0.9931281193697661,0.7352441418455085,0.26535402545577436,0.42436437577656994,0.6343020396789296,0.38200000000000006,0.46148410860418254
DZA,2016,0.5911547811489787,0.40508675392209853,0.9931281193697661,0.7363359771710338,0.34300274710086276,0.42693344884386997,0.6260177365106128,0.42945500000000003,0.46623255247439177
DZA,2017,0.5904338547001933,0.42143513115998704,0.994276279962726,0.7237627565208973,0.32618628558224755,0.42614518639025756,0.6449220586561901,0.476911,0.4464472888875508
DZA,2018,0.5945977283388453,0.42654165749399736,0.995423298675246,0.7227437430612942,0.333063476842288,0.4253505734097839,0.6714463096156271,0.490385,0.41524549705923564
DZA,2019,0.5991376900445982,0.43152466457566313,0.994276279962726,0.7229690815433267,0.3304844482196734,0.4239799056778869,0.6463445581510687,0.557907,0.4336874244317852
DZA,2020,0.6237170621559041,0.45971268040217644,0.9965691777763395,0.7178968818110696,0.3291743099620544,0.4140512690499222,0.5918304284662512,0.634727,0.47305578624254485
DZA,2021,0.5944341677115635,0.4291415895868516,0.9977139195282607,0.7173239991283631,0.31439552431919615,0.41711378865187554,0.6848079244425409,0.722124,0.3985015873638442
DZA,2022,0.5826828696128704,0.3827850141723769,1.0,0.7156318009640668,0.29099673031149786,0.4199425460037357,0.7682186863795086,0.7483190000000001,0.2885520159913413
DZA,2023,0.6327658892666675,0.3897467590703633,1.0,0.7170338912679828,0.31589825748085865,0.4235986595022966,0.701070149584017,0.769081,0.3438914057904685
DZA,2024,0.6423682965511908,0.39185311337575685,0.8932906803403418,0.7172581067658723,0.31365636555941134,0.42684204549672267,0.6831093364962759,0.6978386,0.367467490892885
EAP,2004,0.6257684482546092,0.7771484673448257,0.9204213192284918,0.3699798606973843,0.4839863547554537,0.35147740652511616,0.7805446429104754,0.08879999999999999,0.2956712531964145
EAP,2005,0.6054177313198275,0.7645729956733409,0.9152617839215527,0.38006263757380143,0.5523083938768991,0.36420863100350076,0.7911719874259677,0.083,0.29579232461731
EAP,2006,0.590816985107716,0.7595614928783678,0.9298692319688726,0.39623796213345397,0.5471242078983007,0.3782917977333503,0.796304939367358,0.10099999999999999,0.300377660602519
EAP,2007,0.5871936058670647,0.7550047997113631,0.9299897713060652,0.4018350026473887,0.5474702979974133,0.3941757155177984,0.7901760001405329,0.14300000000000002,0.3151867763688858
EAP,2008,0.5889284238010635,0.7474950610026085,0.93749478211108,0.4134166703684592,0.5114941545622034,0.40508086522301523,0.7923713384261621,0.192,0.30872422135259425
EAP,2009,0.5798478996355427,0.7747217134481437,0.934546008358697,0.4271257800573709,0.43844552351500987,0.4151775802566692,0.7816858234888486,0.237,0.33679721076944036
EAP,2010,0.573297184284392,0.7753601855956533,0.942107916714912,0.4353825364479511,0.526850442228065,0.4277987414291894,0.7813102216032173,0.289,0.33478332242662834
EAP,2011,0.5710596557234554,0.7729950096196763,0.9484100290248998,0.44963989923736847,0.5087603642608166,0.4386163483256106,0.7834626795475552,0.32299999999999995,0.3346625146340032
EAP,2012,0.5665666181923907,0.7846402724838586,0.9509565274132052,0.4556080629143695,0.4659566565645389,0.44795097697436403,0.7737527212906523,0.35700000000000004,0.35556913749361785
EAP,2013,0.5605530637482293,0.7956235684236588,0.9544980770475053,0.4846621023781621,0.4796249288617173,0.4569559605453276,0.7610379364185638,0.38200000000000006,0.3812919305531479
EAP,2014,0.5522281499853773,0.805879848196031,0.9566490169891262,0.5093216863808401,0.4491357399774529,0.46562604846396927,0.7504607894387039,0.406,0.4044340305027756
EAP,2015,0.5440753008468195,0.8250072649317917,0.9607644643540079,0.5303947261712705,0.4311657604391714,0.4738757575311695,0.7258833266082612,0.435,0.44539635056192717
EAP,2016,0.5371408256533189,0.8291684886782538,0.9618828377635085,0.5399721582176444,0.3876283436153472,0.48194413492874044,0.71176796482359,0.49600000000000005,0.46818576680142465
EAP,2017,0.5234756415421689,0.8279853135984623,0.9704524731428412,0.5463521892184429,0.38734363233965496,0.49021186640191494,0.7157441345820788,0.539,0.47157335581691173
EAP,2018,0.5107495467923259,0.8333627989918868,0.9700666866491536,0.5542044938480108,0.40392146287774877,0.4984697721628567,0.7149966200198119,0.5910000000000001,0.48061137237830076
EAP,2019,0.5121895150250133,0.8419360801807894,0.9728491656708442,0.5630759994090302,0.38112275351225594,0.5059720782978151,0.7006458966907285,0.64,0.49763250896890643
EAP,2020,0.527448687379211,0.8649157099162701,0.9718560349049588,0.5699306994811146,0.3948909586503125,0.5072550275943793,0.6896535396505923,0.7220000000000001,0.502695070740772
EAP,2021,0.5153199760424139,0.860706732315397,0.9764656808917422,0.5743452835473066,0.4183213222955519,0.5175916999484648,0.7059006860627814,0.7759999999999999,0.49038321264110074
EAP,2022,0.515321630021522,0.868226883368985,0.9772515211267887,0.5696190251702071,0.36822335509677007,0.5223113571810952,0.7058966496056975,0.816,0.48948990270914594
EAP,2023,0.5094077555960338,0.8775173482480132,0.9796978008391788,0.5806733524392422,0.32268229531779313,0.5294758584761302,0.6906680599704564,0.8420000000000001,0.5113358084737505
EAP,2024,0.5069912921545379,0.882770629349807,0.9897689620668928,0.5859859267450371,0.31676776107692584,0.5362604028290036,0.6859560899508719,0.861,0.5181409511375645
EAR,2004,0.5693630080260028,0.5097822560248884,0.6114347238007349,0.4219770750140852,0.38265342958023296,0.32190580656151735,0.6673020422293605,0.08287642,0.5048047161706544
EAR,2005,0.5601463333292019,0.5227906074190463,0.637360548891678,0.4270667857065664,0.42096974089851713,0.3278824756777051,0.6847951063717168,0.0941841,0.49381342431565
EAR,2006,0.5529409005772971,0.5371956968025411,0.6536525363668177,0.4360893099753942,0.44933538982719656,0.3341201604918328,0.6998518630902324,0.1162,0.48396195788500673
EAR,2007,0.5590358428744145,0.5471099367029078,0.6819063761550286,0.44206095052911776,0.45693336633736437,0.3398883223010932,0.6955775030460671,0.1162,0.48482981398322966
EAR,2008,0.5560935645073611,0.5351031342726693,0.7078776158254314,0.4471105105601709,0.45986658923395085,0.34255202946161256,0.7128470792414605,0.1162,0.4774738559478515
EAR,2009,0.5757030785422677,0.5429246456011756,0.7208620269721546,0.4549012620543289,0.40584791289910227,0.34120414830504264,0.6686542328232377,0.06461924,0.5113689762063172
EAR,2010,0.5771118181077028,0.5495294069430634,0.7367780094539915,0.45991680376758515,0.40533980062469477,0.34793560632588016,0.6774770331736435,0.07843513999999999,0.49077718098225187
EAR,2011,0.5718101919250494,0.551457405769332,0.761752720085128,0.46940742305554606,0.4051620792557695,0.35269931928887044,0.6898326573929892,0.09747513999999999,0.48133406243060417
EAR,2012,0.5666583980314767,0.5562963158495762,0.7743538112228112,0.47958879331106496,0.3972326324209733,0.3565421677721,0.6855579847663495,0.10707514,0.48777630450146026
EAR,2013,0.5709535024685161,0.5635871498656368,0.7983602492397583,0.48744376497712283,0.41845544959296693,0.3601662584507407,0.6754807177432665,0.09083514000000001,0.5084582472856733
EAR,2014,0.5755655838230576,0.5716973021209035,0.8112453087506895,0.49520300008680573,0.3967706043293264,0.3638354369942244,0.6642361971726574,0.06578619999999999,0.522026484274396
EAR,2015,0.5816111609623454,0.5814704689688865,0.8388227658521652,0.5061747416005828,0.42183414755563375,0.3678722548740062,0.6294999224649165,0.03869138,0.5567397794025322
EAR,2016,0.5867412992406618,0.5831752992723256,0.8586419281568158,0.5169807148231857,0.41773960098963303,0.37182379969407153,0.622106316364559,0.04043134,0.5580225932492402
EAR,2017,0.5841122356418574,0.5810558708554243,0.8861818693855916,0.5270536265200194,0.40725248333604813,0.3763635873704593,0.6307243441591444,0.1451562,0.5529130744334663
EAR,2018,0.5777132452841297,0.5885211120276264,0.9047358590496923,0.538371740124,0.4154595633184668,0.37973689805914146,0.6463285535154442,0.1451562,0.5459024611883927
EAR,2019,0.5860110617647364,0.5813656439286554,0.9146760934291382,0.547024404899199,0.4036134632129069,0.38121981873595534,0.6317469512109701,0.1451562,0.5622319117640129
EAR,2020,0.6093668490464216,0.5957900661979927,0.9227400890163651,0.5256098710075605,0.4031682204857199,0.3730728888703324,0.6153126594560114,0.1451562,0.5625758290436953
EAR,2021,0.597477660966473,0.5821321953069896,0.9443505836733257,0.5274531523876496,0.4269942546210012,0.38205227611943304,0.6475781034732939,0.3572,0.5337809355416545
EAR,2022,0.5864073515719174,0.5914601780425948,0.9433344155992547,0.5278732088585176,0.4130167631657352,0.3889134677984619,0.6671375957967609,0.41559999999999997,0.5220380640094473
EAR,2023,0.5838849886723387,0.5914601780425948,0.9498749921316563,0.5312955402358077,0.386152700608563,0.39373047354058166,0.6481846851861071,0.35200000000000004,0.5383200642554495
EAR,2024,0.5860484414852788,0.585981598456405,0.9306365467048678,0.5388492648957004,0.39682435337365685,0.3972884807511864,0.6289667122223321,0.3742,0.5522727283387128
EAS,2004,0.4142098578711253,0.8335515552684578,0.9288356591036315,0.43219910615783563,0.4158728673866342,0.45708813839730855,0.6462322663747153,0.2136,0.5890250742892289
EAS,2005,0.4077191444624206,0.8282635213034086,0.9241966464900804,0.4413203258469891,0.40154429884379733,0.46440573823107456,0.6543252871212173,0.147,0.5827528157830311
EAS,2006,0.4139838200972617,0.8225634744922323,0.9371961002273865,0.45474514277175127,0.4529381423375806,0.4724267804237864,0.66441290768985,0.166,0.5670714188297015
EAS,2007,0.4268472040160757,0.8122637374840238,0.9372851180778028,0.45973690009172774,0.49150856850832736,0.4818021385755512,0.6701381564257805,0.20800000000000002,0.5549895904846891
EAS,2008,0.44111403809248967,0.8082476060946042,0.9439760358893388,0.4697413343336896,0.45992073339548345,0.48700191799821047,0.6725326048633868,0.252,0.5486122991088611
EAS,2009,0.4420732064467919,0.8196613012956553,0.9412425839743843,0.4812886110893775,0.41099969384827956,0.4897231319310492,0.6650095021047784,0.295,0.5608259370772055
EAS,2010,0.4435979971671341,0.8127261093676061,0.9479938049939145,0.48849655511237655,0.4719875810075342,0.49937383377236777,0.6757899819495004,0.342,0.5441467922172185
EAS,2011,0.44991487153165527,0.8095716633135177,0.9536198414592665,0.5006801092829534,0.4668483594010564,0.5060187939183639,0.6763898346214317,0.373,0.5398735148471383
EAS,2012,0.4528048250247561,0.8131834561196227,0.9558798262515191,0.5060107658661614,0.4414301508372672,0.5122060167886869,0.6739607070180518,0.40399999999999997,0.5418577024054079
EAS,2013,0.4616907876348403,0.8171741327409112,0.9590361843558135,0.5307413061274855,0.46182953891194545,0.5185161446225589,0.6759836893985072,0.43200000000000005,0.5352271955999708
EAS,2014,0.4602655139621263,0.8229885244877408,0.960950340501534,0.5518312497024747,0.4678411244338281,0.5242145537270634,0.6777802765878924,0.455,0.5336895764068013
EAS,2015,0.4604376438244805,0.833192631740775,0.9646358039170879,0.5701363285785996,0.4643633476573654,0.5298649558629979,0.6680639382065752,0.483,0.5449720995177598
EAS,2016,0.4527119823684332,0.8377059065949508,0.9656284104579971,0.5789845616268687,0.4332533336478569,0.5354494872769325,0.6569199087085358,0.539,0.5609011665777031
EAS,2017,0.4453157409465983,0.8380761696594767,0.9733335411872277,0.5848314998244559,0.4322204818227761,0.5415934166504176,0.6636166792512721,0.578,0.5560703499984059
EAS,2018,0.43678118190678644,0.840916924216845,0.9729762175277896,0.5918913042509302,0.43002642773640726,0.5475169327411554,0.6656714198068656,0.625,0.5577254477721731
EAS,2019,0.43903625434692317,0.8497597826379906,0.9754784347502374,0.6002279208034418,0.4106214130986823,0.5525182197652226,0.6552341249659668,0.6709999999999999,0.5688438769728053
EAS,2020,0.4543250926109,0.8714602877709225,0.974572409381369,0.6064966950519057,0.42463644246257476,0.5518418548117013,0.6505963000160653,0.7390000000000001,0.5685435968980137
EAS,2021,0.4500217674455376,0.8683211473147012,0.9787184357814853,0.6099839136646521,0.45391367885867945,0.5604223666887508,0.6661125658546487,0.788,0.5533704901558005
EAS,2022,0.4541774296885842,0.872400305773573,0.9794219532373551,0.6067057231479906,0.4335519479449841,0.5644375602366968,0.6656490324014215,0.8240000000000001,0.5514715692300385
EAS,2023,0.4486713182111832,0.8777891003801421,0.981634982631272,0.6162596824844089,0.3814589766088704,0.5701232222998459,0.6545044078488957,0.8490000000000001,0.5660487158707812
EAS,2024,0.44713228743650413,0.8816700209488981,0.9963269965262544,0.621531024760059,0.3836701877813734,0.5752869969954201,0.6549424321866963,0.866,0.5811362255588302
ECA,2004,0.5700650100957588,0.650458497999289,0.9900859958127928,0.6038909825412166,0.4803830709871795,0.39958105086408524,0.5431509303334836,0.43499219999999994,0.44589144775816036
ECA,2005,0.5583858220217353,0.5675083606861138,0.991512524917459,0.613078225818469,0.5209570577178047,0.410850927440915,0.5560403180631424,0.08900000000000001,0.4392644918817963
ECA,2006,0.5315568390829954,0.5648321000828004,0.9910505820346645,0.61998207507748,0.5998257831870046,0.4216641406215297,0.5773306849781541,0.11599999999999999,0.4397671292850096
ECA,2007,0.5145690995649099,0.5763448064165171,0.9924270743378472,0.624846288165104,0.6430357696372736,0.43133940776818036,0.5826171882158702,0.163,0.4588826853684336
ECA,2008,0.5103956809205685,0.5643875139814136,0.9928708582712353,0.627477875931786,0.5993171126493404,0.43479234360027574,0.5921715085753709,0.20600000000000002,0.45489368128891616
ECA,2009,0.5248618309429542,0.5719484519022675,0.9936858337156238,0.6395541498888506,0.5411648143556567,0.4285248243161329,0.5579179624777393,0.25,0.48770531527919303
ECA,2010,0.5449316682466828,0.5910683932123184,0.9955221464442818,0.6370020701699532,0.47261588606131555,0.4373399692783354,0.5665704915276708,0.30100000000000005,0.4555551448762145
ECA,2011,0.5377560559892041,0.6011605876515793,0.9956236280049886,0.6361556045612673,0.5391793189679416,0.44776754018380205,0.5900663477739467,0.349,0.4270288102163562
ECA,2012,0.5279178060841025,0.6060847350338576,0.9965076971732119,0.6421004366219392,0.4889945362729546,0.4523687452303221,0.5867261085736961,0.394,0.44249696339391686
ECA,2013,0.514765026811881,0.6215617663917186,0.996897291239315,0.6477589017762675,0.44190351858111254,0.4602777430557784,0.5869525771256343,0.43200000000000005,0.44698369552991446
ECA,2014,0.5204250436755865,0.6285780158291614,0.9975396762906605,0.6515030209025361,0.4345449993094034,0.4635421412214019,0.5905806148635755,0.48600000000000004,0.44846235633183085
ECA,2015,0.5342533250937477,0.6210463222625653,0.9973438227555764,0.6631842769067817,0.47457099554684457,0.4671520520315263,0.5697936198444669,0.519,0.4585343861700837
ECA,2016,0.5283646506533634,0.6248067660371899,0.9984683701193982,0.6705242281660784,0.5196892811515668,0.4698487970049302,0.5717283528011152,0.562,0.45620504016452923
ECA,2017,0.5117815693739233,0.6195261937020702,0.9990665984078442,0.6748486746310323,0.43904668738947594,0.47706636462904795,0.5822203392879306,0.606,0.46028718507559807
ECA,2018,0.503456579820961,0.6045675577574519,0.9993383134441753,0.6805459686015829,0.42680414048422466,0.48118857604456233,0.589713575392556,0.658,0.46401354565128283
ECA,2019,0.5106949095641172,0.5949686305450961,0.9996091096833135,0.6884935803367456,0.4383955567792327,0.48361216715282873,0.5669949276104354,0.703,0.4880154556001308
ECA,2020,0.5231077061218208,0.6238697575586154,0.9997422448377904,0.6863765488187279,0.4034864865003875,0.4829798672721227,0.5630385992593216,0.745,0.4806299310727704
ECA,2021,0.5083513696952318,0.6080932672561474,0.9995619548976844,0.6863227412347022,0.4354599994625711,0.4949842118654525,0.5992042076211734,0.7909999999999999,0.45418126818078974
ECA,2022,0.511870945074844,0.5665321476527625,0.9999039335203612,0.6801309981101906,0.40320190722176547,0.5001677669381052,0.6052534284656623,0.8200000000000001,0.45284149157096865
ECA,2023,0.4947526158684726,0.5548819293176106,1.0,0.6888135882687481,0.4050182616759224,0.5083426343932865,0.5643740218386568,0.846,0.4940195308471069
ECA,2024,0.4797953587874323,0.5514561118795602,0.8276628747237822,0.6925356078331553,0.38571122686383313,0.5131031301474213,0.5339140587358824,0.858,0.5284702201512106
ECS,2004,0.27481231603725753,0.7435730278208503,0.9912772604793556,0.7466364744242013,0.4666325841277688,0.6348663224263792,0.48495769527925114,0.4383324,0.6334840977736826
ECS,2005,0.2610937018309633,0.7523386375624492,0.9917476710664079,0.7515676539090936,0.6805747357570597,0.6383535630194114,0.4881542949051889,0.34700000000000003,0.6304621294745374
ECS,2006,0.25355045036378027,0.7606450289907072,0.9919944468568449,0.7557486451592714,0.7452694814823542,0.6434562024548861,0.4942269409175317,0.38,0.6247185480693185
ECS,2007,0.25632832347292306,0.7704756701401372,0.9927039335059753,0.7598496473882905,0.8615045471770231,0.6483060756026718,0.4935396220558017,0.436,0.6249389550998798
ECS,2008,0.2586949676571682,0.7695467063218207,0.9932211186018796,0.7661647584147455,0.6307679695943558,0.6491990474965587,0.4955080960093676,0.48100000000000004,0.6268268281830127
ECS,2009,0.2514570522708801,0.7760349792992223,0.9938879688148301,0.7777464731495645,0.526349624293049,0.642043411986058,0.46180826977422473,0.527,0.6571350103892679
ECS,2010,0.26441062470361265,0.7683068467478218,0.9961733194730673,0.7798003358025851,0.49707042492577624,0.6452846065715762,0.4703733572935618,0.5700000000000001,0.6432819685175706
ECS,2011,0.2697265838942726,0.7599891280666993,0.9961556783957306,0.7824579236705134,0.5894751643985312,0.648298094050536,0.4760480880027067,0.6020000000000001,0.6349048944582925
ECS,2012,0.2679345233987375,0.7549240925884209,0.9980364356003442,0.7847263466571857,0.52292601992791,0.6481862213146982,0.4733387731515122,0.638,0.6369661967604396
ECS,2013,0.2689983888318329,0.7488219473343172,0.9982803909770421,0.7887651361447312,0.492992002319005,0.6488871106240975,0.4664822130199042,0.6609999999999999,0.6411384674253942
ECS,2014,0.26869970640339774,0.7432579674115884,0.9985847315530654,0.7915351570762676,0.45397145227547747,0.6510737428675658,0.46058708253223735,0.6890000000000001,0.6448162714327372
ECS,2015,0.26642768873852934,0.7405317512660794,0.9904574464698515,0.7958294883731325,0.6485451462393885,0.6534204114122663,0.46062309375757393,0.6990000000000001,0.6483004899490745
ECS,2016,0.2620764029325249,0.7390661682956905,0.9980455703124678,0.7989997810887095,0.712041795048086,0.6555138358143396,0.456731644841605,0.723,0.6503675951332712
ECS,2017,0.2638138540837869,0.7287665872374811,0.9995905384538677,0.8013719281117,0.5601834752863756,0.6591862052941965,0.4621017258979867,0.745,0.6467581784888758
ECS,2018,0.253691122447959,0.7263992186385364,0.9996663249107165,0.8037659349107629,0.23425731725824095,0.6617131462922016,0.46622535148242505,0.7809999999999999,0.6452827076505798
ECS,2019,0.2564031864174057,0.7239734250721803,0.9994683463968954,0.8062430779204459,0.47503383317723535,0.6638245507328838,0.4623598013160377,0.8029999999999999,0.6489222655475451
ECS,2020,0.26255089306962504,0.7451128444276656,0.9997262227721624,0.8075552755915161,0.312608735694523,0.6555234158711493,0.4534995202854184,0.8340000000000001,0.6584955610223786
ECS,2021,0.2577116033990469,0.7325620422434689,0.9998651683637414,0.8083600584342063,0.4572374728405181,0.6649598153124158,0.46661373415709373,0.863,0.6465711177885369
ECS,2022,0.26744333012703797,0.7247983597317862,0.9999740961291801,0.81421438086945,0.361646539985771,0.6698232714184872,0.4866945602271062,0.8790000000000001,0.6410943352930487
ECS,2023,0.2601754123299611,0.7099959015287967,1.0,0.8190154200611377,0.20478709700227055,0.6712496156542761,0.4792974467526774,0.8959999999999999,0.6521500137465486
ECS,2024,0.2569077199406033,0.7042562549212863,0.9994782058266296,0.8212762543758139,0.3237574838790683,0.6729587715231661,0.46130569754057116,0.909,0.6601131753499936
ECU,2004,0.5203786232416867,0.4081137897918528,0.9390376237006297,0.6388329337856158,0.43878117031160013,0.416247954351176,0.5859612643499927,0.0483444,0.5176950015227177
ECU,2005,0.5138401356506886,0.42264689346622036,0.9510141302877253,0.6441118147032183,0.36374326371392485,0.42136819583436413,0.6247937603802898,0.0599426,0.4996647477410687
ECU,2006,0.5136584379234755,0.4260049282113861,0.9569560662560122,0.6476912715335557,0.3226819793117026,0.4250418618171926,0.6637762301224244,0.07200000000000001,0.46704076771178116
ECU,2007,0.5117010712363865,0.435865484986423,0.9628675462424807,0.6603261542780428,0.30933188585255494,0.4252982594906499,0.6727177674787219,0.10800000000000001,0.45807162472598417
ECU,2008,0.5033107688186398,0.44117525801818586,0.9675750108202648,0.6648456861507848,0.3965760267627033,0.43205153795964424,0.718670551498835,0.188,0.42864139238687926
ECU,2009,0.53689690686738,0.44932842298151215,0.9593242954667272,0.6578921323661557,0.31744396787224854,0.4311507542084553,0.6088579233632223,0.24600000000000002,0.5040221308102302
ECU,2010,0.5297955569142841,0.46756781362055705,0.9710930426900379,0.6685013393976296,0.2998626168551918,0.43444960134050226,0.651150104964981,0.2903,0.4854670378603445
ECU,2011,0.518767910472905,0.47158003859307157,0.9640462149402405,0.6740720224223553,0.33725398782574445,0.4438823794901595,0.6992141554154274,0.313668,0.45119320145555886
ECU,2012,0.49310152485298253,0.4781683439415633,0.9675750108202648,0.6803033663275686,0.3261105918116513,0.4497313546007219,0.6950849021547061,0.351351,0.45528235667519334
ECU,2013,0.49201904915363887,0.4789879694219806,0.9769326866615113,0.6781001494822783,0.3330196902728923,0.4576640216669886,0.6916466109040778,0.402791,0.45994728707402865
ECU,2014,0.5048770418215358,0.48391082021090176,0.9885240125752848,0.6838669788969316,0.332957872887569,0.4615930938194218,0.6765246782985452,0.45590400000000003,0.4735529061027268
ECU,2015,0.521745927109701,0.4892475082039654,0.9862150483999299,0.6772783975740841,0.372572961389213,0.45968989535907656,0.5594572737146726,0.489404,0.5492812648381764
ECU,2016,0.5231068226061044,0.5003329809823251,0.9850588305383061,0.6798709855923217,0.3350888868731913,0.45657174377391396,0.5497476692172332,0.540629,0.563779394354158
ECU,2017,0.5185987197761145,0.5183225540207521,0.9908283634325308,0.6723780258855636,0.32341238974785447,0.4627683693423671,0.5659515076767407,0.5579999999999999,0.5560796068192828
ECU,2018,0.511609122551883,0.543100731250048,0.9850588305383061,0.660271750817913,0.3681969177987311,0.46178601464006463,0.5581535035461187,0.5750000000000001,0.566472311389695
ECU,2019,0.5154859591588407,0.5666320019492919,0.989676763516206,0.6640001245733269,0.34357268394027507,0.45957399767225005,0.533924914525792,0.5920000000000001,0.5767017437865083
ECU,2020,0.531210739083151,0.5971129326677935,0.9873701083065667,0.6541463691437097,0.36000460439869986,0.4437803086784907,0.4828528226091029,0.7070000000000001,0.6040707768078986
ECU,2021,0.5233136905410524,0.60021571610549,1.0,0.6388174651483394,0.3235576361892053,0.45572460375425916,0.5464847532358879,0.691148,0.5621546954120529
ECU,2022,0.5045545250594945,0.6115258554777718,1.0,0.6404845547075775,0.3334469156695746,0.46284496650494045,0.5846446449230214,0.697181,0.5583104864059596
ECU,2023,0.5210835537636518,0.6202349317534401,0.9850588305383061,0.6565316897998268,0.3098594180429899,0.4644360742586763,0.5504781349598542,0.726943,0.5645893339572461
ECU,2024,0.5574173282022986,0.6269428453215171,0.9949560502629634,0.6362947255591846,0.30714802597605917,0.46025306803856536,0.5314114101858305,0.771727,0.5424093736126312
EGY,2004,0.647262619984448,0.6184024957986531,0.9746003760175901,0.5877918110238771,0.38755210154881675,0.3374740126730652,0.6620102241449024,0.1192,0.3351025912954726
EGY,2005,0.642718448108516,0.6063668903555994,0.9931281193697661,0.5796165583975954,0.6742072833867465,0.34088752992812166,0.6546328796537866,0.1275,0.35117007758173413
EGY,2006,0.6305645872757777,0.5981640539258917,0.9885240125752848,0.5683359239184087,0.892422810054895,0.3476595515760258,0.6825552742914416,0.1366,0.32731029960494373
EGY,2007,0.6336087425663215,0.5806695657473406,0.9815832059480165,0.5609115094922354,0.8616901513479622,0.354857562279148,0.6675852034244758,0.16030000000000003,0.36931257116206284
EGY,2008,0.6201759146551278,0.567174817593254,0.9977139195282607,0.5653602278070542,0.663527487462979,0.3621776392054784,0.6833374856230952,0.1801,0.36510113524466936
EGY,2009,0.6265233942824906,0.5299298808845476,0.9873701083065667,0.5767532517979745,0.5149465642739691,0.36606570327973265,0.6779539362599443,0.2,0.36318693512894074
EGY,2010,0.6322927126389497,0.5108909998676143,0.9931281193697661,0.5769326317558168,0.47379442629493124,0.3705660187429375,0.6775174839709837,0.21600000000000003,0.35691688439115365
EGY,2011,0.6409197738495329,0.497908117760176,0.9931281193697661,0.5879266407080328,0.27070939655339826,0.3700504542514532,0.6797989243683993,0.256,0.3471100090581305
EGY,2012,0.5951605777831522,0.46998207460595226,0.9965691777763395,0.5991251835839368,0.34925300097818823,0.36998808872066313,0.7228264711870278,0.264,0.45577930806480627
EGY,2013,0.5951913580298686,0.46058081474962326,0.9988575261865398,0.5971746132685123,0.3786100239883724,0.3697800841203126,0.7307087070850644,0.294,0.4646740967444165
EGY,2014,0.5964190521829494,0.45545229206179977,0.9977139195282607,0.5985191150973028,0.38224252576421447,0.37064754360280194,0.7307501634702904,0.33894599999999997,0.4650127015243406
EGY,2015,0.5975057174237928,0.4613531235143535,0.9919788146205688,0.6118207987420368,0.420856312353625,0.3738114095787398,0.6889521356109627,0.37819400000000003,0.4791058870802467
EGY,2016,0.6046180892568874,0.5177746610032972,1.0,0.6144506596757973,0.4427218829508299,0.37703323778751197,0.6298029800489795,0.41248100000000004,0.500453919782323
EGY,2017,0.5895304138067964,0.46745197968507574,1.0,0.6078682366967452,0.4781546959094608,0.38007781965563237,0.6581584904370241,0.449502,0.47909613550775676
EGY,2018,0.5864040216140738,0.4441224400885874,1.0,0.6442996172100344,0.485794092286919,0.38486202363378397,0.6712610193105231,0.469243,0.4535908638860162
EGY,2019,0.5837057852409135,0.43092263058229824,1.0,0.6300884781534166,0.46802269592515167,0.3901567297798737,0.6780766041770583,0.572829,0.43855247316769885
EGY,2020,0.5930932901782251,0.4569870251390677,1.0,0.6404401651166873,0.38324339065510893,0.39286129802617886,0.6285004864747938,0.719142,0.46008528955936967
EGY,2021,0.5983290690524741,0.4765361701322523,1.0,0.6545056313398652,0.36251870718539775,0.39539639357747947,0.610360793480512,0.72056,0.4676226374301673
EGY,2022,0.5887208301624997,0.4957512190826853,1.0,0.6552686287252518,0.4396382790737726,0.40249853946504366,0.6336299290336225,0.721981,0.44996939025929983
EGY,2023,0.5817237783177303,0.4842770139080205,1.0,0.6562739692916626,0.44577419849758665,0.40540535477141704,0.6339736882276239,0.726899,0.45370138546188743
EGY,2024,0.638388769875811,0.4714049773809487,1.0,0.6596190396494412,1.0,0.40633067797012534,0.6314022274662374,0.7054190000000001,0.40647378944603796
EMU,2004,0.2472301070172035,0.731509920174406,0.9998921906196934,0.8010512772470046,0.4569232912978052,0.7040569200837662,0.4776973337760484,0.7059092,0.6438738468546803
EMU,2005,0.2289995843636606,0.7424125668836667,0.9998757316701221,0.8060032512713073,0.6741047738887167,0.7058399779708483,0.47373405586345774,0.7598404000000001,0.6469547462759904
EMU,2006,0.21881146887056344,0.7506871840262102,0.9998553777401815,0.8079000055617378,0.7589526434529685,0.7098925807890274,0.4772053184911704,0.7057692,0.6428406476769815
EMU,2007,0.2237455839732487,0.7573048127960864,0.9998828209373647,0.8107126926795449,0.9288783315662503,0.7134294769780206,0.47683371502298,0.7057692,0.6431888985184875
EMU,2008,0.21747088046359428,0.761283790443605,0.9999133498828972,0.8213839767433018,0.5843593973812429,0.7132963091430683,0.4689631274397714,0.7059092,0.654523145773116
EMU,2009,0.20476858890585536,0.7665828908461532,0.9999469060361701,0.8307019190606413,0.5565814818222159,0.7061437130839433,0.43611628428481186,0.7057692,0.6798231515260262
EMU,2010,0.21640717506040263,0.7606625392789692,0.9999548356605947,0.8354017565641052,0.527277664173589,0.7088172717372908,0.4408276062774874,0.7598404000000001,0.6718732415318116
EMU,2011,0.22048405306305485,0.7563947673379874,0.9999557014700686,0.8416526624270473,0.6822859943425901,0.7116455810222094,0.44048319317530393,0.7598404000000001,0.6692714031704634
EMU,2012,0.22098223332964964,0.7519693755418158,1.0,0.8438717041825328,0.5700636469615433,0.7099903086220304,0.43636159385602635,0.7059092,0.6709368952611632
EMU,2013,0.2222009874451548,0.7451024743710868,1.0,0.848625056085329,0.5766062627331208,0.7095189557520779,0.4291013776758337,0.7057692,0.6738975457295218
EMU,2014,0.2203987236411827,0.7352756338968001,1.0,0.8511458408276864,0.4843329881683486,0.7113669700442095,0.42603362153221225,0.7598404000000001,0.6745987393478736
EMU,2015,0.21702189332737504,0.7286562648476831,1.0,0.8524397990792094,0.7349535760432478,0.7140425538889837,0.43377664490195467,0.7057692,0.6704605670336563
EMU,2016,0.21237464727123537,0.7262480581137956,1.0,0.8546420025996935,0.6059745976542048,0.7162320751910317,0.43373028302019234,0.7059092,0.6697578086921583
EMU,2017,0.2201027413691779,0.723563888791938,1.0,0.8549449084555523,0.5597842182020225,0.7197045741184026,0.4332055767064251,0.7057692,0.6684662808197199
EMU,2018,0.21443624635686095,0.7204452976812186,1.0,0.8561963587935009,0.3558931939465086,0.7218222981598493,0.4335183253289414,0.7059092,0.6689298717619252
EMU,2019,0.21248497059762067,0.7185902900098089,1.0,0.8568564565805983,0.4912216654541398,0.7238937696985236,0.43237048101618547,0.7598404000000001,0.6702873149533395
EMU,2020,0.2143314381930507,0.7402301730278447,1.0,0.857499523205544,0.262738606600366,0.7146195162659484,0.43120635424750087,0.7598404000000001,0.6762403812791393
EMU,2021,0.21317700241472626,0.7289332948389426,1.0,0.8575957029348666,0.5071620977026962,0.7235826153014696,0.4357932942513705,0.7598404000000001,0.668477707550224
EMU,2022,0.2235662142665399,0.7186954078460892,1.0,0.8596673532493231,0.32540814682107533,0.7283848318967802,0.44838758452932836,0.7057692,0.6684850197882493
EMU,2023,0.21873784535245652,0.7044796680845189,1.0,0.8627000571853203,0.17121223198969154,0.7284204491717269,0.45615658391315583,0.7057692,0.6720935126252163
EMU,2024,0.21895682618097564,0.6978128122121998,0.9993138355552679,0.864127179097427,0.3909097721308396,0.729158616866958,0.43561326537884115,0.33885820000000005,0.6790450615098358
ERI,2004,0.5825847930950769,0.46643281096355377,0.0,0.3679038653113076,0.4254621222678869,0.1694876077871772,0.386157589586017,0.0678,0.509534352734238
ERI,2005,0.7510742440898878,0.47135798269720813,0.0,0.3538243758742361,0.29250265731144404,0.16970321474712102,0.4064778071955608,0.025021872,0.42972968351392665
ERI,2006,0.7704710797415295,0.45864426244782647,0.0,0.3458399675962749,0.36663915943827974,0.1660055541639961,0.34920496440595183,0.08567086,0.4145232877412667
ERI,2007,0.7673394019792188,0.41012710140545366,0.0,0.34642388015060366,0.3196056426581197,0.16594498493663612,0.3758628797682917,0.0040999999999999995,0.4436308444769499
ERI,2008,0.6835023371418374,0.42339342952707354,0.0,0.3170507500635704,0.46791667580125124,0.14720779162025932,0.5203569483339505,0.0047,0.31979131091105184
ERI,2009,0.6449763619339173,0.3649473565883035,0.0,0.3280835636110022,0.6029882715454269,0.14908373419172627,0.4373190012983479,0.0054,0.3215979454234037
ERI,2010,0.7434011667775156,0.4156761265872753,0.0,0.32003701128684314,0.6566031728750201,0.14938191732482387,0.45045364533748505,0.0061,0.33136932401450947
ERI,2011,0.7419564915128439,0.3747785736824067,0.0,0.34350238124691446,0.4069316727820578,0.15884801487468503,0.5270503149839134,0.006999999999999999,0.32350950648948534
ERI,2012,0.7148755926772945,0.3571380986029156,0.023168887097241075,0.3488698180993848,0.43503789600806597,0.20840857727940465,0.4869983087127706,0.008,0.3463984121249952
ERI,2013,0.5750454586665789,0.5168280829213245,0.054696879125601505,0.3146433476566757,0.6154461137155397,0.32301113627443323,0.5248557170958097,0.009000000000000001,0.3822130062743054
ERI,2014,0.5018584481537559,0.6151130922144825,0.0828594313977371,0.36566123913556847,0.7221121282995012,0.42519478999300564,0.4765326772572765,0.0099,0.4361128668510533
ERI,2015,0.7429944544404588,0.3898473186372949,0.11281766692914719,0.3234407278043303,0.34645876139445264,0.17827030350043074,0.46571442770911736,0.010837300000000001,0.36750575552501036
ERI,2016,0.7181708408140055,0.3747127636778434,0.13961211263333695,0.34465947405321895,0.3835678101738313,0.20957039940684002,0.5088037245770444,0.011771199999999999,0.36510399635974145
ERI,2017,0.7710697493331258,0.21238014518832715,0.16579816923338875,0.31309238995431565,0.3209375233397238,0.19349122415242756,0.39827070283540056,0.025,0.364146858619955
ERI,2018,0.7382127527401702,0.4219682177437846,0.19140285236523802,0.34762643505573276,0.3852027955090503,0.19547178629844064,0.5039759408539073,0.053,0.3218590152377045
ERI,2019,0.7487455154834143,0.45081536466197425,0.21870181251886756,0.35654719805103685,0.432825945629668,0.214430768078675,0.5267511281593588,0.11199999999999999,0.30272793234451195
ERI,2020,0.7542734202279568,0.4219105775057274,0.24317061731401513,0.33583469379701913,0.43063492901286826,0.18626607883554885,0.5271427484415735,0.14349399999999998,0.2999488927010847
ERI,2021,0.8373891059627769,0.4106577539825923,0.26713106248675533,0.3292185459161354,0.4166195564784271,0.16805871030004804,0.435798111553118,0.183844,0.19731077899442964
ERI,2022,0.7843983266981285,0.45387114936968037,0.2863714437944864,0.33943800620985165,0.4502624835737624,0.1930879923281866,0.4875046759641786,0.187092,0.27008751309284806
ERI,2023,0.8008526303226992,0.4709933383595676,0.30737980645230945,0.34725484612358537,0.4186033916854644,0.1999924868473645,0.48295533709617705,0.200104,0.24057205770921622
ERI,2024,0.6536418247735603,0.3197985028896554,0.22598810977360487,0.3529347927258466,0.47496161526039293,0.17946390166327514,0.5754616124202659,0.17972100000000002,0.37205452473159556
ESP,2004,0.33475895247844684,0.7872921989625754,1.0,0.7762837963353024,0.4400116148495874,0.6721259625934707,0.5396593371960454,0.4401,0.5868099383225212
ESP,2005,0.31297965995853894,0.8225921533864069,1.0,0.7838131161044557,0.4434284107390938,0.6747391646219499,0.5426065072985455,0.47880000000000006,0.5829818259592505
ESP,2006,0.28913776851807377,0.8541743900365333,1.0,0.7903476437928711,0.4668834061514434,0.6780392460309702,0.538418474835634,0.5037,0.586166589544924
ESP,2007,0.2956329886125196,0.8693737872003677,1.0,0.7963979701929786,0.5937946640053059,0.6803928386684978,0.5268982524734507,0.5511,0.6044931973300338
ESP,2008,0.28581347626002784,0.8734662200439072,1.0,0.8134718465020172,0.5678180674964667,0.6791864582269621,0.5254203559565238,0.596,0.6364645694051347
ESP,2009,0.2782967200718847,0.8768847880461972,1.0,0.8389588930002407,0.3169061926771319,0.6723253798380103,0.49873035717130865,0.624,0.6776758404278969
ESP,2010,0.29030272131415674,0.8742246848160202,1.0,0.8491575617663432,0.44794748729864337,0.671793630637676,0.462401802264506,0.658,0.6750246550865047
ESP,2011,0.28644165380127334,0.8685630437534893,1.0,0.8654349735532891,0.3972193180738852,0.670345971160231,0.43881216245564936,0.6709,0.6937886789596552
ESP,2012,0.288928228697682,0.8553860195443914,1.0,0.8685563783026766,0.3781468383503195,0.6660321152787093,0.41431292762972016,0.6981,0.7050903689174044
ESP,2013,0.30334021685330725,0.8382281319124534,1.0,0.871939889306792,0.5092523992604895,0.6644703334596834,0.3961901970420598,0.71635,0.7048792049433699
ESP,2014,0.29782781322523905,0.8116648796536827,1.0,0.8797156015517991,0.43477301869026397,0.6671083188768355,0.39238768076721886,0.7618670000000001,0.7038925340409397
ESP,2015,0.3107425727920449,0.7916370757433124,1.0,0.8731869196527176,0.4123136691570214,0.6730064689327465,0.3936747759339396,0.786896,0.6978135713141382
ESP,2016,0.31655981125900345,0.777442987795699,1.0,0.8764924159488814,0.5194288376534462,0.6770654715459247,0.3905553884637831,0.805613,0.6970102856770404
ESP,2017,0.31582280460748297,0.7656293102794993,1.0,0.8727596439675742,0.44934890460384813,0.680856603960336,0.39323356689809197,0.8460219999999999,0.6946319076531213
ESP,2018,0.30933022477876765,0.7518546227267642,1.0,0.8728259206443618,0.5747635116735941,0.6836372101274603,0.38921934637540967,0.8610720000000001,0.6963959892159206
ESP,2019,0.29734219887422186,0.7417077270128414,1.0,0.8709539132465931,0.42462718991175863,0.6854160949819664,0.39499168474505475,0.907187,0.6983227991814993
ESP,2020,0.3146433667148291,0.7706726696634678,1.0,0.8698845161862994,0.474161686085707,0.6678579291936687,0.3983732669128537,0.9320560000000001,0.6999282808542184
ESP,2021,0.3136058929029845,0.7509450582072785,1.0,0.869616532888339,0.5718508004621746,0.6769900398571992,0.4030483766491415,0.938975,0.6877655394284736
ESP,2022,0.2869461269528193,0.7263974695992377,1.0,0.8717609242804003,0.5870378878608338,0.6849108886336505,0.424008352938001,0.944855,0.6896744313766447
ESP,2023,0.30312617633042577,0.7003877561937604,1.0,0.8791989288381679,0.4727400753448734,0.6867292608989625,0.3945026634360451,0.954456,0.7036976557625185
ESP,2024,0.3126393611722219,0.6884048573108026,1.0,0.878885128517727,0.4453513634922312,0.6901777212411467,0.382262370511782,0.957575,0.7064229816836027
EST,2004,0.3621310177382509,0.5540031919819244,1.0,0.7448056361232207,0.8662667805570357,0.5763321711100046,0.5111409305976475,0.532,0.5787577646356179
EST,2005,0.34434284369634566,0.6284797203126977,1.0,0.7423580347368861,1.0,0.5903664433951298,0.526683398786508,0.6145,0.5714617035012912
EST,2006,0.3362604382418852,0.6943026345191785,1.0,0.7487874901365714,0.9560708138668446,0.6047431536486972,0.5392213718086862,0.6351,0.5533543957187668
EST,2007,0.3774587046681038,0.7151401467032119,1.0,0.7361097143316058,1.0,0.6159985904104045,0.5374015807069126,0.6619,0.5410183711971595
EST,2008,0.35063252073917595,0.7302788474802249,1.0,0.7433186075847891,0.8126333214123722,0.6087508345516232,0.5244014713795884,0.7058,0.5784168854166252
EST,2009,0.29401636464592207,0.7575153216356982,1.0,0.7780786469148611,0.9026321498367111,0.5860707985929557,0.4684518217545621,0.725,0.5973090410322186
EST,2010,0.33781530183999436,0.7378994961012371,1.0,0.7868597485016897,1.0,0.5899148151242449,0.48392733185550996,0.741,0.5838532229146609
EST,2011,0.36454365928487753,0.6986227596467733,1.0,0.7655291658605026,0.5965599609765182,0.6009973138624697,0.5096265951935788,0.765,0.5620399390384669
EST,2012,0.34421138519893646,0.6824154272475962,1.0,0.7771545603960268,0.7845915956892244,0.606751370433989,0.49578570308707137,0.783899,0.5730519058427546
EST,2013,0.3306482555494589,0.6709004976300272,1.0,0.7868503160058409,0.564770799681097,0.6097954197287104,0.4966941172387478,0.8000430000000001,0.5807434184497606
EST,2014,0.33459399141530466,0.6632166920666638,1.0,0.7916269894956351,0.7125782791997259,0.6149208161647101,0.48536150457034855,0.842415,0.5835032418158423
EST,2015,0.31600922857369557,0.6681553946654668,1.0,0.7798998356435418,0.08428457659361849,0.6174695734257157,0.465111304138518,0.884097,0.5953893720021513
EST,2016,0.2648637795215576,0.6703959656391039,1.0,0.7906415521102925,0.5293214553443083,0.6218489006178717,0.467578421530374,0.872402,0.5969964203728351
EST,2017,0.2847577098910571,0.6517059450274227,1.0,0.7934858997135188,0.6952547844850179,0.6296299685344561,0.46647326836685554,0.8810250000000001,0.6016713509387559
EST,2018,0.263133095410591,0.6442259222603988,1.0,0.7953664886565188,0.549556406439491,0.6343980739925966,0.4687109592930936,0.89357,0.6084126861434425
EST,2019,0.27947134880963054,0.634872602135403,1.0,0.8031227280850319,0.9197319634594538,0.6391697750679527,0.4480943175618597,0.902289,0.6182706210142874
EST,2020,0.2537577194413174,0.6503255801389718,1.0,0.8024070095138622,1.0,0.6346354999187486,0.4362678416754029,0.890583,0.6409179002360554
EST,2021,0.25470922486490105,0.6388283037302804,1.0,0.8119772774141532,1.0,0.6459950286902066,0.459139584220597,0.909797,0.6238145333683622
EST,2022,0.29231763187303794,0.6310088504544076,1.0,0.8162232224178587,0.5788243950042804,0.6422641218233315,0.46459543175477536,0.9152020000000001,0.6235934320871728
EST,2023,0.23548871966197635,0.6326730648685297,1.0,0.8269031110414629,1.0,0.6359353564903266,0.42676428166756053,0.931834,0.6570358194799986
EST,2024,0.2399483675961303,0.6433958252573195,0.9993138355552679,0.8306669152142478,0.0,0.6355870740919277,0.3990581456586675,0.92238,0.6645726656401534
ETH,2004,0.8749713402822414,0.3619132095294107,0.0,0.0,0.6341767556998779,0.009504937916030798,0.1801169322178453,0.00155335,0.2323478673171544
ETH,2005,0.8895107196128417,0.38996222796699037,0.0,0.0,0.42314839635581014,0.021372749560899074,0.14602541740941288,0.0021966,0.21195754181450388
ETH,2006,0.8970220455191594,0.40715364245530633,0.0,0.0,0.5162406148801347,0.03200642714395119,0.13823512180117148,0.0031059300000000002,0.1991557610757031
ETH,2007,0.8955979901645419,0.3860844388531079,0.0,0.0,0.3573313559925883,0.04346215328117231,0.13812247404816036,0.0037,0.2112723720604106
ETH,2008,0.9111690456769512,0.3765278900540256,0.0,0.0,0.31011774894275695,0.0541025970023008,0.07959708567396384,0.0045000000000000005,0.18387414269790092
ETH,2009,0.9147465312616949,0.3052676848273904,0.0,0.003778072190473436,0.32845279439389763,0.06220537638881951,0.05553696756632842,0.0054,0.20360957637625354
ETH,2010,0.8910454437720272,0.2628106155314948,0.0,0.03959177657173285,0.34669471248092143,0.07522025844281477,0.04370441937420977,0.0075,0.26811815299186126
ETH,2011,0.8899370102257701,0.22350114965950793,0.0,0.06895481871554288,0.41205593482204905,0.08644894078249021,0.05464912423107604,0.011000000000000001,0.26131473938428007
ETH,2012,0.9067206136290529,0.2628106155314948,0.0,0.08332805852297809,0.3258784718025939,0.09440166283899976,0.0456775849556168,0.028999999999999998,0.19935592362983545
ETH,2013,0.8898779784076993,0.23095466252078004,0.0,0.10855928456460351,0.46757227999675,0.10503592003323325,0.11166762923584672,0.046,0.2235447052294095
ETH,2014,0.8740120919209707,0.061812700182400704,0.0,0.15536185351520282,0.5011067135714466,0.11529688708190644,0.20820275367785812,0.077,0.22839616392634499
ETH,2015,0.8586650799020284,0.2858963865590419,0.0,0.20179478450132216,0.5592602002787432,0.125733835773563,0.297954785683888,0.138552,0.22081369745186397
ETH,2016,0.849749168267512,0.29414392960159785,0.039040613089818876,0.24282623763054834,0.6777670840887815,0.13487403833453404,0.43980889413402835,0.153669,0.15651589805119137
ETH,2017,0.8435390844560248,0.347325210668722,0.07524668283127145,0.28487947332268293,0.6263660116768668,0.14416300608902521,0.47474829695705156,0.156,0.15436445607193106
ETH,2018,0.8253044810365439,0.36858393361010056,0.08790682335025046,0.31734189793832535,0.5464406448352861,0.14981198691321196,0.5457072234684062,0.159,0.14904378390044437
ETH,2019,0.8425362878816788,0.35614386472258447,0.16579816923338875,0.35212661315509886,0.46464089285898574,0.1575549729515806,0.4995143986403645,0.16,0.1665197264513294
ETH,2020,0.8554342835540887,0.269345679971617,0.2365486246510402,0.3224373655136725,0.4420296398604653,0.16215379358452986,0.4648360776379614,0.160696,0.15895844602155318
ETH,2021,0.8682637348673975,0.269345679971617,0.3032086365517248,0.33177960577078647,0.5381705705127515,0.16623578269648553,0.4379950633455443,0.16698100000000002,0.1520418411235096
ETH,2022,0.868653505235689,0.2804340044148673,0.32801232844007355,0.3410094388868039,0.47798012940662227,0.16995059888264719,0.456740347434593,0.1814596,0.15246391325813402
ETH,2023,0.8569181510819006,0.356425144359822,0.32801232844007355,0.3551890465761973,0.4403074507929123,0.17543441620027989,0.49287260643236275,0.18020260000000002,0.16252246415217408
ETH,2024,0.8502617732252946,0.2875030137315342,0.1637081257374616,0.37547113717585257,0.45881332350909143,0.18232654381621005,0.5097849970140793,0.06858,0.17400595284444753
EUU,2004,0.2583727275764125,0.726651831338412,0.995146109523902,0.7779500465220504,0.462626604284202,0.6832683344087324,0.48384270187278844,0.45372960000000007,0.6352930253059688
EUU,2005,0.2382341859432981,0.737140688980175,0.9953243642862422,0.7829413198837911,0.6828245963980331,0.6855868889794051,0.48122592491853133,0.45372959999999996,0.6374816819008218
EUU,2006,0.2292172156172593,0.7456168103565126,0.9956392653122412,0.7860040543226234,0.7500802265371511,0.6901848009111177,0.48565701728487043,0.45372959999999996,0.6330085228878146
EUU,2007,0.23367905183113527,0.7530038076612791,0.9959552143899186,0.7885331850025676,0.9350944044677465,0.694167451898159,0.4862759940034844,0.45372959999999996,0.6322626027909788
EUU,2008,0.22820526742216515,0.7574503527629499,0.996369079330802,0.7970401816479167,0.612297967408008,0.6945747120885065,0.48016628258437666,0.45372959999999996,0.6420734847052993
EUU,2009,0.21471865999620726,0.7637910488411017,0.9969013565565668,0.8078820670807283,0.5407121279893634,0.6878083915433136,0.4490616896191597,0.45372959999999996,0.6678788515592502
EUU,2010,0.22566453079406448,0.7581199002513963,0.9972034736295319,0.8128166543079618,0.49742829920061704,0.6907114235233488,0.4546192093479562,0.5055894000000001,0.6589643872529769
EUU,2011,0.23280479473765386,0.7542562586098813,0.9974864105311747,0.818383411916233,0.6544804036199307,0.6937513701511248,0.45610774447832036,0.4931324,0.6548843142361553
EUU,2012,0.23151021108964911,0.7503965232001713,0.9978579471409841,0.8207098769754562,0.5413076303182733,0.6924220236292381,0.4503693479127129,0.5196234000000001,0.658170517802918
EUU,2013,0.23369068890372435,0.7444377710539574,0.9981499661207138,0.8253980011133426,0.5433076211844333,0.6922572395419194,0.4411993864565833,0.5450262,0.6624484547224387
EUU,2014,0.2313979152447828,0.7352822444076079,0.9984299838217696,0.8276739565646656,0.4774291144535443,0.6944457609685671,0.4397670512243337,0.6469142,0.6628023478741207
EUU,2015,0.2255389473302746,0.7286992367509806,0.9987765001401012,0.8300811185135522,0.6890415189809741,0.697562980290641,0.4477898719725175,0.6469142,0.6585354130389831
EUU,2016,0.22183982667802093,0.726671362288551,0.9990662688881118,0.8322229918316877,0.6232459988688926,0.7000348740368739,0.4469868092962004,0.7344716,0.6583601785975146
EUU,2017,0.23082196104582053,0.7235928056833003,0.9996684841496517,0.8324439137212858,0.542852977259833,0.7038587685046477,0.4453871462930541,0.7059092,0.6575260513740582
EUU,2018,0.22348841688014132,0.7202376471869221,0.9996771096048871,0.8340458822859071,0.33820566209744396,0.7064708346240637,0.4458565511039927,0.7057692,0.6580545033555332
EUU,2019,0.22209564805635756,0.7177913114419969,0.9998647400383804,0.8354056505778837,0.5236807338261802,0.7089789872791293,0.44469098643131866,0.7057692,0.6597354646345046
EUU,2020,0.22430380987301843,0.7375805367601396,0.9999497811004394,0.8361584045209347,0.35899789501106827,0.7006590279996233,0.4418575018896951,0.7598404000000001,0.6661504542655994
EUU,2021,0.22267980420345626,0.7268839302103685,0.999966694792989,0.8379298077336057,0.538638269688144,0.709842742488289,0.4455010282328751,0.7057692,0.6591382695361983
EUU,2022,0.23259940981120744,0.7155792461526971,1.0,0.8404153463260169,0.3753038828371627,0.7146057301977494,0.45987485389685445,0.6470202,0.6584044457414189
EUU,2023,0.22809660944670998,0.7007351586771144,1.0,0.8439776279378659,0.19454186983693625,0.7147146212511309,0.4678385565303511,0.6470202,0.6619598748046194
EUU,2024,0.22641686822799711,0.6924361132144994,0.9993138355552679,0.8473759032404091,0.38366178522587235,0.7158220906201483,0.44720863092335805,0.557518,0.6692208611860222
FCS,2004,0.7127288592349117,0.2897937481186999,0.030782923148397145,0.4075082667322971,0.41925894845308087,0.2508861470769411,0.652064311252594,0.1398,0.29516517061482733
FCS,2005,0.7012533985210119,0.28290282388039417,0.03336635368830354,0.41382794326531114,0.49031057191278715,0.25617646476205647,0.6220303902914447,0.023,0.32716088643594043
FCS,2006,0.6919949305735369,0.2916877358707339,0.0709113985021137,0.42038127418026683,0.444440503206088,0.26137132142250297,0.6214638165203574,0.031000000000000003,0.3314050601438339
FCS,2007,0.6883307660876243,0.3395880038352625,0.09072153026471685,0.42648605074087387,0.5044426711557903,0.2668146281725826,0.5571727840834739,0.043,0.3547144206259006
FCS,2008,0.6841469553106525,0.44854581675236854,0.08413455119265212,0.43284274717785065,0.4744374486847954,0.27048731228543466,0.4298516738115591,0.053,0.4513103861110575
FCS,2009,0.7031870298567094,0.4460597627580624,0.10984669078455767,0.43912027265358056,0.4374988479031073,0.27018471060967364,0.5287633207787751,0.067,0.3838799887064564
FCS,2010,0.6888172080775994,0.411571243540687,0.11755167744139516,0.4482272698851646,0.42905009727499077,0.27528308218736497,0.5562038826936785,0.08199999999999999,0.37330329042233135
FCS,2011,0.6847133870556605,0.4060948275456318,0.1627590872016178,0.45599976261690145,0.45369256321466545,0.2723816280597512,0.5330446605258995,0.09699999999999999,0.3924725543947859
FCS,2012,0.6750040110230696,0.40984721498875737,0.18657967664752917,0.4609816717242188,0.44343079650880357,0.2767805258204282,0.5244745530384556,0.11599999999999999,0.40915262522709017
FCS,2013,0.6882192975046525,0.4234819562472229,0.22528764875328733,0.4671312959462437,0.3989999775616016,0.2780019426762822,0.5658362094621451,0.135,0.3668858879585179
FCS,2014,0.7034679873613435,0.4150374855022842,0.21156947529126846,0.47736344095443295,0.34689166085312056,0.27705547036207034,0.5741735776427362,0.156,0.3665586140646836
FCS,2015,0.7236057146484338,0.40498337265128576,0.21291447018713683,0.48833703908368564,0.3838835220463746,0.2740831927022608,0.5510278774032604,0.179,0.38417331709679364
FCS,2016,0.7197223406753771,0.41726026214278694,0.3027023128646178,0.49644836509846435,0.3885460735205533,0.2715538930050284,0.530622170887101,0.204,0.36613222434115106
FCS,2017,0.7062555320989372,0.39951902337837025,0.31024394229424423,0.5026899968015592,0.39973444771771866,0.27021910860794407,0.4758428143088612,0.225,0.4133382809456202
FCS,2018,0.7056222816459593,0.3320075467023756,0.309781152193219,0.5099743712578131,0.38119701398442035,0.2691367968228894,0.5170788568497666,0.25,0.41378326923454994
FCS,2019,0.7492616046926416,0.30571931065701746,0.32906326725148016,0.5173431970326101,0.36310204216617503,0.2671215812719402,0.4405180012405765,0.266,0.42946099922393743
FCS,2020,0.7784159175842403,0.3318994983700561,0.34629230317491544,0.49733068515951295,0.341142133970301,0.2527243752490257,0.38856193941949907,0.29600000000000004,0.42282352372746584
FCS,2021,0.7727600747549118,0.31097403211160374,0.3767260998428421,0.49730555823583034,0.393228291631585,0.2517547146155882,0.40586369943831996,0.32299999999999995,0.38874361144926767
FCS,2022,0.7553646804844624,0.2970197255736136,0.3789322068157368,0.49028786135539315,0.3495597327244391,0.25133394824439315,0.47073551353568277,0.348,0.3985897616520787
FCS,2023,0.7473077702441867,0.3698654533791855,0.3984155119581887,0.4943406308707239,0.35579376206626595,0.25155227712238337,0.4937168944259744,0.36100000000000004,0.3925710303845868
FCS,2024,0.7151725202365069,0.4123858893736802,0.9866547209513016,0.5004486552006,0.3557590626074491,0.2510794499328036,0.426365684744584,0.37,0.47387975073062527
FIN,2004,0.2876765276050943,0.6547502629243367,1.0,0.8173951745523547,0.5073852950452706,0.7410562210093784,0.5812209111174458,0.7239,0.5216470914702018
FIN,2005,0.2804116211545955,0.6730997604602706,1.0,0.8197145668228503,0.6292692641759887,0.7445359347772272,0.5792201572453379,0.7448,0.5222261474448464
FIN,2006,0.25936759133571,0.6859920891757141,1.0,0.8222512321575932,0.42312481848363903,0.7496993670699045,0.5954471622034492,0.7966,0.5078197142112866
FIN,2007,0.2877156711619142,0.6944718493969486,1.0,0.820126124437361,0.842018339961355,0.7565959008296012,0.6022388158896661,0.8078000000000001,0.5037560586954659
FIN,2008,0.2750288988213629,0.7052932214603667,1.0,0.8305968348595849,0.7260877973617959,0.7570543412349938,0.5843396099059486,0.8367,0.527965182706716
FIN,2009,0.2786068744748023,0.7218136673858742,1.0,0.8435681676274895,0.05741057313534775,0.7441366058285216,0.5156134178122067,0.8249,0.5791576001855598
FIN,2010,0.28674269316250894,0.7264498056143518,1.0,0.8382799896731754,0.6028852600438752,0.748000185472851,0.5253912552730964,0.8689,0.5697503180310863
FIN,2011,0.278984383916593,0.7299446251755313,1.0,0.8471927740668823,0.1418832047775269,0.7507563197132557,0.503718858757606,0.8871,0.5752270602612759
FIN,2012,0.27376034241437575,0.7361509751083568,1.0,0.8534897428735242,0.4086565524068963,0.74783811556377,0.4701626623568107,0.8987999999999999,0.5964624624921213
FIN,2013,0.27550859814803064,0.7391126753784261,1.0,0.8563667767025254,0.16460662787020708,0.7457401537797371,0.46890709681515075,0.915144,0.5931871885464335
FIN,2014,0.2759354081588183,0.7392381055021899,1.0,0.8508243504945714,0.7015315646438989,0.7444442202122447,0.4639914815290618,0.8653040000000001,0.5977683053401863
FIN,2015,0.2640004586781634,0.7430508969000458,1.0,0.8639242619095162,0.7745920129430333,0.744641685935496,0.4690271545187077,0.864221,0.5986078499883964
FIN,2016,0.2662707230672032,0.7425817286812826,1.0,0.8581110788356692,0.4265142338857334,0.7479106352524102,0.47258841218956094,0.8770359999999999,0.5917961537240499
FIN,2017,0.2645870763787691,0.7408134981216814,1.0,0.8629343846643915,0.7175405645068288,0.7522876008250491,0.49261510988014257,0.874689,0.5827227449535233
FIN,2018,0.26815040845845595,0.7428089755950325,1.0,0.8643673513098045,0.03381779292317538,0.7538165171232875,0.48545595249307527,0.8889,0.583648790263525
FIN,2019,0.2738656086307273,0.7452222910482185,1.0,0.8648325104544048,0.6808168488456052,0.7556027153638575,0.48617406221881243,0.896074,0.5851030093784191
FIN,2020,0.2776201210164067,0.7582916803576512,1.0,0.8688921151538445,0.22290373251400758,0.7517324684532903,0.4877842199967448,0.9217029999999999,0.5856394391854445
FIN,2021,0.27155972964296865,0.7547778360738537,1.0,0.8610420953515652,0.8055736850956119,0.7552654280677592,0.48789160077235527,0.9280809999999999,0.587288251557474
FIN,2022,0.27768999957267687,0.7458652735935909,1.0,0.8692117856899522,0.587742122126351,0.7559740915115561,0.5064499184328901,0.929888,0.5765689339915219
FIN,2023,0.28469169584036136,0.739001336174796,1.0,0.8677436792188873,0.28148860371902706,0.753879861593049,0.47244970166534905,0.935139,0.6105196576153253
FIN,2024,0.2937628092143635,0.7360521207066018,1.0,0.871229444820314,0.47448755708858126,0.7535498712210552,0.45815284087551555,0.32587560000000004,0.6167599590384865
FJI,2004,0.6152204025159139,0.6454916644778517,0.7540053898886976,0.6322673258981757,0.8862493950247872,0.4107177999053059,0.38977827818565935,0.0741294,0.4745761396253716
FJI,2005,0.6102468735564776,0.672898185660999,0.7680533981659217,0.6378619076204215,0.6616764239805775,0.4104062118790276,0.3023887644824257,0.0845364,0.5451275945905731
FJI,2006,0.6156265930790691,0.7024041366548284,0.7819323529004123,0.6346189169060628,1.0,0.4117625028260249,0.29398713175228286,0.0960004,0.5370143465537986
FJI,2007,0.6067299264685957,0.7015148677495879,0.8657266747666794,0.6280544823872924,1.0,0.40931066416258244,0.2736158727986795,0.108978,0.5565567793408297
FJI,2008,0.5837131158477716,0.7207913513682065,0.830557563657214,0.621270462772149,1.0,0.4099047598191371,0.29175999515319817,0.13,0.5471575570743203
FJI,2009,0.5709629271470736,0.7301222862870012,0.8225943981645338,0.6143334125293198,0.9831323959554727,0.40726360722064603,0.30888708804906373,0.17,0.5625269434491207
FJI,2010,0.5552634339199982,0.7143822345761519,0.9097761669587303,0.6071942618400863,0.6531145808881387,0.41098170329822625,0.31720629794484023,0.2,0.547474745744565
FJI,2011,0.5514623992358536,0.6918613464804424,0.911010332106331,0.6020314895467114,0.657957699285165,0.4144463536458377,0.3293946589494927,0.28,0.5576037166195587
FJI,2012,0.5619194816859296,0.6959703443993508,0.91224317799644,0.5965270060978947,0.738385512825317,0.41617394238768146,0.3101704823633826,0.33742400000000006,0.555178933940764
FJI,2013,0.5714926909345621,0.6903912953110689,0.9023433127444198,0.5909633137562307,0.6626707766672194,0.4226597086404861,0.2990999419533307,0.35200000000000004,0.5380370007215274
FJI,2014,0.5237996236576452,0.6835176783235353,0.9171614251954034,0.5836872681109657,0.7903230177914913,0.4303773017426994,0.25912172919533805,0.374,0.5173326783781049
FJI,2015,0.5177777730232246,0.7015605395057947,0.9196127060764656,0.5963459089672454,0.5694599880483789,0.4366102615663109,0.2640769161246266,0.425,0.5156527171513217
FJI,2016,0.5830361710123292,0.7169250795477866,0.9220587880546196,0.6063643072039926,0.8009658099891139,0.44002413195335854,0.295181168023658,0.49420000000000003,0.5012901528959715
FJI,2017,0.5803118910044291,0.7215517557223055,0.9533945794720617,0.614338289935966,0.755211767869313,0.4476571441466185,0.2800825125129194,0.536474,0.5005034373489474
FJI,2018,0.5879372801399645,0.7378803199068584,0.9426436523403492,0.6216951722187765,0.8307151567521769,0.45333700036708524,0.2753372091874495,0.582364,0.4914348732861167
FJI,2019,0.6161228344808672,0.7634158451911119,0.9545829641422525,0.6264021521798235,0.6764331363914151,0.4528513179621575,0.31901119793063537,0.632179,0.5157357400886777
FJI,2020,0.6684926772870896,0.8128513503369879,0.9663999447783445,0.6162791534676821,0.652513310212561,0.4254772566538497,0.36367360924398917,0.6862560000000001,0.49499976171882176
FJI,2021,0.6898211963466184,0.8279208133914038,0.9060657276607129,0.6176317123042492,0.9254401488099384,0.4187518073358,0.348185934404057,0.744958,0.4845208360097364
FJI,2022,0.6460565275448897,0.7919470275548093,0.9048262571272572,0.6273549794537416,0.41944172364377286,0.44203079540332857,0.33968367063309235,0.782433,0.5089270769900875
FJI,2023,0.6235519094315668,0.7827847596363204,0.9919788146205688,0.6349642056854097,0.3916457935127522,0.4543825048810989,0.325727512725583,0.793485,0.5280594378218737
FJI,2024,0.6297731749309996,0.7861737040824655,0.9940352289040671,0.6422682551586778,0.5060475027313351,0.4586919437236695,0.3027624608911583,0.6592542,0.5018209391008668
FRA,2004,0.23589267291266103,0.6964686886966782,1.0,0.8428969989669288,0.39386081500062065,0.7144041304212959,0.38752131093961584,0.3915,0.6992278001932322
FRA,2005,0.22352591620687684,0.70589767748452,1.0,0.8463073283854032,0.5367729556490901,0.7160285384699986,0.37983336363862596,0.42869999999999997,0.7039843200243805
FRA,2006,0.20870517645211042,0.7167469402734417,1.0,0.8450702447741372,0.5057124076805132,0.7189048984306873,0.37145152094204326,0.4687,0.7064560927771057
FRA,2007,0.21735542727265592,0.7285550985459239,1.0,0.8518977905329259,0.48931449486452344,0.7216349722873735,0.36842696577259115,0.6609,0.7098941042614864
FRA,2008,0.20804036739359516,0.7374962296327374,1.0,0.8594272690543923,0.4352184696327441,0.7213757648776985,0.36167286871589144,0.7068000000000001,0.7173976144542724
FRA,2009,0.18877125625750762,0.7433113191818288,1.0,0.8625895360091094,0.3284255992789464,0.7164715399066474,0.345697229363634,0.7158,0.7304972954164568
FRA,2010,0.21584924603953665,0.7450551509202235,1.0,0.866068302776426,0.3796631774892252,0.7186309052814303,0.33432228557065646,0.7728,0.7291909759130997
FRA,2011,0.2206155495618298,0.7469038685483189,1.0,0.866701443187841,0.38424714349962485,0.7214261615609322,0.336627887550895,0.7782,0.723778745986376
FRA,2012,0.21822713652346643,0.7467416481787374,1.0,0.8698848874730296,0.3639323749501977,0.7209906193677816,0.3308976347352226,0.8144,0.7252639196196657
FRA,2013,0.20216519716246167,0.745124153736358,1.0,0.872510272670044,0.36135088076579136,0.7213706434284729,0.33365645226565,0.819198,0.725441084123637
FRA,2014,0.21206905074562216,0.7405400733284486,1.0,0.8803335715039466,0.2955384049283355,0.7221226158318049,0.3274313673673419,0.837511,0.7256729377323814
FRA,2015,0.21610851914116674,0.7429583032748508,1.0,0.8823291496682475,0.398949223723831,0.723146752861766,0.3245382853761065,0.78006,0.7241834414319994
FRA,2016,0.1997888277084591,0.7488267656333605,1.0,0.8819829601054101,0.37786609851013614,0.7240067886049596,0.3163876533608174,0.792698,0.7278515067191051
FRA,2017,0.2094796659257435,0.7580287899898206,1.0,0.8831352415857805,0.39395884125399033,0.7265789813993749,0.3108891088784034,0.805025,0.7251352852886677
FRA,2018,0.2187134634998564,0.764501154715123,1.0,0.8853511172073074,0.46532920362773544,0.7284283106243922,0.31023619512166456,0.820432,0.722026491276945
FRA,2019,0.20685301421154162,0.7693069464353022,1.0,0.8839797293485714,0.4118940682323451,0.7308591305832178,0.31536740577840927,0.8333969999999999,0.721693780446572
FRA,2020,0.21196133274917608,0.8047472248195424,1.0,0.8885329632604497,0.33162493042159047,0.7191644287362643,0.29722304401896715,0.847064,0.7324965121959988
FRA,2021,0.21224329600603106,0.7962982992685848,1.0,0.8907124038476266,0.49904772319284807,0.7283078004908271,0.2918081399858681,0.860955,0.7287298678154257
FRA,2022,0.2358914276830947,0.7936464311042066,1.0,0.8919486201606972,0.5455132392759754,0.7314696113976237,0.2823406874077834,0.853333,0.7421126647535754
FRA,2023,0.21430705500082997,0.7807546848838569,1.0,0.8928323342029048,0.32245998374157003,0.7331445317812991,0.34810262941157055,0.868364,0.7229684983692697
FRA,2024,0.19586167328929094,0.7706935966865964,0.9993138355552679,0.8914341077665768,0.3912073458340557,0.7344820757823819,0.32381243941470217,0.886538,0.7317178758115741
FRO,2004,0.6066430580091894,0.7758813754976815,1.0,0.9006505849072116,0.43020379524551833,0.7020502491193954,0.34832057447772646,0.665336,0.5331317253200729
FRO,2005,0.6003661513794935,0.7308954128232601,1.0,0.9201114424336732,0.30217493773664045,0.7355097537818847,0.3245744421621617,0.6790260000000001,0.5488591343819684
FRO,2006,0.6394568354311885,0.7857684765268568,1.0,0.9143198659212736,0.34551260370683456,0.710860812056679,0.3163449837345762,0.6935939999999999,0.5132205928261837
FRO,2007,0.6158508233556267,0.7797551583867233,1.0,0.9054805167990869,0.3690230526329855,0.6615549875904729,0.3142736517954752,0.7598,0.523967566948361
FRO,2008,0.5583536776138577,0.8627325169754132,1.0,0.8989213721429357,0.6961392293405534,0.7515116010355959,0.32693563465738995,0.7556999999999999,0.571425288343328
FRO,2009,0.5691079511193893,0.8627325169754132,1.0,0.8954181764777343,0.6961392293405534,0.7440191766283749,0.28812992359002587,0.7518000000000001,0.6009200076109145
FRO,2010,0.6556063457211687,0.8627325169754132,1.0,0.8912037264116508,0.6961392293405534,0.7438660024222695,0.23409719636221094,0.752,0.5583241206879643
FRO,2011,0.6496790040111831,0.8627325169754132,1.0,0.9050940083244956,0.6961392293405534,0.7492931808697355,0.2363078141228585,0.8073220000000001,0.5698396358195192
FRO,2012,0.6129182769640701,0.8627325169754132,1.0,0.8919694732567024,0.6961392293405534,0.7599804015074493,0.23271667973025267,0.853352,0.6050826483057943
FRO,2013,0.6554236485395635,0.8718095124344902,1.0,0.9046655923104134,0.6961392293405534,0.7683768147101092,0.21995650183266213,0.9,0.5884235232109205
FRO,2014,0.6582876858653337,0.8800652871731309,1.0,0.8984928306202855,0.6961392293405534,0.7755087587993715,0.27930245790255515,0.9329999999999999,0.5553763037545374
FRO,2015,0.6681000986804091,0.8729697201589784,1.0,0.8983965536386108,0.6961392293405534,0.7754878029003424,0.3033853771504873,0.9420000000000001,0.5387620088176597
FRO,2016,0.7164520548479626,0.8596259859071778,1.0,0.887905202976836,0.6961392293405534,0.7758189184222909,0.2772629191176619,0.951087,0.4963502046402781
FRO,2017,0.6991110429570235,0.841310313851672,1.0,0.8902251720998627,0.6961392293405534,0.7787432956726273,0.326467199006671,0.9758199999999999,0.489684964679201
FRO,2018,0.6773015882393578,0.8906265373525732,1.0,0.8972800856115359,0.9483698157777841,0.7803591183552582,0.3421966731559041,0.7338370000000001,0.5020565808825594
FRO,2019,0.6871642237077162,0.8830731214379324,1.0,0.8905453183738008,0.9483698157777841,0.7845537452317165,0.37381955874214823,0.7355690000000001,0.47337892438051066
FRO,2020,0.6384919827007445,0.8800652871731309,1.0,0.9074683768427647,0.9018927045736318,0.7800068621929205,0.418668839357083,0.7039974000000001,0.48411319556170973
FRO,2021,0.6464006557109649,0.8830731214379324,1.0,0.888997820832574,1.0,0.7851761384963188,0.38065829605173107,0.7020122000000002,0.4911941252398959
FRO,2022,0.7084368340024412,0.8830731214379324,1.0,0.8816361643050333,1.0,0.7890070920272455,0.33800518829848314,0.6820122000000001,0.454449817920076
FRO,2023,0.6962864138677743,0.8830731214379324,1.0,0.8974965184637419,0.9483698157777841,0.7921759646611913,0.3913863487046054,0.6920122,0.4535254683383698
FRO,2024,0.6737884401135644,0.8842732147468126,1.0,0.9216996539714367,0.4099266359199863,0.792685029264545,0.3530489838175659,0.5963092,0.4898437614369655
FSM,2004,0.7488377345649486,0.3838428042142111,0.2884895843721704,0.33747679062790087,0.3665092033969743,0.34693555917222085,0.0,0.110179,0.6578864916452121
FSM,2005,0.7531948836381119,0.40364176290368486,0.323915246972045,0.43267587855468753,0.5799045431238572,0.3509219412958925,0.0,0.11881399999999999,0.6516996836130593
FSM,2006,0.752818958879413,0.4137335372721998,0.3602753334593771,0.5014238206203286,0.5196903489531485,0.3515252364687115,0.0,0.127503,0.6744809009291073
FSM,2007,0.7781802646608824,0.4168255024225816,0.3935938148915836,0.6691019917302001,0.5196903489531486,0.3501191054054823,0.0,0.136211,0.6571705259429796
FSM,2008,0.7892253220097138,0.4051006642708482,0.4278535780626518,0.6181254603720016,0.4638318334487315,0.34757299689890175,0.0,0.1449,0.6440115288406592
FSM,2009,0.778872955025365,0.4180663515150717,0.4593014970924214,0.7336943165636867,0.4638318334487315,0.3504682642100766,0.0,0.1535,0.602932334008035
FSM,2010,0.7770683684557173,0.4131960635867625,0.5005281490962643,0.6029312154380907,0.4646234660403136,0.3539975592380792,0.0,0.2,0.5916642832191594
FSM,2011,0.7910720848179918,0.4000969257383598,0.5317949584643697,0.6414252080973437,0.4466059938823653,0.3591738163957633,0.0,0.228,0.559301662017023
FSM,2012,0.8056925179451756,0.3980896502850881,0.5572183366062342,0.6739900296640022,0.41795778237104964,0.35643575909128267,0.0,0.259744,0.5330472737534495
FSM,2013,0.7914112151868176,0.40164340053833286,0.5837327737581308,0.6888674533298509,0.4258922339913666,0.35068996188288015,0.0,0.278,0.5733115319493347
FSM,2014,0.7776577739234601,0.41810564041824577,0.6128505755130993,0.6670673645060525,0.7028871921043671,0.34651973196718766,0.0,0.2965,0.6345890584002678
FSM,2015,0.7890983587010639,0.43507754837451,0.6412513128734734,0.6559825624747927,0.4213495246212976,0.35238706476807613,0.0,0.31501100000000004,0.6040285154410734
FSM,2016,0.7932563742769776,0.43362084649936034,0.6689694559851658,0.6559825624747927,0.414419767375941,0.35327026066434664,0.0,0.33352200000000004,0.5993045117076337
FSM,2017,0.7971442538141061,0.43465121984767124,0.6945498428152952,0.6559825624747927,0.414419767375941,0.35585452938642004,0.0,0.353041,0.5952774182495544
FSM,2018,0.7501854120769608,0.4058264711633041,0.7210304575586379,0.653019492467499,0.40480624486613975,0.3552883429363557,0.0,0.36600000000000005,0.6787279985897636
FSM,2019,0.7575970656384359,0.4310967086983301,0.7469166938152734,0.653019492467499,0.4048062448661397,0.3606019748239061,0.0,0.38,0.6704419496899519
FSM,2020,0.745432106364532,0.443008121901906,0.7722346494659673,0.6462351551498017,0.3364949012838257,0.3573219394767665,0.0,0.393833,0.6814554294849073
FSM,2021,0.7468389190450153,0.43629630487361853,0.7956462745342856,0.6739509199418245,0.31576868082786785,0.36082835160516724,0.0,0.3777222,0.6736318310597356
FSM,2022,0.7573275552599976,0.46875366289672726,0.8185921018853666,0.6318713739012377,0.3556833057958762,0.355913449041216,0.0,0.325314,0.708693407913549
FSM,2023,0.7591371868995715,0.5217489351681048,0.8397789612031117,0.6318713739012377,0.3556833057958762,0.3559031530811342,0.0,0.325314,0.7156490923511281
FSM,2024,0.7529839806030241,0.45324976252681354,0.9774885478552588,0.6232935761871393,0.4578125265204968,0.35626151247911897,0.0,0.2374425,0.6936984872246486
GAB,2004,0.4424037088808339,0.2420911767825618,0.7340462006920854,0.6250351858961034,0.5469880964841274,0.48569773165708885,0.8564815406262232,0.029790700000000003,0.14606407786176323
GAB,2005,0.42390922759997995,0.22374078834034422,0.7680533981659217,0.6274874785370055,0.5055277254160659,0.4853163173704892,0.9313261975472731,0.0489326,0.0
GAB,2006,0.4209650791139381,0.24816427049925943,0.7525911319305187,0.6241165539798961,0.45277914716891887,0.47680420424557746,0.9275462718939051,0.054892,0.007591046566172821
GAB,2007,0.42283870812539587,0.25648731618526316,0.7638569330617182,0.6301336497557117,0.6261593649613294,0.48073494234217506,0.9085204557534738,0.057670000000000006,0.019441664193172503
GAB,2008,0.39176266716699426,0.22837190689894754,0.7736250380856884,0.6277991220715311,0.57387062305762,0.4711773227063226,0.9461318462595729,0.075,0.0
GAB,2009,0.4262694455853559,0.2593119361535084,0.7833111064661393,0.6279801995273684,0.6255312564893851,0.4665366537943335,0.8462813393227129,0.095,0.1587260355581006
GAB,2010,0.3769310207362368,0.2176515479443933,0.8708468928117483,0.6377342869235214,0.5212627428505865,0.47147120961499145,0.8906695498316934,0.13,0.004970830881273258
GAB,2011,0.3523076582379401,0.24762513389377866,0.8631580161984971,0.646783130728755,0.6855486858315717,0.47626687518327093,0.939182237997092,0.18,0.0
GAB,2012,0.3480416073552865,0.2825401817418837,0.8708468928117483,0.6535548923093617,0.5407423644868221,0.4785025838531344,0.9221787863456123,0.24,0.0
GAB,2013,0.3466895146565844,0.3416321440468227,0.8331997806670861,0.6603315948042665,0.403867739964699,0.48135511912844475,0.9031906332051909,0.30538,0.0
GAB,2014,0.36226033486251774,0.33493854360411096,0.8424001605595128,0.6649811960838616,0.7355859699452473,0.4826120705973266,0.868053927521832,0.380712,0.05537930723313966
GAB,2015,0.3954628101743098,0.33456933390679794,0.8450154161481009,0.6683804240836944,0.30289259245633215,0.48361485356737777,0.8236501067440056,0.457845,0.2093830219264161
GAB,2016,0.4234505173013468,0.32441570157541283,0.8554175360003926,0.6698531103915313,0.8611576533822916,0.48246100933043856,0.7903989797864774,0.48052300000000003,0.26786242752291844
GAB,2017,0.43485518892313824,0.2633030976064255,0.8318794288109439,0.6696069528461126,0.8568244160842375,0.47928625767008526,0.7950700168867637,0.516049,0.2865809230187675
GAB,2018,0.44124545645732977,0.3128408776808414,0.8746721938985642,0.6693851745115436,0.8161118104028615,0.47681531264101207,0.8127256861821315,0.554202,0.2547375813514434
GAB,2019,0.4455951103206045,0.3174689754688977,0.8835488628330328,0.6698575518698102,0.8830208202056007,0.47880823635937897,0.8184605455262708,0.595176,0.24091793031868747
GAB,2020,0.48139497522567015,0.39951003224440557,0.8936106690309069,0.6615018452871593,1.0,0.4726483954129438,0.7524694919267529,0.639179,0.32977066690412693
GAB,2021,0.4861568421288632,0.36787041721782204,0.9023433127444198,0.6611866480253732,0.795831528770272,0.4714164015127006,0.8425615377973799,0.686436,0.1992307239809028
GAB,2022,0.4779250624167766,0.4723011859569475,0.9232798863374301,0.6583302424896522,0.6357049240685061,0.4724973291843061,0.8989913823769267,0.7070690000000001,0.07525078720932354
GAB,2023,0.4830556538897456,0.4766838909970623,0.930579450073937,0.655069574455379,0.6702801321408351,0.4728032194255579,0.8786867089950938,0.719256,0.18179175182380503
GAB,2024,0.47960201567852934,0.3886951903708424,0.982681426905654,0.6523109837639893,0.6404953499361876,0.4745178181194617,0.869717997462772,0.5370352,0.15881321660341863
GBR,2004,0.12954737270702546,0.8238916412305803,1.0,0.8767218448139427,0.5172036146216393,0.7442129339081275,0.40075991824713797,0.6561,0.7076692046899029
GBR,2005,0.10134033042033962,0.8334502363733891,1.0,0.8790409301886295,0.9284848050340258,0.7472116269533059,0.40181894034616117,0.7000000000000001,0.7114005391289511
GBR,2006,0.10560374962908586,0.8497078717929483,1.0,0.8802851378240235,0.7713278580214876,0.749289041527745,0.4001625836714706,0.6881999999999999,0.7120496069601594
GBR,2007,0.10228775307117105,0.8719475047021965,1.0,0.8791778381869628,0.7231992741570652,0.7523520434404206,0.3888390450996313,0.7509,0.7173997542378436
GBR,2008,0.1195332661948717,0.8974602228610231,1.0,0.8846028566212323,0.844065265863043,0.7511378593961401,0.3973027003501146,0.7839,0.7177364499391605
GBR,2009,0.12111009471692709,0.8986102282747073,1.0,0.9008645293263657,0.3229909970130482,0.743223334432528,0.3642246377169749,0.8356,0.74136054897876
GBR,2010,0.10418280914338635,0.8898460989739825,1.0,0.9029996956671456,0.45797031129327886,0.7453302783934622,0.3597000214514676,0.85,0.7328089732112377
GBR,2011,0.12439466342542105,0.8719902402460435,1.0,0.9032637555943346,0.3497237133362805,0.7454265571242645,0.35308034871343663,0.8538,0.724295125597195
GBR,2012,0.11301393177739599,0.8590017997953716,1.0,0.9043121716934466,0.3958902642163948,0.746594232932989,0.3526030174549579,0.8748,0.7267548779202926
GBR,2013,0.11536573329469295,0.8429834579020343,1.0,0.9066496303133871,0.41077154875750654,0.7480956508198008,0.3606261473181007,0.898441,0.7210766852200772
GBR,2014,0.12906833723704483,0.8205088329529944,1.0,0.9044894626435198,0.4082388692106505,0.7515273779354318,0.35429899761930606,0.916133,0.7222393789940549
GBR,2015,0.11429699176244247,0.8129059303498156,1.0,0.9075806345154973,0.3841808473725302,0.7535540701238003,0.348858874956961,0.920003,0.726172064459099
GBR,2016,0.10792768750146585,0.8152828286642062,1.0,0.9089676388520407,1.0,0.7555693135709586,0.336298954150444,0.9477580000000001,0.7317508624516145
GBR,2017,0.11026086868633725,0.8167217137359275,1.0,0.9106830122208445,0.5862793820193557,0.7591006020816732,0.34042483825601666,0.904246,0.7304212198469329
GBR,2018,0.10378429492517445,0.817477152635355,1.0,0.9122770206161892,0.22773570525662443,0.7606261709096888,0.3452352574049131,0.90692,0.7296846396193786
GBR,2019,0.10588506091851568,0.8152201472396279,1.0,0.911110112173982,0.3288091047238985,0.7616914535311646,0.3418156197839748,0.9251659999999999,0.7324846808825014
GBR,2020,0.1215154582732965,0.8379415674913155,1.0,0.9194652330337374,0.659556274960411,0.746074282859735,0.3316402363400983,0.9481820000000001,0.7464168389927686
GBR,2021,0.12355307057591425,0.8230671441684598,1.0,0.9220057737336798,0.49269497154746245,0.7574529144560928,0.31672283849358096,0.9619650000000001,0.7471363490175866
GBR,2022,0.12113922070953019,0.8060362600244577,1.0,0.9246389793610739,0.47381640867708974,0.7634046250606606,0.3129132605157108,0.9629890000000001,0.7509661639911793
GBR,2023,0.1164227391060915,0.7911881368783853,1.0,0.9293861035156299,0.3102556918925627,0.7619041266929804,0.3363961875136714,0.9629880000000001,0.7502323480011102
GBR,2024,0.11495556805203765,0.7809410838430326,1.0,0.9279289938832647,0.2611477040562351,0.7619827579544293,0.3214450013289485,0.6827342,0.7505122176045216
GEO,2004,0.6783327021264269,0.5457168370728075,0.9988575261865398,0.4651238727615463,0.9096721137051145,0.3082644660678139,0.4867571392155694,0.0388622,0.4544542704442889
GEO,2005,0.6549453920390599,0.5242757987423403,0.9757671209025043,0.4524131026776539,0.7439879933750863,0.3224750253694929,0.4783403346043047,0.060794600000000004,0.44417112888188326
GEO,2006,0.5937186751964617,0.5469028534363132,1.0,0.4431809723291371,1.0,0.33636443388806814,0.4350011733861361,0.07526880000000001,0.512285300327084
GEO,2007,0.5509482260735638,0.5469028534363132,1.0,0.45317661358608996,1.0,0.35431007215923305,0.4166449782943138,0.08259999999999999,0.5375984478454106
GEO,2008,0.524665668973918,0.5196898071838636,1.0,0.4623774107339216,1.0,0.3582230822969833,0.36955950285805095,0.1001,0.5953166924514237
GEO,2009,0.52387242513713,0.5085295779771717,1.0,0.46922979372024987,0.6834361744477864,0.35411515012602346,0.3691215289548233,0.20070000000000002,0.5944966589552729
GEO,2010,0.543109537516283,0.5027161226337398,1.0,0.48232160578607397,0.7663043676685819,0.3639662100425246,0.3145494108095799,0.269,0.6200211431359279
GEO,2011,0.5633245499137144,0.5096164021406071,1.0,0.46990454251297153,0.7760888444459849,0.376210323234493,0.33662874692141287,0.3152,0.6025725262656625
GEO,2012,0.5357381960510295,0.5265417449898193,1.0,0.4932555411606483,0.6569844183299693,0.3865254823373151,0.367106819900646,0.3694,0.6061736424898729
GEO,2013,0.5513940428118069,0.5518572022092936,1.0,0.48985526946355984,0.6728282717765179,0.39422634007749047,0.34606465862328717,0.433,0.6103354698963934
GEO,2014,0.5511476392174453,0.5779210482908976,1.0,0.5044840626811786,0.949407890372181,0.3999762804129795,0.34968753624570814,0.491025,0.6016020595142462
GEO,2015,0.5351491993197256,0.593384823373198,1.0,0.5335202374025494,1.0,0.404531208452204,0.38997848303359084,0.475698,0.5906781453734751
GEO,2016,0.5212902164614168,0.6182011492673409,1.0,0.5254231409027037,0.9834316844664166,0.409367128917805,0.3740399394047711,0.584593,0.5953231872112408
GEO,2017,0.49067981267025507,0.6225408168473245,1.0,0.5176861185160901,1.0,0.416649355950126,0.4250036090598057,0.597055,0.5601654297991692
GEO,2018,0.5092956618186667,0.6396317539727028,0.9988575261865398,0.5591189512628896,0.7580627055389555,0.42524746434613003,0.4167302540942526,0.627179,0.5605129280848797
GEO,2019,0.5029137704060733,0.6591482689306496,1.0,0.5707800817026101,0.7997926115574707,0.4331027214390465,0.3956978021769977,0.688467,0.5864233800087906
GEO,2020,0.5294461495082358,0.7023246763036659,1.0,0.5720317315342562,0.5104963619606901,0.4235738627229858,0.4205438055117614,0.725316,0.5535607730609051
GEO,2021,0.49979917681364516,0.6844155293253322,1.0,0.5831633213552849,0.7294004330332491,0.43880487749532515,0.42046644030826474,0.7644270000000001,0.5657400380407944
GEO,2022,0.4819003048331021,0.6523836677423283,1.0,0.6044281620803078,0.8721152179137155,0.453744670936424,0.42640890635793394,0.787113,0.5709615473813452
GEO,2023,0.46181511265032354,0.6626579732698381,1.0,0.6064311070280395,0.7305991364725521,0.46457239381746296,0.3679479190824393,0.818843,0.6145205088908519
GEO,2024,0.4430720255827233,0.6693251478498097,0.9933540901611607,0.6139335312400345,0.5891391616239051,0.47860595927705185,0.38544935254778356,0.582042,0.6135114392986996
GHA,2004,0.8705600102070779,0.31426563749970843,0.22988839120252536,0.2064757234378929,0.38607279380901327,0.2152074754815233,0.49745274475182,0.017168000000000003,0.0
GHA,2005,0.8674830547703349,0.3489481226633429,0.0,0.21809637684705652,0.3718290888527311,0.21971762689157204,0.5053844039736466,0.018312,0.0
GHA,2006,0.8029298198050209,0.27429086668784225,0.3218612353510002,0.22807217188015905,0.4822075122824513,0.2249444375150399,0.3804968504987609,0.0272318,0.3424153228587965
GHA,2007,0.7943307008740275,0.3341685590746862,0.3582851220589047,0.28304819438479534,0.64659220088333,0.22737758088470927,0.3832220206485517,0.0385,0.3744088483954573
GHA,2008,0.811512213657253,0.3052452807097025,0.4278535780626518,0.3345514942006078,0.9000938709563366,0.23639547825171936,0.38092785121186323,0.042699999999999995,0.35580584801497794
GHA,2009,0.8236302780409066,0.3768490340327209,0.43905101767285526,0.38461922028111584,0.8767724095925942,0.23963807970211548,0.35860343282804474,0.054400000000000004,0.3885055521014249
GHA,2010,0.8005248872841342,0.36358961988020105,0.49523360014826867,0.4339157292029232,0.7948629767146422,0.2471376189850233,0.345568103099436,0.078,0.39295720053142746
GHA,2011,0.7615865368658512,0.3702731143947989,0.49346333545631005,0.4464922281739736,0.8213110464666438,0.2627160629721984,0.48048156058100067,0.09,0.34956578565813645
GHA,2012,0.7462894362278729,0.3808182683861559,0.350289754022012,0.4578367751177632,0.8035205994543722,0.27209645269732785,0.5426915430419232,0.106,0.3820462680904133
GHA,2013,0.7274042970014695,0.34551166784663995,0.604835760629026,0.4694158894006639,0.6181919357774321,0.2788398812239018,0.653789880823682,0.15,0.24345488645484448
GHA,2014,0.7184677652589622,0.36160230844206037,0.7210304575586379,0.4763192220433572,0.684339563421778,0.27949450462751046,0.6510351977950177,0.19,0.17265486348255887
GHA,2015,0.7230443008778541,0.37918868872889094,0.6567324476022041,0.4842896029387047,0.7042649974503692,0.2791919561390924,0.6092928708348544,0.23,0.24188242246857206
GHA,2016,0.7326404109974824,0.3732147796732231,0.7354833687539122,0.4935812469594283,0.6880243991297998,0.28070308449518533,0.5525482280064427,0.28,0.3120762596151674
GHA,2017,0.7182120401759696,0.3563503605345267,0.7311664807930347,0.5028015255055753,0.6348238181787834,0.28885662759043995,0.5906719055852088,0.378842,0.30343837412749686
GHA,2018,0.7010840905024146,0.3226729212497807,0.7511751376208187,0.5428695947510227,0.5732379448756231,0.2945733658959343,0.6102061633795299,0.43,0.30735144368459144
GHA,2019,0.6907281101781579,0.326045647803294,0.7942821972370391,0.5814537210538262,0.6534262539665119,0.30080772480426365,0.6091102903616288,0.220732,0.3360706383477483
GHA,2020,0.7098577057965572,0.3124559229617609,0.8199277444438797,0.595477377744976,0.45839382668036854,0.2986615882101372,0.5894439002047942,0.6251760000000001,0.33697891906696187
GHA,2021,0.7193200115871082,0.31239057723086056,0.8318794288109439,0.6231632918154499,0.49138646224959337,0.30300375992979356,0.564874946861091,0.6859999999999999,0.3395584923946582
GHA,2022,0.7176539103367656,0.3160933958179614,0.8159161674589965,0.57773494361901,0.4097810486231256,0.3056356436409483,0.614755453673216,0.693607,0.28915774946605666
GHA,2023,0.7337162058289207,0.24588358102184943,0.8733985027471611,0.5826608326824547,0.3906177386550997,0.30735236028981217,0.5827169585635894,0.6994450000000001,0.29598965475087313
GHA,2024,0.7331033714039482,0.4405822813826214,0.935573446026322,0.5899499212834058,0.4236203574135371,0.31252461092884654,0.6155251774699122,0.46277061999999997,0.25089263722023025
GIB,2004,0.10568243175260952,0.8024703032302727,0.9965691777763395,0.8135842912483261,0.4940539252480439,0.6140465446658648,0.289205300607752,0.328861,0.7916066976825649
GIB,2005,0.10568243175260952,0.8024703032302727,0.9965691777763395,0.8135842912483261,0.4940539252480439,0.6588611026984798,0.289205300607752,0.39070099999999996,0.7916066976825649
GIB,2006,0.10568243175260952,0.8024703032302727,0.9965691777763395,0.8135842912483261,0.4940539252480439,0.6306563974140145,0.289205300607752,0.452986,0.7916066976825649
GIB,2007,0.10568243175260952,0.8024703032302727,0.9965691777763395,0.8135842912483261,0.4940539252480439,0.631000087308695,0.289205300607752,0.5161,0.7916066976825649
GIB,2008,0.10568243175260952,0.7217314661972534,0.9965691777763395,0.7699887257008806,0.48365486785333706,0.6140641986645782,0.3572014728398659,0.58,0.7916066976825649
GIB,2009,0.08471582036545394,0.6977364908683107,1.0,0.714205501057382,0.47340881886354236,0.7140148620888247,0.1322386639399574,0.6507,0.7995559400979187
GIB,2010,0.3154384110343241,0.7167708256960786,1.0,0.913283768023736,0.5125593717429334,0.7454687719827887,0.22101275246433,0.65,0.7875618563542144
GIB,2011,0.25915861107522054,0.7523716482769819,0.9977139195282607,0.8381966535042391,0.6589852904170116,0.5188351322267368,0.2714525437915484,0.65,0.7507826327533773
GIB,2012,0.31331033177274886,0.7352530975698157,0.9988575261865398,0.741062873530852,0.5070446430212713,0.480139902123293,0.3178345195283081,0.65017,0.6254901042854296
GIB,2013,0.4999644185947115,0.5585133488264221,0.9988575261865398,0.6417106346388894,0.4709998366793687,0.48490843747382517,0.5386820599251336,0.610087,0.44013598478790683
GIB,2014,0.4999644185947115,0.5585133488264221,0.9988575261865398,0.6417106346388894,0.4709998366793687,0.48490843747382517,0.5386820599251336,0.610087,0.44013598478790683
GIB,2015,0.11458283222912906,0.5978009112151748,1.0,0.8294980211582687,0.19309988711963982,0.713381279646957,0.24017321677202083,0.42360500000000006,0.7298750742113541
GIB,2016,0.12901801371991942,0.6700413313225615,1.0,0.7163200051497671,0.5549627978525826,0.7285689118229022,0.042972447987168705,0.9444450000000001,0.856667953365322
GIB,2017,0.11458283222912906,0.5978009112151748,1.0,0.8294980211582687,0.19309988711963982,0.713381279646957,0.24017321677202083,0.42360500000000006,0.7298750742113541
GIB,2018,0.11458283222912906,0.5978009112151748,1.0,0.8294980211582687,0.19309988711963982,0.713381279646957,0.24017321677202083,0.42360500000000006,0.7298750742113541
GIB,2019,0.11458283222912906,0.5978009112151748,1.0,0.8294980211582687,0.19309988711963982,0.713381279646957,0.24017321677202083,0.42360500000000006,0.7298750742113541
GIB,2020,0.11458283222912906,0.5978009112151748,1.0,0.8294980211582687,0.19309988711963982,0.713381279646957,0.24017321677202083,0.42360500000000006,0.7298750742113541
GIB,2021,0.11458283222912906,0.5978009112151748,1.0,0.8294980211582687,0.19309988711963982,0.713381279646957,0.24017321677202083,0.42360500000000006,0.7298750742113541
GIB,2022,0.11458283222912906,0.5978009112151748,1.0,0.8294980211582687,0.19309988711963982,0.713381279646957,0.24017321677202083,0.42360500000000006,0.7298750742113541
GIB,2023,0.11458283222912906,0.5978009112151748,1.0,0.8294980211582687,0.19309988711963982,0.713381279646957,0.24017321677202083,0.42360500000000006,0.7298750742113541
GIN,2004,0.6727105389823512,0.006854655775713425,0.0,0.23674557326652446,0.404216797566043,0.13676139754097227,0.4171748661217929,0.00508819,0.0
GIN,2005,0.6625526415445379,0.07524155764108115,0.0,0.2524061787939691,0.44358705582197866,0.13814238255499667,0.441022551101387,0.00542254,0.0
GIN,2006,0.6669553308331181,0.10631940805610496,0.0,0.2631651738650116,0.4767916584407705,0.13682634083480538,0.6564433549089503,0.006374919999999999,0.3315238551783013
GIN,2007,0.6840837951402591,0.04496174479196818,0.0,0.2875686695678006,0.6838073234376614,0.1430300665161185,0.6037336966209002,0.00780025,0.3442062336748548
GIN,2008,0.6725741833599622,0.04373799276737472,0.0,0.30375153983297754,0.6408846868772076,0.1453938822452442,0.6369231098130184,0.0092,0.30804835490146365
GIN,2009,0.6778600745728879,0.010786669565311158,0.0,0.31145484550327174,0.3722193936326738,0.14021848155993566,0.6272821353260356,0.0094,0.3192789930815896
GIN,2010,0.692823426589068,0.07814208334537326,0.0,0.3293586097831289,0.5947378571230095,0.14346786359021824,0.6276614748036091,0.01,0.3018605001467969
GIN,2011,0.6738311407704554,0.18091817589243447,0.0,0.35228437080600195,1.0,0.14779217609324025,0.6321798760261577,0.02,0.3112936194043696
GIN,2012,0.6842438743023279,0.15352530922821245,0.0,0.37067235845235746,0.7999862232267345,0.15256527242658802,0.6164059930735988,0.031000000000000003,0.277823240995807
GIN,2013,0.6936002977010662,0.19545831762327048,0.0,0.38898689276351206,0.2841685961043535,0.1546311425561644,0.5855833853175945,0.045,0.30429147536899537
GIN,2014,0.6933242641303168,0.2561488286174562,0.0,0.40385411652019076,0.22933964166899345,0.15629775608783592,0.5864601908093754,0.064,0.30083961539515114
GIN,2015,0.7053041501552934,0.2917985136466778,0.0,0.4128707291549163,0.32344417156550614,0.15807072770750874,0.5279617863331718,0.092,0.34309704023633003
GIN,2016,0.6941740197729691,0.27267201122030077,0.0,0.4300101924014341,1.0,0.16924445027768065,0.5931302602862194,0.131,0.2717440661590085
GIN,2017,0.7291677985482635,0.23867698264646547,0.0,0.44355149722459997,0.6480944337862047,0.17975152516412318,0.6175971844830652,0.187,0.18482199768662877
GIN,2018,0.7544851151107947,0.2502513108993239,0.09293222223976194,0.45384061975902545,0.47764037462551806,0.18500138831451562,0.6429381809689572,0.2183,0.11662633519123133
GIN,2019,0.7869111513779374,0.2633335639299504,0.020502233376586076,0.45885319012131554,0.3055159439700386,0.1892120145833598,0.5814633934393358,0.22625499999999998,0.11980614437150194
GIN,2020,0.7858306709719723,0.2579329973749935,0.0853858885315324,0.4373864628040738,0.3654820658532722,0.19217866874691225,0.5667066253898614,0.234499,0.15727593513439775
GIN,2021,0.7924475084931476,0.23818653239771242,0.13720181453481395,0.4366973227851969,0.3593640573738646,0.1964216412433809,0.5719430333884175,0.243044,0.1432629559136842
GIN,2022,0.8033268176882135,0.31405181064138804,0.1587152776558911,0.4441588495204569,0.49919418058495024,0.198470728371552,0.531233543880631,0.246954,0.1751126107654457
GIN,2023,0.8120084107007786,0.43731751667570745,0.2365486246510402,0.45031619606964446,0.6659234296050291,0.20272207779734275,0.5169051547651664,0.265014,0.16803110016612477
GIN,2024,0.8233856235650905,0.019800378422813937,0.04730972493020804,0.46147795845546247,0.6488169777761319,0.20680568860900272,0.5052100877010468,0.0912028,0.14738508411301998
GMB,2004,0.8273957585905345,0.12280796343160244,0.0,0.6612551440466223,0.6596975614859801,0.14724216313476302,0.13258443478629145,0.03308,0.44364585836409987
GMB,2005,0.8316710641555215,0.15136553972852412,0.0,0.6573911100147414,0.6237640762798092,0.1397614078452064,0.13429516017839038,0.03799,0.4381899108481231
GMB,2006,0.7796102247178293,0.1919675336503105,0.0,0.6585749119966007,0.7915643054275929,0.13481948661747778,0.15903572517426534,0.0523769,0.5182859763773671
GMB,2007,0.7606419580552344,0.20094471821543963,0.0,0.6615722541896352,0.6811745625003092,0.13495904458350794,0.14958088696285587,0.062050400000000006,0.5454810567313939
GMB,2008,0.814377633979744,0.23002555967849242,0.0016609962916929177,0.6643623685546887,0.5790167259313256,0.13954105797734295,0.12074537147140174,0.0688,0.4761064611096022
GMB,2009,0.8290888798697044,0.2397989951100728,0.046895312373966824,0.6696909635314738,0.4610532903487178,0.1446846701918778,0.07978348744219477,0.0763,0.4443667362428112
GMB,2010,0.8530414486299187,0.24684466922361065,0.13720181453481395,0.6743167446777947,0.4406415531704955,0.14879114614237887,0.06230424766036968,0.092,0.41124768277129187
GMB,2011,0.7935566926642941,0.2656177619350936,0.17283782824307714,0.6655603205663954,0.45057410433757794,0.1322627589725942,0.13504274591053322,0.10870300000000001,0.5071283234282293
GMB,2012,0.7951674083402751,0.2590802237382777,0.209673764694692,0.6678814845389454,0.4734342358473441,0.135397493078786,0.15265050713401895,0.12449199999999999,0.4999384731349692
GMB,2013,0.7851208590653704,0.25707540635281917,0.24536952593125605,0.6677645007853115,0.6073370763528492,0.13525739508988266,0.15017253575311162,0.14,0.5107270986487613
GMB,2014,0.7496436987924665,0.2322821996906253,0.27785976515883615,0.6615650071166246,0.4058425778207164,0.12908030233399226,0.19920642395591215,0.15560000000000002,0.5313350240724297
GMB,2015,0.7470893934567919,0.17371830227391055,0.3136084114398967,0.6612462972448925,0.6239033202635396,0.1308826120039409,0.3219665632695705,0.17600000000000002,0.4577734624817622
GMB,2016,0.743492087897697,0.30823380498750225,0.3482822213647845,0.65809438913492,0.5901364576276964,0.1298630877450211,0.41744897364368905,0.19899999999999998,0.4040704136478914
GMB,2017,0.734354596440919,0.15908152914881346,0.3442566423376112,0.6620810111714346,0.5622523678618925,0.13302839458397575,0.3423250260935087,0.225,0.48328989600107874
GMB,2018,0.7217789120246131,0.18753942614848762,0.4240968085508259,0.6689362777076333,0.6026859460617014,0.13964067112587164,0.3265750699177177,0.28300000000000003,0.5071851963180412
GMB,2019,0.7232873157530371,0.21746103496977798,0.4574751669873045,0.6740045073858383,0.5390967725393278,0.14497455574019358,0.3258100165059066,0.31118300000000004,0.5051168907979182
GMB,2020,0.7369641824728884,0.21624098790372148,0.4593014970924214,0.6575318786843392,0.9648375181599351,0.14239606752976708,0.3138672778020615,0.342172,0.4919032473565004
GMB,2021,0.7607687939036324,0.23328918441268637,0.4863549787764079,0.6505698789360173,1.0,0.14638902958868605,0.2857183488406456,0.376247,0.4827622171963277
GMB,2022,0.7536912472548739,0.2495870779259955,0.5162675063034383,0.6542430709863551,0.967330755116045,0.1507775457835524,0.27690599665910764,0.440389,0.5186855226565665
GMB,2023,0.7453229254433588,0.22985517515831294,0.5420316578011146,0.6542904764983568,0.8455282244389744,0.15577452598185615,0.3015662801850829,0.459137,0.5091218403660536
GMB,2024,0.7281142493743992,0.29018859629459354,0.6142135449441308,0.6617413406365951,0.9128120190409492,0.16030526201009143,0.2690918536154767,0.3512194,0.5367680055713095
GNB,2004,0.8644720224827589,0.0,0.0,0.24292419082297556,0.3054354909965692,0.1194467857636512,0.17102565485185273,0.0180814,0.2940936699613923
GNB,2005,0.8850785606075174,0.0,0.0,0.2506730111686659,0.37244303257073763,0.1252556776380075,0.1710127660772216,0.0190137,0.20951469464220684
GNB,2006,0.8797349318167119,0.0,0.0,0.25417240441787947,0.46740497415126103,0.12557500263247723,0.1578273205251799,0.020572,0.21922830049909736
GNB,2007,0.8718840513509066,0.042410328802566954,0.0,0.2559651501586202,0.4462107553196972,0.12562955471946724,0.1769263668378227,0.022063000000000003,0.23794020648160563
GNB,2008,0.8724325435471061,0.12610373251561596,0.0,0.2578042508129097,0.32931308149332195,0.12838684083145668,0.1688100279725191,0.0235489,0.26350550500666703
GNB,2009,0.8778065710095275,0.09927813857148915,0.0,0.2618986023245182,0.42212620708943904,0.12820669577441057,0.18271506292603124,0.0230328,0.2322630186136565
GNB,2010,0.8705640676976629,0.16737503353794742,0.0,0.2673967198231715,0.46566987148827954,0.1323646007664997,0.21778170451511425,0.0245,0.24791347158273158
GNB,2011,0.8681665276607712,0.2289612237510022,0.0,0.2776916330822208,0.4247688256711635,0.1398223894198677,0.16406188178478298,0.02672,0.2787721540078132
GNB,2012,0.8713719577368862,0.29873384153159593,0.0,0.2699491448071747,0.3251056516071587,0.13346368432898614,0.15603145897043968,0.0289399,0.26868171040774547
GNB,2013,0.8748621036897987,0.29467606306619015,0.0,0.2740899354743207,0.3992021610286513,0.13424906306359996,0.19706775276354782,0.031000000000000003,0.2716916921873671
GNB,2014,0.8506083176718916,0.3183625013758709,0.0,0.2754815497800185,0.44942290016917963,0.13183247530730535,0.24863001290747166,0.0332,0.3090076523693992
GNB,2015,0.8528076826924098,0.20693285249589277,0.0,0.2784514985524771,0.3889241652446633,0.13673533507066804,0.18890984408085276,0.061,0.3354663168845047
GNB,2016,0.8605352975005264,0.18624387932739017,0.0,0.2862855235147368,0.4094609530752218,0.14076276222427486,0.15514151852072788,0.138,0.34156478825654846
GNB,2017,0.8605973917121292,0.28983539692158794,0.0,0.2898344905379209,0.3534899000662897,0.1438383100721713,0.14275220740500982,0.14800000000000002,0.3349524491303728
GNB,2018,0.8349412132326306,0.3247861595602349,0.0,0.2931027638900163,0.37013242302001903,0.1457492801725816,0.30006694205885864,0.157,0.3323189391485517
GNB,2019,0.8265349158120108,0.31701211039698723,0.0,0.2538786866027365,0.5761801503730143,0.14987967858110007,0.2784383644416082,0.179215,0.38132152737002833
GNB,2020,0.8623924732465207,0.3210810322162641,0.0,0.2356792206784395,0.3641358418449974,0.15069351725051106,0.16930882665687186,0.204573,0.37425753587198685
GNB,2021,0.8830114872386862,0.3160740121413202,0.0,0.251776181060418,0.3472206053160898,0.15459020970184567,0.14666816425658413,0.233519,0.2939619445861026
GNB,2022,0.8802970014610856,0.33517702359583196,0.0,0.28152544726247886,0.3598165853023213,0.159142182302495,0.1799396912187179,0.27567200000000003,0.3029314366094322
GNB,2023,0.8739447699452365,0.299718447361533,0.0,0.2900685165765857,0.36089631263663213,0.1640983779119748,0.26139511983990027,0.324661,0.2761900892229603
GNB,2024,0.8950595855092683,0.2698637087422013,0.15778350319266127,0.2998596456947955,0.36220295880476117,0.1667912532809569,0.277675954425451,0.13756726,0.1835229758749648
GNQ,2004,0.18576683156852777,0.014569377487017476,0.5075499499056599,0.4025959277847022,0.7870314618942065,0.5224433537949572,1.0,0.0084393,0.0
GNQ,2005,0.2007941680796535,0.0,0.5092987405673002,0.4084203111682809,0.893167199612628,0.5374615811544782,0.8330951266513222,0.011497900000000002,0.13309746800586292
GNQ,2006,0.2175001475347117,0.0,0.5110448835509223,0.4079956750731868,0.5869527919956397,0.5417957185058447,1.0,0.0127919,0.0
GNQ,2007,0.2033218840010865,0.019366672106727212,0.5110448835509223,0.41359343613369237,0.9027349506281694,0.5558893957119758,1.0,0.0155712,0.0
GNQ,2008,0.14940751803535637,0.08534267074448315,0.5127883868616054,0.4183505636091662,0.022424823905381253,0.5730276941705427,1.0,0.0182,0.0
GNQ,2009,0.16939660427358022,0.13315321717221412,0.5162675063034383,0.4123171476857457,0.9926057049602797,0.5682762697699787,1.0,0.0213,0.0
GNQ,2010,0.16976375027529397,0.15864079492814587,0.5283624344414601,0.39309914984051764,1.0,0.5480372089617586,1.0,0.06,0.0
GNQ,2011,0.16885177175796653,0.1688004026789875,0.5283624344414601,0.39002586240945414,0.8858391812915296,0.5509101841289218,1.0,0.115,0.0
GNQ,2012,0.16910184161091538,0.11523009000428036,0.5214665859733962,0.391086807644768,0.5704208063359669,0.556586272384432,1.0,0.139432,0.0
GNQ,2013,0.18441378242624337,0.18221223284516247,0.5249196640629883,0.3897009489487022,0.4568689705514345,0.5446592833646514,1.0,0.16399999999999998,0.0
GNQ,2014,0.1952859750053633,0.21516700313105336,0.526642333868514,0.39205070069437475,0.3342164173121444,0.5395924555095658,1.0,0.1886,0.0
GNQ,2015,0.25019952095942855,0.3038042251470174,0.5283624344414601,0.390811732179559,0.870233849594582,0.5202246083697134,0.9244942193864625,0.2132,0.21145248773028014
GNQ,2016,0.284284694946723,0.340706852200277,0.5300799734340496,0.3875475798926171,1.0,0.5015100743330699,0.8643698180040786,0.2378,0.3368349379796798
GNQ,2017,0.28308121301160616,0.32879326824546057,0.5335073971165754,0.3813485725618837,0.48929105343814694,0.48791642578114647,0.9054004291920794,0.26239999999999997,0.25010583156718447
GNQ,2018,0.2789106986879057,0.3297815482212542,0.5352172969410853,0.40017817613714035,0.21223524125805004,0.4736361407369366,0.9091497430024527,0.3537348,0.24108810346798837
GNQ,2019,0.29172672606184474,0.34478317395874186,0.5369246654547899,0.3987743462171043,0.7544247205106911,0.4607053994681315,0.8619600992332825,0.49133699999999997,0.3391029683514133
GNQ,2020,0.3367061769707682,0.30944398113135846,0.5386295101412415,0.39569846462104996,0.27805326541818326,0.44961181727226707,0.7943994427204952,0.550013,0.44762150787945476
GNQ,2021,0.31725555616731765,0.2665340219482703,0.5403318384508582,0.40324270044436883,0.5832091926637877,0.4473202506308437,0.8438802930089147,0.5871730000000001,0.37040114503232013
GNQ,2022,0.2952998887845953,0.214512729567306,0.5437289755767356,0.40648922736218607,0.9440548099133497,0.4482775695620781,0.8997064029548931,0.593433,0.25171267090686555
GNQ,2023,0.3333418847914666,0.15319604716117474,0.5420316578011146,0.4081265098695721,0.3588093747863126,0.4371981045006409,0.8061680892175409,0.603661,0.4318606627872379
GNQ,2024,0.33656234960689735,0.046895126194817095,0.5933449577333552,0.4133426027962823,0.37986897047841284,0.4350188362652573,0.7981497484633222,0.26767465999999995,0.444317096979872
GRC,2004,0.405917935483189,0.6552510999325891,1.0,0.7885423460324841,0.3435097482385244,0.6467831643046901,0.40682787716471047,0.21420000000000003,0.6544657703171497
GRC,2005,0.4027813053179307,0.6867243727730641,1.0,0.7898570223447354,0.3025118776789709,0.6480653277921379,0.355671397503315,0.24,0.6770517333399098
GRC,2006,0.34428115905102596,0.6981042417200307,1.0,0.7957974098934244,0.4149043814744936,0.6566933131318683,0.4073908891320501,0.3225,0.6502428874789179
GRC,2007,0.33688813031122894,0.7204999080964785,1.0,0.7955593870805657,0.3245550685185703,0.6613266981206168,0.3645504410676781,0.3588,0.6704301164251292
GRC,2008,0.32149815516910735,0.7323421545318858,1.0,0.800376109074183,0.3902893446378699,0.661024774737173,0.30869713692935363,0.38200000000000006,0.7029846596489011
GRC,2009,0.3233741602308726,0.7291773621561093,1.0,0.8058246270990965,0.3391047408761477,0.6545369962500739,0.29197742277006977,0.424,0.723451165249402
GRC,2010,0.3226677101944559,0.7812415238494508,1.0,0.8126838990840932,0.29572160740247405,0.6458405661375218,0.26077660758928856,0.444,0.7230104449027599
GRC,2011,0.33149604063830435,0.793480551150864,1.0,0.8300679561064999,0.3091171768413747,0.6309603990741491,0.23881411725129142,0.5165,0.722940165629582
GRC,2012,0.35159604559673613,0.7952387948438338,1.0,0.8348088263096676,0.3293097943708515,0.6191187946337101,0.2523867900322947,0.5507,0.7187429803771463
GRC,2013,0.3479191367187467,0.7945759247316766,1.0,0.8365111836871724,0.3650492121858235,0.6168352358224242,0.2607386384363535,0.5986630000000001,0.7225260168623087
GRC,2014,0.3576893108933418,0.7910311357467963,1.0,0.8418157394812544,0.35906728360735973,0.6189475286169958,0.23106913775661764,0.632073,0.7272703067633612
GRC,2015,0.3723795459232433,0.7824574898107335,1.0,0.8470532012712053,0.3264649524744069,0.6195721206843711,0.24081769235635075,0.66835,0.7203228121595568
GRC,2016,0.3536937501893368,0.7728394064818582,1.0,0.8491684621004416,0.3749702037976988,0.6201296734899181,0.2363908026546655,0.690879,0.7124585915524357
GRC,2017,0.3689290557849467,0.7558991626424483,1.0,0.8499924231808054,0.39571695484314956,0.6225394552267335,0.21071917794727524,0.69893,0.7198704368793405
GRC,2018,0.35728237566519666,0.7340494191124756,1.0,0.8494573512995123,0.40684154581546805,0.6258003673301259,0.21541910133164266,0.722384,0.7142211515123766
GRC,2019,0.36433150600310127,0.7055885091823217,1.0,0.8558528828859457,0.44097509405651225,0.6292216091739969,0.20620453289559793,0.756712,0.716813808482268
GRC,2020,0.3773854661169835,0.7084918648377752,1.0,0.8651807551783604,0.39637313240386,0.6155302370058763,0.23607076331850707,0.7811579999999999,0.7160580950447604
GRC,2021,0.3575985008534461,0.6270087733769436,1.0,0.854485397478137,0.4803352945521143,0.6293446219928601,0.25147466000837215,0.784943,0.7068117390111963
GRC,2022,0.3705610559477734,0.6118480982326666,1.0,0.8538673850054916,0.5245869323972239,0.6389753052376607,0.3100894734852151,0.831707,0.691197832589022
GRC,2023,0.3684242520597133,0.5978284497335216,1.0,0.8480506888137578,0.4105142710464578,0.6424543206300747,0.2539109540934501,0.850102,0.7033933110903532
GRC,2024,0.3695925782531393,0.5947960884166987,0.9988566194609201,0.8487486056641869,0.45526203655417774,0.6454828354832546,0.25867404026868623,0.862697,0.6949720866644302
GRD,2004,0.4250895233485194,0.6473050091054409,0.8437085296395628,0.7846817278660991,1.0,0.4873993629343417,0.30985433843900023,0.195706,0.6738846056223942
GRD,2005,0.32568646427954573,0.6337783589953276,0.8476247548637881,0.7329016697968143,1.0,0.5049480007012045,0.45949700389154047,0.204878,0.6074857846371393
GRD,2006,0.37576858796748575,0.6586768214524685,0.8528257883470829,0.7884132861755903,1.0,0.49850060335181834,0.38149683194363915,0.21396,0.6393714439348357
GRD,2007,0.35892851009537585,0.6716233688684781,0.8567112290360699,0.7884132861755903,1.0,0.5066177605568637,0.36639143040167,0.2229,0.6550284413209471
GRD,2008,0.36968359845728127,0.6757082138720871,0.8797529387688607,0.7921478727775807,1.0,0.5074962559327968,0.33324979222337525,0.2318,0.6776579328022727
GRD,2009,0.40919168893432795,0.7032715332250477,0.8670088619141669,0.7986434712595422,1.0,0.4970976023155508,0.2500267276976138,0.24050000000000002,0.7153128195421874
GRD,2010,0.40433783910226084,0.7157538057470312,0.8721234034239389,0.7756812713082539,0.7537854511521188,0.4959213258936651,0.2494973234786213,0.27,0.6995517870273367
GRD,2011,0.4014795717677931,0.718105067624409,0.8644430605881279,0.8004565631283544,1.0,0.49638726993123006,0.20372320017429058,0.3,0.7095137338971296
GRD,2012,0.4177567214475938,0.7126324865336573,0.8822849424650299,0.7776529890561101,0.6893139205385073,0.4938028250684524,0.1664228719796348,0.32,0.7261555727161499
GRD,2013,0.4178898979350915,0.6885164569306748,0.8873323344175441,0.7981939859430967,1.0,0.4962622963287121,0.20564133850963517,0.35000000000000003,0.7170385538381665
GRD,2014,0.46472352197886274,0.659795773715514,0.8923577333070547,0.7473626594617063,0.8818913530049173,0.5057232399288257,0.18468721444052716,0.516,0.6983958988510461
GRD,2015,0.5055605975389205,0.6313713499940645,0.8973613299636449,0.7335392892146273,1.0,0.5140988167767918,0.1666592921472323,0.525,0.6787048606253521
GRD,2016,0.46820443064285666,0.6170949976039599,0.9023433127444198,0.7335392892146273,0.9547537430643704,0.5188541407606849,0.16023398372624076,0.533,0.6809339081615744
GRD,2017,0.43884708560032615,0.6059431122524157,0.9073038675760579,0.7335392892146273,1.0,0.5247700109986305,0.18123083363139192,0.542,0.6821121981904508
GRD,2018,0.43254832529984066,0.6041223979023034,0.908540679727162,0.7932676052595845,1.0,0.5306485476248662,0.2068748820287225,0.614,0.6689504580632941
GRD,2019,0.4114310059776897,0.5993025758052724,0.9171614251954034,0.7813630360487718,1.0,0.5312637937741077,0.21409299402009285,0.6431279999999999,0.6800484538563238
GRD,2020,0.42063720553148387,0.6392106726350311,0.9220587880546196,0.790229395198716,1.0,0.5093329109939947,0.19491751980659844,0.6736369999999999,0.6793598311458289
GRD,2021,0.43768601572144517,0.6313508905031233,0.925718211178788,0.790229395198716,1.0,0.5155638189647532,0.24287732930321493,0.7055939999999999,0.6586357716707747
GRD,2022,0.38670317921404623,0.6167148649017897,0.9317915649730804,0.7891652808249741,1.0,0.5255247822841879,0.29335536537379525,0.742689,0.6463060000025345
GRD,2023,0.33417915094661804,0.6055986964610602,0.9342119797551884,0.7903733245879818,1.0,0.5317421525032201,0.25186915950555466,0.741201,0.6561350761205027
GRD,2024,0.3246533472007234,0.6216708399336446,1.0,0.6790106210432683,1.0,0.5372275997429273,0.2637987232576591,0.6966036000000001,0.6647460924018831
GRL,2004,0.6790813375423714,0.8160497383118784,1.0,0.8948931581299586,0.6961392293405534,0.7160945612911723,0.28058288046321667,0.56099,0.6594564174655377
GRL,2005,0.6857633825266103,0.8160497383118784,1.0,0.9040679759696504,0.6961392293405534,0.7230651514291665,0.2963975712732374,0.577034,0.6378531459129531
GRL,2006,0.6762701996595705,0.8160497383118784,1.0,0.9089169839022467,0.6961392293405534,0.731322102633344,0.3101491139327941,0.593617,0.6401873598951529
GRL,2007,0.6482192774964283,0.8627325169754132,1.0,0.893698125291883,0.6961392293405534,0.7352608701647677,0.3119029396180024,0.6107,0.6608405377261386
GRL,2008,0.6543282006748408,0.8627325169754132,1.0,0.8954909609332903,0.6961392293405534,0.7445301874933549,0.35089108348692943,0.6282,0.6357662388005436
GRL,2009,0.6011720554534412,0.8627325169754132,1.0,0.8839621002460734,0.6961392293405534,0.7457946601404467,0.34470308930190807,0.6283,0.6856142327668819
GRL,2010,0.6332460623968459,0.8627325169754132,1.0,0.9040071842725634,0.6961392293405534,0.7477499475030615,0.3473982528019399,0.63,0.663542813126913
GRL,2011,0.6520682587598016,0.8627325169754132,1.0,0.8995189884836987,0.6961392293405534,0.7461162073696072,0.34677243048288586,0.64,0.6478767074838205
GRL,2012,0.6755452935184599,0.8627325169754132,1.0,0.9029515079425756,0.6961392293405534,0.7483302800778616,0.3687527467565135,0.64896,0.6087322874994272
GRL,2013,0.6588012761514764,0.8627325169754132,1.0,0.9049977313428208,0.6961392293405534,0.7472713292292822,0.34868778708086423,0.658,0.6402750793343772
GRL,2014,0.6908889035743881,0.8627325169754132,1.0,0.9046417421390768,0.6961392293405534,0.7544806439126758,0.2801471718364108,0.667,0.6354720254935255
GRL,2015,0.6869842977497885,0.8627325169754132,1.0,0.8991629992799546,0.6961392293405534,0.751229369106644,0.3192770210506557,0.6760039999999999,0.6268754458167054
GRL,2016,0.7044886334625791,0.8627325169754132,1.0,0.8912157191701201,0.6961392293405534,0.7576851718887408,0.3368271944363821,0.685009,0.591255053693756
GRL,2017,0.7122845158829866,0.8627325169754132,1.0,0.8909916177412065,0.6961392293405534,0.7577978649148901,0.31826805725645224,0.694825,0.5929235601148544
GRL,2018,0.7047146773881072,0.8495585896425795,1.0,0.9044001150020577,0.8374051943685024,0.7590850430391388,0.3507810550485657,0.7355690000000001,0.5755738053089088
GRL,2019,0.7052812170484457,0.8495585896425795,1.0,0.8899172830384441,0.588387845083421,0.7626165913743564,0.32193260203917173,0.7744522000000001,0.5927386623300301
GRL,2020,0.6690602900552838,0.8495585896425795,1.0,0.8978219174902428,0.7967867628478507,0.7626140329680665,0.41097770442605097,0.6616378,0.5836803925691636
GRL,2021,0.6619021189411053,0.8495585896425795,1.0,0.8846205082839234,0.7967867628478507,0.7642322292129097,0.37049663003064337,0.7334234000000001,0.6157364376850856
GRL,2022,0.6732177255607331,0.8584657781826894,1.0,0.8918013427524139,0.8096440888307642,0.7670927329503417,0.38369024573381183,0.7942975999999999,0.592812138988863
GRL,2023,0.6805551743759276,0.8584657781826894,1.0,0.895134971729546,0.8374051943685024,0.7678226541205341,0.356865255862695,0.7338370000000001,0.5992867370307517
GTM,2004,0.6278076893070199,0.4639187439367087,0.7049202280907547,0.537652757260358,0.37273602904054237,0.371298260113366,0.5558701847453082,0.051,0.5081791895832724
GTM,2005,0.6194703399217111,0.45679424148525655,0.7210304575586379,0.5400497728065501,0.4152330186784302,0.37283518488369694,0.5505786713094303,0.057,0.5282738051967102
GTM,2006,0.5985616283962243,0.48107368648034127,0.7970087403990274,0.5421936485048122,0.423023071855674,0.37733025749114135,0.5625433637079147,0.065,0.5357661902564339
GTM,2007,0.602145846288317,0.47966045881651515,0.7554179157485166,0.5464928997831304,0.45059842187560784,0.38319078970024234,0.5558877537404203,0.073,0.5402136612528929
GTM,2008,0.5963408808179267,0.4729074040701324,0.7722346494659673,0.5510709426701128,0.40764128342911204,0.3849144299478279,0.5599200714276991,0.083,0.5558422535467051
GTM,2009,0.6060941780275606,0.456709777165136,0.7888096971930105,0.5542657072827426,0.3716363462268297,0.38271339920246283,0.5496067949410959,0.09300000000000001,0.5692980244610673
GTM,2010,0.5944091652478678,0.44343711263877,0.8051499075236013,0.5584441937122695,0.4604069159851621,0.38396404702083087,0.5490042215576036,0.105,0.5771808467482398
GTM,2011,0.594887976105802,0.4411668365972335,0.8010865073589848,0.5341103163211378,0.405744884342654,0.3869908117621589,0.5569187571383094,0.12300000000000001,0.5698872069608298
GTM,2012,0.5842273696090091,0.5048890172978402,0.8384661241571116,0.6078267141172238,0.46771249504739254,0.38835485980030005,0.5600344525784124,0.16,0.5780396345207879
GTM,2013,0.5766529642801544,0.5112766038071073,0.8554175360003926,0.6115534367217896,0.47094044053953676,0.39078506414647707,0.46170943527771136,0.197,0.5971491974346823
GTM,2014,0.5706624957289249,0.5136622567660554,0.8212618420135458,0.6154680333426565,0.4423612370699136,0.39434485556360166,0.46671978760270005,0.23399999999999999,0.5980049845370741
GTM,2015,0.5683370031782069,0.5248539811695554,0.8860725557883269,0.6181334086353605,0.4099558986116126,0.39750586608150174,0.45716403440028786,0.288059,0.60589778279699
GTM,2016,0.5615979917897794,0.5275614009070118,0.9023433127444198,0.6226732133016935,0.3673528270111021,0.39866688349944257,0.45454901539491455,0.34509300000000004,0.6121267964797807
GTM,2017,0.562377022327132,0.524268556013604,0.9208363955497516,0.6179896272338019,0.37469581313632416,0.40042958779952553,0.43920174742069285,0.379,0.6204143341188795
GTM,2018,0.5564916039289646,0.5235315793393442,0.9317915649730804,0.6030004577679353,0.3658847615883633,0.40287364242528223,0.42858175383051655,0.41500000000000004,0.6285922478517403
GTM,2019,0.5558787829871223,0.5174066491378855,0.9462384413920546,0.6256527027675061,0.3827514692800571,0.4063837276917496,0.4400214500996804,0.44401,0.6210949463560129
GTM,2020,0.56745079311698,0.5284627412713632,0.9605065889791575,0.6160105241522729,0.36812370908152625,0.4016336744092893,0.4484411217377775,0.475123,0.6141303699140366
GTM,2021,0.5504280589707315,0.5273086757629897,0.9757671209025043,0.6124555213814804,0.5569967972640634,0.4108549247556098,0.4465526780518645,0.508416,0.6131569085291786
GTM,2022,0.5482763973442424,0.5329439424699489,0.989676763516206,0.6372112329443969,0.38269189097722056,0.41476335812895904,0.454894453062322,0.554086,0.6100838127336701
GTM,2023,0.5621634582370322,0.5361246253226586,1.0,0.5992198587529431,0.38692695310038716,0.41756768263763455,0.44794440583905093,0.560535,0.6052433375575208
GTM,2024,0.5642345210350572,0.5340659101383578,0.9915106304198613,0.6034424949855626,0.3902647745297214,0.4205362556279729,0.4354502699323741,0.45473359999999996,0.6114604312811078
GUM,2004,0.09348593200786373,0.6557740177256525,1.0,0.8697712125730028,0.33298773057783987,0.7008840981678434,0.29933161667033625,0.361618,0.745704582612227
GUM,2005,0.1099224161108298,0.6557740177256524,1.0,0.8711574176008168,0.5373117699225499,0.7055861868025209,0.24031318378515348,0.385599,0.7823907787393629
GUM,2006,0.09348593200786373,0.6557740177256525,1.0,0.8738437399763028,0.3329877305778399,0.6997670567261322,0.29933161667033625,0.438514,0.745704582612227
GUM,2007,0.09348593200786373,0.6557740177256525,1.0,0.875495798516154,0.4560240959787961,0.7004280168694169,0.29933161667033625,0.461505,0.745704582612227
GUM,2008,0.1099224161108298,0.6400470518398361,1.0,0.8769199975904001,0.5942465247669217,0.7029780339805948,0.24031318378515348,0.48418700000000003,0.7586803561067111
GUM,2009,0.1099224161108298,0.6285635329182142,1.0,0.8792023788954348,0.395922397135945,0.7031935205834686,0.24031318378515348,0.5064200000000001,0.7586803561067111
GUM,2010,0.1099224161108298,0.6156268297352089,1.0,0.880626577712647,0.45653974952881315,0.7061376180400921,0.24031318378515348,0.5404,0.7823907787393629
GUM,2011,0.1099224161108298,0.6421928829031331,1.0,0.8825429117848187,0.4282693141751598,0.7062319911032423,0.24031318378515348,0.5770000000000001,0.7823907787393629
GUM,2012,0.1099224161108298,0.602667756460818,1.0,0.8841293545203661,0.45147251784364073,0.7094817326745578,0.26424780145426213,0.615342,0.7548263927415843
GUM,2013,0.2064671806875323,0.635957543362688,1.0,0.8858532596920003,0.40620202145559503,0.7122338558136082,0.26424780145426213,0.654,0.7548263927415843
GUM,2014,0.21437539464536934,0.6492169044471363,1.0,0.8873417167748063,0.41911100006563495,0.715233964346149,0.23784034625551187,0.6927,0.7259059766905427
GUM,2015,0.09396003199219032,0.725835825715701,1.0,0.8890172343710292,0.41911100006563495,0.7169381133922549,0.17457134950859662,0.7314,0.8065107722003819
GUM,2016,0.2049602812153304,0.7225521060616582,1.0,0.8907748225003624,0.41911100006563495,0.7177947704087361,0.17457134950859662,0.7701000000000001,0.8065107722003819
GUM,2017,0.10052803226271863,0.727663105799876,1.0,0.8923742632852236,0.4701184391431538,0.7197392885025674,0.21998965693279562,0.805055,0.7871193478417233
GUM,2018,0.1415639088657242,0.6751043317387305,1.0,0.894055157808411,1.0,0.7192538948982851,0.6707284646357708,0.7976622000000002,0.48466698212705195
GUM,2019,0.032021556420342344,0.6497216053250284,1.0,0.8952100716760705,0.8,0.7236509037508235,0.49278009444949317,0.9162281999999999,0.5139710290813423
GUM,2020,0.033040005336011466,0.6314821689665446,1.0,0.8981911868921091,1.0,0.7072041611029366,0.4808097249954417,0.7081752,0.5081642704479191
GUM,2021,0.3834102811958161,0.6314821689665446,1.0,0.8962227372841216,1.0,0.7087610166135735,0.7480991298772066,0.7723126,0.5019891938219696
GUM,2022,0.1485841902351826,0.5775894223139416,1.0,0.8965494257467332,1.0,0.7147013853954874,0.7420178141871393,0.7120530000000002,0.518967101164176
GUM,2023,0.014111417557030107,0.6140939832178851,1.0,0.8975003344459007,0.06544906695557136,0.6812733834253223,0.24017321677202083,0.401565,0.7602256478747986
GUM,2024,0.18019541033461337,0.7865079295342516,1.0,0.8987940119909776,0.47986092142972725,0.7204571910005602,0.5237341863810316,0.5987392,0.44987822460673466
GUY,2004,0.8273305564325821,0.6149476099716908,0.6990057165628043,0.6491945734407585,0.5318446630678713,0.3991222876825741,0.3211471765148104,0.037000000000000005,0.11138673372647867
GUY,2005,0.8073815196569283,0.6306051903101959,0.7093362917645027,0.6463433800479987,0.8899414308201412,0.3965495591711973,0.3086417816412659,0.057,0.18439555236499228
GUY,2006,0.8450493881048446,0.4291242531022977,0.647468725345008,0.6562775217325685,0.5640491154427025,0.40418125504730174,0.4428538555338719,0.08900000000000001,0.23651792057492438
GUY,2007,0.819050313090206,0.4262551891322331,0.7239355654432265,0.6666975322551298,0.6471937168759576,0.41466256704022386,0.47632226695787927,0.138,0.2433945587844999
GUY,2008,0.8290403533430188,0.42122923959207276,0.7326072395317764,0.6685738180644667,0.6669454937667055,0.41762084250218023,0.49788954277086717,0.182,0.2203029838081929
GUY,2009,0.8116378223649605,0.4355672148629392,0.7108045634082272,0.6764394182796032,0.6211720962764228,0.4232537045138608,0.49457366972948824,0.239,0.2518006840961031
GUY,2010,0.8045124510213122,0.4460505813198041,0.7915491930662579,0.6841711197058049,0.6593809096515292,0.42968758385464867,0.5010775808630046,0.299,0.26413689767416226
GUY,2011,0.7803564507503886,0.462342253440907,0.8037970308636337,0.6945011855096683,0.7191332669341532,0.4376419230315717,0.53033549591388,0.3,0.2896409115013081
GUY,2012,0.7781696569238955,0.4806172235545418,0.8159161674589965,0.7020392372902111,0.7291576198325518,0.44507821588090224,0.5327826274161434,0.305,0.2937412860653983
GUY,2013,0.7800342799679988,0.5035420049076924,0.8279092795535883,0.7083335905264092,0.597190381778465,0.4495618210624944,0.5149710081861643,0.31,0.2928762035740502
GUY,2014,0.7704159934222271,0.5333313624097618,0.8397789612031117,0.7117336646363386,0.6588749687947413,0.45117710287607815,0.49106198957341407,0.32,0.3291296163010995
GUY,2015,0.7781977351030888,0.5323911442364113,0.8541223901928952,0.7140050469316863,0.493409006246525,0.45129805371681087,0.497491525067308,0.34,0.31582083366254876
GUY,2016,0.7275983529974842,0.5229327316146575,0.8670088619141669,0.7184497147864284,0.3682252346012895,0.4558124823730646,0.5813330793739793,0.3566,0.3197060021813529
GUY,2017,0.7526655933907,0.5173565431318745,0.8797529387688607,0.7226355582316768,0.5749240456474904,0.46019956499796255,0.5257948056715143,0.42700000000000005,0.3201198400239895
GUY,2018,0.7179101402638093,0.5327984222814013,0.8911034349557196,0.7266629306051544,1.0,0.4622117346251603,0.5267659217406586,0.485989,0.3516446565483511
GUY,2019,0.6942431372308641,0.5358931759510486,0.8998550114116206,0.7378866619310909,1.0,0.4668558795018932,0.569713938180465,0.553127,0.32776433451485687
GUY,2020,0.6845022020403663,0.5478269779873952,0.908540679727162,0.7340967176964517,1.0,0.5192885214016868,0.7171044663594544,0.62954,0.20694839981818403
GUY,2021,0.6341879041574353,0.4956218320771573,0.9159338282510037,0.7409298615801609,1.0,0.544393293262479,0.8457226717302688,0.716509,0.005430973044719067
GUY,2022,0.5696992480882442,0.4044012855366054,0.9171614251954034,0.729145421337464,0.0,0.6145172049066466,0.9926517328689104,0.783924,0.0
GUY,2023,0.5634299773784837,0.40164443956858414,0.9873701083065667,0.7202843767335811,0.0,0.6559463912706095,1.0,0.817221,0.0
GUY,2024,0.5109869765285736,0.34076761291215113,1.0,0.7046636173811698,1.0,0.707865087402845,1.0,0.7085888000000001,0.0
HIC,2004,0.22902947845305668,0.8239130389484455,0.9945423655407062,0.8130041104981651,0.4248469932573812,0.7045661413142951,0.5019172213806693,0.45372959999999996,0.6897841457132645
HIC,2005,0.21388745508097115,0.8282701378376884,0.9946575943744449,0.8165209972513034,0.49989776790479806,0.7080739183293255,0.5066339105901292,0.529,0.68664787801259
HIC,2006,0.205548524236268,0.8351185362086997,0.9952447187694204,0.8185843171263927,0.5773470205386255,0.711832168176518,0.5110148129010845,0.557,0.6805697062032041
HIC,2007,0.20876157448726812,0.8380684428887855,0.9953596275375975,0.8213336414091521,0.6611836422976606,0.7149967485687941,0.5082879740074002,0.613,0.6788821632508428
HIC,2008,0.20873306150190593,0.8273850207292115,0.9957110765408128,0.8264230876437262,0.5344685922705001,0.7149862611304919,0.505752212976289,0.64,0.6805355081781919
HIC,2009,0.20048938466253874,0.8363939707470924,0.9962534471485291,0.8362400839092152,0.44223811710122507,0.7091543524506015,0.4706203084868572,0.664,0.7119003608129062
HIC,2010,0.20515767577821048,0.8288560645226468,0.9975062454980952,0.8391711855767108,0.45230722531481443,0.7128643561509277,0.48270571024958775,0.6900000000000001,0.7014284400734745
HIC,2011,0.21518066911596295,0.8194242286233526,0.9975357305164536,0.8416126027687407,0.494093614301555,0.7151462567295853,0.4880773264423397,0.7040000000000001,0.6929261573404464
HIC,2012,0.2112609765756031,0.8196949222231185,0.9988020267544053,0.8431175996974498,0.4581155629830883,0.7164296386670429,0.4854354809867967,0.737,0.6967515489413589
HIC,2013,0.21906388487807749,0.8225623280483845,0.9988431061912308,0.8452303471942089,0.4565581805036433,0.7179212379462986,0.47941012521812754,0.751,0.6972353601516019
HIC,2014,0.21236253283049658,0.8222303575249625,0.9990541973193325,0.8465704310918061,0.44377392688777273,0.7202315859491905,0.47708305626539027,0.77,0.6985488898172099
HIC,2015,0.20481896751674603,0.8273293620235371,0.9936019431211447,0.8484858123683865,0.5619317614902823,0.722687257969776,0.4606215207628743,0.783,0.7135511516759352
HIC,2016,0.2012424145908044,0.8299608151109514,0.99857104395244,0.8503721168529115,0.5641345830217,0.7244663265480403,0.45184811813823766,0.8250000000000001,0.7201385663824853
HIC,2017,0.2059738269695188,0.832850177616046,0.9995399678410273,0.8517236402730721,0.4924258988345662,0.7274104114426937,0.4601446455819522,0.8420000000000001,0.7136402350251507
HIC,2018,0.19816679325443506,0.8264922433801034,0.9995734306456052,0.8527459873738197,0.33893057375788277,0.730326242016223,0.467721958572483,0.863,0.7082374645797644
HIC,2019,0.19375084372231882,0.8372498998416626,0.9994244452385512,0.8545654856586444,0.4403472790452123,0.7325623566551246,0.4590675713937993,0.875,0.7157716475415175
HIC,2020,0.2015426457377737,0.8619415825944281,0.9996380265780855,0.8565657300354901,0.3573137963985333,0.7264153267534715,0.4442505205244467,0.8840000000000001,0.7270252853548387
HIC,2021,0.20038914700557922,0.8584757717840545,0.999770350093188,0.8589086218151429,0.4667795763441195,0.7348457430640233,0.45930870745687735,0.9,0.7137720527118105
HIC,2022,0.1986470793166777,0.8414516610904754,0.9997693086237263,0.8609666579642457,0.4158537122182526,0.7385564310153291,0.4598794454317636,0.91,0.724466767350239
HIC,2023,0.19401415717800732,0.8414970001610294,0.9998675334939486,0.8622623564243685,0.33280694932283605,0.7401309525029854,0.44522031444651144,0.919,0.7304330305489934
HIC,2024,0.011219250636595447,0.8533722276194231,1.0,0.8648251799475024,0.3797012805618102,0.741942778272867,0.571657693094144,0.93,0.5918704220827955
HKG,2004,0.014104341984207932,0.8366992109065678,1.0,0.9316816433031851,1.0,0.6953415044896137,0.030903324394694565,0.563999,0.9252905784290859
HKG,2005,0.012848576437643769,0.8341718105172469,1.0,0.9351496285664451,1.0,0.705054128005495,0.0,0.569,0.9323066664183011
HKG,2006,0.011842535981278537,0.8241085562076176,1.0,0.9377061043905783,1.0,0.7139872750566988,0.0,0.608,0.9411659890443089
HKG,2007,0.011504555185130477,0.8239123303545755,1.0,0.9419785929470077,1.0,0.7218327281311897,0.0,0.648,0.9444203077174209
HKG,2008,0.009855916237829014,0.8297076912599584,1.0,0.9464168339891046,1.0,0.7240207612931985,0.0,0.667,0.9199696662469834
HKG,2009,0.012447412231830558,0.8525266637549238,1.0,0.9480576216208427,1.0,0.720093895014222,0.0,0.6940000000000001,0.9257347292740659
HKG,2010,0.009673809284448965,0.8920422443992857,1.0,0.9489143006186103,1.0,0.7285334451083082,0.0,0.72,0.9504819845770256
HKG,2011,0.008637395418802376,0.9112695812645109,1.0,0.948856860525586,1.0,0.7343830738308507,0.0,0.7220000000000001,0.9562364673166459
HKG,2012,0.009972040330055224,0.9070834967745529,1.0,0.9484428448582451,1.0,0.7352279708473431,0.0,0.7290000000000001,0.9602102082421617
HKG,2013,0.010559519555970752,0.9281164122471504,1.0,0.947734993183686,1.0,0.7390781574391271,0.0,0.742,0.9524262240543924
HKG,2014,0.012559712079663202,0.9430045183655684,1.0,0.9475545419108866,1.0,0.7420141029496613,0.0,0.798663,0.9462249431530148
HKG,2015,0.012955422075080722,0.9173678317533882,1.0,0.949677264810882,1.0,0.7442038381583903,0.0,0.8494840000000001,0.9399804641075584
HKG,2016,0.014788415223134259,0.9241330276710378,1.0,0.9467231818284021,1.0,0.7464287282779635,0.0,0.874794,0.9369342644428387
HKG,2017,0.012353457416555596,0.9333842847815599,1.0,0.9472016836105475,1.0,0.7507215116711939,0.0,0.8941589999999999,0.9281084816371528
HKG,2018,0.011651712983938262,0.9298968897693982,1.0,0.9479447771910081,1.0,0.7536347591128295,0.0,0.905074,0.9287232142117587
HKG,2019,0.01392165907300596,0.9463568835281282,1.0,0.949799668446679,1.0,0.7501134091933531,0.0,0.917434,0.9416467623645182
HKG,2020,0.019777503798012075,0.9663358709243388,1.0,0.9514372894061784,1.0,0.7408089716104044,0.0,0.924131,0.9359525546398646
HKG,2021,0.01465252650554509,0.9665782174249173,1.0,0.9501219758864301,1.0,0.7512116739796447,0.0,0.9308719999999999,0.9383959347860196
HKG,2022,0.00956820082752823,0.9710630696845763,1.0,0.9476728054075672,1.0,0.7470812977951199,0.0,0.9561360000000001,0.9519702040397342
HKG,2023,0.006148503566729725,0.9572762993649382,1.0,0.9475397126512473,1.0,0.7479804925772092,0.0,0.959778,0.9549061555658507
HKG,2024,0.006042350158057003,0.9409148810503483,1.0,0.946953618694113,1.0,0.751803210925884,0.0,0.6766036000000001,0.9585716218133995
HND,2004,0.6119980742790257,0.5400998154885932,0.5454237991298925,0.6100852832976367,0.7184971345405691,0.294076864296959,0.5318716677655335,0.055999999999999994,0.524898784072958
HND,2005,0.6173724099594126,0.545955899650038,0.5755123026029771,0.6142815161330022,0.684930253997617,0.2990779743675408,0.5264018809070787,0.065,0.53068600295533
HND,2006,0.6062420658959397,0.5768501284487755,0.6144468764189739,0.6029817825975159,0.7117815002675222,0.3048845249291191,0.5363645998132007,0.078,0.5392707366209208
HND,2007,0.6072501497157119,0.6110654445604866,0.6490178554911115,0.619663318778028,0.7930894420057897,0.310262685338648,0.5248597491284233,0.094,0.5604039012382906
HND,2008,0.6116260264701059,0.6069093704033599,0.6930607177273664,0.6238529690182744,0.8469735292499425,0.313020424652494,0.5210124761375026,0.096,0.5796878153437026
HND,2009,0.5862990357370371,0.6027838536625376,0.7210304575586379,0.6255478434605992,0.5046327890294555,0.3062729188331236,0.522358098433189,0.098,0.60039011418321
HND,2010,0.6012689849018977,0.5898611797664333,0.7596451430357325,0.6354824025834116,0.5335759218298837,0.3085033381278065,0.5141970689243165,0.1109,0.5942064764048234
HND,2011,0.6464761656847847,0.5891523044642375,0.7764007968753095,0.6402242845065893,0.667133003868494,0.31096579742900177,0.5184756012398364,0.159,0.5583580000892878
HND,2012,0.6360135901644033,0.6068399829412574,0.7956462745342856,0.618591263507362,0.6638331843820454,0.31390137544876706,0.5240607517489089,0.1812,0.5645407655947761
HND,2013,0.612367551426943,0.6211538343857841,0.8437085296395628,0.6580903815934582,0.6600918345371819,0.31502464903609206,0.5108213303023983,0.17800000000000002,0.5990848177775323
HND,2014,0.6185629335873429,0.6226143367047576,0.8631580161984971,0.6806956617130107,0.8455933980765269,0.31658511323370664,0.49340722835338413,0.23,0.5872141489973126
HND,2015,0.6128163394210119,0.6206339551107629,0.8797529387688607,0.6860473805650278,0.6924574039217606,0.3192904889238467,0.5153846929123387,0.271395,0.5677461007576303
HND,2016,0.6098009034837848,0.6333381310905355,0.8998550114116206,0.7012018959634414,0.6277438847497526,0.3221076256998078,0.5187322166184243,0.295282,0.560975071001081
HND,2017,0.6208664235255731,0.6331658398339577,0.8345186226865859,0.6661944040808967,0.5512329987800431,0.32628536438747224,0.5318914611409042,0.31735800000000003,0.5376882986217257
HND,2018,0.6016273972205732,0.651549415391153,0.8998550114116206,0.6713363825982546,0.674099590696045,0.3291046339012892,0.5328684880048782,0.360401,0.5452005599740981
HND,2019,0.5824979181235066,0.6572649292765795,0.8936106690309069,0.6705619444196405,0.5338270210589577,0.33014470403781127,0.5352668025565941,0.39388399999999996,0.5563324901873772
HND,2020,0.6123122164112128,0.6793165409107795,0.9183877168796499,0.6602638566066648,0.3497958645786955,0.3139701739470463,0.5098400738501454,0.452483,0.5697016954941079
HND,2021,0.5876665242108752,0.6681717255107769,0.930579450073937,0.6543883407060691,0.46908244363726326,0.32872386524287933,0.5185870922426683,0.519516,0.5556903319071331
HND,2022,0.6174139731297285,0.6757306479738749,0.9342119797551884,0.6771240260587605,0.441053317803254,0.3321819685168367,0.5202399714760404,0.5638960000000001,0.5418894329768378
HND,2023,0.6084980816167928,0.6925725552745534,0.9486287577303187,0.686122147649816,0.48976153657385196,0.33479183358411013,0.5186744915542156,0.582789,0.5487514992802924
HND,2024,0.5941069106590067,0.7000308473960328,0.7514087185761411,0.6899454591841359,0.5136896357255959,0.33741471583917015,0.5242901750200784,0.33447764,0.5614046988690138
HPC,2004,0.7610239644699,0.2811186152555896,0.0,0.19937887583536806,0.4775662965493229,0.1524151893801179,0.45719156258223226,0.04920000000000001,0.24059647141548535
HPC,2005,0.7643832440259225,0.2888539689804342,0.0,0.2049097977045764,0.4683496890090516,0.15610135617483467,0.4684089847004247,0.05,0.21923542045839994
HPC,2006,0.7567059942576938,0.29986534057908504,0.0,0.21602485927022963,0.48240893664153683,0.16002913872064684,0.48431620220031557,0.048799999999999996,0.239303671698758
HPC,2007,0.760383122126147,0.31102343114103365,0.0,0.22935446197999987,0.5233889939209886,0.16376279990566833,0.4932938458445155,0.04750000000000001,0.21604927999940804
HPC,2008,0.7663687102144195,0.31432871362967046,0.0,0.24421906996509413,0.5466176413519144,0.16765679814700296,0.5001760846869294,0.0475,0.22986426315899733
HPC,2009,0.7752143046373883,0.3333858497879088,0.0,0.25716439408046154,0.49829497024813063,0.16850760289541333,0.47383292531940846,0.05720000000000001,0.289352897185021
HPC,2010,0.77022214523782,0.33377816406629174,0.0,0.2805808640797265,0.5893987836791795,0.17316766366640524,0.47552268714058643,0.09459999999999999,0.29210477791173384
HPC,2011,0.7492566656684575,0.33609752650889696,0.0,0.29162344905438475,0.6032341699396309,0.17562102646878996,0.508473414879367,0.08409966000000002,0.3000675020428294
HPC,2012,0.7532969340705435,0.35266266968283394,0.0,0.30514693050875374,0.6479062000003767,0.17733903125399098,0.5082500949878268,0.07771966,0.3109299592766752
HPC,2013,0.7425418196025114,0.3592732316637785,0.0,0.3081140981156558,0.626734297702861,0.18139918918148545,0.5209356300976886,0.07771966,0.3051848003649953
HPC,2014,0.7417509918383485,0.3698733451263763,0.0,0.32135477218654795,0.5545898011304425,0.1849623085021923,0.509903793445261,0.030199999999999998,0.30649914812635215
HPC,2015,0.7446726771592269,0.38744230173232813,0.0,0.33365388203157886,0.5722150558358733,0.1877765096190206,0.48873522587537965,0.04540000000000001,0.3462142622001627
HPC,2016,0.7414036067951684,0.3968397913171137,0.0,0.34494844618840004,0.5230232113475681,0.18974465397192142,0.48338331083859787,0.0454,0.35559673526199775
HPC,2017,0.7362469510434663,0.3941941215303892,0.0010133232232911737,0.35764534047595076,0.5492850876488706,0.19263628438188596,0.5005906253929342,0.04540000000000001,0.35002401438267894
HPC,2018,0.7303143338298973,0.3928919320305842,0.0670207978962587,0.3751341041330307,0.5211856285685139,0.1944430561406757,0.5269910428203723,0.069,0.34539998980634934
HPC,2019,0.7311387309185386,0.39457733526980504,0.0934951324968516,0.39632332786125923,0.4826865950005529,0.19638109720868613,0.5217305778458814,0.1072,0.33888692364964745
HPC,2020,0.7467812141120677,0.4075119510097593,0.12606368939652146,0.36546267077237626,0.43255955884923725,0.19234877816652685,0.5041491822883755,0.059954240000000006,0.3308445357938692
HPC,2021,0.7367091196320086,0.4059221759440183,0.16626743605240346,0.36072257348695613,0.5114803388824841,0.19467201351267582,0.5194954712374122,0.04875424,0.28446569557442736
HPC,2022,0.7332835037032309,0.41438764452343585,0.18255508870319037,0.36542586030155366,0.4645450458404397,0.19779687305275606,0.534184703551938,0.10315424,0.25093317841054796
HPC,2023,0.7431696955850025,0.42973773515369035,0.22388602315442352,0.36601697586403503,0.4975544428235482,0.19898634245104196,0.5463762356818691,0.1922988,0.29857591137051775
HPC,2024,0.7398683481782646,0.2791460377727466,0.060312248783320935,0.37745558051034855,0.5712031541006646,0.20249931766871299,0.5504257398324603,0.04758,0.30522572749533117
HRV,2004,0.4001758334214089,0.549345369999263,0.9988575261865398,0.6661230667835989,0.48845214098582357,0.5490219290473756,0.4862182970597788,0.3091,0.5186642254406326
HRV,2005,0.3745929640374944,0.5605057647218507,0.9988575261865398,0.6735745221183618,0.5463933293613867,0.554983671675041,0.4786534599880632,0.33140000000000003,0.5343877060968252
HRV,2006,0.38000320340816535,0.5590156601853012,0.9977139195282607,0.6986101229644768,0.7232724590074384,0.5621268321147407,0.471133113115523,0.37979999999999997,0.5341426135837253
HRV,2007,0.36580672504100337,0.5638594061351092,0.9977139195282607,0.7048157779761102,0.7939628524768865,0.5693085269241568,0.46147048732329776,0.4144,0.5516908500583164
HRV,2008,0.375284862957796,0.5828987700995261,1.0,0.6977803449717523,0.7829685340691261,0.5721615093535198,0.4576046654583865,0.4424,0.5520550526144876
HRV,2009,0.38036899598547835,0.6251256175011835,1.0,0.7116717533144894,0.6045944591664083,0.5620729792947591,0.4561860828192734,0.5058,0.5664469356474648
HRV,2010,0.36345880477253917,0.6411475705069167,1.0,0.7180773773896463,0.45451872811656285,0.5604498756475292,0.42727000731293097,0.5655,0.5825690159325121
HRV,2011,0.3624403109265006,0.6388129036170687,1.0,0.7095478688459642,0.413269626307885,0.5607899543380065,0.430327558690921,0.5779,0.5877973193856016
HRV,2012,0.3441884311127549,0.6730340597582791,1.0,0.7411361702958073,0.44970538345883926,0.5581938677736437,0.4198300209143393,0.6194,0.5823390061646929
HRV,2013,0.35259726324510837,0.6687799479801912,1.0,0.7576950616822025,0.3877540746366706,0.5589035651941073,0.4075350354182934,0.6674760000000001,0.5758349892392727
HRV,2014,0.32416045460495446,0.6649525809794039,1.0,0.7711320993833275,0.6320628030980447,0.5592042099551283,0.4109177578125316,0.6856789999999999,0.578028268059589
HRV,2015,0.3256716401994368,0.6528272103493364,1.0,0.7755280904367443,0.3463783616404095,0.5642664163596082,0.4043108546043992,0.69845,0.5746524759447564
HRV,2016,0.3313763828023004,0.6377011933833874,1.0,0.7903296450820236,0.4786338111972409,0.5707895605392422,0.40211216620287416,0.726973,0.5737773155492891
HRV,2017,0.32120114148234236,0.6261692564816119,1.0,0.7998546743475545,0.4948916994418735,0.5778118564036069,0.39003400550760303,0.670962,0.5801702426515334
HRV,2018,0.3248904541149804,0.6193408866877121,1.0,0.796483887168137,0.4577266843363512,0.583879713127963,0.3782179651198594,0.752946,0.5778081505310415
HRV,2019,0.31914777946723627,0.6138049850583966,1.0,0.7942120409699789,0.7052728407602131,0.5897535527635792,0.38526743128810725,0.7907980000000001,0.5727118720448949
HRV,2020,0.33538494411820413,0.6382834792071137,1.0,0.7889653233075458,0.44927515647285554,0.5784582431579349,0.39782767380760564,0.7832089999999999,0.5782130474771341
HRV,2021,0.34837193929140026,0.6135957810160335,1.0,0.780370442504688,0.7674032937235652,0.5970372598609109,0.38549021343665246,0.81254,0.5709535754770765
HRV,2022,0.35019666248941317,0.6036784019710444,1.0,0.7957428509415938,0.6430180878570941,0.6081329852455316,0.3970943593967695,0.820716,0.582266467265879
HRV,2023,0.30821120549517494,0.5850815419933206,1.0,0.8085069839312577,0.5380273131418238,0.61334072396454,0.42244183100988963,0.832412,0.5824258515179332
HRV,2024,0.3215490123524638,0.587062519011776,1.0,0.8167989844028045,0.601466750175508,0.6185471453098491,0.3757725560061742,0.8363240000000001,0.5971234574071791
HTI,2004,0.670748876227186,0.21938204582834908,0.0,0.488378250828307,0.2903286433219717,0.23687740306303462,0.5146838574996959,0.0540126,0.5155557281066665
HTI,2005,0.70004090027395,0.23299966134362965,0.0,0.49277216885681874,0.3080897693627158,0.23882881142593504,0.5036728282138685,0.063762,0.497446437867584
HTI,2006,0.695789281019551,0.22389672704216018,0.0,0.49683570040646075,0.42084719702868245,0.2389072019393873,0.5310828541240067,0.06796,0.4704990094516641
HTI,2007,0.7125011590924493,0.21402438510712413,0.0,0.5032566523832185,0.33655784277812295,0.2431323546845855,0.5086640336584773,0.07200000000000001,0.46133860616560796
HTI,2008,0.7047449516701717,0.22885675543639145,0.0,0.5087019797948455,0.3026098971131008,0.24452082009629506,0.534847198559272,0.076,0.4453906446954061
HTI,2009,0.7091321663453507,0.21767803632233057,0.0,0.5166421397543659,0.3151494568903392,0.2504259202203064,0.5261339584069908,0.081,0.4537497530407757
HTI,2010,0.7258690422441786,0.20736857281305804,0.0,0.5195276095290051,0.38170104488352674,0.24029496146905205,0.4737519398790797,0.0837,0.4680084014484427
HTI,2011,0.7237304824670922,0.2250435739797459,0.0,0.5260536938223854,0.34355387300203305,0.24586565621679723,0.49501775316947527,0.09,0.44665007627411724
HTI,2012,0.7171449984581267,0.2734836706847739,0.0,0.5310435991063231,0.3580780699851994,0.24434443433736786,0.5101343952833721,0.098,0.4428381883515575
HTI,2013,0.715480371217741,0.27246756488078877,0.0,0.5393869864462855,0.3547313915848682,0.2483043189437043,0.5161382264470966,0.106,0.44400052009744684
HTI,2014,0.6972304235450654,0.28459220258838075,0.0,0.5450187197618979,0.32655705119733963,0.2503100457551354,0.5322878451436581,0.114,0.4564706508747953
HTI,2015,0.6893796020105116,0.27258948946568956,0.0,0.551468215815996,0.33033608531292635,0.25024411689410064,0.5229856796776957,0.142,0.467012861358151
HTI,2016,0.6991695262923199,0.26655356320903884,0.0,0.5575830829575636,0.332544148841414,0.25082088696078475,0.4921811203218531,0.228,0.4795430464855408
HTI,2017,0.7095294589932888,0.2538954268565105,0.04950170268181431,0.5632659135485802,0.44565348672273086,0.2524421805495959,0.4772694204120531,0.272,0.4848773891918201
HTI,2018,0.7080763255155469,0.2807884259181624,0.07778985303568131,0.5682049575371928,0.32567803729593653,0.2529152888416931,0.48601230793068373,0.32473599999999997,0.4843686271997347
HTI,2019,0.713831297659372,0.2648530408231499,0.10291780167712705,0.5720054090772964,0.3165259554215692,0.24851659459790587,0.4706472304582565,0.39262,0.49853619587065223
HTI,2020,0.7273222831932068,0.22716597693347867,0.12507418206853682,0.554488861943637,0.2952352574357154,0.24184048592551222,0.469515289408748,0.34547120000000003,0.4913630473088042
HTI,2021,0.730894045146177,0.2201272018319222,0.14681293032476184,0.5508742357341636,0.2999609209449714,0.23753153849164,0.5131603600387094,0.35687120000000006,0.45526849838146655
HTI,2022,0.7263475817144699,0.21835755185695943,0.19599778760795328,0.5509708159715969,0.29668541997953884,0.23343512387925058,0.5806406755970925,0.22569008000000004,0.39270889277921617
HTI,2023,0.6924642802433428,0.1277882416964054,0.240967508295717,0.554737246789029,0.2917738970189766,0.229028964715969,0.6226558578410353,0.302,0.3814164936109896
HTI,2024,0.6708852421941226,0.0857900578304523,0.34256620767213447,0.557002291718363,0.2891813866741204,0.22117686262068503,0.6432006864234441,0.26115000000000005,0.39534330555589525
HUN,2004,0.3974836290068518,0.546558990715172,1.0,0.7536547859169782,0.5679579778928536,0.5453991528009993,0.5380454308393527,0.2774,0.49839930204600114
HUN,2005,0.36756396487809134,0.5695017172453529,0.9988575261865398,0.761806498083248,1.0,0.551799123419369,0.5439846534994197,0.3897,0.5124722441615912
HUN,2006,0.357967125573045,0.5890128178592968,0.9988575261865398,0.7642545264631129,1.0,0.5576257405722437,0.5441062795409977,0.4706,0.5255891572537066
HUN,2007,0.35527899079005526,0.6149350951378572,1.0,0.7643330025771089,1.0,0.5583322073408422,0.5350439985340607,0.533,0.5215313296874444
HUN,2008,0.3547621515829774,0.6390737414665353,1.0,0.7684206146277188,1.0,0.5600212088173754,0.5177346002717043,0.61,0.5309274328034812
HUN,2009,0.32755578707659366,0.6410795855360294,1.0,0.7755936847087828,0.13545674966406593,0.5501174814639048,0.5056092199153708,0.62,0.5378239881483307
HUN,2010,0.3282608910964081,0.6426130824556653,1.0,0.780389875665664,0.0,0.5519874311172991,0.507330517295564,0.65,0.5342527207659615
HUN,2011,0.37975590221589056,0.6356562364459126,1.0,0.7759739349953834,0.7691523940800592,0.5551544748005243,0.5055862142415934,0.6802,0.5239348618791642
HUN,2012,0.3756687413599685,0.60312608794049,1.0,0.783943041557865,0.8245402220551383,0.5539466943135484,0.5039271284472955,0.7058,0.5118882355535832
HUN,2013,0.37732288272404263,0.5834551948048423,1.0,0.7856085765508891,0.10506069650532857,0.5575653354086864,0.5040479155434601,0.7264390000000001,0.5161193158662551
HUN,2014,0.37842289136444207,0.5658119243440836,1.0,0.7809957420492735,0.8779708873003278,0.56430887671792,0.516090525100557,0.756532,0.5067084084355251
HUN,2015,0.3693844827047462,0.5238345952410797,1.0,0.7805294125522173,0.0,0.5700479540253797,0.5291944692375055,0.728347,0.4944395485283306
HUN,2016,0.37465289346594866,0.5125091883123831,1.0,0.7782484466700277,1.0,0.5741092241031468,0.5115691431842668,0.792594,0.5175631907881502
HUN,2017,0.36876223566936217,0.5063625204117643,1.0,0.7682157552983724,0.0,0.5804669520341309,0.5060255805122669,0.767505,0.5233426032397679
HUN,2018,0.3544146139285877,0.5055158701441618,1.0,0.7605603591501926,0.0,0.5886800594631404,0.5023775803764645,0.760744,0.5256422002415011
HUN,2019,0.3464674612238805,0.5115466730675813,1.0,0.7653056881887523,1.0,0.5960503365949982,0.49582612236737544,0.803717,0.5336880007601503
HUN,2020,0.3485257745765522,0.5390302548662183,1.0,0.7674862761285306,1.0,0.5899777552009923,0.4904188340885707,0.8477119999999999,0.5368078611041516
HUN,2021,0.35366324906780033,0.5435282098211274,1.0,0.7755948836286133,1.0,0.6006945196076278,0.48116976508918285,0.886408,0.5456360175582908
HUN,2022,0.3362189959795835,0.5296234862697056,1.0,0.7767815848345534,0.2135237410552946,0.6069902601783489,0.48790114125556827,0.891428,0.5494175224026754
HUN,2023,0.32322213574741304,0.5095791279277901,1.0,0.7784150714508487,0.0,0.6059942314328376,0.5094957343590059,0.9145010000000001,0.5593969217366266
HUN,2024,0.30996323355512606,0.5066831625493182,1.0,0.7821164020775018,0.0,0.607261507093464,0.4770348484841376,0.93779,0.5779701157952255
IBD,2004,0.5559679878458289,0.6314195378628704,0.8373949312298175,0.4529537903491887,0.46594529366161497,0.3711578702551658,0.6799074226171087,0.1464,0.43413353730617077
IBD,2005,0.5362633499104379,0.6260741296685124,0.8506614032510296,0.46093933312398105,0.4877760994667404,0.37974685960038046,0.68793448455665,0.087,0.43208171800700645
IBD,2006,0.5230717094485543,0.6332339440234422,0.8562985581778335,0.47235585036329697,0.5111463563553382,0.38982633823927315,0.6962598017245181,0.105,0.4312059795336669
IBD,2007,0.5221456119192024,0.6445485828920388,0.8711560933061335,0.477780685757915,0.5365687431861218,0.4008096105597597,0.6922711884143129,0.13699999999999998,0.4378036634377849
IBD,2008,0.5201944832322545,0.6434265908222763,0.8818615911670626,0.4852874033412795,0.5229272635713678,0.40770020276335683,0.70014113696987,0.171,0.432703629953914
IBD,2009,0.5294554983422486,0.6766042037405076,0.8882533218523525,0.4955130979613793,0.45055064388433963,0.4101895676669255,0.6834738078179525,0.207,0.46077854540756924
IBD,2010,0.5249916811661707,0.6805540814581039,0.8980358682955067,0.500815108636961,0.48522798435088976,0.4195579757301552,0.6897325794569373,0.25,0.44733248682000015
IBD,2011,0.521746989217183,0.6839265927545888,0.9111151212169979,0.5121149219430889,0.4846082680880844,0.4269792300023859,0.6942298170149956,0.28500000000000003,0.44372125314701005
IBD,2012,0.5178256148910981,0.6969256197701132,0.9143255351587154,0.5191483725000854,0.45809148841457215,0.4331212693405285,0.6902987952219029,0.315,0.455890160813742
IBD,2013,0.5204956090046637,0.711220159969139,0.9267167806776797,0.5363850462091508,0.45949177087388154,0.43891044321270367,0.6814136632428169,0.34,0.4760871457118281
IBD,2014,0.5212004419588453,0.72609551084202,0.934500534890196,0.5519988536136289,0.4397464655693287,0.4441547460089742,0.6754051898056614,0.364,0.49007189969338105
IBD,2015,0.5256603028926036,0.7477746475588909,0.9435650499608732,0.5666313947979651,0.43700069980858103,0.4488493017433107,0.662866446155568,0.391,0.5149578240818946
IBD,2016,0.5262650860435246,0.7513155698462495,0.951447399658103,0.5746035308758461,0.421691154637124,0.45377417611127424,0.6512715510177183,0.43200000000000005,0.5279424750415789
IBD,2017,0.5169883190853978,0.7503308471891625,0.9605545542655545,0.5808318403395027,0.4029630776332773,0.4597272355537082,0.655181579443318,0.466,0.5284736871634461
IBD,2018,0.5075731941131832,0.7620390075479071,0.9740147424879089,0.5884564813572597,0.4119250435780575,0.46536613324080933,0.6645565525111321,0.503,0.5285242887536636
IBD,2019,0.5127732853829884,0.7671058386768455,0.9755011993118226,0.5957860508650152,0.4034704312526785,0.4699001037145728,0.6517766337134576,0.563,0.543672311261266
IBD,2020,0.5342633867617603,0.7949842592599852,0.9775973833401164,0.5879907733972023,0.40034488250649697,0.4670355480726668,0.6453630873251681,0.654,0.545004863355139
IBD,2021,0.5240507463932242,0.789036436010534,0.9897852563408964,0.5896881212092469,0.42897497177858246,0.4769032010005364,0.6687572602554084,0.703,0.5239955753531449
IBD,2022,0.5191232003439574,0.8098679423575239,0.9881624738436319,0.5861339870389362,0.38711363222827,0.4815959024568407,0.6700571453234536,0.7440000000000001,0.5243448299336428
IBD,2023,0.5142022797965524,0.8130719265298711,0.9895452010654537,0.5937794322098626,0.3529460544928762,0.4877194303542546,0.6502823453892643,0.773,0.5435829221359638
IBD,2024,0.5131210153529873,0.8184077517741475,0.9937829342759608,0.5989882388105379,0.3515260334674565,0.4931067989784469,0.639724617184322,0.799,0.5515574761656867
IBT,2004,0.5807360716944104,0.6166062935043453,0.6892465545964042,0.4311300497731412,0.46107673610683264,0.34598140226472796,0.6665462161518008,0.1162,0.4280654418254439
IBT,2005,0.5633871147308815,0.6118773204488219,0.7028501844350075,0.43891433999482565,0.48314605323256876,0.3540161796040363,0.6753752772450341,0.07200000000000001,0.4260322567480421
IBT,2006,0.551275420906008,0.6188368174354939,0.7145435324117217,0.44924658007969054,0.5061877278780413,0.3633863353757766,0.6832842679593292,0.087,0.42618851484067166
IBT,2007,0.549108743035431,0.6315431594949574,0.7255589554617163,0.4549106571539556,0.5322635200953467,0.37355942374329965,0.6799102659775853,0.113,0.4327469145225722
IBT,2008,0.548217787606154,0.631741683920251,0.7376833482911671,0.46224999257206933,0.5202204641115867,0.3798785890767874,0.6880088901467851,0.14,0.4276937117178843
IBT,2009,0.5569393383639812,0.6647888314002557,0.7447837288635091,0.4718375041939389,0.4508558609420449,0.3821548433675418,0.6705036567067879,0.16899999999999998,0.455644139439908
IBT,2010,0.5507726339722359,0.6690614308539236,0.7546996232248837,0.4781637893394173,0.48315330402388335,0.39088478117851067,0.6781065903686903,0.203,0.4427741834004699
IBT,2011,0.5455857169004142,0.6723450074061104,0.772497704617674,0.4882186045254615,0.48356643415884415,0.39761987407802246,0.6842717892688106,0.23199999999999998,0.43885631625576194
IBT,2012,0.5421625864736939,0.6856065628668058,0.7796633414716858,0.49534379347692825,0.4585799033415399,0.4031288508920047,0.6798682748158371,0.257,0.45135740158181337
IBT,2013,0.5437281532625429,0.6987159955374163,0.7923607021699928,0.5097371242802131,0.45908443136456617,0.40856645491222,0.6707680225537118,0.278,0.47111548497464284
IBT,2014,0.5447562494062446,0.7132928300194517,0.8002654404057026,0.5240861775919199,0.4386926405962992,0.41349541285394487,0.6644796524882377,0.30100000000000005,0.48428761660075814
IBT,2015,0.549536557688973,0.7347524327226964,0.8119187205275207,0.5374355771744868,0.43694077766432504,0.4176886501632723,0.6503857694377253,0.32799999999999996,0.5094576884366409
IBT,2016,0.5488111388827027,0.7386499467996255,0.8305307159563551,0.5449968568675212,0.4217688048089082,0.42204679462676975,0.6395339727214049,0.364,0.5214909535587475
IBT,2017,0.5389473325620533,0.7380939884760733,0.8434216634597371,0.5522826522884889,0.4052190237308396,0.4274172585282302,0.6452387504950416,0.395,0.5210415214298565
IBT,2018,0.5304697024747186,0.7494526173313696,0.8567496808999415,0.5606316671436353,0.4117677333057511,0.43250519625853057,0.6554345707230218,0.429,0.520171808720308
IBT,2019,0.5391881763743402,0.7532434251344657,0.8615082885637833,0.568155134292458,0.4027735654858157,0.4364920223402865,0.6418874860562473,0.478,0.5338982775048318
IBT,2020,0.5591232221680288,0.7814733878184394,0.8658759656781045,0.5574295712412622,0.39831849695886457,0.432979457855981,0.6349539381806291,0.551,0.5347062970426202
IBT,2021,0.5485076891472397,0.7770420273965319,0.8800060578953364,0.5588752202939862,0.4270908589873812,0.4418429957548523,0.6581549274180216,0.593,0.5140896706381648
IBT,2022,0.5439196082118879,0.7953702242226579,0.8792633632804083,0.556828778894014,0.38660074983838977,0.44596045533228346,0.660126027027869,0.63,0.513525798246258
IBT,2023,0.5376625653645107,0.8030999763592808,0.8837335937180377,0.5635071347513807,0.35657022356834583,0.4512540637979542,0.6425556862370707,0.655,0.5332127032701082
IBT,2024,0.5339122637651968,0.8099580841340352,0.940084435345619,0.5691852564051882,0.3572374225511228,0.45600627022459295,0.6333619588025325,0.677,0.5411282714934771
IDA,2004,0.7569050692110411,0.3472003002272384,0.0,0.3344943005636156,0.40634217180095783,0.20087125012847717,0.48771835767947125,0.0198,0.3565203538359296
IDA,2005,0.753920357989809,0.35020138393905004,0.0022695213994676777,0.34223199941348126,0.4297324147011986,0.20613035600722485,0.5043269874638192,0.022000000000000002,0.35216668069198764
IDA,2006,0.7457078724414634,0.35193788884344407,0.06679292374535617,0.3485420041982805,0.44939487407438117,0.21116287618828034,0.5067351373470568,0.027999999999999997,0.36621916464335147
IDA,2007,0.7457135747348581,0.37479638363387374,0.07297637111274913,0.35658047329096476,0.4798752954791665,0.21601505201681126,0.5014648298046747,0.037000000000000005,0.3691311557305199
IDA,2008,0.7506218438228015,0.39522541582761955,0.10581442436244348,0.36466647133350216,0.4871826692846876,0.21967895029573736,0.5121944761526402,0.042,0.3643058090485969
IDA,2009,0.7563339519178888,0.39965630774382227,0.12824789299021777,0.3734561523037758,0.4545606482681397,0.22336676466412253,0.480832573352324,0.049,0.39085366884698836
IDA,2010,0.7491318332505146,0.38558992805532405,0.14957539296061917,0.3861513109586765,0.4565188607259584,0.22867898185017077,0.501646123150316,0.059000000000000004,0.3833545013787494
IDA,2011,0.7405296299852867,0.37778299832645285,0.20427094967924297,0.3920583541652105,0.4696468588090047,0.23132223696366638,0.5292625075465436,0.068,0.37333950155639384
IDA,2012,0.7406709650252977,0.3783356353101088,0.2413853109813493,0.4001304089654032,0.4652740115126109,0.23298676178537747,0.5150227501749378,0.079,0.39019490002743407
IDA,2013,0.7320181082324609,0.3793941651907145,0.26241608601094146,0.40404771448148225,0.453753802724597,0.23742709106014914,0.5079436693307653,0.094,0.40508126348186924
IDA,2014,0.7287294519990708,0.3984909915552483,0.2778721197577916,0.4137333960994285,0.42555819371874504,0.2419897246013164,0.5046578960156745,0.11599999999999999,0.4092967806862955
IDA,2015,0.7310597483059991,0.41304964834987096,0.30992512957420093,0.4226822349724091,0.43621788765930913,0.24385349648056664,0.4699508652055844,0.142,0.43939093795916895
IDA,2016,0.725353203887178,0.42785428186780067,0.3876840986161634,0.4302725818302826,0.42271791116983326,0.24536568231526001,0.4691600116968875,0.16899999999999998,0.4387145337878451
IDA,2017,0.7183226392686155,0.43142689294316033,0.4244342069956488,0.44373965229872914,0.43412802744587964,0.24791202269888168,0.4973634069174404,0.192,0.42237957438019924
IDA,2018,0.7151327909291761,0.4338385348035581,0.4437670110606957,0.4566380488982653,0.409743723987984,0.250949661852775,0.520856116733684,0.22,0.4085102952723423
IDA,2019,0.7288047895137045,0.41967320505170286,0.46965028103907613,0.466415571261491,0.3945375836098249,0.25334648045189845,0.5079710301705385,0.242,0.4113986486337362
IDA,2020,0.7405817076300625,0.4278767957586463,0.4905732877452387,0.4479570973717184,0.37462052881155294,0.24749549278277316,0.49420460915151554,0.27,0.406114857028411
IDA,2021,0.7389206198027879,0.4339421314502419,0.519705196045444,0.44766524246337003,0.4031198077721915,0.24999452333089078,0.5013556789422442,0.298,0.38215178509387426
IDA,2022,0.7338900684667178,0.437032203874369,0.5293401021614628,0.4547064668221896,0.3801241618017274,0.25337277425215865,0.5170406186417111,0.32799999999999996,0.3704821546135295
IDA,2023,0.7316924779683022,0.47786543373103035,0.552203447421987,0.45684449433554075,0.4062952232156257,0.2546654466004631,0.5247948982734223,0.34500000000000003,0.38613609994045106
IDA,2024,0.7198017084650681,0.43776198536405764,0.9866547209513016,0.4650601627087845,0.4415598555745021,0.2577318297979053,0.5326733650748825,0.364,0.385038101329803
IDB,2004,0.7556209856355806,0.3463332162381409,0.4021256676747189,0.46176007524953544,0.3645836540515158,0.2544620842156261,0.4805140630856508,0.2892,0.3850894357928749
IDB,2005,0.7507601985485569,0.34174146166425606,0.42267000154301737,0.466954356260024,0.4294922279620731,0.2592616737640768,0.49873732359505496,0.044000000000000004,0.3910561934609813
IDB,2006,0.7404322914965933,0.3381772494853022,0.43955203271216536,0.4685427109221041,0.4419618116690608,0.2637300548401854,0.48727171038840367,0.054000000000000006,0.41223640357865854
IDB,2007,0.7383984695601084,0.37699713761340364,0.4612035535323846,0.47093902333149495,0.4586967658248534,0.26761553747903133,0.46869813088339973,0.061,0.43486664615887083
IDB,2008,0.743090223263221,0.4076112995207916,0.47975735060818714,0.47486217774455364,0.4510029736900467,0.2697477814272088,0.4870537051020054,0.068,0.4254346545239778
IDB,2009,0.7465705578987057,0.39853755712965583,0.47588921767477554,0.48359051030766276,0.4343260470093512,0.27429280889741625,0.442663160563993,0.077,0.44059436365784954
IDB,2010,0.743665869551835,0.3612843673322091,0.49088715254509285,0.48803697062724183,0.39364144896281517,0.2789661379261653,0.4814919458984861,0.091,0.42615249165016067
IDB,2011,0.741777289954019,0.33993959229881615,0.5613990825404862,0.4913033375398679,0.40041868243584205,0.2813889561250108,0.5101463264096564,0.10300000000000001,0.40545354632089614
IDB,2012,0.7374019338842434,0.33096928531880726,0.5564373682121362,0.4978442996890018,0.3662106460115859,0.28447330725676434,0.5050941040823216,0.11800000000000001,0.4176471699034927
IDB,2013,0.7308689161379189,0.3313047484460819,0.5804727227259256,0.5020298793197906,0.36381633219180176,0.2893910326071857,0.4868159668080392,0.139,0.43979783522203997
IDB,2014,0.7267681634090644,0.34808102832951165,0.5684783722618576,0.5072466294902225,0.3608945193412227,0.2944831962657527,0.47695317278487925,0.161,0.450660516952909
IDB,2015,0.7348016040329546,0.3521749728330776,0.5736435624893375,0.511768376397856,0.36266744174704624,0.2970069253651889,0.41713897951156853,0.19,0.49491975067412763
IDB,2016,0.734175847364194,0.368006506733435,0.6341542472962418,0.5109956488297294,0.3528632360317634,0.2974174999304814,0.3847077971255155,0.20600000000000002,0.5037283334402782
IDB,2017,0.7236466880544756,0.3582850688375094,0.6199628357811475,0.5237257634697459,0.3781243842179057,0.2985231718242779,0.43498611849645274,0.223,0.48182109412321283
IDB,2018,0.7242426905054098,0.3558900497155017,0.64361598556824,0.5368371119762871,0.3509939412856777,0.3011190230922708,0.4676457292240048,0.24100000000000002,0.4570316588101604
IDB,2019,0.7502626252177328,0.3256682125480636,0.6553308235904636,0.5406109182310908,0.3290216059914823,0.30256064410095795,0.44291075585496475,0.269,0.4587783532625753
IDB,2020,0.7673025597507847,0.34294299335148065,0.6642806274658613,0.5283157123857167,0.3162624264356493,0.29479487256111947,0.4050951863638852,0.287,0.454575422826907
IDB,2021,0.7695398861000249,0.3513831728942998,0.6941016296977018,0.5331310475791011,0.33718178812167654,0.2979703267970676,0.41551270979321586,0.324,0.4361869558728704
IDB,2022,0.7626008836245846,0.34915689716097326,0.7030328396877676,0.5433985000114503,0.32886400716279074,0.30191572977227976,0.4465204360153594,0.365,0.42980554763290657
IDB,2023,0.7544388901359745,0.45326863910960685,0.7154924745692295,0.5491261236091556,0.3457660666130728,0.30320283139950355,0.44250530505405283,0.383,0.441680600274029
IDB,2024,0.7365536105102363,0.46128757304193224,0.7726788748380257,0.5551231467967583,0.3615889311990371,0.3062536207474319,0.4444988562595378,0.41200000000000003,0.4450945232393364
IDN,2004,0.6482886076623571,0.5423226893574445,0.8670088619141669,0.492706798735008,0.33206566801356086,0.30553012942728264,0.7858961539656033,0.026002900000000002,0.25300873165966653
IDN,2005,0.6287052593983842,0.5422754736964175,0.8118905884318233,0.4713018130103661,0.4738008208706619,0.3117003867341913,0.8065624204720905,0.0360202,0.23794494858475135
IDN,2006,0.6261117565722648,0.5423226893574445,0.8873323344175441,0.5031779200896858,0.3717446658553393,0.3175473278746729,0.8108036353004888,0.0476481,0.23254278532190398
IDN,2007,0.638462831236405,0.5423226893574445,0.8936106690309069,0.5119017993049155,0.3883444069113996,0.3245570061763364,0.8092859944539494,0.0578627,0.21945959894962153
IDN,2008,0.6505473462846755,0.5423226893574445,0.9134747074464808,0.5133493425063143,0.40287790181742333,0.33114817539322317,0.822391650703659,0.0791748,0.1736715857386084
IDN,2009,0.6626842507604838,0.4721059649455435,0.9244996931358296,0.5245205490514535,0.3428477737316315,0.3358755681608764,0.818184112322379,0.0692,0.16435483579917243
IDN,2010,0.6418817514684502,0.468910327642783,0.9317915649730804,0.5379797447189851,0.4158190054399149,0.3428077152404677,0.7650538696197127,0.1092,0.24511346337155926
IDN,2011,0.6351278553888076,0.490302448926995,0.9390376237006297,0.546390821152658,0.43389847745037813,0.34964267328941656,0.7779595590534178,0.12279999999999999,0.2433702733399392
IDN,2012,0.6328443546639271,0.5132591672107214,0.9533945794720617,0.5489817285351357,0.434340760609795,0.35627335653368963,0.774366093292334,0.1452,0.2495400405369903
IDN,2013,0.63255760639222,0.5297208501398893,0.9593242954667272,0.5551378035100232,0.45006245201755624,0.3623216008257161,0.7634402522004458,0.1494,0.263130071779504
IDN,2014,0.6322261245638032,0.531920274391837,0.9652236803006815,0.55851781438983,0.46754391472564716,0.36770536449854097,0.7552187162912056,0.171432,0.27821835311327936
IDN,2015,0.6348048764932926,0.5475091757122104,0.9710930426900379,0.5664637495935159,0.4335491361992566,0.37298588614866157,0.7326846074315325,0.220627,0.299948507130142
IDN,2016,0.6345761501253891,0.549088306000431,0.9722633393103699,0.5861684985492643,0.31573902883087557,0.3785526387870827,0.7235399725398177,0.254474,0.3066172612838436
IDN,2017,0.6292113117578465,0.5453395041535125,0.9780970756754845,0.5952289418756354,0.41544870543472334,0.38424586832060303,0.7244217004424773,0.323358,0.30606400941928147
IDN,2018,0.6232741641896823,0.5457515299752429,0.9827429116469135,0.6052732739908779,0.40209439246510464,0.39015974570872924,0.7287706064317123,0.399046,0.3018731845052911
IDN,2019,0.6216124430133939,0.5433012162039461,0.9873701083065667,0.6170046578069686,0.42936748316661416,0.3959091929506481,0.7190686932964372,0.47690600000000005,0.31810635267575815
IDN,2020,0.6381666435310699,0.5450413681200341,0.9652236803006815,0.616057215659088,0.4018532219046679,0.3916470111607536,0.7100048303315789,0.537265,0.3218973970808645
IDN,2021,0.6312831234185289,0.5352926262301572,0.9908283634325308,0.6183937416553626,0.40037406548076154,0.39590111124144134,0.7301900147684568,0.6210450000000001,0.2901101657330578
IDN,2022,0.6161074246169943,0.5250160494109055,1.0,0.6135284664943677,0.40589187126514115,0.4023230239466743,0.7493358839363855,0.664846,0.2688654433599167
IDN,2023,0.618405622151833,0.5294469720332595,0.9931281193697661,0.618607642131713,0.3862720334368374,0.4082485586307686,0.7347371493030741,0.692084,0.291259533640007
IDN,2024,0.6197981929015001,0.5317339509473795,0.9919742356844097,0.6243865587619268,0.3970326028942762,0.4141901327791194,0.7236652821638248,0.727808,0.3092131279394823
IDX,2004,0.7580291154265131,0.34812340331610275,0.0,0.2523714086008111,0.4492655551031446,0.16099313346152222,0.4935006520238918,0.012079254000000001,0.3261044118578118
IDX,2005,0.7569907034961468,0.35900996464371865,0.0,0.2620933796107918,0.42998371549371306,0.16664923473739335,0.5084693027439398,0.01,0.3099811912695194
IDX,2006,0.751361974831749,0.3663823285373265,0.0,0.2719312487487118,0.4576467666040591,0.17220686776445182,0.525847311313367,0.015,0.313455361765683
IDX,2007,0.7532431888381992,0.3723898132252436,0.0,0.28362570856889446,0.5027631633273137,0.17793128550323556,0.5338481066156413,0.023,0.2929474887026582
IDX,2008,0.7580600167656394,0.38175001017099014,0.0,0.294332799107913,0.5246682489997658,0.1830031480334917,0.536401561214082,0.027999999999999997,0.2975547579679332
IDX,2009,0.7652475063170658,0.40078604978608207,0.0,0.3026312442682735,0.47384792078638693,0.1856897500967215,0.5141779212708413,0.034,0.34190561213844894
IDX,2010,0.7543268748799554,0.40774180766972284,0.0,0.32122204558687173,0.5181962946782761,0.1915022106635521,0.5201430876806294,0.042,0.340759957319547
IDX,2011,0.7393621940578727,0.40864768652697786,0.0,0.32913503087920404,0.5379561464970608,0.19427916562733083,0.5471040322800316,0.05,0.3413364500211151
IDX,2012,0.7441283162144703,0.421580539688777,0.02338272959030263,0.33804070966371347,0.5765932718183635,0.19448261647205245,0.5252521402350767,0.057999999999999996,0.359974998888847
IDX,2013,0.733246268962511,0.42516329063232366,0.04161075618714616,0.3416727767483212,0.5525725421470993,0.1983999709375862,0.5295270557953835,0.069,0.36628592272393856
IDX,2014,0.7308505107840708,0.4491259802162693,0.08062894401098308,0.3540566969387804,0.4978875593838568,0.20242735646859777,0.5331875038085319,0.09,0.36168186272966585
IDX,2015,0.7270939393368834,0.4696654684776708,0.13493149343305433,0.3658015090581128,0.514274838797374,0.20365432249055904,0.5195984372198397,0.11599999999999999,0.37759559559022815
IDX,2016,0.7169109396151805,0.47754277124244765,0.22677212696668292,0.37917428601419534,0.4886013155902167,0.20641564765832776,0.53661121742695,0.149,0.37399553366783334
IDX,2017,0.7135954399661201,0.4868548641605898,0.30201131490699584,0.39384948977948575,0.48460438295024066,0.21053340289727662,0.5468151656225533,0.17500000000000002,0.36648630150446726
IDX,2018,0.7069314661371365,0.4909944239496488,0.3185934530337695,0.4071579688412106,0.4623082667757421,0.21412390962558747,0.5632962804853299,0.209,0.36397808956867905
IDX,2019,0.7049884031104271,0.4935447181295644,0.3549862308195646,0.42110404803599666,0.4630830703169734,0.2175936383897118,0.5659164773312286,0.228,0.36109194371745357
IDX,2020,0.7128125590264656,0.4942334697716472,0.38460501748588793,0.39869569459079557,0.430247048128613,0.21369832225920138,0.5647049073440211,0.26,0.35895799436875997
IDX,2021,0.7068074685654667,0.5020490013592598,0.41353430959841386,0.3939515642081246,0.4653589523942333,0.2156500357439316,0.5691108660197417,0.284,0.32966541221948065
IDX,2022,0.7046606221130383,0.5079840825999147,0.4239112053825247,0.3983390999157206,0.42837137619035404,0.21857860045278554,0.5730972377973591,0.307,0.31363656292282416
IDX,2023,0.7136511163302921,0.5133566124924627,0.45418398863022613,0.395853511865488,0.45479796268549155,0.22000285508646533,0.5805291855479231,0.325,0.3427292883429818
IDX,2024,0.7104148525206697,0.1837449283263576,0.19931383555526788,0.40492319418847833,0.49572259546605435,0.22322105999171937,0.5811116158994447,0.33899999999999997,0.34727906439083833
IMN,2004,0.028098209446110606,0.8801646670800238,1.0,0.8508683324469513,0.8,0.7830812898053118,0.5227426160415043,0.7378138000000001,0.5921872128132171
IMN,2005,0.21762827958519115,0.7660580676732957,1.0,0.8490452355640656,0.9593815684793483,0.7900747874120505,0.5058816488594289,0.628,0.5424317983066584
IMN,2006,0.22987950988934602,0.7987714522987586,1.0,0.8590783667093025,1.0,0.7994292252564993,0.7479510853915331,0.7039144,0.5672059483162115
IMN,2007,0.26544366318588586,0.8211414445445488,1.0,0.8735945182590157,1.0,0.8083932659646565,0.7444905157395774,0.453,0.5081642704479191
IMN,2008,0.4580606325439101,0.7023886257551716,1.0,0.8492176984971869,0.8628717103986936,0.8137680477512576,0.5853019057720557,0.7026612,0.6773833620119056
IMN,2009,0.463541121264778,0.7023886257551715,1.0,0.8874966029340043,0.7776191184462278,0.8151833481093042,0.4932590942147179,0.6114986000000001,0.5366502096786884
IMN,2010,0.2138303297645498,0.6534051006999821,1.0,0.8578773414890859,0.7776191184462278,0.818411168155431,0.4658147445795214,0.5798694,0.5475218938435888
IMN,2011,0.3180236375436619,0.7081662125033914,1.0,0.8945391969839764,0.9776191184462277,0.8204074365552981,0.46822351342669616,0.6078370000000001,0.5198078239418847
IMN,2012,0.11562225201549518,0.7788058958027235,1.0,0.8940185037024714,0.8096440888307642,0.8307212805543961,0.03395299141533492,0.7118518,0.9704840701872279
IMN,2013,0.10884101245152969,0.7375717029939031,1.0,0.9046655923104134,0.9483698157777841,0.8369467108115224,0.022882429941297966,0.6818518,0.9716176828959848
IMN,2014,0.08523214728307509,0.7375717029939031,1.0,0.9089169839022467,1.0,0.8446735422314245,0.0,0.6966036000000002,0.9772049188976273
IMN,2015,0.08951782281477252,0.7375717029939031,1.0,0.8902131793413934,0.843263874052003,0.8446306243596539,0.0073055685560377,0.7139974,0.9758877916575677
IMN,2016,0.10786840136259425,0.7068919286945329,1.0,0.8991629992799546,0.8374051943685024,0.8546079122149611,0.0,0.7355690000000001,0.9766130511525684
IMN,2017,0.07759400086508703,0.6780749609495724,1.0,0.8962895385412786,0.9483698157777841,0.8584213439062008,0.0,0.7085888,0.9767581925834796
IMN,2018,0.07936315254281141,0.6780749609495724,1.0,0.9020741790610177,0.9593815684793483,0.8612593730608887,0.0,0.6787288,0.9744249285755777
IMN,2019,0.06287509525198039,0.6780749609495724,1.0,0.8974119733863667,0.7857750101462864,0.8613658396917482,0.0,0.6820122000000002,0.9793119243569115
IMN,2020,0.07280059485638889,0.7375717029939031,1.0,0.8873440292089816,0.7606267395456827,0.8477509164109539,0.016430459082307225,0.6570406000000001,0.9587736588935205
IMN,2021,0.06666131592550854,0.7375717029939031,1.0,0.890472766054895,0.7451565786256348,0.8531451562591791,0.04317577506906578,0.7039974000000001,0.9591715356245625
IMN,2022,0.0727715578503274,0.6780749609495724,1.0,0.9012231883422988,0.9018927045736318,0.8469242789014023,0.0,0.6820122000000001,0.9906578733126437
IMN,2023,0.11458283222912906,0.5978009112151748,1.0,0.8294980211582687,0.19309988711963982,0.713381279646957,0.24017321677202083,0.42360500000000006,0.7298750742113541
IND,2004,0.6970394710423506,0.530527898351491,0.4987659986841324,0.2347664899656925,0.33384578456409025,0.183818622895366,0.5786132678946205,0.019761400000000002,0.3160162618944051
IND,2005,0.6945618371904296,0.5527507764317414,0.5738611538308014,0.24368045826370976,0.3416879859535278,0.19250979235117638,0.5838243878353664,0.0238807,0.32247621898199474
IND,2006,0.6839463892909421,0.5713842080771114,0.5588934672135384,0.2486789306996089,0.42265167486913646,0.20148347844768033,0.6062744676301712,0.028055,0.31459971399438924
IND,2007,0.6831508000339689,0.5812112536191414,0.6302895324013011,0.2510244182644721,0.4189568160920918,0.21000430805919768,0.6058961390439657,0.0395,0.31390513189378444
IND,2008,0.6836985686227811,0.5993571211322111,0.658269192959982,0.252349941684334,0.5196434990170901,0.212326542977619,0.6095643793856662,0.0438,0.35028246652279904
IND,2009,0.6830722053110968,0.5929033650351727,0.672008528153067,0.2550437700619932,0.456585649229016,0.22120557167887867,0.609324078868372,0.0512,0.35222640422827256
IND,2010,0.6868351175659054,0.6037300072126985,0.6915696674610237,0.2566634053825523,0.3904284877210133,0.2309249376925061,0.6030789478066425,0.075,0.3339929748393984
IND,2011,0.689013852474176,0.6068982268531884,0.7383523434183568,0.27413733926589146,0.41431464405173235,0.23627967417597995,0.5940648256146956,0.10070000000000001,0.3418677332511999
IND,2012,0.6844270359078326,0.6094526130013838,0.7440689708366843,0.2917625102585566,0.3694663490018244,0.24199273261211507,0.5815913171366178,0.111,0.3582075793063475
IND,2013,0.688442340257505,0.611550044987953,0.7888096971930105,0.30770584285148317,0.382699778510706,0.2490391844323604,0.564872977539691,0.12300000000000001,0.3656698708631847
IND,2014,0.6837118659700281,0.6094258243150605,0.8159161674589965,0.3244539818139196,0.39437397597955304,0.25757924087932127,0.5519016771061274,0.135,0.3864299511767184
IND,2015,0.6752900535063847,0.6093636613285474,0.8541223901928952,0.34221334657183,0.4201751838240665,0.26700825576629994,0.5464475153120598,0.149,0.3857235852437624
IND,2016,0.6779037987707408,0.5973166859122543,0.8746721938985642,0.3578121376464929,0.4101040312370571,0.27678835375457644,0.5333521542673194,0.165,0.38509564799600016
IND,2017,0.6805603542253169,0.5959380064087225,0.9023433127444198,0.3735227644481691,0.382116623254617,0.28464005329270614,0.5311802505538008,0.182,0.38365862152404073
IND,2018,0.6732980562019517,0.6027836029145333,0.9498220607031751,0.3890176082778085,0.3854291145842952,0.29212171210544347,0.5295692386985393,0.200813,0.39748506696299657
IND,2019,0.6832239828587101,0.6045419626357513,0.95220496903098,0.40217002529640133,0.40017692011396516,0.2961236914246811,0.4949960327425582,0.29523499999999997,0.4268182526182178
IND,2020,0.7076224155766394,0.6202776024343697,0.9593242954667272,0.35809279777017267,0.4406159332689543,0.2860769415297454,0.5053356818411818,0.434054,0.3884414374878533
IND,2021,0.6913692215047923,0.6019261580350341,0.995423298675246,0.3549352560318981,0.37592462803556204,0.2983014275505834,0.5305671784050119,0.45372960000000007,0.3868828944633136
IND,2022,0.6803945907954939,0.6180851260371174,0.9908283634325308,0.346867858573229,0.3811516494151088,0.30779545242179374,0.5103486946246394,0.559,0.4205177890377527
IND,2023,0.6755492816916759,0.6145863261331501,0.994276279962726,0.3550629702261783,0.3342572365108095,0.3192714830187954,0.508790762576822,0.45372960000000007,0.41667723913571697
IND,2024,0.6768251824133563,0.5680946121067164,0.6564591354496366,0.3700412129026769,0.3291949492106887,0.32710953119491004,0.4957234036769538,0.4863799999999999,0.4231365930019737
IRL,2004,0.22272903876198877,0.7650850762155892,1.0,0.7919634763580277,0.0,0.764667825038225,0.6037288928752051,0.3699,0.5183603036795357
IRL,2005,0.16652356196145182,0.8034006041266444,1.0,0.7942836011649965,1.0,0.7696066901306832,0.592002475028462,0.4161,0.5358191579234379
IRL,2006,0.15296591385803657,0.8364051319002423,1.0,0.7979847178245865,0.9026397368119532,0.7727587222801579,0.5927505171220249,0.5482,0.5387482734606399
IRL,2007,0.1676551313124596,0.8563246199346695,1.0,0.8162632848656646,1.0,0.7760726507078083,0.566950293083206,0.611583,0.574157170675365
IRL,2008,0.14397057789904225,0.8676212749433467,1.0,0.838605431686601,0.8342367166992435,0.7664538358540981,0.5205600304229532,0.6534000000000001,0.621803901420638
IRL,2009,0.10299868342722131,0.8715120559601794,1.0,0.8640911681364347,1.0,0.757387441931136,0.5146627291550696,0.6738,0.6373791992841067
IRL,2010,0.15718282975939307,0.8185525825749054,1.0,0.8767815134657178,1.0,0.7590191396122831,0.4701554975708162,0.6985,0.6786526824277761
IRL,2011,0.18580441769037948,0.7850054300105895,1.0,0.881905149970382,0.9240628347291322,0.7607029591330751,0.4892719431838817,0.7489,0.6675502802952495
IRL,2012,0.16091602813413874,0.7769105143374351,1.0,0.8850505208774044,1.0,0.7594987326164412,0.4845179291336643,0.7692,0.6734597517653533
IRL,2013,0.1707604067562566,0.7597410164202514,1.0,0.8832094796220828,1.0,0.7618832216983121,0.4799960028734016,0.782477,0.6888486091204609
IRL,2014,0.187153875092471,0.7004378210283144,1.0,0.8852475570566494,1.0,0.7738443933032796,0.4917888948091971,0.8349169999999999,0.6839395430452186
IRL,2015,0.14636437821908654,0.606797738417888,1.0,0.8798884715714612,1.0,0.8044268035662966,0.7125851665463097,0.834948,0.4962163201928318
IRL,2016,0.15355952741114773,0.5895121292703331,1.0,0.8768364390533017,1.0,0.8043270023091694,0.6874664487549549,0.835,0.5200659672840775
IRL,2017,0.1764302814419073,0.5662785049373535,1.0,0.8763770656710874,1.0,0.8163463700888037,0.6839018355981945,0.8411400000000001,0.5182829331501582
IRL,2018,0.15383517208160458,0.5508318478688545,1.0,0.8787764414557571,1.0,0.824992055314017,0.6918621161467311,0.870001,0.5281728754240684
IRL,2019,0.15699577557118868,0.529703505548512,1.0,0.8817316209030737,0.7834864768305614,0.8297308274531677,0.6788340149047731,0.870001,0.5472553198328391
IRL,2020,0.16362412340490354,0.5060224874772181,1.0,0.8809224528565163,0.810740680709152,0.8379259688275628,0.6962538970986545,0.919999,0.5208754243391795
IRL,2021,0.16647369138858284,0.46271663200032315,1.0,0.8759840921841069,1.0,0.8577671559177523,0.707540130188127,0.9642350000000001,0.511367937744394
IRL,2022,0.18231866469460542,0.45406029881936977,1.0,0.8815331489093445,0.0,0.8654046083971884,0.741294646106194,0.966206,0.4847009481846789
IRL,2023,0.1435683693632801,0.4521925294665596,1.0,0.8916308505410435,0.0,0.858952497357052,0.6525536892678652,0.964974,0.5893167882001493
IRL,2024,0.16506450184714885,0.43955015429911565,1.0,0.8878403736932969,0.33550397144182537,0.8603932035961849,0.6471915208978833,0.5797916,0.593166099387143
IRN,2004,0.48980401236475196,0.5236695094180566,0.9804223329558175,0.5521592313858998,0.3893001872032873,0.4219401826872514,0.8163023219555718,0.07490000000000001,0.38817546923639723
IRN,2005,0.47777293796545883,0.5431614579333224,0.9815832059480165,0.5575344910564493,0.36759984866861745,0.4232854458644223,0.8383027543527728,0.081,0.38932521557929034
IRN,2006,0.49661583478544397,0.5771707195634319,0.9815832059480165,0.5622264374135812,0.340806913837778,0.42723935348709874,0.8244296539204652,0.0876,0.40991104933569433
IRN,2007,0.4985860947246683,0.587933521392271,0.9850588305383061,0.5616837278525346,0.3215684548126312,0.4362449978084316,0.8241820652338079,0.0947,0.38250158512072696
IRN,2008,0.46542357377571214,0.5797029562808302,0.9862150483999299,0.5658816608877788,0.3157536129106119,0.4348460144683034,0.8183564124936697,0.1202,0.4012785408914388
IRN,2009,0.49085681720477714,0.597812774751483,0.9965691777763395,0.585410098481391,0.3309128778219448,0.4344984136647644,0.7687253180666451,0.138,0.45085098297256465
IRN,2010,0.47770962542288326,0.6100216921606338,0.9931281193697661,0.5911851623037947,0.33277664057741196,0.44086164242116166,0.7812636301019413,0.159,0.444997939495404
IRN,2011,0.40985578150332225,0.597970208497387,0.994276279962726,0.615781909096452,0.32826440222628006,0.4428578954868657,0.8032844412070963,0.19,0.40273834636439565
IRN,2012,0.4869875115064345,0.5996139263405478,0.994276279962726,0.5956685833412965,0.33112891825713425,0.43549892438813365,0.7571581885538239,0.2273,0.4328045509651828
IRN,2013,0.5408980882797281,0.5761979579237795,0.9977139195282607,0.601569445812193,0.32368715386916924,0.4313763203278339,0.7650883685148957,0.2995,0.38312763331125055
IRN,2014,0.5551836482782059,0.5967937475688656,1.0,0.6116200707374522,0.313661776514661,0.4364869895316065,0.722537846202699,0.393536,0.4139989557690229
IRN,2015,0.5710308069419593,0.6276920772804384,1.0,0.6238698908440417,0.3166251033463405,0.43242802975881844,0.6255565880600564,0.45335000000000003,0.5116108221974036
IRN,2016,0.5327840125125323,0.6333226472319788,1.0,0.6351423258605835,0.3298714659913872,0.44260837698108013,0.6571115720252572,0.532268,0.4932410307404447
IRN,2017,0.5338559734845277,0.7678007930410047,0.9988575261865398,0.6356537441755905,0.3480369374694786,0.44484815313672377,0.6823745917100081,0.64044,0.46330112453044947
IRN,2018,0.5609154312920364,0.49781007729759397,1.0,0.6389087308981938,0.3215137846650178,0.4374532298173367,0.695832876401461,0.7020059999999999,0.42673969065635076
IRN,2019,0.6053412559188925,0.5053772872216366,1.0,0.6372132465692721,0.31222311865023566,0.432419916456516,0.6440199353778218,0.7245090000000001,0.45446753121775263
IRN,2020,0.6031953024518593,0.46742541273255406,1.0,0.6249876336620357,0.31510900787866997,0.4376116405999203,0.6966328761815941,0.755699,0.4042831976369792
IRN,2021,0.5824252125467138,0.467425412732554,1.0,0.6322877006979395,0.3067872502549433,0.4422803311893583,0.722508439981395,0.7859569999999999,0.38496057774647197
IRN,2022,0.5836631010539766,0.45704871748800696,1.0,0.6331993778246034,0.3071173251248263,0.4467210582758213,0.7468340232689279,0.79061,0.3399220287645459
IRN,2023,0.5847987227328293,0.467425412732554,1.0,0.6381141973441928,0.30425330604152495,0.45251334849864244,0.7168525699191317,0.7963089999999999,0.38288941322589487
IRN,2024,0.5858009919273652,0.48763379324182343,0.9940352289040671,0.6422983387081223,0.30386470174707486,0.45620670526199814,0.681402912432977,0.707432,0.42161107835421774
IRQ,2004,0.49127986201438845,0.0,0.9687488808660074,0.764960730000741,0.3373159591844735,0.37587165577084536,0.9468774562098083,0.009000000000000001,0.02968017309557025
IRQ,2005,0.48972191960238526,0.0,0.9699215573476945,0.7669243779257489,0.35100488691594234,0.37398165361730384,0.9608786800317675,0.009000000000000001,0.0
IRQ,2006,0.45527673369436994,0.0,0.9722633393103699,0.7697085681988396,0.3222813770290291,0.38087741878440917,0.9437383307262541,0.00952344,0.06987627656098683
IRQ,2007,0.4217020535073237,0.0,0.9780970756754845,0.775999987630263,0.3552124877147654,0.3847375694612999,0.932854400396887,0.009300000000000001,0.1250468665091149
IRQ,2008,0.3736738378724912,0.012151479212603955,0.9757671209025043,0.7768926945753316,0.37578019839312204,0.39328058660888277,0.9544563196338856,0.01,0.09643357255639762
IRQ,2009,0.4334876673622484,0.07057967539853105,0.9780970756754845,0.7815368474822844,0.37717799109593364,0.3927574802458146,0.8611479316236306,0.0106,0.30452892707420753
IRQ,2010,0.4308842277616989,0.13581880514691036,0.9815832059480165,0.7806874320793944,0.34961902358471386,0.39707426815024494,0.8960217560118271,0.025,0.22389429083456847
IRQ,2011,0.40652162243831547,0.13656635910822112,0.9769326866615113,0.7802504885122263,0.35696641985599337,0.40250696320848756,0.9525534388598453,0.05,0.07639002982754795
IRQ,2012,0.3869000310608607,0.15316796350306383,0.9919788146205688,0.7766553250684356,0.38552025704464576,0.41485453306392894,0.9367029507174625,0.071,0.13655565615757403
IRQ,2013,0.4151356341528211,0.16664634233929554,0.9885240125752848,0.7762259646171774,0.21924852186761243,0.4186710743282457,0.9125593475531679,0.092,0.18532364321418848
IRQ,2014,0.4216984139433676,0.18081498000235274,0.9908283634325308,0.7778838679847104,0.0,0.4167951784901752,0.891699235618888,0.11645300000000001,0.233184804874071
IRQ,2015,0.3900249691278953,0.2549180443351488,0.9931281193697661,0.7802809287244679,0.0,0.4165720571964667,0.7936929824693744,0.152,0.446916946292387
IRQ,2016,0.3799556812738197,0.25902012605891583,0.9965691777763395,0.7791233289600132,0.039854419150359116,0.43184647521005803,0.8027538902980746,0.19899999999999998,0.43886452093709316
IRQ,2017,0.32644612277751606,0.2480966424663072,0.9988575261865398,0.7804795956850872,0.10908715518154874,0.4259438961354526,0.8548417087490661,0.4936,0.3719098041383253
IRQ,2018,0.3165971139058205,0.22648101939189685,0.9988575261865398,0.781954281829293,0.14419412766865103,0.42633198247605,0.8814310638321503,0.33899999999999997,0.31752324928359466
IRQ,2019,0.36981742196517847,0.23177488016795272,1.0,0.7837839642592757,0.19834968011806414,0.43081963750976693,0.8716663897555343,0.443263,0.32210683207096436
IRQ,2020,0.46427931624536883,0.3165061369302982,1.0,0.783160285116351,0.18116273388429854,0.4089855925298741,0.7309195850781076,0.536778,0.5058426554602962
IRQ,2021,0.34392595488819566,0.2805913332302418,1.0,0.7811675013926855,0.20217012256187178,0.4078967591911785,0.8854177402550194,0.650022,0.28593556498635175
IRQ,2022,0.2638608885937793,0.24791420485637666,1.0,0.7782379789804033,0.23673060760827302,0.41568209889189733,0.9736688419146118,0.787156,0.06798913240516624
IRQ,2023,0.3340759391344419,0.30422883776674386,1.0,0.7827913502184303,0.15420339161847324,0.4131639532332215,0.8795174924158475,0.817291,0.30714020294441724
IRQ,2024,0.35026998875576576,0.3263375557804907,0.9910534143255134,0.7831684955347442,0.10601147702840255,0.40782024801371974,0.8571636390541011,0.5679826,0.34806674863474685
ISL,2004,0.43344322984223527,0.8536771342696281,1.0,0.829345561951885,0.6360404135908369,0.7624082815068208,0.42598888769089105,0.8388,0.5883832739879877
ISL,2005,0.41059686175331445,0.945148502803419,1.0,0.8415173686488724,1.0,0.7699715989496462,0.40505389192310215,0.87,0.5913705535426703
ISL,2006,0.4128622588529456,0.9999999999999998,1.0,0.8444933325679727,1.0,0.774571944314003,0.43875572546007424,0.8951000000000001,0.5695723735007681
ISL,2007,0.3878745311776418,0.9523250561460319,1.0,0.8530473415893098,1.0,0.7830638532926247,0.3896528127368182,0.9059999999999999,0.6224389087435287
ISL,2008,0.4182567044533591,0.8984488824957084,1.0,0.8547385913700718,0.71330587895437,0.7828109241519038,0.4548943390586351,0.91,0.6075262959063692
ISL,2009,0.44736397008392814,0.8748756167641676,1.0,0.8728626791127789,0.31534194644502817,0.7697039298320375,0.3807859491146528,0.93,0.6602039113891416
ISL,2010,0.468835212924705,0.8556456441986102,1.0,0.8752678497521176,0.40414356702391874,0.7666512925406429,0.43811547611650914,0.9339000000000001,0.6154131859509238
ISL,2011,0.4732165115946537,0.8209301778225719,1.0,0.8751512752648685,0.7519985336523387,0.7681973645336749,0.4462145982199712,0.948197,0.6055911201094424
ISL,2012,0.47739415987243666,0.7880422653076506,1.0,0.8772628226189703,0.730041951269981,0.7691124829649053,0.4177229142596268,0.962098,0.6163936073322809
ISL,2013,0.4541696532798419,0.7682146508862968,1.0,0.8826387731322374,0.4733619390305286,0.7728690260670396,0.4163810904919314,0.9654680000000001,0.6292972382126321
ISL,2014,0.43327657978672107,0.7390133790361066,1.0,0.8835199326300605,0.5604502109710208,0.774005948507518,0.41060304633316247,0.98158,0.6404975248704243
ISL,2015,0.43426082074675687,0.7218696631138597,1.0,0.890361255548378,0.7052872804119945,0.7778633537713034,0.39430807648314303,0.9820000000000001,0.6503474614262097
ISL,2016,0.405482753350963,0.7132310635433718,1.0,0.8958374339386936,0.0,0.7846050168427284,0.38370926569709973,0.9823999999999999,0.6632290555289364
ISL,2017,0.36871638370037885,0.7201812697530072,1.0,0.8967089314717138,0.0,0.7861729212738221,0.3826873932137511,0.9825520000000001,0.664196630023024
ISL,2018,0.3925275800094459,0.7298415829448899,1.0,0.8998492583187399,0.13210987334804272,0.7888979502197421,0.38905022915909804,0.9901099999999999,0.6585887741995338
ISL,2019,0.39575464337733807,0.7253868816183491,1.0,0.8946683011373078,0.1390800611718222,0.7873488899565954,0.38511336058162726,0.9950490000000001,0.6701848534921351
ISL,2020,0.4080986524977083,0.7509081483292908,1.0,0.891019875233444,0.02456706348436144,0.7750102554276425,0.4055831613052927,0.995328,0.6573983503206349
ISL,2021,0.39003583319877505,0.7534051456204052,1.0,0.8832320892081302,0.38348399140748635,0.7799623775132064,0.41536984371313745,0.99687,0.6517512131847054
ISL,2022,0.3852055356611062,0.7385185746830758,1.0,0.8905721277583503,0.5925130053797325,0.7885838756981102,0.42911857434026857,0.998082,0.6476271371718356
ISL,2023,0.38972360832464525,0.7270049185071066,1.0,0.8907503148381481,0.671655405552354,0.7945391702062602,0.3959185342359164,0.998301,0.6602820908352429
ISL,2024,0.3801865633155395,0.7333057535874159,1.0,0.8900646400285761,0.8123060209687096,0.7928063153526482,0.3977700234902841,0.5118388,0.6537460931225652
ISR,2004,0.22666458808336773,0.6817314443092972,1.0,0.8963023673957027,0.42096213688839706,0.6883698927020571,0.408760718826076,0.227705,0.6863144228238851
ISR,2005,0.24936858831618222,0.6895149444947508,1.0,0.9002489722334781,0.4965888554660187,0.6920443138418421,0.4253212136534028,0.25194,0.6744236543481636
ISR,2006,0.24440640351611362,0.6835634060298943,1.0,0.9026249931264516,0.8736065067865277,0.6973897793022331,0.43208711042231585,0.27881100000000003,0.6752376758798095
ISR,2007,0.23824653600150136,0.6615953435987627,1.0,0.9010832858769842,0.5940566242729544,0.703711893475066,0.4376936872038151,0.48128100000000007,0.6708609592396413
ISR,2008,0.2435908632423127,0.6723244989152486,1.0,0.9013293619311726,0.5862569814697014,0.7057363900477615,0.42713572906721264,0.5939,0.6767829686586024
ISR,2009,0.27022164294045276,0.6593500139365851,1.0,0.9110712894731656,0.4245135483239271,0.7040524649097962,0.40996433002738497,0.6312,0.6843526043980783
ISR,2010,0.24530937396289357,0.6655746039916282,1.0,0.9122010111936345,0.47367548497092243,0.7092198596753491,0.41465838134065147,0.675,0.6792913270325012
ISR,2011,0.24700907415014597,0.6670179539615431,1.0,0.9146331445301508,0.4940713486550352,0.7143349228224082,0.39873805677046814,0.6887390000000001,0.689318300864433
ISR,2012,0.21506129559758017,0.6633552424108051,1.0,0.9163307548754385,0.5066564759515885,0.7151645735468791,0.4063479289434371,0.708,0.6943739225995786
ISR,2013,0.2178003858546808,0.6579866260426539,1.0,0.9135543452828068,0.5422264379790338,0.7182686104396229,0.40892963054521947,0.702503,0.6903785120419266
ISR,2014,0.20481941828378,0.6588942893289811,1.0,0.9149091605578015,0.40898579469445007,0.7208622008511273,0.3935406655413456,0.750178,0.6965120291165574
ISR,2015,0.20806495769166122,0.6615195196639823,1.0,0.9163579211909019,0.5271282801386086,0.7211984535868577,0.3949155406788978,0.7735209999999999,0.6986989568810378
ISR,2016,0.21108871955548755,0.6581706503080129,1.0,0.9169352330783171,0.5263558664699214,0.7246863621813343,0.37408112778464764,0.796531,0.7096018137967768
ISR,2017,0.20931935854871686,0.6578875212047854,1.0,0.917896661661104,0.5907173034911619,0.7280487573849356,0.35990600350801283,0.815812,0.72443414674244
ISR,2018,0.20496889857900774,0.6607412096861263,1.0,0.9205361619127777,0.6561071707320494,0.7309507423066787,0.3664360189391489,0.837332,0.7232098934469442
ISR,2019,0.20064956023129032,0.6572237259511757,1.0,0.9256239200207417,0.5660525677837962,0.7334682562999025,0.3690447115345421,0.867879,0.7267938955099162
ISR,2020,0.20268614748275343,0.6689373473248457,1.0,0.9300072868843006,0.6162365517754733,0.7279435464809564,0.38188208581052496,0.9012730000000001,0.7241471836846309
ISR,2021,0.1985673011189801,0.6728754376877732,1.0,0.9297182263549981,0.5357816533741186,0.7385277683504424,0.3669373222167338,0.9029689999999999,0.7295689275185682
ISR,2022,0.1811104582436558,0.6759134632817172,1.0,0.931510910749314,0.5675900721926639,0.744491687536044,0.3816025682927564,0.9185080000000001,0.7242798474026024
ISR,2023,0.1944423274055166,0.674054321749243,1.0,0.9333628303500059,0.4894855690629284,0.7427580175878495,0.35829924831621884,0.8703839999999999,0.7468703560880021
ISR,2024,0.1940175745347668,0.7616326017870831,0.989964412140635,0.9346376399532872,0.4619959695266775,0.7421817415110538,0.32754752823395616,0.881824,0.7516100427257406
ITA,2004,0.2850032785171303,0.6674098943734115,1.0,0.7828589055939199,0.356182484522556,0.7092383734098698,0.46386277602556536,0.33240000000000003,0.6508930682923468
ITA,2005,0.2616172602648328,0.677331440532426,1.0,0.7836974081736976,0.41230446391356795,0.7094936546255758,0.46043338518249444,0.35000000000000003,0.6555280447591691
ITA,2006,0.2545510428007879,0.6919644947759176,1.0,0.7887728053887249,0.4734071318505978,0.7115017588226124,0.4627782887346532,0.3799,0.6476402515230513
ITA,2007,0.25067446276133076,0.7089875790832347,1.0,0.790801428485659,0.47720975878552896,0.7127258778780491,0.47112095625520856,0.4079,0.6460262688923457
ITA,2008,0.24892627939760978,0.7141717249919259,1.0,0.796167033405411,0.2584425882649945,0.7101134871898608,0.4671153367159724,0.44530000000000003,0.6543892572295826
ITA,2009,0.24296569241252433,0.7240553886089194,1.0,0.8012343628283705,0.3329369713910204,0.7013593537031065,0.42763108255966165,0.4883,0.6794409661411711
ITA,2010,0.24015803141808653,0.7375725510417734,1.0,0.8061020585988099,0.31415119674892283,0.7029202336552419,0.4272935260111561,0.5368,0.6745775373872767
ITA,2011,0.24693369742656915,0.7397261364211976,1.0,0.8096728750671538,0.3812480300404545,0.7034237661645312,0.4243987944181018,0.5439,0.6713971385006894
ITA,2012,0.25188415122545293,0.7390063460788718,1.0,0.8157034986272111,0.2841292472638577,0.6984178495751375,0.41421038821480005,0.5583,0.6742249600898464
ITA,2013,0.26378973789168286,0.7319949020701264,1.0,0.8210921961340198,0.34305326187511015,0.6954645996954952,0.40969665630345786,0.584593,0.6753151007568019
ITA,2014,0.25185240240648443,0.7265862094117845,1.0,0.8219809115769467,0.3350267483248133,0.6954406998965873,0.39998311246459006,0.556385,0.6788338790290505
ITA,2015,0.25856526698106747,0.7233672364439241,1.0,0.8236271328823381,0.3309360400516636,0.6969400395242179,0.40240967917783554,0.581417,0.6776425444192222
ITA,2016,0.24693801127268042,0.71709974315241,1.0,0.8265609039744222,0.3725015991039705,0.6989994238186167,0.41114998533598235,0.613243,0.6736165181272535
ITA,2017,0.2506153790570869,0.7061521825713566,1.0,0.8284348631770402,0.3128735101764354,0.7015818735601401,0.4141591952740058,0.630773,0.6723285717419563
ITA,2018,0.24764028894949344,0.6949508953864023,1.0,0.828057811458276,0.42118918324220844,0.702423122236106,0.41861623443972684,0.7438720000000001,0.6708791438972859
ITA,2019,0.24437304198830195,0.6860719243991706,1.0,0.8286069901582804,0.39925556112115257,0.7040608612326039,0.4192050529554918,0.6785070000000001,0.6698651822467334
ITA,2020,0.25344853393334044,0.7122255857499344,1.0,0.8229301312554238,0.2258482070801467,0.6912881468049218,0.4181047037748731,0.7048340000000001,0.677974321734899
ITA,2021,0.2456154086575653,0.6936647615774851,1.0,0.8207383081801853,0.36242528826055265,0.7044540011324517,0.45332979350558356,0.748623,0.6529930840212974
ITA,2022,0.2503629950896304,0.6741569527248685,1.0,0.8210056833156005,0.47547331837240875,0.7115824602712756,0.4685138161907587,0.850607,0.6497488225047583
ITA,2023,0.24782392888975238,0.6526429482927616,1.0,0.8246477646723966,0.40205954093880814,0.7130643446467241,0.47650171380675865,0.870278,0.6457956438809189
ITA,2024,0.259023294950367,0.6427928889000272,0.9993138355552679,0.825688436342567,0.35756218827013475,0.7141439180958503,0.4484884864958194,0.892207,0.6558581295973709
JAM,2004,0.4238106597920423,0.4024702788757712,0.8437085296395628,0.7498257004113058,0.6418053138288545,0.4478291496595258,0.4469051221022884,0.1,0.6449022241162972
JAM,2005,0.4318094587053379,0.41261233157285676,0.8541223901928952,0.7577837656628361,0.6532397433194237,0.44831677984885865,0.4391083766212798,0.128,0.6479700941371029
JAM,2006,0.43063422477441127,0.43640377902995636,0.8631580161984971,0.7567039531787101,0.7435229245683935,0.4517156496428175,0.4239321854197742,0.16399999999999998,0.6505783813484354
JAM,2007,0.40881768114468625,0.4693355329830808,0.8721234034239389,0.7598806547701109,0.696833532731469,0.45309129651362146,0.4260848336755294,0.21100000000000002,0.6518326666518175
JAM,2008,0.42047736447598405,0.49108804592465,0.9048262571272572,0.7648440712337119,0.9375058744801077,0.4512768017365939,0.38799402582545905,0.23600000000000002,0.6747956271195257
JAM,2009,0.44258713475217,0.4793763119920555,0.8923577333070547,0.764657059444942,0.5445256789328244,0.444225486368634,0.3475725806874985,0.24300000000000002,0.6966316155409795
JAM,2010,0.43497817216498297,0.4620844790309539,0.9073038675760579,0.7708463419170646,0.37547118492095466,0.4414827253324326,0.3448105536896937,0.2767,0.6757904068086957
JAM,2011,0.44894949554139063,0.465252466194415,0.8936106690309069,0.7942560402093228,0.3618558419837924,0.44334423621070995,0.3517232222254676,0.374386,0.666821150085378
JAM,2012,0.45336202314645324,0.4822716156488815,0.9183877168796499,0.7952800587979074,0.4656881254709674,0.44182471125289446,0.3450100337880422,0.3379,0.6612209311416835
JAM,2013,0.4602699563266787,0.4880378902775178,0.92815139187109,0.7964345741953851,0.5325591946308005,0.4419860115997688,0.3477887888851672,0.371,0.6453126509049039
JAM,2014,0.4603387125493429,0.4847589873248472,0.9208363955497516,0.7969312619295539,0.5565978886700522,0.44246008083829824,0.35475105235878845,0.404027,0.6366021255525993
JAM,2015,0.45632550663766525,0.47840035313648127,0.9402408864288407,0.8034590709657992,0.6863126098733441,0.443335687134773,0.324537705342,0.42221200000000003,0.6097957863879926
JAM,2016,0.4646036733957572,0.4915220817057678,0.9605065889791575,0.805643520996671,0.6893665422297983,0.4469059975539932,0.32030784756761865,0.44366900000000004,0.5986456450882813
JAM,2017,0.45821494723395917,0.5425790587171535,0.9699215573476945,0.8051482638346688,0.6505101195200986,0.44989461776865214,0.3265581735659988,0.550721,0.5795329468378627
JAM,2018,0.45787685530635236,0.5538068603854525,0.9792602903180887,0.806034423880702,0.5831056818964011,0.4532776608047596,0.3420367510065567,0.682145,0.5722148768488524
JAM,2019,0.4714567847955002,0.5777245220010643,0.9873701083065667,0.8144597509273348,0.5383634632362837,0.45571706555663394,0.30872368935676087,0.70841,0.5788047876115332
JAM,2020,0.513682797259728,0.6114408169378895,0.9965691777763395,0.8118380797144202,0.3990370783643324,0.4427510254326442,0.34686402721370135,0.7638400000000001,0.5706473149066924
JAM,2021,0.5042628760959103,0.6014019469159846,1.0,0.8020906734729434,0.4146704909537706,0.450447413605655,0.350863964816974,0.823607,0.5604651984705411
JAM,2022,0.48707495157166353,0.5839000947051147,1.0,0.8067546115884205,0.3942780863411279,0.45942984105505313,0.3303802138371432,0.8244530000000001,0.5693628435687836
JAM,2023,0.5153717354263203,0.5760496738465213,0.9734324496186684,0.811201804334055,0.4336373328770702,0.4633292434639401,0.31015055473935194,0.89473,0.5832539736729019
JAM,2024,0.5203744758769958,0.5788138353745798,0.9768281318879707,0.8147887912317691,0.37420959086965744,0.46258184669450475,0.3031046490625835,0.693756,0.58435768614495
JOR,2004,0.29585167725651107,0.6898297143380165,0.9908283634325308,0.8272447431435701,0.818274623104466,0.39905012226305014,0.4989957971458736,0.116587,0.6463988480268972
JOR,2005,0.3129791627551217,0.7263458633010242,0.9885240125752848,0.8301706569930247,1.0,0.4068210320464759,0.5014434789388527,0.129329,0.6558041915849939
JOR,2006,0.3016195511215247,0.7354106916703287,1.0,0.8341534710511636,1.0,0.4088432957539906,0.5000457782935568,0.13867100000000002,0.6388449885598573
JOR,2007,0.29813127210189544,0.7350805294594793,0.9862150483999299,0.8370392195977994,1.0,0.4114901126555043,0.5499325316413501,0.2,0.6297180451573041
JOR,2008,0.3204085271115533,0.7006274075087453,1.0,0.8393156686698022,1.0,0.41819117903369396,0.5856535162701699,0.23,0.5671124742760636
JOR,2009,0.3415465846138669,0.6857083465787048,0.9931281193697661,0.8429897326549392,0.9240262529850698,0.4221850059119062,0.5537056286319026,0.26,0.5809925579602542
JOR,2010,0.35987417481031264,0.6793919243434121,1.0,0.8473384174818857,0.688977748317755,0.4223843491118492,0.5268962799887826,0.272,0.5719414547316495
JOR,2011,0.35618777924758954,0.6811569555156898,0.995423298675246,0.8520808511172357,0.611590390197122,0.42270125664401015,0.5365417545532403,0.349,0.5688223629110634
JOR,2012,0.345366035192985,0.6794982151582765,0.994276279962726,0.8560182181836313,0.6025734798507019,0.4241292883759421,0.5183552956446487,0.37,0.588963766336831
JOR,2013,0.36028178222183715,0.6771234585786676,0.9965691777763395,0.8603622512822824,0.6517063525442874,0.420326965318191,0.5152089126018347,0.414,0.5910027284597485
JOR,2014,0.37953634163589994,0.664677270793147,0.9977139195282607,0.8654209031178315,0.6687752715259956,0.41131284741808705,0.512712687251488,0.462,0.5862568619446553
JOR,2015,0.3990556791798366,0.6648336770871726,0.9988575261865398,0.870849595147277,0.5539196070089434,0.402965017877141,0.5074476696730614,0.5422,0.5870219611196168
JOR,2016,0.4040474302683475,0.678454068782965,1.0,0.8756141139083486,0.5373665325227254,0.39897597660737694,0.4965237908404003,0.5615,0.5950515863949946
JOR,2017,0.40124477119259155,0.6892192142251146,1.0,0.8792008701685825,0.6014888907428644,0.3992544700459909,0.4934701512959183,0.645,0.5903282453053524
JOR,2018,0.3985499342340034,0.6925444423406475,0.9988575261865398,0.8801795642738366,0.42731192973795523,0.39881439330297985,0.48479636933098624,0.652,0.5919064527826063
JOR,2019,0.39815494083594744,0.6962541244269798,0.9988575261865398,0.8925032546437133,0.39073251117455354,0.39845542108915144,0.4854750452596148,0.700847,0.6026648222866342
JOR,2020,0.41004412438254095,0.7135179935650122,0.9988575261865398,0.8994260768315185,0.39724400272671945,0.3942405785872015,0.47417297266360614,0.784178,0.6105607929795749
JOR,2021,0.41589144096020536,0.710369370059106,0.9988575261865398,0.8932792060693706,0.3714334534790015,0.39678926449961505,0.471432666897033,0.86,0.5972158299580861
JOR,2022,0.4171691836943664,0.7164211128625964,1.0,0.8937764432100366,0.4124769167908744,0.3981120409991491,0.49296181400150596,0.905,0.5914095149542251
JOR,2023,0.41692862335321845,0.7099697659808473,1.0,0.9086138757216866,0.5396008294043935,0.39989856024749837,0.4990066363712462,0.925344,0.5962600120537371
JOR,2024,0.42717865090969115,0.7054361306027372,1.0,0.9098972963822383,0.48341705808688795,0.40203146631433573,0.5055688658275994,0.7172088000000001,0.590679144561415
JPN,2004,0.18861544186846893,0.873503866324568,1.0,0.8027212482903092,0.29403334351223565,0.70556271924928,0.5909109767598697,0.623939,0.707533629408017
JPN,2005,0.17550763156987248,0.8738844016439409,1.0,0.8080205263780464,0.2913750672941191,0.7081442350530488,0.5893616610217658,0.669211,0.7136814064963724
JPN,2006,0.17219500631889997,0.8715538427827387,1.0,0.8084189075123676,0.2806311167898835,0.7100307602441264,0.5859913426247401,0.686853,0.7133755682427694
JPN,2007,0.16883571720041846,0.8630460380819842,1.0,0.8104647927759867,0.3147595961804299,0.7120022210045284,0.5848700310398092,0.743,0.7147744413564978
JPN,2008,0.1689213605731819,0.8602686351599573,1.0,0.8150750492693808,0.3154029650142921,0.7101438185489383,0.571299982570963,0.7540000000000001,0.7235886991823901
JPN,2009,0.1721743676842523,0.8698637986322537,1.0,0.8209760634452854,0.2990639147245204,0.7016532562531274,0.542238606518151,0.78,0.7439875311398927
JPN,2010,0.17512923162499577,0.8588164466002954,1.0,0.8270826337169686,0.29242956878156634,0.7074569425440088,0.563692331675915,0.7820999999999999,0.7271190775982723
JPN,2011,0.17194010551108477,0.8576501905928746,1.0,0.8301135606803647,0.28313275564792695,0.7077603686366211,0.534851451277577,0.790541,0.7412983748882471
JPN,2012,0.1767717753030618,0.858517815643089,1.0,0.8319287168356371,0.2845884890576054,0.7099741538567071,0.532324562963129,0.794964,0.7419849652700434
JPN,2013,0.17038141243749708,0.8633109170929945,1.0,0.834414246684505,0.29731633051857337,0.7130653229891301,0.5339300438443295,0.8821939999999999,0.740435110651668
JPN,2014,0.16215175923872557,0.8643436669140345,1.0,0.8355567782971653,0.31027116839942415,0.7136872657819539,0.5458479527699744,0.8910680000000001,0.7313438479756749
JPN,2015,0.1665904370388099,0.8631865258571085,1.0,0.837650755318831,0.2917109262211687,0.7160891794415606,0.5679228723315324,0.9105800000000001,0.7177402704987159
JPN,2016,0.17701060986910022,0.864375309920169,1.0,0.8412438379413492,0.33728750818746733,0.7172535389599796,0.5687084984725808,0.931827,0.7188921631583662
JPN,2017,0.1773984646284836,0.8713392506292865,1.0,0.8418726324161581,0.30883714366113485,0.7197841042985355,0.5729769942960221,0.917265,0.7144630298244068
JPN,2018,0.16777476480410164,0.8709515542736683,1.0,0.843674120427758,0.31667051510512145,0.7208992172534766,0.5751872907201412,0.8874639999999999,0.7127848024480157
JPN,2019,0.16715565535810964,0.8819514865806817,1.0,0.8466358253105613,0.33483424466499834,0.7205181574601641,0.5716563993374857,0.927304,0.7156238279052731
JPN,2020,0.17034292331267425,0.9036885931605965,1.0,0.8500096144873757,0.3646094086133085,0.7147641899540621,0.5759041516571997,0.902195,0.7136908502935668
JPN,2021,0.16379561267951753,0.9037747915226442,1.0,0.8526594366106099,0.32925792937563286,0.7192942692114593,0.5786147291886181,0.829141,0.7079014634575458
JPN,2022,0.15305632676724654,0.9048489900958179,1.0,0.8538482011505639,0.3575427011692904,0.7212995321285002,0.5529720362092945,0.849234,0.7248046178010137
JPN,2023,0.15498050665164306,0.9033292095764378,1.0,0.8538740250888965,0.31488686872809424,0.7241324703640196,0.5682368908166988,0.869815,0.7174539109406024
JPN,2024,0.2213814588572352,0.9051267237549305,0.9914151533510994,0.8578080101088501,0.31013353205649435,0.724916184345289,0.23827359370504775,0.7636498,0.7657815678895737
KAZ,2004,0.49675521638327386,0.5491957597287265,1.0,0.6164484471369889,1.0,0.4658040778874638,0.6715651069746438,0.026503899999999997,0.4825481977042152
KAZ,2005,0.47354419717236484,0.7166061287063833,1.0,0.6224326769189759,0.5740883975410803,0.4781647913851069,0.7021178412207796,0.0296171,0.4599974499108117
KAZ,2006,0.44345380661789635,0.5412426173380362,0.9977139195282607,0.6275815716357749,0.8955133593732743,0.49169158099152555,0.724138823185523,0.0326837,0.45329869591731464
KAZ,2007,0.4494155423007996,0.5445610861520661,1.0,0.6255801685503029,1.0,0.5026894887026979,0.7034558943341715,0.0402,0.4963798619640083
KAZ,2008,0.4367518844814378,0.5365240869038366,1.0,0.6380292642344672,1.0,0.5058981070361978,0.735158841533281,0.11,0.46139172655832894
KAZ,2009,0.46622942318490784,0.5365240869038366,1.0,0.6543794233679998,1.0,0.5059312656465745,0.7124742853173047,0.182,0.49257636982850217
KAZ,2010,0.40422864418928334,0.6194433843915814,1.0,0.6617537888231428,0.6117822162179194,0.5142753741532397,0.7394355723393713,0.316,0.4542307154342331
KAZ,2011,0.4240819088385661,0.559787774952982,0.9977139195282607,0.6791343629397142,0.7489183998718199,0.5226748140791116,0.6973820759127365,0.506,0.4056981239702404
KAZ,2012,0.3944145758670652,0.5276865117845997,1.0,0.6844841982002201,0.711050991078737,0.527451925550071,0.684556770917752,0.619066,0.44930599231781754
KAZ,2013,0.4039263316721706,0.562960967198109,1.0,0.6941060719889154,0.5593534224583089,0.5338244233516364,0.6481527353409977,0.633042,0.4792542920374574
KAZ,2014,0.396266073715731,0.6066757270111515,1.0,0.7158978533099236,0.49882502028386955,0.5376640504854221,0.6410070083117849,0.66,0.5061452403703406
KAZ,2015,0.41273045423808846,0.5396068840669428,1.0,0.749082276846595,0.5161845648809359,0.5372292743953414,0.6051315605841829,0.708299,0.5746417088075337
KAZ,2016,0.40618842236836916,0.5106140878822321,1.0,0.7679772114415928,1.0,0.5365915578468533,0.6225916290083078,0.745877,0.5530885413886528
KAZ,2017,0.404507886156167,0.4837561779201723,1.0,0.7806442782338538,0.46963198188895905,0.5401625493647703,0.6278334137066615,0.764267,0.5446718848201684
KAZ,2018,0.39921435394458804,0.4581808649103269,1.0,0.7896486243066265,0.29684138174116786,0.5438259943060636,0.6452065918504197,0.7890389999999999,0.5159290648802659
KAZ,2019,0.40230869293760174,0.44386707747494064,1.0,0.7960087710515746,0.41767360386910907,0.5481080150842684,0.6383437188780225,0.8187760000000001,0.5170894334634819
KAZ,2020,0.4395846754126373,0.45569269559704934,1.0,0.7992259679021854,0.558136615255642,0.5423881794411908,0.6393627694692883,0.859426,0.5261050917454635
KAZ,2021,0.4257098509280609,0.4588265238149541,1.0,0.8030656894201806,0.4347949144828398,0.5465638779958525,0.6703886459445736,0.90924,0.4913457924458613
KAZ,2022,0.4341455307320867,0.4504706359244663,1.0,0.8076442692035424,0.43068159217811597,0.5490120874930419,0.6663843300188979,0.9229689999999999,0.4703960675122474
KAZ,2023,0.37255085249710873,0.4591228317119976,1.0,0.8108606738347524,0.4262522556894064,0.5541068804136208,0.6293897675753517,0.9287850000000001,0.5298706709060235
KAZ,2024,0.3753653457992354,0.46912157382182434,1.0,0.8138222047736137,0.3282064274246159,0.5593268003383812,0.6246165671336943,0.933917,0.5543806583682493
KEN,2004,0.7735163846759189,0.46918368000856153,0.0,0.36488789974030933,0.30264641408716186,0.22567542440888777,0.2952510933461767,0.0302353,0.45700969490082777
KEN,2005,0.7670588854367053,0.46102860535787243,0.0,0.37462456673968836,0.29138813625859433,0.2295430484264146,0.31832595962329036,0.031019,0.45700969490082777
KEN,2006,0.7290704703068477,0.43129433810373435,0.0,0.3845888601768177,0.2967908932597977,0.23422015945701202,0.3805464871930839,0.036000000000000004,0.4315479022068476
KEN,2007,0.7298114549472049,0.4327594939708353,0.0,0.39431262773433273,0.4324835721664455,0.23944778684520396,0.3785202390979927,0.044000000000000004,0.4293050849502751
KEN,2008,0.7469604615830262,0.4535395720663096,0.0,0.400220871292019,0.3013511372340766,0.23538984344121194,0.360370860447476,0.052000000000000005,0.42751272699474363
KEN,2009,0.6764047304338588,0.4215766375090236,0.0,0.4050064192800016,0.3018875828151785,0.23572682999551275,0.3553065868728369,0.061,0.5614858583956308
KEN,2010,0.6938892544084374,0.4413705614196029,0.0,0.4127244767993168,0.3095429100441784,0.24275980680761833,0.3601627613901597,0.07200000000000001,0.5399777622962305
KEN,2011,0.7103487636378154,0.46980436834908196,0.0,0.41902785616618754,0.48542380566136584,0.24601504481658354,0.38738033614027345,0.08800000000000001,0.5121174597227376
KEN,2012,0.7095686023731745,0.46205641690502147,0.0,0.4277500418275344,0.4432878568066806,0.24871210066040395,0.37751282091261307,0.105,0.5190029607168403
KEN,2013,0.7069913329690194,0.47731254557755115,0.0,0.4356468783161014,0.40208662058634176,0.25053315690722544,0.3729912953385093,0.13,0.5257603998857059
KEN,2014,0.7037024143608372,0.5202314490400084,0.0,0.4443482209181422,0.3622603287138061,0.2542454690433894,0.371882080971073,0.165,0.5393103621616837
KEN,2015,0.7171416340676079,0.5335660817804673,0.004371519796340095,0.4510096358392546,0.3415384040587015,0.258047903681779,0.3683043643765187,0.16587900000000003,0.5265514754757921
KEN,2016,0.7236329838786386,0.5267551705887714,0.27999358116136097,0.45817890281857876,0.32486442408160143,0.260832290737833,0.34944791784980866,0.166,0.5314557281170469
KEN,2017,0.7331784419615334,0.5114055578616696,0.3361630847694208,0.4643770016704827,0.3908061327543363,0.2631417665409722,0.3318521303358146,0.178271,0.5222139796260956
KEN,2018,0.7267905625441846,0.49821301156831393,0.44090673363295085,0.4726973864629169,0.33821193926998777,0.26816604458868876,0.32664980363931506,0.195,0.5247952689670936
KEN,2019,0.732824500520737,0.4956458041059008,0.588637078329052,0.47933320826568737,0.31448924348038787,0.27255281968783296,0.3160283228397609,0.226688,0.5238708749351009
KEN,2020,0.7521099139747508,0.5047384423426282,0.6176328652416263,0.45782151820358896,0.2836716037455522,0.2693102894764364,0.3290379240205672,0.27161864,0.49228814246802344
KEN,2021,0.7394496294253781,0.4976863316262508,0.6945498428152952,0.4566125172417421,0.3089200785120936,0.27716718109467864,0.3222155667611952,0.27161863999999997,0.5106500081763969
KEN,2022,0.7347260112218592,0.49862842178115613,0.6870849156516821,0.49901782169035114,0.32903308497852385,0.28126212746647516,0.3325025512226909,0.27161863999999997,0.5152953830359013
KEN,2023,0.73918565876066,0.5023474218834711,0.6900766870319854,0.505798744525277,0.31477251523046995,0.28645514552999785,0.3213773421987778,0.35000000000000003,0.5162387794516095
KEN,2024,0.7497860328800253,0.48103475472324025,0.8669150892743284,0.5129502750370656,0.30908382100128445,0.29031289078233147,0.3028710584091763,0.349762,0.5135380884052201
KGZ,2004,0.8153730176593895,0.18821717048322484,0.9919788146205688,0.6270974186904876,0.8003504325984279,0.17353499887314683,0.4344455503827278,0.0509039,0.22202662236006976
KGZ,2005,0.8041475423089838,0.21115008836308846,0.9931281193697661,0.6315895268710423,0.3966167199488145,0.17164430549970977,0.39474095335669435,0.105338,0.28208779210941026
KGZ,2006,0.805735607448361,0.26854598674300917,0.9873701083065667,0.633717204494447,0.7019916078700157,0.17451789649584604,0.33323562364648507,0.12306900000000001,0.3013234581678912
KGZ,2007,0.7908167424655559,0.16711658548640473,0.994276279962726,0.6440874681609077,0.6398680134777741,0.18502082497620542,0.30901479304478596,0.1403,0.3437576318543778
KGZ,2008,0.7598577128477986,0.3235806937078833,0.994276279962726,0.6459763864755979,0.7613503058826891,0.19533977232124067,0.4056925496252852,0.157,0.3488785255608784
KGZ,2009,0.7087375794713653,0.32288822141012613,0.994276279962726,0.6496111477520832,0.5468026562966961,0.19754533427873067,0.4758485687477214,0.16,0.42354500135106443
KGZ,2010,0.6923496119019585,0.32160916177375337,0.9885240125752848,0.6524462220528155,0.9257667177708027,0.19479177435168515,0.526867592625136,0.163,0.4136944885779088
KGZ,2011,0.6806551979761412,0.28590708789659364,0.9804223329558175,0.6522893502121794,1.0,0.201087458171764,0.548249042906932,0.17500000000000002,0.38721378396353323
KGZ,2012,0.6818587003905447,0.31738520005670173,0.9977139195282607,0.6530933449693856,0.5411097413840193,0.19822745681137743,0.4468789522002521,0.198,0.4433165439368971
KGZ,2013,0.6529400496458947,0.35054695744019276,0.9873701083065667,0.6651209843118453,0.8270296325061368,0.21007713530310113,0.4999278356603636,0.23,0.41889995658765233
KGZ,2014,0.6541687903078904,0.40296207509504817,0.9977139195282607,0.6557945150116464,0.5829326411715241,0.2126033971732223,0.4809784162981978,0.28300000000000003,0.43596828840580004
KGZ,2015,0.6439736929721015,0.43060785472879776,0.9850588305383061,0.6698568250697043,1.0,0.21485991788196557,0.5044713583238714,0.30247,0.46214629509445215
KGZ,2016,0.6237222979254177,0.40886171162156,0.9965691777763395,0.6782953885909504,0.8755096793448516,0.2178027871698699,0.5320284794005203,0.405,0.42792341846138227
KGZ,2017,0.6181438850954375,0.41688949616187637,1.0,0.6822239988457621,0.19344028195471402,0.2214666449398498,0.5457496301021316,0.508,0.42415257634400305
KGZ,2018,0.6028557173155327,0.43581355298109287,1.0,0.6862728885595724,0.39749989622382637,0.2236915714563602,0.5487691079468493,0.628,0.42126397745906363
KGZ,2019,0.5770238322004123,0.4351262764538247,0.9988575261865398,0.6989229749088306,0.5644888303896096,0.22696303429706377,0.5326470323614632,0.6409999999999999,0.43101837282416877
KGZ,2020,0.6119790913797264,0.46380495257265925,0.9988575261865398,0.6976269022418,0.0,0.21323437348319596,0.5385211393550611,0.72,0.43730022703061744
KGZ,2021,0.6163312343518785,0.44294869262637343,0.9965691777763395,0.6941249808197427,0.4431859002247086,0.21834658256511175,0.47814207998173264,0.771177,0.4432639214107259
KGZ,2022,0.5897377125769294,0.41075640922025586,0.9965691777763395,0.6990583271571076,0.3134365231328533,0.22820086373749826,0.4871241566794926,0.8259910000000001,0.44291317656968543
KGZ,2023,0.5577825977070723,0.40182031556159953,1.0,0.707140057074295,0.3521836688729708,0.2381515674124285,0.4747897798767937,0.8847010000000001,0.4477644677473953
KGZ,2024,0.5367814827189176,0.43385675840752685,0.727069820849351,0.7099920534752631,0.5466493722779315,0.2482315832777927,0.49795991303932374,0.579623,0.46197832374712
KHM,2004,0.7886555815091377,0.21711938932984587,0.0,0.18813533587073428,0.4293906063022129,0.16349446317734362,0.5523204973380034,0.00300437,0.2185751817318522
KHM,2005,0.7956055283706087,0.21233099797975186,0.0,0.21447117776524594,0.6332410873171831,0.17948946732492477,0.5477210848648462,0.00317322,0.2165912113917483
KHM,2006,0.7856774860370105,0.2663942569132813,0.0,0.24139601017236645,0.6606091906987139,0.1924076488705252,0.5761252845643616,0.004683570000000001,0.21124230968017788
KHM,2007,0.7784006034210875,0.348762494980879,0.0,0.26934905192701253,0.8413208622388324,0.20461359363306564,0.5603210773604854,0.0049,0.21244949179123562
KHM,2008,0.8004866930804484,0.4018477462020071,0.0,0.2955712098456367,0.719788588105625,0.21286862411998386,0.5228723519622829,0.0051,0.21950994325760664
KHM,2009,0.8009399092594824,0.40727402642349314,0.0,0.2516579187195678,0.7672653493589638,0.2163744203027057,0.5138068635223565,0.0053,0.22611687184497198
KHM,2010,0.7991707095027833,0.4270105851829245,0.0,0.31245797409017495,0.9458688470530439,0.22129980424773465,0.5221148802256881,0.0126,0.22465487849993382
KHM,2011,0.8005012084106011,0.42865459312132975,0.0,0.26565409592516476,0.9086851879056028,0.22929874498518654,0.5341109942357221,0.031000000000000003,0.2105723955294616
KHM,2012,0.790089855834539,0.4935982894026844,0.023168887097241075,0.30849282977399506,1.0,0.2378154934121509,0.5511045450066672,0.049400000000000006,0.21761132848768394
KHM,2013,0.7690431495709653,0.552321775114706,0.2321127452582159,0.35017009932792,0.9636519739174014,0.24661869557195104,0.5742496775576817,0.06,0.23953613322828415
KHM,2014,0.7469345049686101,0.5899645528086195,0.3422385714458489,0.3319565015083277,0.8312773815535948,0.2556326167389541,0.5900990505443893,0.14,0.26673224865824485
KHM,2015,0.7248353436850623,0.6242176526406309,0.4683900170979127,0.3760920211585894,0.7747411229219874,0.2636096366893189,0.6146602334842555,0.0643319,0.2774782672229077
KHM,2016,0.710507763217998,0.6471005199014701,0.5738611538308014,0.4452104140238231,0.8907709449117422,0.2725314057286169,0.6387488253217168,0.32398499999999997,0.268296579984884
KHM,2017,0.6977163753471335,0.6606621436907387,0.8682896252000081,0.4388872592876454,0.9021219458933829,0.2817927531765775,0.6567667639323407,0.32900300000000005,0.2610679376820433
KHM,2018,0.6797389072375087,0.6872013497148477,0.7554179157485166,0.43371632948733607,0.9147995319481395,0.2921930305271775,0.6921666657627406,0.4584294,0.23552421891733477
KHM,2019,0.664846041003154,0.7166586609706684,0.8010865073589848,0.4283965919365147,0.9338416817942901,0.3014424892059976,0.7202487588695059,0.523059,0.2117970625023875
KHM,2020,0.687008909832799,0.7626016471863739,0.8331997806670861,0.4649965256334494,0.9615161266012797,0.29405594448548544,0.6998936751730502,0.536508,0.21192833588755233
KHM,2021,0.6852145894318947,0.7983519789467606,0.7805519491205688,0.4413257431511681,0.9002253337971169,0.29632841005421773,0.7360150034304962,0.579592,0.1508815317943486
KHM,2022,0.6803668168613665,0.8175335873545426,0.908540679727162,0.4463138172113732,0.8663736236561075,0.30165569737339937,0.7426002997265857,0.5966060000000001,0.14846547591338233
KHM,2023,0.6875211542051395,0.8129862575476661,0.9414428951049976,0.4521387235122014,0.8925789853087027,0.3068830028542314,0.7384060993843196,0.607171,0.1428753949740913
KHM,2024,0.6808120188489459,0.8034351867067897,0.8529643623957599,0.4563758996377576,0.9010348736253972,0.31352459958317114,0.753132137939575,0.5685872,0.1294054189361855
KIR,2004,0.7512061895386556,0.4843870703759955,0.462945503979725,0.3250007177506044,0.4061741652956058,0.2468990587491916,0.019913990986759167,0.035,0.6342642495439899
KIR,2005,0.7229978484958163,0.4565534820309686,0.588637078329052,0.16745035193921262,0.43292858368322745,0.24584742722931752,0.0,0.04,0.6534197608037173
KIR,2006,0.741062438947471,0.4755076205597685,0.5738611538308014,0.2441935472258634,0.31695134887040977,0.25109076573136957,0.059378673756119715,0.045,0.6660324259587709
KIR,2007,0.752034437530981,0.4583690334784988,0.5555407694444625,0.4986636449236844,0.33837599663841117,0.2525115271925914,0.12780833289111215,0.06,0.6167872440551716
KIR,2008,0.7709503191276909,0.40302262759843527,0.5837327737581308,0.6111075838121867,0.22790524818249358,0.24508664566392768,0.11462741507329488,0.07,0.6278192822821347
KIR,2009,0.789061327630906,0.4034830000926116,0.49523360014826867,0.5786740251025209,0.5159476677519992,0.2427718483375224,0.09600333770546698,0.0897,0.6064381286675515
KIR,2010,0.7710013642094051,0.4133844238134928,0.4774074767987173,0.08865511054676323,0.024326308788982676,0.24152315804858004,0.15339705060002418,0.0907,0.6258948272695708
KIR,2011,0.7806284993164883,0.44327077425688327,0.6704899930813193,0.6729256024309019,0.27243976141485904,0.2436118660363168,0.19923487196078327,0.1,0.5941302971277187
KIR,2012,0.7762885676200564,0.45297901204433577,0.6975223372967374,0.6729256024309019,0.20900875077136827,0.24966483218752333,0.20895642038075812,0.10746800000000001,0.590554234936151
KIR,2013,0.7616075329601881,0.5638345850142696,0.728279552576331,0.6408186596841852,0.3110598561512841,0.2584731581182139,0.23874023315879045,0.115,0.5908804169271287
KIR,2014,0.7768667571579432,0.6264751100064061,0.7929165046909876,0.6631527440059053,0.36954769732847875,0.2584109162391416,0.2300978223625183,0.1225,0.5908782042030878
KIR,2015,0.7542823028367749,0.4248288236682013,0.8873323344175441,0.5374908625473583,0.25616856954161477,0.2720356025085334,0.2500556253499808,0.149,0.5868031043289061
KIR,2016,0.7924147652717608,0.35589503511340875,0.91224317799644,0.749367308122713,0.34097738544861844,0.27991974539484266,0.24761432642903602,0.194194,0.5949944203175921
KIR,2017,0.8239189194404447,0.6913915197086524,0.8239254164546486,0.7045193529626904,0.3069370509580805,0.2830755042229852,0.17013845351337165,0.253096,0.6115771232486669
KIR,2018,0.7902105147031278,0.5547716006635774,0.8476247548637881,0.632867975777943,0.25212796032765994,0.28587180764889764,0.11741542543644523,0.32986400000000005,0.6233007201837766
KIR,2019,0.7916546002204662,0.47740608783147015,0.8708468928117483,0.6903070574146691,0.2672766645692861,0.2883652096456645,0.04989848204786074,0.395737,0.6812197054339788
KIR,2020,0.7915378383251566,0.5217489351681048,0.8923577333070547,0.6799062989810495,0.3613304741927971,0.28369179963980884,0.06398212742713616,0.42432020000000004,0.6752923494048648
KIR,2021,0.7715456868723091,0.6610910937354726,0.9147049232648587,0.7484671671642097,0.3075509721254629,0.29290296532965276,0.10466862671797816,0.44573940000000006,0.6446594380728912
KIR,2022,0.7958333603773061,0.5819775782626352,0.9342119797551884,0.7766793067850769,0.3869319099891064,0.29703602051930866,0.09705954473853806,0.426,0.655388545472666
KIR,2023,0.7934263287059842,0.638149425788763,0.95220496903098,0.7896129774713635,0.399261916058337,0.29855960509512725,0.13272181499882696,0.88,0.6832098531330009
KIR,2024,0.67745829305993,0.3457521813626433,0.503762176051174,0.5910006067231519,0.45467304574167483,0.3038466222676993,0.5328553258329607,0.33876796000000003,0.3478325407350725
KNA,2004,0.24125698026074513,0.6210232631718982,0.9569560662560122,0.8123547259375442,0.8745902815645836,0.5895365918885417,0.4564320185292823,0.247377,0.694148644180951
KNA,2005,0.2306445349201773,0.6200907212667672,0.9593242954667272,0.7969443316428844,0.9284303457307033,0.6026362020766297,0.4467208637516158,0.34,0.7054031359887096
KNA,2006,0.1840403359056917,0.608644015745343,0.9616876717453318,0.7863304126734186,1.0,0.6067264825554687,0.46586493828084663,0.385,0.6198813527660807
KNA,2007,0.18038310837924165,0.621221153348968,0.9652236803006815,0.820019417262347,1.0,0.6071692712267932,0.4675875890847001,0.435,0.6436508823399478
KNA,2008,0.18786459889094956,0.6225934025346274,0.9687488808660074,0.8286183902177899,1.0,0.622331074415238,0.4399829628551173,0.49200000000000005,0.6565226014146388
KNA,2009,0.17669809329004388,0.6371506452062554,0.9722633393103699,0.8167088202886399,1.0,0.6170520690392763,0.467442427683632,0.557,0.6649789517700091
KNA,2010,0.19259108132843902,0.6422315861941594,0.9977139195282607,0.9085848448698395,1.0,0.6171901174043516,0.4530597801081153,0.63,0.6659778118730748
KNA,2011,0.1994527473117263,0.6356041292487522,1.0,0.9094238885041708,0.9729717468880346,0.6193940209004193,0.41753984593032767,0.632,0.6537602595488261
KNA,2012,0.1815715858861447,0.638415992730579,1.0,0.9089169839022467,1.0,0.617864967562514,0.3629797467324196,0.64,0.6903516196154547
KNA,2013,0.17233666021597094,0.6236951546078551,1.0,0.9109107808108794,1.0,0.6258378996109838,0.38857891903392483,0.6459999999999999,0.6826935087883608
KNA,2014,0.1550326958403248,0.611447704305428,1.0,0.9109107808108794,1.0,0.6363777457913092,0.42750786389051965,0.654,0.6521652381002876
KNA,2015,0.14377605294644386,0.6177319625993567,1.0,0.9082468152425779,1.0,0.6373879966590216,0.45717964827883817,0.662,0.6398347554090784
KNA,2016,0.13607854207719364,0.6076660535692042,1.0,0.9082468152425779,1.0,0.6430240914037405,0.4934772537105223,0.67,0.6256675278312445
KNA,2017,0.1507013533006214,0.5980909964495102,1.0,0.9074683768427647,0.5797248897959089,0.6434215508243554,0.5272496156817696,0.6779999999999999,0.6126425111152143
KNA,2018,0.1523461081152958,0.5976247057081396,1.0,0.9109107808108794,0.5261426600778282,0.6464306414435531,0.4941936554007085,0.6859999999999999,0.6326365723335381
KNA,2019,0.15028022534651794,0.5946887766677749,1.0,0.9089169839022467,0.6509304428711861,0.6508072111567836,0.5087690436753329,0.6940000000000001,0.625488846726439
KNA,2020,0.1772047553580465,0.6469037606932451,1.0,0.9085848448698395,0.30492137213779646,0.626954176020306,0.4655377998617203,0.7027530000000001,0.6441140153171867
KNA,2021,0.18954933400534216,0.6696472329131413,1.0,0.9074683768427647,0.42948233419261306,0.6278185440760832,0.45376177523369843,0.743716,0.6532906013860833
KNA,2022,0.1837721618835636,0.6525343392688145,1.0,0.9085848448698395,0.5565056232209327,0.6424535886288812,0.4358009424517477,0.7555660000000001,0.6565249325383129
KNA,2023,0.2057046652898884,0.6476255665224329,1.0,0.9089169839022467,0.4679387727746737,0.6466219672616235,0.42630283753932763,0.764208,0.6615949926442575
KNA,2024,0.19462807912457156,0.6546609992784098,0.9988566194609201,0.905645658687623,0.5280424403778103,0.6468108401195024,0.41551344359892783,0.7407596,0.670355137200449
KOR,2004,0.3178409578936073,0.7588458082008753,1.0,0.7749433233800698,0.3891159368154397,0.6437855553417889,0.6610990372781427,0.7270000000000001,0.48756823921981685
KOR,2005,0.2964013068816116,0.7676577512726226,1.0,0.7835334465818375,0.3753926319718189,0.6496700362078368,0.6536843331503635,0.735,0.49936107967989996
KOR,2006,0.2882281173059311,0.7903525566942367,1.0,0.7907717357645314,0.33846463516059694,0.6563281217933444,0.6456864804466156,0.7809999999999999,0.511147490496211
KOR,2007,0.273068556436028,0.8023048718288956,1.0,0.7967664316791567,0.3310720323918304,0.6638362083551635,0.64516683649671,0.788,0.5167473921550751
KOR,2008,0.26253860749138586,0.8231244434932334,1.0,0.8023653676601619,0.3507204930964498,0.6670308464934801,0.6316674320114,0.81,0.5336645206436286
KOR,2009,0.269967122175273,0.8171682202975925,1.0,0.8108814603531158,0.3437466635972899,0.6674689785001745,0.6389793948616569,0.816,0.5289777127309576
KOR,2010,0.26274478530836004,0.8034705079039939,1.0,0.809885861163087,0.3358379045727048,0.6765419335575912,0.658335561213137,0.8370000000000001,0.5067897012975231
KOR,2011,0.26764673775550174,0.8077145997041282,1.0,0.8131725898080258,0.33268000382719004,0.6806827672186379,0.6648368950363654,0.8375910000000001,0.5037892581100136
KOR,2012,0.2656816885048946,0.8042828537929518,1.0,0.8170778812008077,0.3303004707479136,0.6835714305104729,0.6624737545861774,0.8407,0.508406474812789
KOR,2013,0.25884855254871203,0.8000146305452946,1.0,0.8165739447256724,0.3419330103297705,0.6876113751736018,0.6694414825020523,0.8477,0.5076742380570125
KOR,2014,0.25537490382979056,0.804908885615347,1.0,0.8181788167304971,0.32280151399409307,0.6912924535622852,0.6670148106869092,0.875568,0.5118254366274102
KOR,2015,0.2510395533109411,0.8055639399692733,1.0,0.8220648951541021,0.30137359332364877,0.694705336975335,0.6682521303518705,0.898963,0.5104946047322341
KOR,2016,0.23757599196351697,0.8093864734545728,1.0,0.8262845104459928,0.3339050195240505,0.6986614650432744,0.6698274380824556,0.9284300000000001,0.5083446889248595
KOR,2017,0.23543262855474978,0.8119744199197438,1.0,0.8258326714248803,0.35218658341146797,0.703153491192534,0.6753982430255963,0.950694,0.5017746530552114
KOR,2018,0.22505579173251555,0.8186815868776984,1.0,0.8249315081694522,0.3274820834158853,0.7070628568001275,0.6663467175856796,0.9602290000000001,0.5148316843046747
KOR,2019,0.21642196420409945,0.8334314975500812,1.0,0.8289803936364994,0.3198279966879982,0.7098782693005817,0.6473935716112238,0.9615760000000001,0.5390322493240389
KOR,2020,0.22308671816137565,0.851552618000126,1.0,0.8264705008653284,0.31672705685172303,0.7086581165219873,0.643162625349885,0.965051,0.5387642387736591
KOR,2021,0.23101969387599822,0.8588840109903222,1.0,0.8270351126076898,0.3579371576336829,0.7153912123479539,0.6401707305087341,0.9757129999999999,0.5384713208219596
KOR,2022,0.21078694263715145,0.8628100054479275,1.0,0.8275589049129244,0.37460309954024545,0.7195695853872762,0.630633892595841,0.971686,0.5563250361899574
KOR,2023,0.2107277753938728,0.8638289341054055,1.0,0.8323964562584631,0.3511971676996785,0.7217369845852283,0.63081716842022,0.97416,0.568513999883081
KOR,2024,0.21174965587728292,0.85946974750883,0.9993138355552679,0.8362486881034821,0.33685752388697676,0.7245087424841364,0.6510977669293663,0.978956,0.5476654138437476
KWT,2004,0.07831655163248426,0.6276631014032525,1.0,0.8935805408869459,0.2866216867284393,0.7278784723967154,0.5689600223019754,0.229271,0.586295705059775
KWT,2005,0.060085716435906364,0.6053644484106087,1.0,0.8801888518457703,0.3028609120868798,0.7372639975748013,0.5665359920396124,0.259261,0.599009704236172
KWT,2006,0.0478983577389571,0.6011005678334576,1.0,0.8709330582864871,0.29179445261900305,0.73970756346669,0.467119454140963,0.287912,0.6542236595602821
KWT,2007,0.04338224438592296,0.6398859321681494,1.0,0.8604614041436891,0.2903530509934738,0.7396224983780885,0.4686394402141545,0.348,0.653340783536329
KWT,2008,0.03267110349033817,0.6311540879148272,1.0,0.8461973392019089,0.2837581646133658,0.7350993754883216,0.5040310200595121,0.42,0.6451495361682118
KWT,2009,0.0528247103363802,0.7024188006140923,1.0,0.8531800266879248,0.3524109554292398,0.7167662286185646,0.11033388309319378,0.508,0.8055642805340464
KWT,2010,0.08615944605199607,0.6896535272658288,1.0,0.8548708318103517,0.35758493112107825,0.7058008381323663,0.9796559658005295,0.614,0.37202984360479885
KWT,2011,0.08403225636027846,0.6443802383095965,1.0,0.8529797649945507,0.4217125896450164,0.7100906076590473,1.0,0.6576909999999999,0.2049237616268389
KWT,2012,0.07057366669822082,0.6252225802615441,1.0,0.8505790741140373,0.39143247219984456,0.7102332684658256,1.0,0.7045,0.15783594246188937
KWT,2013,0.06974869121723222,0.6405233079446999,1.0,0.8505619203351236,0.3375900395460563,0.7046494240559581,1.0,0.7545999999999999,0.18936715631521528
KWT,2014,0.08597987063715236,0.6678899753720868,1.0,0.8515970018459007,0.30345907360025814,0.6989782845427751,1.0,0.787,0.2767461197496086
KWT,2015,0.09988255893440429,0.7511369831149082,1.0,0.8508092901983404,0.30018774666234505,0.6933054486847948,0.8972810933129209,0.8200000000000001,0.5618450726989019
KWT,2016,0.0968964582643019,0.765692277561884,1.0,0.8499975386953853,0.3013919449144733,0.691212488204835,0.8625225145454478,0.856,0.5952905451892399
KWT,2017,0.09791491275958863,0.7515607804486986,1.0,0.8497371587672213,0.29011505656906145,0.6788425728086244,0.8944756485463055,0.98,0.5367576265837188
KWT,2018,0.08520122837436037,0.7326377667793582,1.0,0.8513707168375149,0.28301753178224215,0.6769936068444599,0.9330185541702103,0.995988,0.45543553655524205
KWT,2019,0.07241814845504106,0.7358656018805234,1.0,0.8468870513036948,0.3078439888411146,0.6763082674993851,0.9127918339829617,0.995427,0.5023672957747078
KWT,2020,0.09337445096617766,0.8214046880968409,1.0,0.8529507149846518,0.2513153890457902,0.6705221406833554,0.826481334611922,0.991059,0.6813289051527134
KWT,2021,0.08963192544385294,0.7950177602203203,1.0,0.8489936295643976,0.27207395293467146,0.6742349087676381,0.9178055690943556,0.997,0.4843177111341652
KWT,2022,0.0779264374937773,0.8328313114845958,1.0,0.8472028376413379,0.3106999966680258,0.6763061141411234,0.9774063899575332,0.9972369999999999,0.3298626019497788
KWT,2023,0.08893658372465539,0.7793116575518362,1.0,0.8502900990870841,0.3672318022344518,0.6657541740085374,0.9343868063367666,0.9974729999999999,0.46087168087142993
KWT,2024,0.09284064465316134,0.7752655711956837,0.9990855678113043,0.8544113662382404,0.30898345413289935,0.6606842774501599,0.9076959952423391,0.7942544,0.5222188080525139
LAC,2004,0.43808318043428235,0.406807024031785,0.9133511156614595,0.7304058544004608,0.46940180675677723,0.4776228385290492,0.5754062364395687,0.1945664,0.5305739962580605
LAC,2005,0.41912417949122177,0.42657519809155525,0.9176539014517093,0.7325728069163375,0.4544320872746388,0.4815326023296461,0.5718582030276356,0.162,0.5368209992693673
LAC,2006,0.4087426625057963,0.45638265438428444,0.9265522381746827,0.7393387804892697,0.4298055372975397,0.48720684890872856,0.5770772954781809,0.204,0.5348534592734322
LAC,2007,0.41516488659342177,0.48671941398246193,0.9301707472962528,0.7440763787575615,0.48863699651299586,0.4930080184485185,0.564338348471747,0.233,0.5387585391793412
LAC,2008,0.419971886234389,0.5046800472895903,0.9401343156589883,0.7479036183247469,0.48346303180453437,0.4966474374603279,0.5641116585017529,0.259,0.5324347483535417
LAC,2009,0.41539008559678453,0.5183708632933197,0.9422361958332024,0.7543848221734111,0.421316702507637,0.4914500302548911,0.5273626358882249,0.303,0.5617024190285789
LAC,2010,0.4129584094571764,0.5401191352963144,0.9482181434236567,0.7578369414895052,0.4958990761643377,0.499257255328032,0.5399795906974909,0.34,0.5439430215518328
LAC,2011,0.4169811083051245,0.5594309798132513,0.952367684961529,0.7608805283878017,0.49353387580840746,0.5039771283195656,0.5461203453990093,0.387,0.537187149076503
LAC,2012,0.4065970295352651,0.5707269127728938,0.9568166437760404,0.7634765850673135,0.4929775065350006,0.5057877311261535,0.541256909837277,0.42100000000000004,0.548825876787904
LAC,2013,0.41396584614957666,0.5785749115154188,0.9608288177076858,0.7660309518005008,0.4942626487046642,0.5082350186790724,0.5233773313591012,0.451,0.5622067797503267
LAC,2014,0.4133159867331375,0.5836639516809083,0.962657019895703,0.7677891738805629,0.470079287034123,0.508584389575946,0.5132213469518287,0.47700000000000004,0.5711369368446562
LAC,2015,0.4120371414788931,0.5788273685215313,0.9657470809203108,0.77092611841343,0.4902138357175113,0.5075180394726923,0.49518727273662977,0.533,0.5848610275917432
LAC,2016,0.4319439812038108,0.5746756520972034,0.9684951035391887,0.7752335684289675,0.5036247816989551,0.5053315588192279,0.47907524910530985,0.564,0.5913035180199016
LAC,2017,0.42063359522492,0.5742448987500912,0.9716719261986508,0.7772208171578803,0.4789214138136816,0.5067475288858981,0.4816915066186014,0.5920000000000001,0.5920951225754769
LAC,2018,0.41324749066762234,0.5920274726617563,0.9717371287216698,0.7789479373117159,0.4975973450893102,0.5074930521333515,0.49888261033795844,0.626,0.5853785173717005
LAC,2019,0.4125236558407913,0.5841340406013669,0.9749761385584828,0.7840031972720478,0.47074713841112537,0.5069328881155449,0.49672111029513144,0.679,0.5882455309470984
LAC,2020,0.450518479339227,0.600760268785447,0.9767669857034011,0.7758010505170754,0.4325218411392008,0.4958953652640886,0.49463984246694026,0.733,0.5813694181762394
LAC,2021,0.4637315646286863,0.590668202614544,0.978342466986744,0.7756198451624385,0.4536660397584713,0.50463435927757,0.5315191205884142,0.753,0.5389037161304713
LAC,2022,0.4537151763504164,0.5903443154529551,0.9823093422339353,0.7823654924112682,0.49506559601214295,0.5093170838339646,0.5436567103063648,0.766,0.5428055869129755
LAC,2023,0.45155239389668006,0.5913485911130925,0.9800592546560445,0.7882784268529561,0.45241616533566453,0.5113804777542507,0.5368252464423908,0.797,0.550799218260456
LAC,2024,0.44971210113704013,0.5999378661520611,0.988347613440866,0.7912849435257159,0.46234899574770283,0.5131699982417096,0.5203916099558461,0.8140000000000001,0.5551164798624217
LAO,2004,0.8200859332749161,0.1778998546749317,0.2884895843721704,0.0,0.33054612691006846,0.21262713687470336,0.3799391032839936,0.0036143399999999997,0.31493373366920574
LAO,2005,0.8026210367129553,0.1958063821113173,0.36424548271673185,0.0,0.3499676154182482,0.22039721146698688,0.46746938105857416,0.00850357,0.30158353538592175
LAO,2006,0.7895257358970811,0.15207140538796549,0.3602753334593771,0.0,0.6368433189841463,0.23009231582144152,0.5252075577477031,0.011698900000000002,0.18944310495804206
LAO,2007,0.78128887928024,0.17290220544489393,0.3198035591220876,0.0,0.782572218749704,0.23846726770539017,0.5105107540128493,0.016399999999999998,0.2663403953923189
LAO,2008,0.7664932472362539,0.24844575091199633,0.526642333868514,0.0,0.5561844285470892,0.24719112636257046,0.5393403333403612,0.0355,0.31588243281560535
LAO,2009,0.7667667647040861,0.3708456801052665,0.5504933774919492,0.0,0.6392948628865571,0.25551438257080206,0.5061090142638047,0.06,0.34678277080624875
LAO,2010,0.7510317429547781,0.41201167906040875,0.5967648584106451,0.0,0.5384402661983672,0.2652495270821883,0.5989541994232326,0.07,0.3052127146726282
LAO,2011,0.7320607535722274,0.44237429696580477,0.5935206165516709,0.0,0.5077016578787767,0.27436543705068306,0.6045181664794526,0.09,0.26851674196287023
LAO,2012,0.7061625277438573,0.43284405455635555,0.6930607177273664,0.01489518809007051,0.678447878242327,0.2834950006541125,0.6295125578550242,0.107477,0.23405375801109463
LAO,2013,0.6985026726339721,0.43284405455635555,0.7354833687539122,0.04972976500823867,0.6540801078399985,0.29265388516874025,0.5983412844035745,0.125,0.2833572300053069
LAO,2014,0.6974712635831568,0.498235054361378,0.7805519491205688,0.08253425697308114,0.7092419482321455,0.30129727951728535,0.5718406135098293,0.1426,0.31686206472179324
LAO,2015,0.6941459564139525,0.4998380673589803,0.8759444799849803,0.11416097061665353,0.7702155565379709,0.3093637279163933,0.5525497989360777,0.182,0.3170849546261696
LAO,2016,0.6895140702711866,0.579151551913351,0.8670088619141669,0.1415988914821411,0.6665427427768895,0.3169435152137735,0.5709033622935638,0.2187,0.28304916333432084
LAO,2017,0.6756403895036152,0.6103595761850797,0.9244996931358296,0.17210076804752372,0.9268775802116969,0.324336372885932,0.6060417740105017,0.255104,0.26336676089813427
LAO,2018,0.6687404330331664,0.6255777397335687,0.9159338282510037,0.1817411685731276,0.7711846483246161,0.33087573158920314,0.615732777974725,0.363,0.2650539631793012
LAO,2019,0.6735598371250507,0.7064802035356299,0.9815832059480165,0.18888406973807914,0.5463891779227793,0.3363726035651541,0.6157047811004865,0.470323,0.2630842475871895
LAO,2020,0.6775459589085896,0.7300510937783418,0.9919788146205688,0.174951922019708,0.6158019055024383,0.33493372692000756,0.6292073928942845,0.54,0.253290676268199
LAO,2021,0.6738024653565008,0.7569219590248941,1.0,0.17427277595068547,0.654548725591503,0.3364653030764214,0.6543652426708477,0.62,0.20535397077034778
LAO,2022,0.6564367704637085,0.7569219590248941,1.0,0.17959105457711178,0.5895761143657403,0.3382961024570731,0.6540644584449327,0.627001,0.23678893628487474
LAO,2023,0.6747973418852103,0.5574779805770529,0.9593242954667272,0.18226111619750762,1.0,0.3416115662464817,0.6000331603815501,0.636255,0.31369233083090897
LAO,2024,0.6834429925254899,0.4556922079354382,0.15219030755500232,0.190236407452252,0.6738215330984219,0.34551328453630503,0.57572956198441,0.25286000000000003,0.3044757751072922
LBN,2004,0.3723485013375663,0.6997540924676569,0.9988575261865398,0.8395851602189781,0.868014597337057,0.4748412363701978,0.24518250368108419,0.09,0.7086069936136274
LBN,2005,0.3601056727690789,0.6744193121051714,0.9908283634325308,0.8422414312245379,1.0,0.47643893065029197,0.2511185690952915,0.1014,0.7345395337230127
LBN,2006,0.40245691193141314,0.681111231646194,0.9931281193697661,0.8452018196005708,1.0,0.4762049070205864,0.25897674056257336,0.15,0.7547273631616793
LBN,2007,0.42022032746794385,0.6880685119215968,0.9746003760175901,0.8452928743473249,1.0,0.48631276599679685,0.2745017620235062,0.18739999999999998,0.7296937158622647
LBN,2008,0.40471964591623627,0.6944497720584699,0.9988575261865398,0.8457947816853695,1.0,0.49649892311209476,0.29545357906107417,0.22530000000000003,0.7504129708073535
LBN,2009,0.37869149356053977,0.6818292379989555,0.9919788146205688,0.8452744529861858,1.0,0.5086794141685761,0.27235324944815686,0.3014,0.7100528771014254
LBN,2010,0.37437025632978843,0.7118921456895786,0.994276279962726,0.8477919161444327,1.0,0.5183987726560667,0.21981928114958849,0.4368,0.7433890105678662
LBN,2011,0.3715408829646652,0.7310660702697538,0.9965691777763395,0.8493334025813941,0.7953481680290759,0.5180849345903306,0.2429505152152096,0.52,0.7636914120066232
LBN,2012,0.36954344912939674,0.7309859248502655,0.994276279962726,0.8508011303189131,0.7440349024367443,0.5178346745952608,0.2737590220211592,0.612498,0.7568058524915768
LBN,2013,0.37890943192615334,0.7391218920524565,0.995423298675246,0.8532499504828,0.6534372264176519,0.5098539308672515,0.29929088911865653,0.705,0.7460900376480732
LBN,2014,0.38213112555454176,0.7504935289757237,0.9965691777763395,0.8574947685069061,0.6713593505706157,0.49891215253909615,0.2953777656164389,0.73,0.765992849664705
LBN,2015,0.34423032771522927,0.75571961622858,0.9965691777763395,0.861178903446072,0.5654705650154555,0.49674017944264326,0.28041797455913486,0.74,0.7668738280038179
LBN,2016,0.31099086614726057,0.7631714699961263,0.9977139195282607,0.8628918416651876,0.6108342734892251,0.5023688593107484,0.28785278963271077,0.7611,0.7715808741535808
LBN,2017,0.3151613993138533,0.7685885316073064,0.9988575261865398,0.8656236844746736,0.5935906773412021,0.5074627390381575,0.25641622304957723,0.7818080000000001,0.785884724200355
LBN,2018,0.34127556894035527,0.7462571184978278,0.9965691777763395,0.8693508326739159,0.5990979774551105,0.5089085905971912,0.21969106990732934,0.809,0.8040391258855886
LBN,2019,0.3377106816189963,0.7302978957067073,1.0,0.8747232307177524,0.5244339636434612,0.5031793914664281,0.17321714318124348,0.814812,0.8301941048202215
LBN,2020,0.33245711773125797,0.6637052229630757,1.0,0.8729924359030736,0.6137882053598106,0.4705576772245591,0.0,0.8206650000000001,0.9159512992860148
LBN,2021,0.20604775201641753,0.6271345805848837,1.0,0.870863719422891,0.45276614529126635,0.45962332815754625,0.0,0.8265600000000001,0.9813229050598369
LBN,2022,0.18415066526699733,0.6271345805848837,1.0,0.8824701835830049,0.44734897220769443,0.4580505197035406,0.0,0.82798,0.9279758648448166
LBN,2023,0.15852351594685263,0.7288570791361065,1.0,0.8783291728994458,0.4964641606126105,0.4562114611383029,0.0,0.834933,0.2810647846656962
LBR,2004,0.9964689679855363,0.04961825637329298,0.0,0.5095046411778434,0.8307174236572752,0.1098931894474452,0.0,0.000310112,0.0
LBR,2005,1.0,0.07202629448086334,0.0,0.5163526971440389,0.8518540129595311,0.11088175799242472,0.0,0.0188247764,0.0
LBR,2006,0.9919887436830788,0.11182523430294677,0.4,0.5268939296355866,0.9113023389538171,0.11399271414971068,0.0,0.13765317640000002,0.0
LBR,2007,0.9984490768905095,0.1310805382728933,0.0,0.5407754577400654,0.9079785759683634,0.11997302664756682,0.0,0.00551377,0.0
LBR,2008,0.996927620747345,0.16016719849311373,0.0,0.5531131260885882,1.0,0.12409421843834523,0.0,0.0053,0.0
LBR,2009,0.969707867450538,0.2111565585286344,0.0,0.5631224692834755,0.7544625438788798,0.12702336662991254,0.0,0.02,0.1619335455709323
LBR,2010,0.8577737566123027,0.2441774101313851,0.0,0.5775722374689782,1.0,0.13140728442290228,0.0,0.023,0.46850461777425867
LBR,2011,0.8577737563804385,0.26496269469046735,0.0,0.5916245665515727,1.0,0.13714859065743923,0.0,0.025,0.4142054873122891
LBR,2012,0.8577737537045089,0.25841406489284274,0.0,0.608196246011687,1.0,0.1431722138807574,0.24562673251582456,0.026000000000000002,0.10376041131378777
LBR,2013,0.8577737551156703,0.2917971883498794,0.0,0.6268323217313938,1.0,0.15206099384221805,0.38384633152929304,0.032,0.15774489676351422
LBR,2014,0.8577737554682007,0.28504702452569936,0.0,0.6293269898311586,1.0,0.150055894197749,0.3596520317860423,0.0541,0.24642567537822746
LBR,2015,0.8577737565197543,0.3073994611431235,0.0,0.6334330302166076,0.7532609993583559,0.14703861837482313,0.3130539934637293,0.1,0.3238359286240282
LBR,2016,0.8577737456002823,0.3118513829862625,0.0,0.6328125726034535,0.8809255762041417,0.14180555862392408,0.21849496576059102,0.157,0.35326241951506976
LBR,2017,0.8579280759107449,0.3647489640521678,0.0,0.6408044119537815,0.7597200260468294,0.14250456041444304,0.2724185674370836,0.163,0.3194436323025709
LBR,2018,0.8550323566622016,0.367560350347972,0.0,0.6395179963044177,0.5295461350089469,0.14133699496048535,0.315840863474218,0.172777,0.2924372475513648
LBR,2019,0.861098925537137,0.331540079491157,0.0,0.6307555217623269,0.4539578366762682,0.13484301617812744,0.31768266071933504,0.183141,0.2596573710479273
LBR,2020,0.8786241280826649,0.31812485955985687,0.0,0.609433779041189,0.09138280584448916,0.1274477784252397,0.31358957991772063,0.19412600000000002,0.2048530516871141
LBR,2021,0.8672634617553162,0.3099089889842333,0.0,0.6043582938144239,0.21123400448048665,0.13144100507501622,0.37385664076664815,0.205771,0.19528516577017108
LBR,2022,0.8596031516389485,0.3384545899620018,0.0,0.6099358340652317,0.4853336135474703,0.13513995497999876,0.41175113155684473,0.218966,0.1710055639861996
LBR,2023,0.848866103518246,0.25824782173199706,0.0,0.617933771405593,0.7469634081671298,0.1385799882668829,0.46991256488570454,0.23497900000000002,0.24134775081078397
LBR,2024,0.8439052330891195,0.34204645759562186,0.5446861474245728,0.6254737940795754,0.9261141782020332,0.1411683953634102,0.4553523576785714,0.14087478,0.2716944959016341
LBY,2004,0.3474342703212326,0.26428640512417084,0.9023433127444198,0.7766213528318433,0.3541653936472355,0.5550632373446679,1.0,0.0353284,0.06699749313194374
LBY,2005,0.2966780322921602,0.19659930109074525,0.8810196354589328,0.776787814346799,0.42673389004167034,0.5682881518715547,1.0,0.0391779,0.024408355934919346
LBY,2006,0.2174423389634493,0.15639167023730188,0.8592942698030734,0.7773272000725409,0.5075440544384444,0.5744524343887992,1.0,0.0430105,0.0
LBY,2007,0.21968323493780909,0.1610156491137884,0.8384661241571116,0.7814330701107921,0.7325661694145599,0.5802418367959302,1.0,0.047220000000000005,0.0
LBY,2008,0.20440155558007092,0.19430861622699525,0.8159161674589965,0.7826599503492253,0.5925894830155993,0.5769232886707968,1.0,0.09,0.0
LBY,2009,0.27148372088869605,0.2802724483202313,0.7942821972370391,0.7899464353980199,0.43075073017133214,0.5673679393580263,1.0,0.10800000000000001,0.08048030007262597
LBY,2010,0.24274844488057443,0.2418562187067988,0.7722346494659673,0.793383059560766,0.43804179607962,0.5715277985145012,1.0,0.14,0.04156147960197076
LBY,2011,0.33125068920406153,0.3296881122636081,0.7497574026907552,0.8035889352489156,0.40241588075224033,0.47343070110066965,0.8789535523976233,0.14,0.5911889622025028
LBY,2012,0.24411275321481332,0.24355165942488283,0.7268333740540829,0.8083664160082278,0.384234524895677,0.5679471165554212,1.0,0.152,0.18729945901116674
LBY,2013,0.2901684482436794,0.3230198923725745,0.7034444412990162,0.8143224637293418,0.3446517294248746,0.5362321086357179,0.9725413474583342,0.165,0.4177658311493939
LBY,2014,0.3568049547899376,0.3950154725590242,0.679571356697867,0.820993939003754,0.4520013225938465,0.4954197329839266,0.8089715901663757,0.1776,0.6927885326548684
LBY,2015,0.3987914770307108,0.4180721970592987,0.6536528003240809,0.8251481072084395,0.41071535934464026,0.49184914238334876,0.6642766245999903,0.5547112000000001,0.7505117662853178
LBY,2016,0.408570235681124,0.39015550520238845,0.6287150240060768,0.8281031854230521,0.4067912147397988,0.4874569231681488,0.523383155770001,0.7064126,0.8136910456070154
LBY,2017,0.37499802970559964,0.3384857944542879,0.6032260922304342,0.8271843997788064,0.36471226769316745,0.5259778539514498,0.7194242634940946,0.6168334000000001,0.6425033115763248
LBY,2018,0.36426038695857477,0.3090501683547539,0.5437289755767356,0.8278582893404955,0.3818421893503716,0.5347134499874185,0.8386951113877881,0.4026552,0.47619730961326656
LBY,2019,0.26255621043952493,0.33619310220860527,0.5688934768596674,0.8313538061444263,0.3932030370552556,0.5153337232513499,0.8416729070869977,0.2767526,0.5266463234274936
LBY,2020,0.39614155786491007,0.4211736992612158,0.5837327737581308,0.8338070630887029,0.5579179466526922,0.46273332121967214,0.2877429840909915,0.875754,0.9250636076125143
LBY,2021,0.25354770058858955,0.27769756407374097,0.5967648584106451,0.8329008746695963,0.395449954741154,0.49706427568040146,1.0,0.885598,0.043338694356829244
LBY,2022,0.23291585239414161,0.271647376324565,0.5935206165516709,0.8357376469539815,0.3896622550725438,0.4826965852057531,1.0,0.886412,0.0
LBY,2023,0.24015770679942522,0.2986369136948163,0.6443642087453592,0.8360449696092482,0.4014899114406691,0.4951583908738443,1.0,0.884989,0.0
LBY,2024,0.28852150598403814,0.3121898600322572,0.9958738940628701,0.8383427338181964,0.34176626925093884,0.4964005591900399,1.0,0.7916742,0.0
LCA,2004,0.3423409531425633,0.6313166084019552,0.8708468928117483,0.8184012972637089,1.0,0.5290490359997903,0.3495139963666781,0.213952,0.6566680015510292
LCA,2005,0.3241203049434425,0.650557527975423,0.8810196354589328,0.8228607411736655,0.9458723292713014,0.5273859747720183,0.36753835916585775,0.21567599999999998,0.6901366807054761
LCA,2006,0.3266678561696855,0.6745140172667126,0.8911034349557196,0.815856909563196,1.0,0.5350712629471038,0.27638599233888206,0.245,0.7167082454603411
LCA,2007,0.3226907110951155,0.7201902571081835,0.9023433127444198,0.8225410280839962,1.0,0.5365346389183635,0.20357003006728158,0.27899999999999997,0.7422537615420084
LCA,2008,0.36063285888669594,0.7282982710567374,0.9134747074464808,0.8243160035200985,1.0,0.542640679598006,0.18913764884865047,0.3,0.7173564128573018
LCA,2009,0.3636714561911595,0.7395883105308381,0.9232798863374301,0.8277864696974393,0.9107989214028749,0.5375659774386384,0.19847232986867458,0.31,0.7312481661050838
LCA,2010,0.3086415864680624,0.7332544819286191,0.9317915649730804,0.8326875928074351,1.0,0.537160814704687,0.1424936170596438,0.325,0.7702523294771053
LCA,2011,0.28522745222720003,0.7265438490731133,0.9462384413920546,0.8359622074621766,0.6872113433644786,0.5425510538213089,0.11696248885372573,0.34,0.7886016149313688
LCA,2012,0.28689076183089923,0.737995601466169,0.9450414228929294,0.8394259545086675,0.764369306136484,0.5417305666424891,0.1090400250480108,0.45865,0.7930902814585674
LCA,2013,0.30429063332394596,0.729583844163169,0.9675750108202648,0.8437105555182591,0.7764130931961849,0.5384101752082576,0.08095762016720043,0.494,0.78340398388421
LCA,2014,0.27588537160859133,0.7032152837680308,0.9780970756754845,0.8469994826351805,0.5342640061627983,0.5396827779368466,0.06944952372787982,0.532,0.7833247277917263
LCA,2015,0.271069846060183,0.6783048276885639,0.9885240125752848,0.8484357589803455,0.8321245253681084,0.5391927285130375,0.10823584194759395,0.573,0.7690507719825899
LCA,2016,0.2652887663541844,0.6558303579177509,0.9977139195282607,0.8509556416376989,0.8469044442035714,0.5434711910814957,0.11360852112206077,0.582226,0.7663582599611938
LCA,2017,0.22158100828884575,0.6372594680128862,0.9988575261865398,0.8540653944965766,0.5769081803764613,0.5477218416486161,0.10909005346387501,0.591601,0.7796996668740857
LCA,2018,0.22775093740654556,0.6258528501290206,1.0,0.8582233519789164,0.42776840745843636,0.5512980737847314,0.06364151518197136,0.601126,0.7864027760011871
LCA,2019,0.2367922997138963,0.6180647103861068,1.0,0.8702973801981093,0.5185488656452545,0.5497508901688176,0.0245232927871335,0.610805,0.7937901609450768
LCA,2020,0.2577215100954716,0.7011020825303624,1.0,0.8724746682278042,0.7143429886837815,0.5087450168573112,0.1794483794376298,0.62064,0.7254035627816457
LCA,2021,0.23538538854950056,0.6523594964292976,1.0,0.8504546829909874,0.5287835902922522,0.5244518974315023,0.12584445926992616,0.630633,0.7725101063238173
LCA,2022,0.2175081463837873,0.6059618074562936,1.0,0.8471862291303691,0.4452633532148291,0.5511740036948739,0.015487753666603377,0.653544,0.8108046904338879
LCA,2023,0.17703611401276492,0.6040035988852215,1.0,0.8675979318512761,0.8278561792744317,0.5539380755690849,0.055603900141435014,0.700834,0.7955325583752328
LCA,2024,0.17752119510984105,0.6044265109852802,1.0,0.8762577146599724,0.760452213995562,0.5591086272218181,0.058822145534598747,0.4681293999999999,0.7914603978727976
LCN,2004,0.4572449114643703,0.43059006008326844,0.9198470331008126,0.7384743753996674,0.4765690227937971,0.4818639863808737,0.6495351252245676,0.1976,0.6295798691296679
LCN,2005,0.44007762927595456,0.4481532982945052,0.9235574354448008,0.7409503241013113,0.4650497682443021,0.4859372447658096,0.6496373776063709,0.166,0.6321005876601276
LCN,2006,0.4311398387623782,0.47499671280852535,0.9325101670577833,0.7469171703875932,0.48737635974118043,0.4916566206831262,0.6571481245776423,0.207,0.6271596012147436
LCN,2007,0.4369894649258939,0.5031255606400471,0.9351369567250396,0.751137096057306,0.5472530816173968,0.4974402771577716,0.643910610864816,0.237,0.6338598915466478
LCN,2008,0.4423956086760046,0.5189415048148971,0.9441198401077822,0.7548317407327327,0.5307772089187616,0.5010341142367044,0.645248527742355,0.264,0.6278061399597266
LCN,2009,0.4430887465699731,0.5315147794996913,0.946557385616523,0.7608334054188415,0.45986854749902717,0.4960211732374361,0.6063951871775235,0.31,0.6604711650562707
LCN,2010,0.4402336823746155,0.5477402381979535,0.9519550533310088,0.7643090764861245,0.5225575476603267,0.5031208531486125,0.6254336868671102,0.34600000000000003,0.6369727175751576
LCN,2011,0.4431744450110018,0.5674724483620157,0.9555814856082332,0.7676175466730033,0.5491658519960239,0.5078099992257016,0.621376427699835,0.39299999999999996,0.6373310794140723
LCN,2012,0.43026179828035743,0.5784322394919867,0.9601429801570109,0.770394830242275,0.5395675157703064,0.5100586000324624,0.6105777930454053,0.43,0.6420214628637715
LCN,2013,0.44138450380093075,0.5880650495548838,0.9636300729987619,0.7728670395574366,0.5391010277351695,0.5124416760890146,0.603410635643642,0.461,0.6723322136507317
LCN,2014,0.4427412312404165,0.5971161477774252,0.9658593110719673,0.7747616794585013,0.5426526962716576,0.5126988537997684,0.597589054105053,0.48700000000000004,0.6868621741085263
LCN,2015,0.4421236544960093,0.5952090808928308,0.9685696801079482,0.7777342762483732,0.6106907301042056,0.5116256527640953,0.5872616134103124,0.544,0.7099460617563182
LCN,2016,0.462037418166,0.5933083795487941,0.9708398933558788,0.7821483451403295,0.509095538930739,0.5091924524177717,0.5722292161910048,0.5750000000000001,0.7185731088267775
LCN,2017,0.4518471976321309,0.5931543190964361,0.9735562967274118,0.7836045312663491,0.4772426732152891,0.5101166183347624,0.5744308581050228,0.6020000000000001,0.7207836679779751
LCN,2018,0.44407749579441597,0.6127211232527721,0.9740949866705506,0.7852759376935752,0.4951446221524979,0.510644115880044,0.5913876414580803,0.635,0.7165656403127532
LCN,2019,0.444398627701563,0.6050293404735874,0.976911849543951,0.7900424779436643,0.48371816436824844,0.5099176335606551,0.5912217583696402,0.6779999999999999,0.7241447268366805
LCN,2020,0.4810637662724767,0.6213711063664826,0.9786787632561209,0.7820967098616198,0.4514742134510418,0.4985783166361085,0.5944421480402307,0.738,0.7204518786184226
LCN,2021,0.4922723597529303,0.607246250608509,0.980139257560424,0.7817370004678921,0.4692078747099296,0.507647305380503,0.627883062152071,0.758,0.6792406171826615
LCN,2022,0.481951070764923,0.6044179268255165,0.9836568493049151,0.7881911674654347,0.5065500358656686,0.5125953283911314,0.6362672151494797,0.7709999999999999,0.6793371117439686
LCN,2023,0.4802653237085792,0.6051882724631452,0.9818456070719845,0.7937551106932172,0.45767970496547095,0.5148257446689787,0.6261761576177374,0.8,0.6891279505135417
LCN,2024,0.47877384621954944,0.6106352951243588,0.9885254235615918,0.7968811730663088,0.46822953256854527,0.51705534449838,0.6125131706253291,0.8170000000000001,0.6894881823688155
LDC,2004,0.757039436697215,0.32007834054560763,0.0,0.24029831921054812,0.4796584997871288,0.1521384759513874,0.5194197243021041,0.037800000000000014,0.2931000917565494
LDC,2005,0.7520060991459766,0.3268441991742124,0.0,0.24911049157341547,0.38905269668497083,0.15901835916316664,0.5576189142209445,0.006999999999999999,0.26253712538653096
LDC,2006,0.7422653963577365,0.3371403961627802,0.0,0.25849119087798345,0.42379886721612864,0.16515525919590057,0.5834385851852582,0.01,0.2625695017599665
LDC,2007,0.7456672505495998,0.33867225486663516,0.0,0.26780111855890976,0.4446937717155023,0.1719474339265169,0.6049168803331411,0.018000000000000002,0.22036369413935475
LDC,2008,0.7465451434378052,0.35237635069988665,0.0,0.2765199747385503,0.4779850906767436,0.17764610030454286,0.6093544889534828,0.022000000000000002,0.22564082734718527
LDC,2009,0.7605131236690088,0.37731706152456007,0.0,0.28320144885239396,0.44569694236310997,0.18023978216125847,0.5502470169261875,0.026000000000000002,0.30607265302746844
LDC,2010,0.7549415695525233,0.3887210563601063,0.0,0.2997476632036826,0.45582480390940583,0.18577914701227727,0.572602264516139,0.033,0.29280665362252156
LDC,2011,0.7339639092873101,0.3822686194987938,0.0,0.3062399682075023,0.4722339872432196,0.187126000513131,0.6061380178707672,0.04,0.2954341469629891
LDC,2012,0.738461863068849,0.39768586665008415,0.0,0.31682707728010806,0.5172793987322564,0.18840789684401515,0.5998940319114412,0.048,0.30644440684940877
LDC,2013,0.7304778053484543,0.40590763199535346,0.0,0.3188676681903826,0.4606120778326588,0.1931236601321059,0.5850108187088199,0.06,0.33283329430830655
LDC,2014,0.7301828565262342,0.43347462450586377,0.0,0.3311860735296568,0.4764574837332648,0.19724519310848343,0.5737317313370889,0.08199999999999999,0.3406870566996183
LDC,2015,0.7335720663121846,0.4501307826971363,0.02350786027890983,0.3438198370711838,0.5482388643542757,0.1977925083720219,0.5341392159710949,0.107,0.36652893276085274
LDC,2016,0.7280632439843049,0.45705885660737317,0.12619120389626204,0.35731417349343353,0.463626892972915,0.19959013176877216,0.5449399793249763,0.138,0.35933815463156105
LDC,2017,0.7222496043703599,0.46426008876495545,0.21655264623750625,0.37411953828415134,0.4176253882857642,0.20254250522134487,0.5564449468696562,0.162,0.35551909543522964
LDC,2018,0.7134154350081892,0.4681905293610115,0.2362701158530438,0.38658685325765685,0.39279400056261976,0.20572142609900912,0.5808444672844497,0.195,0.34660505731671076
LDC,2019,0.7107011916444025,0.47414209649274003,0.275266398945166,0.4000603170192645,0.40183454631876603,0.20922294856984325,0.5856081034432332,0.212,0.33873900991986483
LDC,2020,0.7216135727478856,0.48610683052324316,0.3089127543838517,0.37619687048402106,0.40962322834641884,0.20563057239876115,0.5737699234762383,0.24100000000000002,0.3373487392495509
LDC,2021,0.7140506888497375,0.49213777010633936,0.34235041160355806,0.3693110007637119,0.4218895091472572,0.2063531103653119,0.5819843004044192,0.261,0.3041618907931465
LDC,2022,0.7104869551657516,0.4907242603695306,0.35505992415404375,0.37710241301036573,0.3962200493908511,0.2097996269575112,0.5819134151215395,0.282,0.2958977161599696
LDC,2023,0.722059123397628,0.5011565963709401,0.38844637417593386,0.373481985542532,0.4434208634142438,0.21081120754008265,0.5911733678205815,0.299,0.31857401266895735
LDC,2024,0.7220702434564448,0.4697269476297984,0.5353290111126876,0.38238065678200206,0.4483552502330199,0.21297012017672412,0.5844966729801018,0.314,0.33001670451160336
LIC,2004,0.7697770564743991,0.20681645112506525,0.0,0.21442869646172924,0.48036017238661266,0.15772373788992378,0.5502001350192418,0.018600874,0.1774366449192173
LIC,2005,0.7681890406352349,0.224700601739995,0.0,0.2239501156917587,0.41328475277339594,0.16208183727671344,0.5714454083011431,0.01,0.14822614753974372
LIC,2006,0.7637397616024101,0.24379842325145723,0.0,0.2361099158966815,0.4720890517085128,0.1652039109148713,0.595122624570372,0.013000000000000001,0.1334623889395279
LIC,2007,0.7656855161252282,0.24760652735070893,0.0,0.24676740789376095,0.5079353852518181,0.16888658426949332,0.615460320160989,0.025,0.08567078628407199
LIC,2008,0.7643329949373683,0.2665007445081366,0.0,0.25639713667561614,0.5280660179425177,0.17180723253197283,0.6240945039888817,0.03,0.13372301567240052
LIC,2009,0.7788543508758583,0.29926015727670036,0.0,0.26377345646761885,0.5061123701671786,0.1723715791019229,0.5880804674495812,0.037000000000000005,0.2216392948417254
LIC,2010,0.7722509693045401,0.30193091893188845,0.0,0.28631021539245083,0.5726467105765016,0.17740794239850377,0.5905714852377042,0.043,0.23101508947323302
LIC,2011,0.7502636690539861,0.28239368861329267,0.0,0.2934875782616748,0.5749837744312094,0.1731765676104392,0.6145055493693177,0.049,0.25157768948545867
LIC,2012,0.7657900813272165,0.2546496154677074,0.0,0.3022602677688946,0.7241224906784507,0.16276782134525525,0.5622409684713716,0.054000000000000006,0.28873061943304545
LIC,2013,0.7566507939334454,0.264762720314104,0.0,0.29288439460160953,0.6229632807867587,0.16280845318050896,0.5400678291167413,0.06,0.3124421944900937
LIC,2014,0.7609943851157794,0.28870593951966766,0.0,0.30069890152780987,0.5117717321798816,0.16339033393727642,0.5540481853167196,0.069,0.2902532542403282
LIC,2015,0.7626056306244714,0.2937366519992864,0.0,0.3047197615650714,0.5072095371624415,0.15681075993962001,0.5158334363918722,0.079,0.31653694497062856
LIC,2016,0.7632683002601337,0.3070397905947891,0.0,0.3122095555525619,0.4822079442693876,0.15377680497389412,0.4702850068382054,0.1,0.3283567288824689
LIC,2017,0.7694636297754766,0.3019909464438533,0.0,0.32002069778304776,0.4824059345275856,0.15256242619011595,0.4686462140953116,0.114,0.3103241781033792
LIC,2018,0.7687560317215194,0.29742593355226615,0.0,0.3340811242877346,0.478454078361241,0.15256977394866134,0.4999402821044361,0.138,0.3003452567135776
LIC,2019,0.7675097884600609,0.29876986380882625,0.0,0.3531488935204288,0.550397168044243,0.15269776976149485,0.4905259017418673,0.16399999999999998,0.2790493694800724
LIC,2020,0.7701873379883599,0.30996104383452,0.008070460674411528,0.3150637105415006,0.4996342308131334,0.14691336642216646,0.49949752958132176,0.17600000000000002,0.26973575504175074
LIC,2021,0.7498278529616264,0.3220453144203012,0.042070112352686984,0.3035769108498183,0.5486477891706326,0.14481969658662508,0.5106751255998296,0.19,0.17350226277102987
LIC,2022,0.7469434266869917,0.3242478825108032,0.0418243693976299,0.314472064862211,0.5362909982576483,0.145781410475323,0.49108532746348565,0.212,0.14459533911411837
LIC,2023,0.7783030466129873,0.3492352857522745,0.09973659533599744,0.30688166967141806,0.559516616781345,0.1415388184829559,0.5362981282531423,0.22,0.2724352184586989
LIC,2024,0.7746466329590468,0.3462093755348151,0.019947319067199487,0.3176539245269683,0.5986029102344025,0.1409119436043904,0.5156193007723708,0.225,0.3100997410703332
LIE,2004,0.21387396035470313,0.5762569581493027,1.0,0.8592702000698255,1.0,0.7091718727998106,0.24210596719376629,0.640074,0.891690048085643
LIE,2005,0.20047513508150247,0.5948235708700815,1.0,0.924323710179177,0.0,0.8305012935305085,0.16584704390769223,0.633714,0.9356613612625843
LIE,2006,0.2004569479282609,0.6015461806337432,1.0,0.9227812115661143,1.0,0.680647256702744,0.0,0.6421420000000001,0.8587917622053158
LIE,2007,0.4373544677469227,0.6136034905813548,1.0,0.7855741220778506,1.0,0.619830544491503,0.04810996694732648,0.6508020000000001,0.822234375896507
LIE,2008,0.319367122668395,0.6077591277735175,1.0,0.9017895448018429,1.0,0.7770873423298268,0.06522246740917378,0.7000000000000001,0.7920982407095292
LIE,2009,0.28938377064396537,0.6015461806337432,1.0,0.9067793415152667,1.0,0.7409165574628614,0.3136989896826917,0.75,0.9061583459000359
LIE,2010,0.22754208461625197,0.49357403695371527,1.0,0.9124865126324895,1.0,0.6199193890552606,0.053831903315816686,0.8,0.8059840457426091
LIE,2011,0.30663536082612086,0.6015461806337432,1.0,0.9098492027707706,1.0,0.7164886533788877,0.13856091481986438,0.85,0.7828244973567269
LIE,2012,0.4397418574305755,0.6015461806337432,1.0,0.878480046499894,1.0,0.7388288224689923,0.262800038730539,0.8940770000000001,0.6497860170090972
LIE,2013,0.1557324160425064,0.5474986594130001,1.0,0.9087146127131926,1.0,0.728338268178478,0.7234917793831903,0.938,0.48085802647978654
LIE,2014,0.06191361047013311,0.5474986594130001,1.0,0.9201037557965499,1.0,0.7125130731217478,0.7277497859122188,0.9521,0.5260723380780614
LIE,2015,0.033287521997152465,0.5552273704989504,1.0,0.9109107808108794,1.0,0.9432475278344247,0.6973055151095087,0.966412,0.5244506766427177
LIE,2016,0.023343249023679614,0.56608283683382,1.0,0.9202935996399578,1.0,0.7579983759869535,0.7555237353578128,0.9809390000000001,0.5032596305676753
LIE,2017,0.027450113085819662,0.56608283683382,1.0,0.9084902352702336,1.0,0.7159558606912799,0.779806467107004,0.995466,0.4525019392437155
LIE,2018,0.028320089308281945,0.5140619414085739,1.0,0.8777751447543085,0.0,0.6647045006463307,0.7531836591974399,0.4950368,0.4949337737812449
LIE,2019,0.028339941531346387,0.8274471492199318,1.0,0.9147598513425386,0.6057682506126707,0.6167222949606598,0.7822180089096973,0.9314610000000001,0.46224807590738015
LIE,2020,0.04295998389483833,0.8286472425288123,1.0,0.9054805167990869,0.5045412228336883,0.6213682555894451,0.73580934529534,0.9434990000000001,0.5267078756587398
LIE,2021,0.03303765428142542,0.8141433005525233,1.0,0.9266609516100072,0.5963973042595747,0.6350802405000561,0.7415348500713375,0.955694,0.5103914911352438
LIE,2022,0.03455436512165373,0.8141433005525233,1.0,0.9054805167990869,0.3379007678477127,0.7162649279444373,0.7240994981560647,0.9645279999999999,0.5353542500949429
LIE,2023,0.03254235766416523,0.7676403798328645,1.0,0.9036528857879814,0.4039171774546805,0.6835554743214944,0.7211057613727767,0.973444,0.5465401357569868
LKA,2004,0.6186589752007643,0.5063322462174105,0.6945498428152952,0.5361740375291837,0.35734479014277615,0.3112728786311584,0.568507330990035,0.0144616,0.567821008420248
LKA,2005,0.6055529379970769,0.5109160465036278,0.718118013535241,0.5358688205382376,0.3566582770003745,0.31912974991552756,0.5944909806225236,0.0179205,0.5551311520776201
LKA,2006,0.5963914385244774,0.5211661194098336,0.7750137525465215,0.5398874761296031,0.3944616798271429,0.32887838021459637,0.6017645363867024,0.0253757,0.5555691732537542
LKA,2007,0.6030038707078264,0.5184412648539283,0.7454937112530473,0.5481570042784711,0.4053278171270136,0.3374244153324729,0.5901450664085737,0.0388,0.561224783300474
LKA,2008,0.6329310417745457,0.48637248564449437,0.7860636787043864,0.5502707175054158,0.4042576301594799,0.34484557677211025,0.5811387796044667,0.06103514000000001,0.5438333535322362
LKA,2009,0.6212534124362548,0.4565729289670773,0.8424001605595128,0.5534062682486178,0.346522890871216,0.3490010741633539,0.5860875798033707,0.06905624,0.5497369253247575
LKA,2010,0.5474765022723632,0.4475431996441705,0.8185921018853666,0.5559303286067117,0.3370248761414701,0.35933545753828533,0.554122704813425,0.09380000000000001,0.4764654576952072
LKA,2011,0.5587125273965405,0.515233464523738,0.8515277271854353,0.5574097344966731,0.375840843848556,0.3704999618683201,0.576177599036187,0.17452,0.48229290417988047
LKA,2012,0.5188147388982579,0.5170281305774496,0.8410903055403809,0.5374784698653263,0.37096206320077574,0.38141156677426247,0.6069454718677285,0.0757462,0.4959627248698619
LKA,2013,0.5191975240959292,0.5139428732760258,0.8822849424650299,0.5590600615094545,0.3628637202395303,0.3912384349582051,0.6041972519647141,0.17165106000000002,0.5009723414992959
LKA,2014,0.5233322849629817,0.5200519349226749,0.9134747074464808,0.5720201092202362,0.3544878430643258,0.3988568798022215,0.5997828633181428,0.105,0.5027664939427163
LKA,2015,0.526882995450453,0.5489741294032524,0.9330024073104166,0.5725076781244334,0.3360031410417619,0.40350102172986835,0.583851632738877,0.1526,0.4960616643100524
LKA,2016,0.5007941341636897,0.5655215142960208,0.9710930426900379,0.5845730880826485,0.35036138137965184,0.40901116974933005,0.5992210680460972,0.22190000000000001,0.48317205085413484
LKA,2017,0.5056214695263621,0.5726613743765496,0.9710930426900379,0.5719346961788321,0.3786877190974376,0.4164368722986208,0.6094322334197961,0.251,0.463649710744078
LKA,2018,0.5101428783597621,0.5863000003052248,0.995423298675246,0.5852870929087137,0.3952348092453368,0.41829070951761416,0.5923691331721221,0.28300000000000003,0.4867553885905229
LKA,2019,0.5006361554427975,0.5877525124537104,0.9977139195282607,0.5916092432087741,0.33838643361776743,0.41708236179657565,0.5781453206066631,0.32,0.520514870152792
LKA,2020,0.5277708919783054,0.703363259751822,1.0,0.5776299282328234,0.31751753180059883,0.4094406718817255,0.5619721946720004,0.361847,0.5527090428417614
LKA,2021,0.5412644588172054,0.7427297017257246,1.0,0.5873150221971724,0.32754794871807846,0.4138611381876983,0.5907010313085079,0.444531,0.5225319342280437
LKA,2022,0.5327858442414758,0.7083348530982918,1.0,0.5910174199584013,0.3616280664038626,0.40261958906305917,0.588287047755663,0.483,0.5410268549882407
LKA,2023,0.5244641041949162,0.5810669480229782,1.0,0.5942785346778687,0.3394497372594787,0.400143614851206,0.5178835427024158,0.512,0.5826474628769818
LKA,2024,0.5290141736012717,0.6240731344940741,0.9935731880836383,0.5984523153110999,0.3340749969543658,0.4080354184666958,0.513092253479269,0.4209722,0.547192888143897
LMC,2004,0.7036508978962854,0.5028157000095081,0.4654902304742228,0.3413306634361777,0.3762050301557519,0.2239686771224655,0.5581865500987395,0.2484,0.3658295813518788
LMC,2005,0.6985471485006948,0.5127694302589634,0.5136319166665428,0.35018650947381724,0.4077961798674468,0.2307706876659511,0.5691599093940021,0.036000000000000004,0.37058656543089885
LMC,2006,0.6902871451712961,0.5220296859228202,0.5262501486131388,0.35660702336414474,0.47469325115486516,0.23798242576332262,0.5806724096788094,0.044000000000000004,0.3717540885234305
LMC,2007,0.6879756367745619,0.5378778032812401,0.5596259423299657,0.3619930030225902,0.479367417333619,0.24505873891897212,0.5804921257486306,0.055999999999999994,0.3754277237498611
LMC,2008,0.6913795135764289,0.5466306996655783,0.5908080670734792,0.36699645560406413,0.5189865821804789,0.24904552151226944,0.5872774034202861,0.064,0.3838263093599181
LMC,2009,0.69204893769947,0.5490639705930669,0.6029677988742703,0.37383993356107714,0.47088773661229044,0.25495634481809615,0.5693061501154855,0.075,0.39750652293064137
LMC,2010,0.6896495408076264,0.5596413850261808,0.6206155527736374,0.3783642509445615,0.41267066933885566,0.26209665165940466,0.5776288285098325,0.10099999999999999,0.37792873955389084
LMC,2011,0.6901604088460972,0.5581457248896591,0.6659784313545138,0.38908820433023594,0.41369076699161333,0.26638147368363263,0.5854762038749661,0.122,0.3726399684324644
LMC,2012,0.6828333589639105,0.5549080468538738,0.6743444541270742,0.40131668557554123,0.3974359648421916,0.27130455903021333,0.5862559085024079,0.136,0.39199166896122906
LMC,2013,0.681383739345848,0.552499267465516,0.7037232210520985,0.4119046579203336,0.3980323621904227,0.2769785966010426,0.575167977315661,0.152,0.4037170150099785
LMC,2014,0.6777250441287433,0.5565423887207022,0.7208807871581451,0.42217756155926045,0.41266724526538057,0.28327191317846123,0.5642435310123024,0.172,0.4194555748299127
LMC,2015,0.675114158191048,0.5624349220031595,0.7548346866430666,0.4346515057852818,0.44008135824612005,0.28939405825754105,0.5416433179426272,0.195,0.43623634179002524
LMC,2016,0.6727179579516284,0.5681066032687085,0.7835413978649113,0.4439096939432581,0.4209845217951016,0.29525086106457177,0.5309499730787348,0.219,0.4375080356924874
LMC,2017,0.6702595437449613,0.570483017136082,0.8099969153833859,0.45600075922072625,0.40871177303517314,0.30081642872620484,0.5414080212129408,0.244,0.4266080412538731
LMC,2018,0.6646811538675155,0.5718673578058187,0.8399387701850438,0.4697369106190572,0.4013625103115311,0.3064240774579233,0.5505897279879948,0.272,0.42601218793253626
LMC,2019,0.6754166081075667,0.5676126324944406,0.8491032218244339,0.4780666806760254,0.39481464306049346,0.3102059089649404,0.5330216801664867,0.334,0.44111911812363225
LMC,2020,0.6935094503503276,0.5852328811488396,0.8590415730555288,0.45553263092938323,0.4033563548069658,0.30235954773023177,0.5264501824912255,0.425,0.42523314212342767
LMC,2021,0.6873372775888682,0.5797050679235383,0.8867748535299986,0.45643342072096216,0.3837571239679032,0.3096457792220856,0.5401570166527327,0.474,0.4156889422045329
LMC,2022,0.6787642515882276,0.6545511355882191,0.8870406996387548,0.4568678716194956,0.383665185644086,0.3166492682447787,0.5425240646096616,0.523,0.4263335248192708
LMC,2023,0.6724052114885114,0.631833046269068,0.8957134788399221,0.46310732914477093,0.3728376347798905,0.32333059410531917,0.538016958839683,0.554,0.4271055831294768
LMC,2024,0.6686746213000299,0.5388068338833844,0.5727998223601943,0.47081698310735165,0.40312261874769373,0.32882570739188466,0.534151624444932,0.589,0.4285039559472441
LMY,2004,0.594602764776029,0.635686340755506,0.6865437467419211,0.41433545729616483,0.44676442734899724,0.3351566068349846,0.6654687685169667,0.1162,0.39853025486184146
LMY,2005,0.5790761876902961,0.630878728624539,0.7017829354333065,0.42266698110047196,0.48029783891342526,0.34340392001385467,0.6737132153493393,0.1162,0.39971398351964327
LMY,2006,0.5678959177999406,0.6362960264588138,0.7134237664585603,0.43335256068389993,0.4891962084872141,0.3528217733900806,0.6831258380771763,0.123,0.3994695298148505
LMY,2007,0.567081875160319,0.6460328266750628,0.7251828535509066,0.43865594027417254,0.5141025713768133,0.36311376558234365,0.6810022778337674,0.123,0.4041166166765082
LMY,2008,0.5670671731549919,0.642846310866755,0.7379886672953591,0.4463434100238919,0.5052777878834606,0.3694871151230473,0.6916456600597514,0.123,0.3973701576448101
LMY,2009,0.5706799813822422,0.6756908733243523,0.7418420337544438,0.45629960567919214,0.44535241500604905,0.3731944627708047,0.6731608727130483,0.18660000000000002,0.4236176936953586
LMY,2010,0.5656895397439565,0.6808107413455127,0.7521628153468392,0.4627440002214249,0.48321817679126944,0.3825874765523162,0.6784347793083636,0.2002,0.4128421678100431
LMY,2011,0.5609247701404673,0.6842119204905981,0.7721024419979985,0.4732474642289253,0.4801840275282793,0.3895308710936519,0.6875538959061533,0.2002,0.406551744801281
LMY,2012,0.5578858419228258,0.698207853412949,0.7783874658696064,0.4807612352616384,0.4556830931535054,0.39526769458326017,0.6849410545589687,0.2278,0.41943080952915857
LMY,2013,0.5577563585574258,0.7103831214663625,0.7918306861262545,0.49635119251299686,0.4578655734517383,0.4012288244356702,0.6740182591873898,0.25420000000000004,0.43426411646342267
LMY,2014,0.5560686111646306,0.7222029153658218,0.8013548121613283,0.5112660006033094,0.43689918614052703,0.40661702922603504,0.664713212609606,0.2792,0.4497164150147057
LMY,2015,0.556606353381786,0.7427003236874927,0.815116914290603,0.5251602743304704,0.43682244500690004,0.41140561724690017,0.6442661883066538,0.3332,0.47599577867922394
LMY,2016,0.5550854617348985,0.7467548331253491,0.8306324535459657,0.5328207471930311,0.41451776237465965,0.4162789136009103,0.6329391279418914,0.3634,0.4879293001160341
LMY,2017,0.5457209479961062,0.7471963901831469,0.8440715623928225,0.5401061355869365,0.40248092008207226,0.42197882766334327,0.6386881432704612,0.3988,0.4871588985364874
LMY,2018,0.537514942525554,0.7595504146518963,0.8583475743490272,0.548796662952169,0.4125473227340447,0.42725802819423475,0.6478636641464,0.4518000000000001,0.4877470054559092
LMY,2019,0.5458281261530286,0.7631025744652313,0.8630334859448388,0.5567230245259958,0.39583165577323187,0.43144229477359064,0.6331904603269372,0.4892,0.5009375878328322
LMY,2020,0.5648776090905622,0.7916444681607218,0.8672106730868583,0.5458356901589179,0.39763631622964857,0.42817945183689854,0.6269731565940218,0.5361999999999999,0.4995753070210114
LMY,2021,0.5543183086691662,0.7879546529670676,0.8816777216718918,0.5473168493748308,0.41789557777758546,0.4370491715414485,0.6504871060042319,0.5362,0.4794754550699336
LMY,2022,0.5509310229931625,0.8016814657118863,0.8809280710908141,0.5448617355378462,0.3876175628905743,0.4413908429250434,0.6520888661912227,0.5716,0.47831579389789436
LMY,2023,0.5449605154870444,0.8110402028670414,0.8859662604072511,0.5515865221925935,0.3536886226796491,0.446859559318454,0.6351731403645215,0.6212000000000001,0.4978348007967264
LMY,2024,0.541961541078296,0.8190786832919026,0.938017732623368,0.5572741321028296,0.3561650210695332,0.4516182993805854,0.6261194544803388,0.59541,0.5057809723332682
LSO,2004,0.4607322504717543,0.13095821756972886,0.0,0.5440592821755068,0.5237636627916782,0.17112826937919368,0.6619734249612563,0.021755200000000002,0.402333226498262
LSO,2005,0.4498032772339836,0.19251827683744116,0.0,0.5363378803343197,0.3901630747626347,0.17740261071739005,0.6491852649545269,0.0258025,0.4054971688626079
LSO,2006,0.418188380994538,0.1959678729560329,0.0,0.5299891214020707,0.3719546146099905,0.18400597647196526,0.673353741660774,0.0297971,0.37966350385037506
LSO,2007,0.4201078161279131,0.25730736678757266,0.0,0.5217841553890881,0.5765813269643658,0.1893444359208999,0.7212560919478459,0.0344543,0.40364257987274677
LSO,2008,0.42039354007351765,0.2579471237854268,0.0,0.5126368023759063,0.3245736155809448,0.19615845046488056,0.7389688125182932,0.0358,0.3932011502473838
LSO,2009,0.44373590449566386,0.3051422431810861,0.0,0.5088744326655439,0.6255075488477055,0.1932751494771744,0.6423419143838134,0.037200000000000004,0.49081711016918694
LSO,2010,0.41897923056182523,0.3180124853666601,0.0,0.49921277682457843,0.31171177494130864,0.19960159693176938,0.6146516634095553,0.0386,0.4901107912181706
LSO,2011,0.4056705893159706,0.33213945288688246,0.0,0.4897010699937332,0.43836406870377403,0.2048619776384023,0.6408632280168018,0.07,0.4578168979744466
LSO,2012,0.42032316898662797,0.3865850755225914,0.0,0.47879075316690844,0.4328257951919577,0.21231109783255853,0.6045493087308851,0.1,0.4738493418818628
LSO,2013,0.42706478184503965,0.40184487180446854,0.0,0.4717643370076523,0.422662728670097,0.21331721156965633,0.5753420866610162,0.15,0.5068793241028944
LSO,2014,0.37916506792498433,0.39515644985198023,0.0,0.46532615390638155,0.5358553924521878,0.21412322817106133,0.6253462776214711,0.22,0.4774212212288682
LSO,2015,0.37041131484009227,0.38317906612657665,0.0,0.4561835484867176,0.5962794995934706,0.2168849956670328,0.6487287053803654,0.25,0.4517496437857771
LSO,2016,0.42148557739500164,0.3824714961061246,0.0,0.4468231583520508,0.5278961336102164,0.22025900848645052,0.6008790415280187,0.32453899999999997,0.4819730769612911
LSO,2017,0.423070450286489,0.4024490870952779,0.0,0.44253047185177063,0.4029909587559291,0.21382915781505007,0.5677417432411607,0.39,0.5009431639193167
LSO,2018,0.39266978394666247,0.40380635190254704,0.1420173840377048,0.4372634101159476,0.3880825678307743,0.2098954432263037,0.6096007474908673,0.408,0.46682803030314224
LSO,2019,0.40219813616608713,0.4160975725213321,0.0828594313977371,0.4305694211114677,0.3812922367081381,0.20612070332594723,0.6001938340307023,0.423017,0.4697254644390161
LSO,2020,0.4364462097837004,0.4221569032267604,0.15396906840476987,0.42136127070149554,0.3727554521165064,0.19206563667525933,0.608663287389209,0.436575,0.45732924510925477
LSO,2021,0.4597827745115349,0.4259815124129643,0.22094782534237467,0.41651161213020105,0.2506405712109284,0.1936511017417636,0.6239879672403759,0.450567,0.42189917557742085
LSO,2022,0.459597643844319,0.4198180692449302,0.2119374106036549,0.4214027840878236,0.26241029038322267,0.19550613129820926,0.5993173128711624,0.465007,0.4264913989164838
LSO,2023,0.4821149699074705,0.44913004966063413,0.3662254440963597,0.4255344322998984,0.2052116561971796,0.19653115644476082,0.5704426459068601,0.47991,0.4351909889419354
LSO,2024,0.4778070629862039,0.45523219133959875,0.19061594968943182,0.43018283286640946,0.2480053346529902,0.1989936219550611,0.6064338734068164,0.45101519999999995,0.39046658223117836
LTE,2004,0.5303023700107513,0.6919221264022974,0.9621123709301491,0.45373476827230697,0.5037873408848481,0.4136880904926269,0.7034228576898742,0.2662,0.39120537100111186
LTE,2005,0.5030545713128073,0.6819396288973061,0.9671810238058205,0.4647100537845912,0.579353994956854,0.4236746378272759,0.7082755865729797,0.404,0.3892916286669488
LTE,2006,0.48756687262941384,0.6830194916444918,0.9756443190672366,0.4772633788769358,0.5770628494800236,0.43564352771047876,0.7113368381818623,0.404,0.3913215621464001
LTE,2007,0.483485133995575,0.6913164149977371,0.9725987030208785,0.4830463775521716,0.6191315456713938,0.4488061976157435,0.703959676864675,0.404,0.4069790753997782
LTE,2008,0.486157979444968,0.6922894198603067,0.9768735782595428,0.4933236619335335,0.5596255853869357,0.45762215831239883,0.7073843383427783,0.404,0.3981166092448434
LTE,2009,0.4913954270896984,0.7330481627493171,0.9733013688972729,0.5057815879630638,0.5326258775360192,0.46205558817427883,0.7021124806598762,0.404,0.4305812318952431
LTE,2010,0.4817794472862835,0.7328082826900144,0.9810320697620272,0.5122405936187757,0.5589152630697329,0.47245562952595355,0.7083373292414035,0.39922,0.4214361653820098
LTE,2011,0.4829902693478042,0.7306465058883551,0.9842027352667397,0.5243416152993361,0.5448796425094115,0.4816003640546266,0.712282076874982,0.42077020000000004,0.41368874387065935
LTE,2012,0.48136192051210325,0.7436552928323674,0.9851998230699968,0.5294265535428715,0.5312958006307709,0.4888365801000317,0.7091825567609469,0.42077020000000004,0.4267826934957437
LTE,2013,0.48351570739359473,0.7552871349081085,0.9873466425970525,0.5537206203883795,0.5107084342962479,0.49577299380397843,0.6980717600280852,0.42077020000000004,0.4468634126710418
LTE,2014,0.48186107966729763,0.7685605993978144,0.9885740592458063,0.5757711384709929,0.508409476708592,0.5022087027596159,0.6921517266199517,0.4473602,0.4621914959212061
LTE,2015,0.4868423342211497,0.793557060321374,0.9859864604532644,0.5934343815710417,0.5254546032729046,0.5079174135221051,0.6820863609289536,0.41200000000000003,0.4884423148402246
LTE,2016,0.4833825476406291,0.7964894444837525,0.9898651252079409,0.6000286710893503,0.45710889055795223,0.5132944438475985,0.6671498542618728,0.43499220000000005,0.5091858741570197
LTE,2017,0.4696104904982032,0.7924013364423272,0.9916580957059109,0.6058261524860376,0.43865927360938584,0.5197806968106801,0.6696003720949473,0.4383324,0.5108236550775347
LTE,2018,0.45993983303656527,0.79837114971491,0.9917565950003935,0.6123045519761985,0.4591676280968877,0.5266759804294167,0.6786122184186434,0.4383324,0.5075493271434044
LTE,2019,0.46190469849165017,0.8083516630672551,0.9923119679437384,0.6193615755443331,0.4445724357167825,0.5327470428370283,0.6661158448175222,0.45372959999999996,0.5230898196820872
LTE,2020,0.4835323040956373,0.8351062724350264,0.9929771545689166,0.6243765934191012,0.38914791497346235,0.5326326956326458,0.6586278963732979,0.45372959999999996,0.5276431809364253
LTE,2021,0.47521638466935595,0.8286418425955295,0.9932615731909618,0.627796299801147,0.45532158209766105,0.5430059808163891,0.6801807373178921,0.45372959999999996,0.506184842374291
LTE,2022,0.47090235370152184,0.8425153394286868,0.9940136223039149,0.6270460957592952,0.37482932932444984,0.5474707241218041,0.6833730314353152,0.45372960000000007,0.5050372234140936
LTE,2023,0.4634422481996978,0.8503434358998596,0.9937838175120843,0.63768347964157,0.31435727019099274,0.553603837331072,0.6609718939176368,0.45372959999999996,0.531738320755847
LTE,2024,0.45942805697175887,0.8552796633958308,0.9911732659196764,0.642870943790542,0.33626090285742555,0.5598301367563047,0.6540980155602312,0.8610000000000001,0.5385055128377174
LTU,2004,0.3881718709995349,0.5822219083552953,0.9931281193697661,0.6891293253711592,0.5357020361471232,0.5167096259642733,0.5837270336484208,0.3123,0.5309453947043705
LTU,2005,0.3961639655133553,0.5097024615498776,0.9931281193697661,0.7013376083709795,0.6062509473034495,0.5298823689636499,0.5869425034346416,0.3622,0.5325545344767515
LTU,2006,0.37490576117742885,0.5752733139933656,0.9931281193697661,0.7005808506973605,0.7722628511495703,0.5425553981795795,0.5942079700219414,0.439,0.5319852648929051
LTU,2007,0.35447053425475317,0.5228500466305878,0.9931281193697661,0.7163693142245564,0.7101663916065746,0.5595292365518157,0.5856540175693847,0.499,0.5345367543886956
LTU,2008,0.34405885663356156,0.5671560102831227,0.9931281193697661,0.7490170258598003,0.5190380933537801,0.5647469670082902,0.5783102344976601,0.5522,0.5431666867924174
LTU,2009,0.29798366402934123,0.6026828293777422,0.994276279962726,0.7749757225119067,0.22150080204823996,0.5430445525888915,0.5033645242990787,0.5976,0.6193683045495391
LTU,2010,0.33189897726219636,0.6392603498228082,0.9965691777763395,0.79714624574456,0.4798910286228849,0.5467069699716892,0.5258772493668471,0.6212,0.585468535971426
LTU,2011,0.3569259621983498,0.6008601041038526,0.9965691777763395,0.8002182020972288,0.5674488837656159,0.5588852312206439,0.5639916810523657,0.6364,0.5495681578601337
LTU,2012,0.3810495387241755,0.5865719599861579,1.0,0.7927628247702709,0.3872087352432516,0.5669919209614406,0.561358677954291,0.6723,0.5501265212173423
LTU,2013,0.3577364890610608,0.5693332161929407,1.0,0.7921542427213102,0.39205567975722183,0.5741108907533145,0.5513372745552512,0.684529,0.5690788167247449
LTU,2014,0.3527307323825415,0.5578227545863161,1.0,0.7926757767810964,0.332160383656211,0.5806670381886704,0.5531297368940375,0.721335,0.5664746542049732
LTU,2015,0.3525458048490621,0.5601815406947628,1.0,0.7904103862818403,0.4464742723818713,0.5860194688191435,0.5395918006415548,0.713781,0.5732262144231566
LTU,2016,0.33492159232963786,0.5670126955196715,1.0,0.7996092188016264,0.4623598059487436,0.5915412520416304,0.5219017859938584,0.7437659999999999,0.5922208465975327
LTU,2017,0.3585228557201118,0.5576728569120069,1.0,0.8013375972634278,0.4725864918336917,0.5998466347097479,0.516713501334344,0.7761530000000001,0.5879151761281842
LTU,2018,0.3209955477922372,0.5523441732615539,1.0,0.8010538398412645,0.43991942598754097,0.6080175636440278,0.5140409053650867,0.797226,0.6020253083733023
LTU,2019,0.335119907378252,0.5453794665189038,1.0,0.808217023676018,0.6894904028654398,0.6150710882676113,0.5079002096951144,0.8158190000000001,0.6020355535228945
LTU,2020,0.3576345443371801,0.5355472770161964,1.0,0.8176050033106499,0.8009781537503073,0.615170406004825,0.49883842874026296,0.8305549999999999,0.5997088180392254
LTU,2021,0.350337596880933,0.536535484105561,1.0,0.8131801410959647,0.5274608129628775,0.624250545616346,0.500222777860206,0.869305,0.597701917571162
LTU,2022,0.3775843632825858,0.5275385755767523,1.0,0.8164979022776966,0.5056746549217443,0.6266906870930541,0.515193975488301,0.877242,0.5999053815282571
LTU,2023,0.3102374130862729,0.5193762990860225,1.0,0.8192109798533851,0.5965013823425254,0.6251532692942293,0.4879810765315329,0.885029,0.6290217910990572
LTU,2024,0.3009360764198369,0.5291793608003634,0.9993138355552679,0.8194966129056733,0.6444431971187727,0.6282817020409478,0.47090117709198087,0.589706,0.6359325652403931
LUX,2004,0.09952610519596887,0.6624551020427414,1.0,0.8999083551188263,1.0,0.8690674407060751,0.27234802374922706,0.6587999999999999,0.7560055097016227
LUX,2005,0.06998142385756781,0.6794467947040379,1.0,0.9131516769934778,1.0,0.8704065373917401,0.24164823737819674,0.7000000000000001,0.7690848133802524
LUX,2006,0.06198351311003285,0.6899044886970256,1.0,0.9168957567238967,1.0,0.8765723595085898,0.20991208404756012,0.7251000000000001,0.7920854328014788
LUX,2007,0.07116010575723226,0.7192397763770759,1.0,0.9151086243195525,0.0,0.8856347463287354,0.24196823642549958,0.7892,0.776023073320494
LUX,2008,0.06125933944516118,0.7570118374363304,1.0,0.9283095137376454,1.0,0.8826036259058868,0.18449446386371693,0.8223,0.8025580887548438
LUX,2009,0.04728417229851665,0.7566174460798338,1.0,0.944751768113163,1.0,0.8751360979632111,0.11427412506109857,0.8731,0.8232135590906462
LUX,2010,0.05397125269548615,0.7213214480373311,1.0,0.9444125396454908,1.0,0.8778448245877982,0.11391231043409045,0.9062000000000001,0.8256788209778176
LUX,2011,0.05069724729249029,0.7162720256090316,1.0,0.9443429843707714,1.0,0.8761264545124289,0.10162345923553118,0.900299,0.82490152844795
LUX,2012,0.05761648037533504,0.714704179782915,1.0,0.9492221346203902,0.5914889104224285,0.8750158319012947,0.08937105617928243,0.9194990000000001,0.8253219718846814
LUX,2013,0.05274525307166391,0.7227176751076936,1.0,0.9514651040067283,1.0,0.8761935889086406,0.09008478276219334,0.937765,0.826246181034584
LUX,2014,0.057912322244013506,0.721806808071273,1.0,0.9581592976162079,1.0,0.8765307884413563,0.10600586839408277,0.9467019999999999,0.8178672866687711
LUX,2015,0.04542043643103992,0.7354480258341378,1.0,0.9508241331648715,1.0,0.8763630658988638,0.136125620705436,0.963767,0.8348293258615391
LUX,2016,0.043555102098089535,0.7459927497838197,1.0,0.9511540127144302,1.0,0.8802866391332892,0.15796282311271126,0.9813670000000001,0.8279565909686726
LUX,2017,0.047523342258778085,0.7555142930957479,1.0,0.9622368510848842,0.0,0.8786573800464857,0.10632335475882249,0.97363,0.8386832658418517
LUX,2018,0.04736217599640007,0.7663419459518876,1.0,0.9527468414866389,0.0,0.87817779263444,0.11282541087621101,0.9706130000000001,0.8310594847176187
LUX,2019,0.043678999392298516,0.7736254587594282,1.0,0.96747865413922,1.0,0.8792655622896356,0.1385605239045158,0.971206,0.8233674838245726
LUX,2020,0.04083330994112199,0.776057173754565,1.0,0.9693316450707967,0.0,0.8761043916598957,0.12816579780990334,0.9845959999999999,0.8300562201928186
LUX,2021,0.039727383468858166,0.7610228447205734,1.0,0.9682083052979018,1.0,0.8836263269928285,0.0965956470821876,0.986609,0.837246497368922
LUX,2022,0.048985759448979,0.7600534338188507,1.0,0.9743106222260485,0.0,0.8790971167009604,0.02797003600574821,0.9824200000000001,0.850134860850996
LUX,2023,0.03820395279231541,0.7388556564635476,1.0,0.9764642551380014,0.0,0.8763091237615136,0.03647405137592852,0.993479,0.8575461875249184
LUX,2024,0.04262867714165448,0.7188024450142896,1.0,0.9845488490860781,1.0,0.8745419207873782,0.054423852398745476,0.987606,0.8506967693235605
LVA,2004,0.3978488176469896,0.675865930834744,0.9965691777763395,0.7327726118539797,0.5624638392638827,0.5184261696912275,0.44867066835539604,0.3858,0.6228654844591435
LVA,2005,0.37465344680657414,0.6735656172812107,0.9965691777763395,0.7495366581918632,0.6072282305258621,0.5359444010420572,0.4198386352638901,0.46,0.6353795269608042
LVA,2006,0.35181554992251934,0.6044177112360306,0.995423298675246,0.7466106108485295,0.8272297961266941,0.5547904905290107,0.438526090745758,0.5363,0.6222869351668106
LVA,2007,0.3534714969869145,0.642251371897336,0.9965691777763395,0.7467730036313558,0.884242087183631,0.5703553446112543,0.45747238629143494,0.5917,0.614900133999404
LVA,2008,0.33321816432156853,0.6310103136172325,0.9965691777763395,0.7607276599631763,0.5574691640151028,0.5668767921917491,0.4594315303685288,0.6341,0.6356852233840358
LVA,2009,0.34435150379447066,0.6547133998072526,1.0,0.7997785612113146,0.24601859564245998,0.5438968919935699,0.4307274384573163,0.6684,0.6534351902255433
LVA,2010,0.386509460858621,0.7468923531482259,0.9977139195282607,0.8121160416818554,0.41573802469973914,0.5415039018604456,0.41574002059510073,0.6842,0.6378333254229873
LVA,2011,0.3702066482108814,0.7128560731253824,0.9977139195282607,0.8111166888288897,0.656129259420341,0.5484883090329465,0.42841271994968366,0.6975,0.6261998830542321
LVA,2012,0.35765737279530624,0.6664600228056643,1.0,0.8107116306799931,0.543411622662764,0.5605227148044228,0.428338424468087,0.731199,0.628376922517889
LVA,2013,0.34015671642817374,0.6426600758896395,1.0,0.8095971449879262,0.504870328953019,0.5650883292961902,0.41481624403429995,0.7523439999999999,0.6352621475094433
LVA,2014,0.36201209797511363,0.6150240346117741,1.0,0.8150427745264484,0.5086627388244171,0.5694646817295678,0.3863007196981454,0.758261,0.6457466563988539
LVA,2015,0.35879074319712484,0.60126275337657,1.0,0.8130193641715411,0.4848199670144866,0.576043147722146,0.3903069049080661,0.792006,0.6433678218695804
LVA,2016,0.34648258173827,0.5940068215136309,1.0,0.8110983180104814,0.3645203267468287,0.5810269795274882,0.3751207150269924,0.798421,0.64669180551931
LVA,2017,0.3624438199395482,0.5716796184386357,1.0,0.8296115621669422,0.5475156293745344,0.5871649457197284,0.39014404202075603,0.801141,0.6336662496571104
LVA,2018,0.3643073832261082,0.540631562436573,1.0,0.8274584278084314,0.3699762142411348,0.5944204403729495,0.3795892736667592,0.8357720000000001,0.6314323936473998
LVA,2019,0.37395179342122725,0.5276592664131383,1.0,0.8204441161382476,0.5034047786014757,0.5964066123154189,0.3858185775197258,0.861355,0.6291443727486317
LVA,2020,0.38479257906286046,0.5215480612410297,1.0,0.8253045076872385,0.46716404290237157,0.5922993667777906,0.40346377156653235,0.88898,0.6191983082000831
LVA,2021,0.3907062180855516,0.506778144750454,1.0,0.8283144483415672,0.9204586838861413,0.6032662418664924,0.421019397486623,0.9117959999999999,0.6084059534017534
LVA,2022,0.4290128423371638,0.49681563146817836,1.0,0.828655319966801,0.4924958775147147,0.6064043196370134,0.4092596924819172,0.910301,0.6087425056996256
LVA,2023,0.3778505626897224,0.47907482562099984,1.0,0.8337058838243099,0.5409756153792256,0.6046972724807492,0.39874171297038496,0.921879,0.6396712308981733
LVA,2024,0.38304962048141455,0.48635458642704094,1.0,0.8358613557852008,0.5095761377827208,0.605991813842019,0.3580075519258745,0.927076,0.6498251106406339
MAC,2004,0.1316605529847102,0.556285712575463,1.0,0.9155489412968096,0.7557634127529236,0.7610872235209417,0.0,0.31484100000000004,0.8661036725432094
MAC,2005,0.0865559512478605,0.5727559311385686,1.0,0.9130042840638946,1.0,0.7664825378597758,0.11280599086619003,0.348629,0.8642532801335157
MAC,2006,0.11258509373736707,0.5573277567984489,1.0,0.9090838034465962,1.0,0.7771412932721097,0.22965270447628794,0.46399999999999997,0.8149619538407196
MAC,2007,0.09025878785414816,0.5891629205298707,1.0,0.9114006345180887,1.0,0.7905093974197596,0.21897331102881412,0.47326999999999997,0.864674804537199
MAC,2008,0.07115889851432379,0.6152823405118752,1.0,0.9176527334434796,1.0,0.789936873470129,0.1465949214156761,0.4924,0.8907452300420848
MAC,2009,0.13271654415090733,0.6318872256230343,1.0,0.9305043642005071,0.15963799802551193,0.7933478271393425,0.0,0.54,0.934198001009658
MAC,2010,0.0931085744205202,0.6296141643962556,1.0,0.9379003813809774,1.0,0.8253171961540194,0.0,0.55198,0.9796617820933355
MAC,2011,0.08126824052261283,0.6267263716548124,1.0,0.9409355506138883,0.5938584677293448,0.8503655674903617,0.0,0.602037,0.9994814351672132
MAC,2012,0.0800944415745601,0.6323282588366017,1.0,0.9431555446234139,0.8212725961362857,0.8584097790577182,0.0,0.6131000000000001,0.9945439106447496
MAC,2013,0.0800944415745601,0.6504935951467652,1.0,0.9454969892817453,0.7604588906377405,0.8672643520872737,0.0,0.658,1.0000000000000004
MAC,2014,0.0800944415745601,0.6975382448983123,1.0,0.9438224866846308,0.5712351190643119,0.8571440909862141,0.0,0.697809,0.9822054230702082
MAC,2015,0.12558499153164765,0.7726033360250331,1.0,0.9423989474782011,0.35447486061250677,0.8166672209121107,0.0,0.7760009999999999,0.9592608405460745
MAC,2016,0.12471016964758967,0.7906133986514192,1.0,0.947460559849719,0.5531097714374873,0.813493783424481,0.0,0.81643,0.9694011430252405
MAC,2017,0.0931085744205202,0.7828393375920091,1.0,0.9519218599185257,0.5041148955548813,0.828136418612362,0.0,0.831741,0.9755576081199906
MAC,2018,0.08659678603517126,0.7832883342113708,1.0,0.9549914861516022,0.48746215332114284,0.8347538875352033,0.0,0.837941,0.9832781182262162
MAC,2019,0.0928461883524598,0.7945784338715676,1.0,0.9565431487330667,1.0,0.8282792655808328,0.0,0.864679,0.9781310753263246
MAC,2020,0.12998808163850803,0.9755734388574206,1.0,0.9592293083566723,0.0,0.7114191433373259,0.0,0.874623,0.9331050045465994
MAC,2021,0.011751518970938216,0.942345964669628,1.0,0.9596030577542094,1.0,0.7414481992599239,0.0,0.884681,0.9618653938356245
MAC,2022,0.015098712403250595,0.9896259292532608,1.0,0.9622548292412314,1.0,0.7120478124032706,0.03606338616649585,0.879696,0.9509731558569121
MAC,2023,0.12490346356178934,0.8396132554264841,1.0,0.964631347132257,0.4472464315844604,0.7932150199084401,0.0,0.891806,0.9499770656528717
MAC,2024,0.6824153134804922,0.8121308486648855,1.0,0.9662338655666729,0.5328625945872566,0.8024412843905367,0.36738367512290676,0.5118387999999999,0.4724784194631636
MAF,2004,0.5455500068403276,0.5629319624786856,0.9977139195282607,0.818618455204685,0.44810701527530805,0.46179539664110464,0.6042029457467288,0.5532784,0.5583776975291177
MAF,2005,0.5205875603179523,0.5938694819105284,0.9965691777763395,0.7570978621590279,0.4532373418824524,0.4898751893911298,0.4866758351543149,0.6057138,0.5374775962625511
MAF,2006,0.5205875603179523,0.5938694819105284,0.9965691777763395,0.7570978621590279,0.4532373418824524,0.4898751893911298,0.4866758351543149,0.6057138,0.5374775962625511
MAF,2007,0.5205875603179523,0.5938694819105284,0.9965691777763395,0.7570978621590279,0.4532373418824524,0.4898751893911298,0.4866758351543149,0.6057138,0.5374775962625511
MAF,2008,0.5205875603179523,0.5938694819105284,0.9965691777763395,0.7570978621590279,0.4532373418824524,0.4898751893911298,0.4866758351543149,0.6057138,0.5374775962625511
MAF,2009,0.5205875603179523,0.5938694819105284,0.9965691777763395,0.7570978621590279,0.4532373418824524,0.4898751893911298,0.4866758351543149,0.6057138,0.5374775962625511
MAF,2010,0.11458283222912906,0.5978009112151748,1.0,0.8294980211582687,0.19309988711963982,0.713381279646957,0.24017321677202083,0.42360500000000006,0.7298750742113541
MAF,2011,0.11458283222912906,0.5978009112151748,1.0,0.8294980211582687,0.19309988711963982,0.713381279646957,0.24017321677202083,0.42360500000000006,0.7298750742113541
MAF,2012,0.11458283222912906,0.5978009112151748,1.0,0.8294980211582687,0.19309988711963982,0.713381279646957,0.24017321677202083,0.42360500000000006,0.7298750742113541
MAF,2013,0.11458283222912906,0.5978009112151748,1.0,0.8294980211582687,0.19309988711963982,0.713381279646957,0.24017321677202083,0.42360500000000006,0.7298750742113541
MAF,2014,0.11458283222912906,0.5978009112151748,1.0,0.8294980211582687,0.19309988711963982,0.713381279646957,0.24017321677202083,0.42360500000000006,0.7298750742113541
MAF,2015,0.11458283222912906,0.5978009112151748,1.0,0.8294980211582687,0.19309988711963982,0.713381279646957,0.24017321677202083,0.42360500000000006,0.7298750742113541
MAF,2016,0.11458283222912906,0.5978009112151748,1.0,0.8294980211582687,0.19309988711963982,0.713381279646957,0.24017321677202083,0.42360500000000006,0.7298750742113541
MAF,2017,0.11458283222912906,0.5978009112151748,1.0,0.8294980211582687,0.19309988711963982,0.713381279646957,0.24017321677202083,0.42360500000000006,0.7298750742113541
MAF,2018,0.11458283222912906,0.5978009112151748,1.0,0.8294980211582687,0.19309988711963982,0.713381279646957,0.24017321677202083,0.42360500000000006,0.7298750742113541
MAF,2019,0.11458283222912906,0.5978009112151748,1.0,0.8294980211582687,0.19309988711963982,0.713381279646957,0.24017321677202083,0.42360500000000006,0.7298750742113541
MAF,2020,0.11458283222912906,0.5978009112151748,1.0,0.8294980211582687,0.19309988711963982,0.713381279646957,0.24017321677202083,0.42360500000000006,0.7298750742113541
MAF,2021,0.11458283222912906,0.5978009112151748,1.0,0.8294980211582687,0.19309988711963982,0.713381279646957,0.24017321677202083,0.42360500000000006,0.7298750742113541
MAF,2022,0.11458283222912906,0.5978009112151748,1.0,0.8294980211582687,0.19309988711963982,0.713381279646957,0.24017321677202083,0.42360500000000006,0.7298750742113541
MAF,2023,0.11458283222912906,0.5978009112151748,1.0,0.8294980211582687,0.19309988711963982,0.713381279646957,0.24017321677202083,0.42360500000000006,0.7298750742113541
MAR,2004,0.6064785062593219,0.5877676695207954,0.7195751548792622,0.41118204097953637,0.37195577371781374,0.32118689696574865,0.48329270543797076,0.11607900000000002,0.34604484281042414
MAR,2005,0.5837413548276725,0.5549999779088867,0.7253853798646643,0.41649508372843913,0.4419273833052238,0.3237539849633547,0.4767763732144721,0.150844,0.37801569665007717
MAR,2006,0.6144022181746053,0.5527008480943101,0.9593242954667272,0.4364313102069355,0.4950636655061823,0.33263541454212053,0.45749391921775273,0.197712,0.3619295061726193
MAR,2007,0.5663336027855871,0.5280680840385505,0.7764007968753095,0.4497629364654161,0.49552952840569653,0.33555582838566556,0.4504527934277818,0.215,0.40146655321697633
MAR,2008,0.5871026651910981,0.5583930924099922,0.8024425653874925,0.4525994327901124,0.4416527738432943,0.34159504509761274,0.4895431973497115,0.331,0.3627069669174543
MAR,2009,0.6082453791747966,0.6312445076525293,0.8265828536220159,0.45796632861455056,0.41078498088102966,0.3449569964390521,0.4469318393264887,0.413,0.3768694565047328
MAR,2010,0.6081908178770836,0.7139325770010612,0.9498220607031751,0.4643985629969096,0.3640678541448245,0.34794396681444695,0.4774018475413837,0.52,0.37436368736941805
MAR,2011,0.6103849182349121,0.7230823193474647,0.9545829641422525,0.47128442232546286,0.4330839473249627,0.35372679262025,0.4933232228932385,0.461075,0.39377757183085205
MAR,2012,0.5962652035918489,0.7255139064560716,0.9581407887231839,0.4869003698206287,0.45697591870781484,0.3561213571643612,0.4885564910285307,0.554161,0.41008236592167213
MAR,2013,0.6153716334686945,0.7146580558548565,0.9675750108202648,0.4975785758947566,0.47300345200868243,0.3600691694585675,0.4863045520877576,0.56,0.38261703932162705
MAR,2014,0.5765882907466181,0.7145115981410655,0.9687488808660074,0.5141937519840005,0.47660832742930015,0.362141787044609,0.5184578058421421,0.567746,0.5048092539801936
MAR,2015,0.6051194551545045,0.7005112123111257,0.9687488808660074,0.5222733087557616,0.47575296747376195,0.366580945762606,0.5148692956768688,0.5708,0.4630369947917976
MAR,2016,0.5759324878540629,0.7056373856469438,0.9746003760175901,0.5383276189678736,0.40962512804909645,0.36557090351465515,0.5160474672160487,0.582712,0.48276362662333483
MAR,2017,0.592965177723789,0.7055382927707896,1.0,0.5483825109041289,0.4311610740211505,0.37096033472490675,0.5107477029509622,0.617622,0.4779236696468683
MAR,2018,0.595796519447358,0.7020963072804804,0.9780970756754845,0.5600488398772931,0.4651624384087669,0.3737117769777557,0.5076115592727339,0.648039,0.47746298389546293
MAR,2019,0.5866488450734785,0.709046681767511,0.995423298675246,0.5728161456977636,0.37088920996766944,0.3763240776071769,0.5077763740140089,0.8412040000000001,0.48415382833020004
MAR,2020,0.5830219936761122,0.7333787036697019,1.0,0.5706140263505093,0.36010390818409643,0.36400514303950227,0.522761620699765,0.8412040000000001,0.4794310349179498
MAR,2021,0.6084824474280048,0.7211716317287022,1.0,0.5761553047568562,0.3877725284424365,0.3739056933089958,0.521089605016652,0.8813030000000001,0.45605935931743913
MAR,2022,0.5645938595608906,0.72494340281188,1.0,0.5966775745945645,0.397789595265814,0.3750318937173386,0.5235405893110301,0.899,0.5007107360410932
MAR,2023,0.5923935921248995,0.7063945842027619,1.0,0.5988286631683888,0.33125999078431323,0.3787396919710061,0.509173851633216,0.91,0.48801799731664985
MAR,2024,0.5810448444736279,0.6845065826265441,0.9898462020159119,0.6043119000808743,0.350433363034348,0.38271182159430517,0.5151582815205609,0.6508816000000001,0.47177351677084234
MCO,2004,0.12138692815439311,0.587404094272201,1.0,0.8904372807703069,0.5451565786256347,0.9060604745850463,0.32018640869741444,0.524902,0.7541341643114625
MCO,2005,0.15833714786943287,0.5957425088667101,1.0,0.8882313751912303,0.7227756970718626,0.9092226024152946,0.41179544340031304,0.554648,0.7018868920164497
MCO,2006,0.1411480236758605,0.6502900244769917,1.0,0.9085848448698395,0.7227756970718626,0.9181221628006756,0.33067866931440193,0.61476,0.7467227103521858
MCO,2007,0.2730395601747829,0.6502900244769917,1.0,0.8832450402185354,0.5744058812940784,0.9386979444199569,0.45032035510063667,0.643777,0.693349564126912
MCO,2008,0.34605527588073726,0.6759676450977764,1.0,0.8924196715956587,0.5872632072769919,0.9397826367442664,0.454765412025392,0.6725,0.5899341637496696
MCO,2009,0.28063102895186354,0.6759676450977764,1.0,0.884005519041866,0.7227756970718626,0.9199281349196796,0.47982669702889175,0.701,0.6112588615940412
MCO,2010,0.05770830205305768,0.6849907796474197,1.0,0.9109107808108794,0.7451565786256348,0.9193552930002536,0.18874726260946573,0.75,0.9124530040594427
MCO,2011,0.05913167666128581,0.7288189993255193,1.0,0.8977989372978478,0.6961392293405534,0.9258194759971193,0.18522474532069055,0.8029999999999999,0.9134608104598825
MCO,2012,0.05172648963253883,0.737334156599333,1.0,0.8816361643050333,0.6961392293405534,0.9240464420879896,0.19212864957983444,0.87,0.9115497206339578
MCO,2013,0.04957702601241506,0.7466799039702094,1.0,0.891559715615395,0.6961392293405534,0.9342767958678783,0.2261582147704655,0.907,0.9014897690571608
MCO,2014,0.04682982657513844,0.7463803951020929,1.0,0.8912157191701201,0.6961392293405534,0.9415893212288556,0.1780411133580473,0.924,0.9154595534662162
MCO,2015,0.1703229227546348,0.9269547428138794,1.0,0.8908953407595318,0.6961392293405534,0.9460422196919039,0.3342452115178707,0.9336329999999999,0.8639132610932969
MCO,2016,0.17032292275463473,0.9269547428138794,1.0,0.890472766054895,0.6961392293405534,0.9483095929253939,0.35190528066586246,0.9520820000000001,0.856821424540215
MCO,2017,0.04420223802426561,0.7573275402455397,1.0,0.889778872732457,0.6961392293405534,0.9420221491245732,0.1843780665447481,0.97053,0.9136780953741694
MCO,2018,0.04694943746154223,0.7576270491136562,1.0,0.888997820832574,0.9018927045736318,0.9482438159036174,0.19680132389546712,0.742726,0.910200686923679
MCO,2019,0.056874423497777306,0.7340925067079206,1.0,0.8941503914773019,0.6961392293405534,0.9584003978305072,0.19284305699074467,0.8333969999999999,0.9113251863310952
MCO,2020,0.04417000477179001,0.7594930708167676,1.0,0.8933839458359583,0.6961392293405534,0.9380104627945639,0.2554444788322019,0.985709,0.8922710513887644
MCO,2021,0.04420223802426561,0.7573275402455397,1.0,0.8968083902275904,0.6961392293405534,0.9653433474591576,0.17495293310933224,0.9907760000000001,0.9163093550287935
MCO,2022,0.04420223802426561,0.7573275402455397,1.0,0.889875149714132,0.6961392293405534,0.9793258907436792,0.16482482260776932,0.991497,0.9190229054467647
MCO,2023,0.04341191483957755,0.7548070174377688,1.0,0.8968143570456035,0.6961392293405534,0.9869275763400905,0.1346291739317138,0.991497,0.926726189552944
MCO,2024,0.04694943746154223,0.7576270491136562,1.0,0.9534195917653928,0.7755101587253492,1.0,0.18419619361271122,0.9555393999999999,0.9137462842020168
MDA,2004,0.6941328527594202,0.5510037045822862,0.989676763516206,0.44000048967509775,0.6622634585953396,0.2840299455201051,0.41242299512392866,0.106294,0.4232461875430409
MDA,2005,0.6783975901629897,0.5610792908896081,0.9839014523976495,0.4470178636886257,0.6993246006604402,0.294875445335152,0.3751744344548562,0.14630300000000002,0.43249998309967363
MDA,2006,0.6508111260567089,0.5158763324770987,0.9873701083065667,0.45261551866307626,0.7779632223875801,0.30208090187980574,0.3653588405185306,0.196206,0.4704810553264731
MDA,2007,0.56868391895357,0.5563421829318403,0.9885240125752848,0.4347779196097119,1.0,0.30670580535989866,0.38198289459054013,0.2045,0.5240858534693564
MDA,2008,0.5417752539499259,0.5684599259835086,0.989676763516206,0.4324893820686686,1.0,0.3178796537100087,0.37402930641151877,0.2339,0.5311992407802237
MDA,2009,0.5340321235961115,0.5026032274529163,0.9908283634325308,0.4298522275328156,0.5998338625198462,0.30908505530986663,0.3225047651242732,0.275,0.5856941456238287
MDA,2010,0.592984166861015,0.48604226579728443,0.9919788146205688,0.3955884544933608,0.561181838513634,0.3191823860875437,0.4058094380180184,0.2968,0.5013121022557518
MDA,2011,0.5973169046362523,0.48918642586656574,0.9931281193697661,0.39728956402294013,0.5724200583546353,0.3274719571930885,0.4168782280789549,0.3207,0.4856961967961295
MDA,2012,0.5785758155450129,0.5149990534023492,0.994276279962726,0.3817646929215841,0.47173205091676723,0.32663273768770307,0.4260647984647348,0.3465,0.49993764449984734
MDA,2013,0.600493957829765,0.5277582239445164,0.995423298675246,0.3795686907433242,0.4497779808248308,0.3392346387932884,0.43253265095763305,0.3744,0.4729731619044051
MDA,2014,0.64413501324133,0.4996366962756877,0.9977139195282607,0.3394532483848529,0.5234471438593891,0.34640238964826253,0.4218054630738193,0.67,0.451291031505181
MDA,2015,0.6234943751253934,0.48188862955012973,0.9988575261865398,0.3258062485190445,0.47253311515077356,0.34702380285691137,0.4213798580272703,0.6900000000000001,0.4817954713570076
MDA,2016,0.617528466161183,0.45742703755981945,0.9988575261865398,0.3150705400677136,0.3553231604270791,0.3553013712650587,0.4233511249935613,0.71,0.48930392599986483
MDA,2017,0.6125204864071948,0.43358501076632777,1.0,0.3418325619918705,0.38629448914387376,0.3637438138901331,0.41935537095392217,0.499,0.47807688638278867
MDA,2018,0.572216213358373,0.4382717856554779,1.0,0.33421464773343246,0.4631059550706498,0.3720904820454868,0.44451233766478193,0.503,0.491580089701142
MDA,2019,0.5725141015308466,0.45305994403073907,1.0,0.3527932995465184,0.5731168571465979,0.3794784277348763,0.4396067515826916,0.577605,0.5035766894495621
MDA,2020,0.5549139437747672,0.479915872205611,1.0,0.3631829883314346,0.37190955836982104,0.3685357625295457,0.4655082910496975,0.582153,0.4941881460504245
MDA,2021,0.5814415051743022,0.4788263627229517,1.0,0.34952231850225957,0.46755011178594863,0.38964307263294773,0.41042060946754133,0.7449500000000001,0.502994936044892
MDA,2022,0.5242122260746628,0.47094483007479176,1.0,0.3639499025745798,0.5465828523742248,0.386612857562579,0.37325585076143564,0.7674120000000001,0.5685849599155164
MDA,2023,0.49562503027123933,0.4552047688039467,1.0,0.42677564496718334,0.42456127387201126,0.3924693971086689,0.33683959800412255,0.802126,0.606851069950856
MDA,2024,0.4962727041619139,0.48482448316455834,0.9933486118104564,0.4435175260160058,0.44792067523074064,0.39593213442858877,0.31180020460177293,0.7224638000000001,0.617485400049933
MDG,2004,0.82679258855648,0.22711788379110281,0.0,0.0,0.35200906965436746,0.08237953869312598,0.3665276818323101,0.00525354,0.429599704063786
MDG,2005,0.8219049937057378,0.22449795068879058,0.0,0.0,0.3789076873660635,0.08486632049558862,0.3665276818323101,0.005677219999999999,0.4496904877894736
MDG,2006,0.81750702981314,0.23114831255428087,0.0,0.0,0.5838751172073795,0.0882268979754649,0.376598328795845,0.00607552,0.4676245281810081
MDG,2007,0.8007569552680037,0.23101995798367886,0.0,0.019254090351949138,0.8866663844666596,0.09201985751167407,0.36862755983113416,0.006500000000000001,0.390404088364813
MDG,2008,0.7922863549109963,0.2513103055518237,0.0,0.07125663739110455,0.9724294011972978,0.097179234159527,0.406623296774846,0.0165,0.385061434569133
MDG,2009,0.8196604221564575,0.2603295666619681,0.0,0.08071226228509931,1.0,0.08704503589928303,0.36676362823192465,0.0163,0.37157606005165
MDG,2010,0.8089103219920946,0.27450012311184974,0.0,0.11281890927387828,0.8787628488559809,0.08372546783296475,0.3453716989360551,0.017,0.4032838128219809
MDG,2011,0.808689111648555,0.2611063056066662,0.0,0.14717812755006432,0.7434700425245564,0.08188090387210933,0.34127261427089706,0.019,0.41007921226481736
MDG,2012,0.8002116157370244,0.25982834033075336,0.0,0.18410179841087415,0.7419740677299904,0.08217120858840188,0.3256306754174658,0.023,0.4418724866304542
MDG,2013,0.7874821525212589,0.27851741722916984,0.0,0.1091206050140694,0.580435871063349,0.08152621931085458,0.34277373340484196,0.03,0.4511929768217877
MDG,2014,0.7817977956931563,0.2891058079583057,0.0,0.038789305676038,0.4777964793386329,0.08240084511559553,0.37722051081899655,0.037000000000000005,0.43942513142429407
MDG,2015,0.7808898171522333,0.30020152777014036,0.0,0.0,0.472574878458364,0.08304501217780402,0.36973962004146843,0.0417397,0.43866103324631167
MDG,2016,0.7753888466875933,0.2929662457661885,0.0,0.0,0.5810842418032214,0.08493098103257346,0.38118376152335376,0.0471366,0.44283072655470823
MDG,2017,0.7700061891033201,0.3067653687476825,0.0,0.02557658481709013,0.5136202617221031,0.08674798162368325,0.39820566167466676,0.064,0.44349185594763263
MDG,2018,0.7645618784484781,0.3109897970343278,0.0,0.047272780895943,0.5734907410643028,0.08753167000360229,0.4298256817856141,0.077478,0.40301998761593083
MDG,2019,0.7546468428431862,0.3301272562165241,0.0,0.07709017273236629,0.5028708416071808,0.09001631796825238,0.45093705160363884,0.09379440000000001,0.42189074091615897
MDG,2020,0.7713352378838179,0.360449670000588,0.0,0.062428484504369885,0.462766982379205,0.07557188405759063,0.3825681294964731,0.113547,0.43217813708195685
MDG,2021,0.7502857665980351,0.3782262122687426,0.0,0.07353626264099011,0.4461164784074431,0.07851236497628944,0.44672675544324947,0.137459,0.4184267283153682
MDG,2022,0.740161046071279,0.3873924570088331,0.0,0.09488735792439651,0.48269142791992775,0.08081509952707899,0.47012062043916236,0.185532,0.3975760058870206
MDG,2023,0.7490931562213886,0.369214378776405,0.0,0.10053366236461003,0.4970644891591421,0.08321224626971935,0.46141634386224495,0.20367100000000002,0.39796889883433506
MDG,2024,0.7496339222807162,0.36336394222159457,0.0,0.11021842871965615,0.5104890625084113,0.08564401842150726,0.4582671525571813,0.040734200000000005,0.38451413000592183
MDV,2004,0.4466756444803087,0.4330993596984248,0.8797529387688607,0.7381686718275167,0.5648186428675801,0.5051524032194766,0.11645683535004947,0.06588250000000001,0.7576408274481139
MDV,2005,0.5138867467061967,0.5459605131613237,0.8911034349557196,0.7563873425222134,0.5804587417007812,0.48555344522204213,0.14378202498240356,0.0686961,0.7149586534052808
MDV,2006,0.4807353584829535,0.5663502970306711,0.9010998331410773,0.776402901689635,0.5477226035824768,0.5128682978880365,0.04766630400077765,0.110364,0.7560784331137316
MDV,2007,0.46684488463634666,0.6207815943161739,0.91224317799644,0.7944449078719673,0.7453094965270692,0.5180357344349164,0.009309369602601869,0.163,0.7705950216396649
MDV,2008,0.48938258025353903,0.6329527672820656,0.9244996931358296,0.8092112052222471,0.80329404313553,0.5253750866526162,0.13248918765770035,0.23199999999999998,0.7474563918116046
MDV,2009,0.4406344238114723,0.6173333650870445,0.9988575261865398,0.8237921606466321,0.7223548064229552,0.5075996084995692,0.05255056021716986,0.24800000000000003,0.8146714251168468
MDV,2010,0.44847673789563136,0.5908867981554111,0.9885240125752848,0.8267502211765274,0.828332143555377,0.5120036356983325,0.04354181277391178,0.26530000000000004,0.8120418376010514
MDV,2011,0.43937386287498814,0.5652764669917159,0.989676763516206,0.8298044438291461,1.0,0.5192112441817184,0.07361963390041049,0.34,0.7817278211611582
MDV,2012,0.43197761184154515,0.5239654271518579,0.9908283634325308,0.8332705101060087,0.7980826588263243,0.5176206531279125,0.060564854973072624,0.38930100000000006,0.7865640317618565
MDV,2013,0.44040968318467605,0.4983346146363376,0.9931281193697661,0.8371924869554213,0.9966688807749491,0.5225177665273991,0.0,0.441,0.7877196889470564
MDV,2014,0.4364263377993293,0.48202160254129106,1.0,0.840219665536206,0.8708179280160309,0.5286675068937906,0.0,0.4928,0.7857250164929517
MDV,2015,0.44483620769322707,0.48311579305714,0.9977139195282607,0.8414093200870822,0.7536216427287399,0.529162377227881,0.1022584525403889,0.54462,0.7496662277999167
MDV,2016,0.44827691063182146,0.4922084768018325,1.0,0.8433997298953972,0.9579056396910115,0.5330844113674525,0.12536093147878868,0.595,0.7196073740450415
MDV,2017,0.4350581275467568,0.49821491589735695,0.9977139195282607,0.8390247209651767,0.9026128589588676,0.5381824302640593,0.13151402923012667,0.65,0.7139229035579278
MDV,2018,0.4293984438553978,0.4970906113397661,1.0,0.8333443665118496,0.9772344960770505,0.5454987761889235,0.1934694406691695,0.7090000000000001,0.7003330935293985
MDV,2019,0.40351343305630116,0.5005719983176697,1.0,0.8269145933080515,1.0,0.5507937743546086,0.15203577623820497,0.7746970000000001,0.7360623448844681
MDV,2020,0.5096673185662688,0.6155840640942885,1.0,0.8273483235752419,1.0,0.4886442495352571,0.17549996385411126,0.7909780000000001,0.730152084229267
MDV,2021,0.4363891935038148,0.5485692829236151,1.0,0.829241191564642,1.0,0.5308725960326076,0.0318594539425161,0.819576,0.7591865121750137
MDV,2022,0.4269649407362502,0.5245741818352416,1.0,0.8322063020414783,1.0,0.5474502679127297,0.06648906403953148,0.8391190000000001,0.7640194562505602
MDV,2023,0.42775118945754126,0.5283744102496344,1.0,0.8353065850089978,1.0,0.5539311413140996,0.05350652442570625,0.846851,0.7298530215703547
MDV,2024,0.373387331365269,0.5275002750724118,1.0,0.8386874304945353,1.0,0.5584193801510348,0.032116546399743706,0.6766036000000001,0.7462666269438647
MEA,2004,0.4959765011800017,0.5319100917043624,0.8143131228196285,0.5684444579660317,0.44028655633501046,0.41167081562157193,0.7810508369572238,0.13199999999999998,0.3859580938324112
MEA,2005,0.4741859631041713,0.5358696683575532,0.8273510887779674,0.571776374080796,0.5445049075666624,0.4156843995472598,0.8195325253002868,0.083,0.33135957045049524
MEA,2006,0.46599774647254294,0.5355532983724687,0.8496635238897783,0.5714043667353597,0.6162969040010602,0.42059630969881356,0.8296775247697432,0.096,0.31009875518703645
MEA,2007,0.4595312199940087,0.5431081291339612,0.8430795385922627,0.5716064895969479,0.6012034809625421,0.42451523873666586,0.8222938542520153,0.11699999999999999,0.3268873917092092
MEA,2008,0.43858987636433444,0.5408314679251398,0.8553484246650331,0.5745659062913027,0.4760877090666073,0.42727885347846273,0.8429855692784962,0.141,0.28881322831888934
MEA,2009,0.47996496525291454,0.5625545331587671,0.8636766121118642,0.5838610868525476,0.40950621553877015,0.42545499964026334,0.7692425736726103,0.161,0.4006500137321387
MEA,2010,0.46655321105756065,0.562189506184541,0.886838915345014,0.5847315574658478,0.42400536033848746,0.42929234388924786,0.7933599177739228,0.18300000000000002,0.37853183361437104
MEA,2011,0.45006401561467957,0.5487372877060162,0.8895481677246657,0.5910017848003202,0.37928546112327843,0.4314971236791506,0.8221867878269258,0.201,0.3295020460908762
MEA,2012,0.4525884696437268,0.5429173840262929,0.90301574216892,0.5961521764623261,0.3790055377216472,0.43434133075631054,0.8228997949233288,0.22399999999999998,0.3393668181896876
MEA,2013,0.46291531929770113,0.5437709803415731,0.918975494829585,0.600277226188604,0.3666965626150095,0.43468885677778457,0.8067619332228717,0.252,0.3597494235716501
MEA,2014,0.4668299972223661,0.5592442562015616,0.9297556447310988,0.6042989909530943,0.33902404210460446,0.4362973066474173,0.7814589053408278,0.287,0.3992159399953392
MEA,2015,0.49024504039612915,0.5912118381116551,0.9224993328884032,0.6107656792047118,0.35419753200284887,0.43740950938091616,0.6838347803006048,0.318,0.5107544528287913
MEA,2016,0.4860452493271776,0.6160640054421631,0.943348692429244,0.611615283303812,0.4050224372993909,0.4411460943950919,0.6574513812468159,0.35000000000000003,0.5314805456744933
MEA,2017,0.4776226395134755,0.605937245093024,0.9534093606234819,0.618104148868281,0.4513197172799674,0.44171374868674984,0.682398472848144,0.397,0.5090923035951107
MEA,2018,0.46794111754495743,0.6856479167198732,0.9410906701107287,0.631905161909804,0.5134576735321551,0.44285747942090914,0.7217131444206875,0.423,0.4601836208108909
MEA,2019,0.46906032962478506,0.6832420124476529,0.9534981043548019,0.6322293334084681,0.4304702280743882,0.4427148868890757,0.7007511512678333,0.46,0.4875761674805932
MEA,2020,0.49040587140108716,0.612043359794795,0.9565069806327173,0.6314218438449353,0.4437234081240444,0.4347653555382721,0.6361086799856788,0.506,0.5423637840781024
MEA,2021,0.4768091548874317,0.7166061287063833,0.9583381524850783,0.6337826870014371,0.5499769280373907,0.4397684627346473,0.7059985123440957,0.542,0.45863771668573117
MEA,2022,0.4575349679837333,0.5987307205991976,0.9517739619117709,0.642196314703726,0.4436684616314793,0.44606900559552687,0.770118616991847,0.578,0.3858340211916169
MEA,2023,0.46799895484712317,0.7344303863656798,0.9584088024719426,0.6418388737619485,0.45889245291112113,0.44647281202982503,0.7284896333992474,0.595,0.439278776846169
MEA,2024,0.4826228635317024,0.7271729590366602,0.9889851129516533,0.6434576662004474,0.5321966693440712,0.4467416254946651,0.7046020278158434,0.615,0.4593639870070736
MEX,2004,0.338672303508246,0.32855685614316205,0.9839014523976495,0.7391665856935319,0.4836991495612915,0.5257575461077381,0.6380108445068233,0.141,0.5789091233679975
MEX,2005,0.32457668499638026,0.3458034180798159,0.9873701083065667,0.743722134555656,0.46248258536271714,0.5268354708000279,0.6387034472809943,0.1721,0.5856096660073598
MEX,2006,0.3244124246568987,0.384087342437112,0.989676763516206,0.7491191246771436,0.4251742889621283,0.5316824753867245,0.6580134855539761,0.1952,0.5712277843755662
MEX,2007,0.33032022952883217,0.40705062657772323,0.9757671209025043,0.7533027802623682,0.46715438521116326,0.5326240124442122,0.6528525419242064,0.20809999999999998,0.5747264905080804
MEX,2008,0.3295457446581715,0.3997816272847567,0.9873701083065667,0.7590386870538879,0.4508254218701953,0.5318674416436414,0.664544634606244,0.21710000000000002,0.5802984047869324
MEX,2009,0.3337602313834673,0.41898550980368715,0.9804223329558175,0.7674118300659716,0.41958954941420173,0.5203079495054991,0.6228893485093041,0.2634,0.5986903240549624
MEX,2010,0.3332601973932231,0.42593342202558465,0.9908283634325308,0.7612583355381561,0.4637865128535144,0.5252602697153758,0.6310574841004142,0.3105,0.5919311577169357
MEX,2011,0.32638417706006845,0.4377366734138218,0.9885240125752848,0.7647981309679395,0.4105506102859767,0.5281206858565578,0.6499514335915184,0.371763,0.5833087269678154
MEX,2012,0.3307248097424068,0.449652203524151,0.989676763516206,0.7656394803795532,0.3785550279322769,0.5312186561400477,0.6538833501596324,0.3975,0.5840487465018618
MEX,2013,0.329296069999557,0.4736675528341812,0.989676763516206,0.7632286383857796,0.5337123896530584,0.530567215102499,0.6254585494958254,0.43460000000000004,0.6004211317822916
MEX,2014,0.3294496968479917,0.4761749058438492,0.9908283634325308,0.7580231407436946,0.4196572973186644,0.5324002787511474,0.6216413944025876,0.443857,0.58611023581647
MEX,2015,0.33286233133708515,0.4956350234890294,0.9885240125752848,0.7584584574025031,0.47846853337794926,0.5347181144170342,0.60490198353635,0.57431,0.5923340342321661
MEX,2016,0.3420851104205707,0.5100905551607873,0.994276279962726,0.7578136012220389,0.5116489173431608,0.5358616447791801,0.6013588998538508,0.595404,0.5860634922113581
MEX,2017,0.3449443016620687,0.519099429106086,1.0,0.7541608829007376,0.4651426258821548,0.537195818410764,0.6222695844338586,0.530318,0.5756422081479347
MEX,2018,0.3449136537663055,0.514434635388408,0.994276279962726,0.7557024936472145,0.4801827738910273,0.5386564139633646,0.6235680681469493,0.566596,0.5742268839769316
MEX,2019,0.3459140241976364,0.5268416586485718,0.995423298675246,0.7622232335817429,0.43347742502109443,0.5367062058469293,0.6204286640311008,0.696321,0.5725392478575682
MEX,2020,0.3668567756889192,0.5349487474218153,0.9931281193697661,0.7591152934235619,0.467115422723138,0.5228531835816476,0.6074193100173635,0.714902,0.5730437114317151
MEX,2021,0.3704493010148348,0.5235822729294839,1.0,0.7567321965355505,0.46009249792310813,0.530408343270561,0.6224350798900566,0.756265,0.5601536653112862
MEX,2022,0.3761345107536897,0.5185001969646563,1.0,0.7582077357172712,0.4578757733443285,0.5346023317597653,0.6403360596170375,0.786322,0.5572171613904962
MEX,2023,0.3731700971638317,0.5114240720800058,0.9965691777763395,0.7641271010097741,0.3951375085421161,0.5381241173790062,0.6320531265621105,0.811832,0.5486285294628725
MEX,2024,0.3675321101187809,0.5206339312243493,0.9977102836090024,0.7706245414902568,0.44341737614127247,0.5389323266272191,0.6195001676519598,0.6968255999999999,0.5568120510468142
MHL,2004,0.4995437835410439,0.5680052760451965,0.6613365543966854,0.45851374878168283,0.3406290456764199,0.37057981421134534,0.08376438936248709,0.0359978,0.8150346945752767
MHL,2005,0.4966939028098204,0.5946162396431534,0.6825826566341,0.42910088818655384,0.43868532590664,0.37283405022933025,0.0,0.038787,0.8224286182137628
MHL,2006,0.4951121682550689,0.5680052760451965,0.7049202280907547,0.33507172082062603,0.3693136242978534,0.37284892683452264,0.12955697870356575,0.0379559,0.804751454557457
MHL,2007,0.503156815081983,0.5653011559017747,0.6302895324013011,0.21517072430756104,0.5861685393592712,0.3779853105615064,0.20080934798069028,0.0395,0.797937405311679
MHL,2008,0.5416935149400274,0.5464417034202975,0.7483379228557219,0.08865511054676323,0.5368261190309401,0.36658159007167435,0.1814740755114581,0.046,0.8017590802026193
MHL,2009,0.5596130965271744,0.5703966041474449,0.7694488335695198,0.2122076543002674,0.9145637308560308,0.3718359689583767,0.21363281743289253,0.055999999999999994,0.7956475720371197
MHL,2010,0.5814224488895863,0.4977307646008571,0.8721234034239389,0.21480891995640433,0.0,0.37958986398778893,0.2467220689846883,0.07,0.7415214309336253
MHL,2011,0.6411628690732363,0.604205011516681,0.8784848493388813,0.567871079954305,0.11855007450534835,0.37924129733791945,0.2104936997882334,0.1,0.7120370946062966
MHL,2012,0.6971043661157514,0.6753537177285175,0.8848113995988252,0.6401527581200414,1.0,0.3787268562144058,0.20387715131573625,0.125,0.685143604455623
MHL,2013,0.6708416897061745,0.697229850092316,0.8911034349557196,0.6787684119459024,1.0,0.3862497278337612,0.22235916018015978,0.14,0.6919600382742104
MHL,2014,0.6095668205831141,0.6100072717297181,0.8986088446557234,0.6660984565473529,0.6005911479914192,0.3869667117518173,0.24513892455410846,0.168,0.7317846401742742
MHL,2015,0.6165191840627027,0.5791729831087258,0.9060657276607129,0.8468578798484281,0.09293970516836811,0.39260995602704585,0.1263725764782826,0.192824,0.7896404077258592
MHL,2016,0.6218739788983425,0.5830791301012199,0.9134747074464808,0.7354303129181343,0.1854711323873927,0.39948050123417256,0.2679723687058648,0.29787800000000003,0.7412267440935367
MHL,2017,0.6704900583890118,0.6116017400782483,0.9269354431866335,0.7113346890192227,0.46173382518605194,0.4081891135436776,0.19198738288734463,0.387012,0.7446911886522996
MHL,2018,0.6767433158927103,0.5949096501139473,0.9450414228929294,0.9074683768427647,0.5725030027118938,0.41987470122966253,0.16189442428764633,0.438825,0.7511821755696158
MHL,2019,0.7019869469319513,0.589236326713739,0.9628675462424807,0.8964171770898443,0.42834532015541793,0.43845717447402277,0.24005343157432013,0.497575,0.7176997618098877
MHL,2020,0.7221720722948195,0.5680456717315991,0.9804223329558175,0.896475153039173,0.36597781454022776,0.4387312890694287,0.20380496502098167,0.564191,0.7063034368722505
MHL,2021,0.7717871796635427,0.586479392095224,0.9977139195282607,0.9079264368319894,0.29646239771507643,0.4464553107992125,0.12213833480639535,0.639726,0.6459544476666084
MHL,2022,0.7297422699351312,0.6441030053125292,1.0,0.9082468152425779,0.34876548611832153,0.4500329711137555,0.05114680639532776,0.648023,0.7084670985715942
MHL,2023,0.7108734548889356,0.6334672757925507,1.0,0.9109107808108794,0.33434225929353967,0.44717527266200585,0.14186667333624214,0.6571769999999999,0.7167698277992671
MHL,2024,0.7184810075012504,0.5696762313206811,0.9905962054812616,0.8117346952136213,0.322252663884745,0.45562320624529484,0.19783740477485856,0.5932674,0.6817003743913004
MIC,2004,0.5890080482356422,0.639543630195196,0.7419371441099818,0.42505741821099985,0.4461067085959157,0.3428215912252429,0.667646900523766,0.13419999999999999,0.40257833533542886
MIC,2005,0.57271767501922,0.6347755810855533,0.7583991845827347,0.43344879808949965,0.481641520463655,0.3512625465999272,0.6757752193340703,0.123,0.40431902407385323
MIC,2006,0.5613175030679528,0.6402710428283636,0.7692471320169023,0.4441692953767187,0.48953411571439454,0.3609321926219812,0.6849428859793534,0.155,0.4042251807423929
MIC,2007,0.560468216778011,0.6498702212598428,0.7825888987930645,0.4493289780474501,0.5142221419907064,0.37148101151878465,0.6824531300128607,0.15499999999999997,0.4095333838126387
MIC,2008,0.5604829435541577,0.6463639323728783,0.797687054389101,0.45705227750965394,0.5048340625892431,0.3780496231018503,0.6931376599122789,0.15339999999999998,0.40204972808512496
MIC,2009,0.5638038591473845,0.6788725662759745,0.8047022468681027,0.4673108898957663,0.44420268378333555,0.381949886876812,0.6748774002163069,0.2278,0.4272069483063845
MIC,2010,0.5593779186532853,0.6837610145558666,0.8145752478326296,0.4730753741383116,0.48165469003897876,0.39155868040124997,0.6800543509553114,0.21139999999999998,0.4158800450169511
MIC,2011,0.5557866085390738,0.6873725872827934,0.83462048299433,0.4839497813269378,0.47865534149798517,0.3988361576973741,0.6888269206029691,0.18619999999999998,0.40897882995121515
MIC,2012,0.5528238332600456,0.7006351098126513,0.8392088563624114,0.4913410277597894,0.45235230463728315,0.40496529757883504,0.6865706005448344,0.2448,0.4212322679195455
MIC,2013,0.5531687245649051,0.7128958680939508,0.8526677201200101,0.5084859693547634,0.45574056309957733,0.41113389706565673,0.6756969140106095,0.2702,0.43589683013854597
MIC,2014,0.5512509171469637,0.7243887339515267,0.860464271304032,0.5237655950401905,0.4359218077518765,0.4167082126402307,0.6661626141816406,0.28579999999999994,0.4518088663748081
MIC,2015,0.5518263369876404,0.7448219907993539,0.8758911202209418,0.538186363169427,0.4359094109222308,0.42178465645462604,0.6458728827326197,0.4218,0.4780566922409504
MIC,2016,0.550845085399784,0.748630998116008,0.8889570362897237,0.5460029778207645,0.41376019030975225,0.4269119457603915,0.6346021846340584,0.4892,0.48973338936785726
MIC,2017,0.5412838998932701,0.7490187112263251,0.9017948847232162,0.5534266885890688,0.401648492446874,0.43286515202709797,0.6402993381458331,0.505,0.48902255722100385
MIC,2018,0.5329352342136399,0.7614624676711654,0.9158713979646773,0.5621080181118043,0.4118812528801242,0.4383938765769807,0.6492752161227819,0.48199999999999993,0.4896750740875362
MIC,2019,0.541527259912881,0.764974437894486,0.9206049810780881,0.5696782715437463,0.3943914946109441,0.44283007246831685,0.6345588807782467,0.5024000000000001,0.503164888695466
MIC,2020,0.561034849817379,0.793605433083082,0.9247971887001265,0.5607642033243976,0.39665520451897146,0.4398076930730458,0.6282140510570193,0.6212,0.5018611726928586
MIC,2021,0.550935851037391,0.789711322409629,0.9394395543974765,0.5628250510162798,0.41670913664064235,0.44902175176854475,0.6517327893955522,0.5024,0.48220722571519836
MIC,2022,0.5472158428162465,0.8036937835896976,0.9397347686331932,0.5600411594743511,0.38621852199337675,0.4536223991141036,0.6536560499543538,0.6098,0.48154523784643377
MIC,2023,0.540427639155751,0.8128019262605717,0.9433407838409815,0.5668767248167614,0.35179404084546995,0.4594346419087413,0.6362075327039038,0.67001,0.500157055493724
MIC,2024,0.5372846615970703,0.8203593225106209,0.9398593753411605,0.5722633198351019,0.35413089742944087,0.46448788282926035,0.6273146758711992,0.6240100000000001,0.5079802190037461
MKD,2004,0.6005629712261702,0.5617632934045648,0.9931281193697661,0.6066059955716843,0.638047792603803,0.38095171531739946,0.41980218235279754,0.2444,0.4957922955984908
MKD,2005,0.5632651002320602,0.5704209515718557,0.989676763516206,0.5961683381901319,0.4351410494362195,0.38843383557200484,0.40411942639833565,0.2645,0.5208437197875542
MKD,2006,0.5460730315688629,0.5896033481653308,0.9885240125752848,0.6023560812849422,0.6894580855081076,0.39650503236073276,0.43385133763872585,0.2862,0.5289609690180277
MKD,2007,0.5447096975647789,0.6225101684573391,0.989676763516206,0.6350371478282542,0.8566106530783504,0.40643671470169307,0.4092485818786802,0.363,0.5349581989965011
MKD,2008,0.5984552397994204,0.6405391777725413,0.9908283634325308,0.6185674432031347,0.6857393060577193,0.41500811727708775,0.3842109073604043,0.4604,0.5104150275916637
MKD,2009,0.5769455346130038,0.6386187227385529,0.9908283634325308,0.653152371962435,0.4636702557961932,0.41542545958562316,0.37028946860951284,0.5177,0.5413771167644512
MKD,2010,0.5716535143612895,0.6068676389455459,0.994276279962726,0.6565713557686212,0.49256116416247564,0.42114782562680675,0.4198895274498935,0.519,0.5102216987163666
MKD,2011,0.5545525671220225,0.5560402188561948,0.9965691777763395,0.6468464474673739,0.5989947567327222,0.42516975361158715,0.43229143345966903,0.5670000000000001,0.5102288607639993
MKD,2012,0.5488107384758227,0.5928474551457976,0.995423298675246,0.6601120178859783,0.5096809966978851,0.42507488384778214,0.42076948618446375,0.574499,0.529359743902015
MKD,2013,0.5696482262607973,0.5907237580784139,0.9965691777763395,0.6376072398787618,0.5261413490081541,0.42979474177091836,0.44434906437688326,0.6524,0.5062439189221091
MKD,2014,0.572871794499615,0.603548101322825,0.9977139195282607,0.641052912270653,0.31889119170085367,0.43535837958681356,0.45896365227384894,0.680585,0.48983922968620375
MKD,2015,0.5630589910757193,0.6100601029033272,0.9988575261865398,0.6467285334673725,0.4758126265192548,0.44123788881756976,0.4816642677390104,0.703802,0.48826941354714837
MKD,2016,0.5504144379616172,0.5967647154529299,1.0,0.664268303712181,0.6190222412279812,0.44577879611871973,0.4824884293193594,0.7215680000000001,0.4853219039706165
MKD,2017,0.5178213367956488,0.6007938982480545,1.0,0.6681775981815434,0.50316157014301,0.4479244469173239,0.48841646908754033,0.745168,0.5013518057932256
MKD,2018,0.5333516596976696,0.6023740660105794,0.9977139195282607,0.6682658329785394,0.6169002387303042,0.4527822860744609,0.4842463515280171,0.791678,0.4978532302626366
MKD,2019,0.5246829788270494,0.6068070379558084,1.0,0.6868340628686491,0.5676984502287482,0.4593354964059334,0.4772302213795152,0.814129,0.5086389736867685
MKD,2020,0.5358229325361925,0.6252354596492047,1.0,0.7099279291901421,0.28807168310281533,0.4539323358468287,0.45728874773171513,0.8140550000000001,0.5331432028092631
MKD,2021,0.4974742351716467,0.6242631448581428,1.0,0.7156884108709489,0.6076722170913742,0.4618297552369389,0.45382743956292204,0.818737,0.5348041994864516
MKD,2022,0.5013179627572301,0.6194280468729307,1.0,0.735698292066413,0.6830034408962102,0.46620710073457794,0.4632090301237721,0.85008,0.5302182890254161
MKD,2023,0.4690157250507337,0.6101000619296224,1.0,0.7467947097189835,0.5473341058304819,0.4701777902653327,0.4834826993475154,0.871819,0.5388490748863148
MKD,2024,0.46408594893810645,0.6179279251899592,0.9965655368908666,0.740834243241574,0.6897570799694048,0.4747338648794729,0.4845907743926856,0.6081182,0.5283834753967334
MLI,2004,0.7621700235834089,0.3314564817653493,0.0,0.1940043257559123,0.36930474078873277,0.168029830833345,0.3139096299368682,0.0043282,0.4272218245180537
MLI,2005,0.7673651250984835,0.30308825087106545,0.0,0.20967834160089138,0.4244302591801712,0.16691562502979884,0.4101059481306861,0.0050706300000000004,0.3589661295139188
MLI,2006,0.7470029139028064,0.31206193264101295,0.0,0.22328200563450662,0.4015695384389728,0.16741250796624652,0.48538491605518463,0.0072962700000000005,0.33893193792701615
MLI,2007,0.7581269752656383,0.32183689522990105,0.0,0.22238933369469693,0.4224713639335945,0.1651751722203666,0.4605692822168652,0.008100000000000001,0.35448615511523096
MLI,2008,0.7635461799258908,0.2624710529722584,0.0,0.22166158562315696,0.43590371247472803,0.16559249401929232,0.4609743096707619,0.015700000000000002,0.3545392232716975
MLI,2009,0.775853674627451,0.3249741726284367,0.0,0.21663936199143974,0.6316124074280058,0.16856943083607268,0.4855972529114492,0.018000000000000002,0.2843806240527953
MLI,2010,0.783041066587103,0.34346312146419583,0.0,0.22533592144835457,0.47445240662538324,0.171727622881244,0.47870965192263015,0.02,0.28863647788656577
MLI,2011,0.7965739359185972,0.3481220279679384,0.0,0.2297082948224074,0.5185501797902665,0.17123556502104387,0.48319084189913775,0.022000000000000002,0.25799190169086916
MLI,2012,0.8220140681078295,0.3608655822004239,0.0,0.216133824682462,0.4590210718238791,0.16543898359824327,0.47121860811762417,0.027999999999999997,0.20363001860374474
MLI,2013,0.804256968995691,0.3749930110863026,0.0,0.21729014133738178,0.41128619214631124,0.165898446804001,0.45612236802601513,0.035,0.2629480838950973
MLI,2014,0.8108554058422578,0.3864790542001895,0.0,0.2283926430765304,0.3389655470838227,0.17044981655570868,0.4844042913067603,0.07,0.23505842544139366
MLI,2015,0.8201144864954699,0.41300752900048704,0.0,0.3170710627436373,0.3990880869138678,0.17468784721782604,0.44900296619171276,0.1033,0.23285506510481424
MLI,2016,0.8236700374255415,0.424131617485704,0.0,0.2950495350060027,0.4225760842177244,0.17855134539570383,0.4388924645749648,0.14,0.21581164408817566
MLI,2017,0.8266474421929778,0.42062232833656304,0.0,0.3002444702738165,0.4833466729822535,0.18152055334729844,0.4450849331890432,0.189,0.19673517900164228
MLI,2018,0.8345853478679774,0.4173482130307163,0.2321127452582159,0.3144201924921939,0.43333075470981053,0.18388061667576805,0.46703819776520206,0.214,0.17933515494183094
MLI,2019,0.8329473320066595,0.40950056801147455,0.16344203517518796,0.39859211862473787,0.5570505118670007,0.18657888712382542,0.46443264300099196,0.24960300000000002,0.16979658703806466
MLI,2020,0.8331031043743308,0.4220925930700474,0.2254267716331535,0.16390216440949068,0.45281603839669227,0.18049835931290148,0.5355323217833354,0.29113,0.12119802746122543
MLI,2021,0.8312883076136668,0.4391960611944666,0.2863714437944864,0.2116118722307112,0.46510242669512925,0.18048889907393928,0.5165926771726888,0.339565,0.12431417167337999
MLI,2022,0.8361472105144027,0.4481258075031072,0.27785976515883615,0.2696526912223889,0.4905985697916566,0.18139779449891047,0.5186399745394035,0.343797,0.1257755418165929
MLI,2023,0.832548631114728,0.43416459575533534,0.30945974790039266,0.27697389577100173,0.46828238192886057,0.1837803281845256,0.5118711564383314,0.35092100000000004,0.13677330697989198
MLI,2024,0.8398934197261927,0.4267688570305607,0.21622600214653823,0.2829592672997201,0.5077263470053683,0.1865795642286261,0.4722166289074392,0.2151398,0.1467821761234558
MLT,2004,0.2467883723267507,0.6147912392620337,1.0,0.8106571836916658,1.0,0.6175204291651962,0.4462561598214365,0.3462,0.6353989974140002
MLT,2005,0.24172624968027212,0.7494066255293623,1.0,0.8148771742669005,1.0,0.6207182577183127,0.41293415195402083,0.41240000000000004,0.6455635264536972
MLT,2006,0.24393739298692865,0.769261235741244,1.0,0.8272035065615504,1.0,0.623541463752625,0.39077346319935446,0.40409999999999996,0.6591029583805423
MLT,2007,0.23893915317674552,0.7728667822001711,1.0,0.8463206822346647,1.0,0.6301676160643334,0.3584575602250144,0.469,0.6813176500397784
MLT,2008,0.17130515680964775,0.7843850175683966,1.0,0.8486839612635437,1.0,0.6354881509603848,0.37851843779883554,0.5008,0.6908177619046802
MLT,2009,0.19899271360916213,0.7978494196166879,1.0,0.8555730353877751,1.0,0.6323543026565156,0.33594491211445643,0.5886,0.7023250259443388
MLT,2010,0.19292576384174015,0.7855158930008554,1.0,0.852501821000252,1.0,0.6403692986145094,0.3302483789081929,0.63,0.7139796493907768
MLT,2011,0.1727252818342174,0.7892318315213311,1.0,0.8619672160841843,1.0,0.6411874044355929,0.3022336039006026,0.6801980000000001,0.7194391129141615
MLT,2012,0.17317283879146805,0.7727958085670117,1.0,0.8814817830931068,1.0,0.645717062195858,0.2610833097275105,0.681999,0.7447882161420054
MLT,2013,0.16491010239236878,0.754188228770641,1.0,0.8843377409630198,0.5914681301771492,0.6529315924944258,0.24467948631076442,0.6891379999999999,0.7576999090136205
MLT,2014,0.162747185361565,0.7418942625840321,1.0,0.891086883506397,0.36935502163190426,0.6606735751237326,0.19427064190075316,0.7311409999999999,0.7734117864025074
MLT,2015,0.1554861466337475,0.7142557557142191,1.0,0.8951312220926884,1.0,0.6704547427574049,0.15771237771969937,0.7595999999999999,0.7941452766185262
MLT,2016,0.16378371798016336,0.7031137760407462,1.0,0.8983167034360142,1.0,0.6729342174360834,0.16494030490511857,0.7807510000000001,0.7903202872150854
MLT,2017,0.12039825305290315,0.6782411326682853,1.0,0.9000794320398504,1.0,0.6866683962791685,0.13274983699327092,0.810119,0.8091257098022404
MLT,2018,0.11258829679424316,0.6725715791272371,1.0,0.9076659391936075,1.0,0.6916178183327663,0.13519323451519316,0.8165800000000001,0.8055358752458748
MLT,2019,0.08945149980283956,0.6739741641947048,1.0,0.9031729398801134,1.0,0.6915482952563882,0.15682424234889258,0.8577859999999999,0.8066082665459944
MLT,2020,0.13552102724227408,0.6910968835498661,1.0,0.9083232930169998,1.0,0.6831436230307241,0.16243467419723534,0.868588,0.8217777635797794
MLT,2021,0.14803743773779515,0.670387193699953,1.0,0.9123962664853882,1.0,0.7006650953002854,0.13230002338540747,0.8746980000000001,0.8343555026187359
MLT,2022,0.14258969374724303,0.6721580354889367,1.0,0.9208206303839734,1.0,0.7006386319797339,0.1263655870153595,0.9154059999999999,0.8444467079871609
MLT,2023,0.009672099223814415,0.6563716655165723,1.0,0.9124340378299434,1.0,0.709495935872383,0.11770474613566861,0.920727,0.8566222526973593
MLT,2024,0.045679837071655974,0.6483820590051663,1.0,0.9145509232441449,1.0,0.7148777376818652,0.09974287232326873,0.6766036000000001,0.8570965586601735
MMR,2004,0.9260812845481025,0.11167027946624863,0.12263327698732684,0.26471981832172764,0.4141909557779712,0.08878751507241012,0.2999449951995483,0.000243374,0.2720161784665899
MMR,2005,0.9188038116042383,0.10840134464967582,0.14920324666302598,0.27180303288973784,0.41155529803045326,0.10608725649883743,0.3320884828460051,0.0006523890000000001,0.2413089659999355
MMR,2006,0.9045435877200324,0.07514889174393569,0.17517486495029733,0.27701208036280933,0.4077909143714479,0.12283870037299227,0.3769101290983874,0.00182048,0.20572872277771284
MMR,2007,0.9013575444760101,0.053277057451235565,0.20057448893270724,0.2827668441200557,0.5129398657876191,0.1382247182052161,0.4052279215618608,0.00217128,0.1635392686642608
MMR,2008,0.8843705960841998,0.037392513305942954,0.2254267716331535,0.2934836855930856,0.4604697010976684,0.15157763231881338,0.4556423096350215,0.0022,0.1643866732800361
MMR,2009,0.8715112039416206,0.0557182484793905,0.2519412087850501,0.30108351750848383,0.47428496991984687,0.16531196534216297,0.49382563192042905,0.0022,0.17140506970174485
MMR,2010,0.8637334783777072,0.11271404101673516,0.1844759413303576,0.30557593929046956,0.4023991105221402,0.17756754625444826,0.5305953959044012,0.0025,0.15543473423694154
MMR,2011,0.8345756744758094,0.1788693420589415,0.30111738081940853,0.31716953326792074,0.5574387403117216,0.1842915323191432,0.6119838115194018,0.0098,0.14432285924317334
MMR,2012,0.8206062116150962,0.24294766010978558,0.32596560701495036,0.32793341582237634,0.42884936050307176,0.19333223675735822,0.6285544016410747,0.013999999999999999,0.16386390479947188
MMR,2013,0.8124953197393459,0.3089204181560586,0.350289754022012,0.33871564879156546,0.5274747228024536,0.2038315721132974,0.6283915575553325,0.018000000000000002,0.1885357564359853
MMR,2014,0.7988030265012713,0.3493701135833582,0.2563016193490144,0.34654292744851656,0.5000233387197183,0.21401691920766186,0.6594905332828593,0.07400000000000001,0.17882572823348486
MMR,2015,0.7898875575821285,0.3815087512050804,0.4278535780626518,0.356677120082455,0.7298975981897724,0.2226587272355588,0.6591942803774837,0.109,0.203353635001859
MMR,2016,0.779864645541837,0.4228619895390136,0.33209490693451027,0.3694988766097054,0.6210557489976812,0.22977188236452017,0.6640032544656007,0.16,0.2211690379552449
MMR,2017,0.759063638015121,0.44593408626055947,0.5902672230815389,0.38231732897927984,0.7573686819066517,0.23728948429765018,0.6912292686052792,0.23621099999999998,0.2262775133518642
MMR,2018,0.7457161229252829,0.4604726657380466,0.5283624344414601,0.401287599784081,0.45359471477495805,0.2450581440349321,0.6933877694392747,0.29379,0.25140235087607365
MMR,2019,0.732617102888256,0.4639759803899273,0.5655697649905642,0.3936262502872583,0.43449251296320635,0.2532819151623257,0.7122334874834768,0.36540500000000004,0.2468074365895747
MMR,2020,0.7492348676121605,0.48223103297866127,0.5999999999999996,0.41672114721057296,0.4411189342517627,0.23849267127332474,0.7010213488966326,0.45447699999999996,0.23156118508373513
MMR,2021,0.7529390652803183,0.46667415616839236,0.6334321153276008,0.4168006524198522,0.48673936443315724,0.21891417697932958,0.6979707211130759,0.565261,0.22865364797817112
MMR,2022,0.7483749479072027,0.5363001384224745,0.6505649076618818,0.4212898358381696,0.4134944641169797,0.22365400734735374,0.7101168976266119,0.5801120000000001,0.2180124011969511
MMR,2023,0.7523060518751888,0.5067236215080813,0.6990057165628043,0.434147166441782,0.4322172753870276,0.2240238589994491,0.7016606033220516,0.585357,0.22386790612353158
MMR,2024,0.7325299576526902,0.019800378422813937,0.13011298153237635,0.44228253181533805,0.380260316342521,0.2216290543434779,0.7045130186124502,0.1542224,0.2597036433553286
MNA,2004,0.6005599165665279,0.4842133408034545,0.7992860644850941,0.5355372709926067,0.3890291307170413,0.3330771562981997,0.6999454939281531,0.11420000000000001,0.3713932198346934
MNA,2005,0.5837449311995996,0.48468147633562614,0.8132398334778257,0.538286386090602,0.441144569305016,0.3367912126250029,0.7350873461014436,0.075,0.3555012634999608
MNA,2006,0.579429263140963,0.49466929836797274,0.8372403571269205,0.536701623131179,0.5125117460475197,0.34111780452021645,0.7494373018271081,0.084,0.3482842081278603
MNA,2007,0.5690282848494832,0.49988526119632587,0.8296664054172318,0.5362205951733623,0.496125422232366,0.34615500844854175,0.7502135213154912,0.09699999999999999,0.3604830093397089
MNA,2008,0.5516768650091504,0.48998265918284406,0.8426984962455517,0.5385224772157344,0.46641372261670083,0.34795200669539106,0.769038766295226,0.11699999999999999,0.3512261687517957
MNA,2009,0.5819722588984337,0.505243975208538,0.8515532323602759,0.5484084650827121,0.4290450054016096,0.34879420304728737,0.6983130529582322,0.135,0.4111378326909567
MNA,2010,0.5723749484604749,0.5279625144546827,0.8770298859029344,0.5492507455260616,0.39666797529711983,0.3525000693707626,0.7242840504445098,0.155,0.3928093539783375
MNA,2011,0.5615268616839411,0.523004656789086,0.8797943602942047,0.5543261823806223,0.3470963523166942,0.3489076978865314,0.7349393614780173,0.16899999999999998,0.38368747287582394
MNA,2012,0.5670304411642552,0.5139533892432375,0.8942861770546955,0.5574249148259245,0.3614656552809919,0.3510737640212337,0.7319992358095222,0.187,0.4023509390370803
MNA,2013,0.5885528288313272,0.498257304794482,0.911516187906189,0.5605969338327532,0.3455574723946925,0.34991863318851457,0.7145843923486768,0.21300000000000002,0.4047361214090923
MNA,2014,0.595382025728452,0.5114764862658738,0.923225463517058,0.56431027320094,0.3181149896095835,0.35067878112384043,0.6834230195677575,0.247,0.4382069485004303
MNA,2015,0.612378559490286,0.5286715023742223,0.915046241519252,0.5702165762160947,0.3254543987311665,0.34979843027682633,0.6021808716411463,0.276,0.49951798851322415
MNA,2016,0.6019911855157865,0.5470343359408321,0.9378922409227606,0.570402107598023,0.3434817535173338,0.35528458148259767,0.5869618122345859,0.308,0.5062599096521914
MNA,2017,0.5981021487253484,0.4945479616940586,0.9489035915574018,0.5787388005995271,0.35398853317967466,0.3577062384344528,0.6141590417749276,0.348,0.4820467264045103
MNA,2018,0.6020127236031345,0.46431179717550114,0.9355333618281048,0.5951478371890264,0.3469144098722496,0.3581643173753707,0.6363585954295929,0.376,0.4538468033234988
MNA,2019,0.6059594242187422,0.4645325038843185,0.9491509462164993,0.5931631961491584,0.3466559324420543,0.3575795820865121,0.6268482560169055,0.41500000000000004,0.4638815885768639
MNA,2020,0.6225819455339147,0.49480750583079364,0.9524116957440034,0.586358697620462,0.3339744881101041,0.3511597350686807,0.5715107011814038,0.46399999999999997,0.49851056389496184
MNA,2021,0.6165712621283806,0.4918558149900329,0.9545307233990048,0.588574868993299,0.32534767944635334,0.3548359864043181,0.63732981287275,0.502,0.43028307840566304
MNA,2022,0.6053014484375598,0.47838077710567767,0.9472395634538175,0.5948140215151461,0.3402669847218151,0.358525548373681,0.692945687373203,0.541,0.37826947031378255
MNA,2023,0.6158641123959799,0.4774674747234588,0.9544098777988959,0.5978978911851716,0.33071854702078896,0.360083710607512,0.6612965532775428,0.559,0.40368146924915527
MNA,2024,0.6308753128742776,0.42605287113397566,0.9704593212250401,0.5979199696215378,0.43674667183223725,0.3607845925844678,0.6407834517488729,0.58,0.4110208596281799
MNE,2004,0.5524918156248289,0.33617981127394764,0.9885240125752848,0.8244364671617728,0.66022155842965,0.42713622272564755,0.37029555243950774,0.25350100000000003,0.5383938017176932
MNE,2005,0.5404769199601857,0.3794123356270252,0.9977139195282607,0.8444758543021709,0.6961392293405535,0.4328655061984007,0.32742932114930134,0.271,0.5499248521893483
MNE,2006,0.44934162347498396,0.5294472323314698,0.9885240125752848,0.8516237279728287,0.6961392293405535,0.4446138898346673,0.35711981163599793,0.289,0.549128813875396
MNE,2007,0.43005797765334686,0.7051757016145159,0.9885240125752848,0.8580325167123242,1.0,0.45441955200544937,0.3296767466097421,0.308,0.5399530255948122
MNE,2008,0.43627087573760676,0.7225970825371728,0.9885240125752848,0.8635433996077717,1.0,0.4638441313932814,0.34873058272785973,0.329,0.538716654996553
MNE,2009,0.4592962908903591,0.6951420511335467,0.989676763516206,0.8711281568774893,1.0,0.4545609347158538,0.33257479666199874,0.35100000000000003,0.5772966443812653
MNE,2010,0.4423991495845862,0.6643614621380725,0.9908283634325308,0.8746579913393382,1.0,0.4582684986928346,0.3232142254166026,0.375,0.5964228166844214
MNE,2011,0.43122007208784924,0.6252555764999612,0.9885240125752848,0.8713037775550188,1.0,0.46292016407799197,0.2645997034607883,0.356115,0.6318218282576038
MNE,2012,0.4203266913402948,0.6233540733928669,0.9919788146205688,0.8826435155169046,1.0,0.4590136438576279,0.25533263932305283,0.568388,0.6418340849706228
MNE,2013,0.43270819808372174,0.6192818969453384,0.9965691777763395,0.8887229298735777,0.9410684532310791,0.4635740272611141,0.27543679495327766,0.6031000000000001,0.6013469688275048
MNE,2014,0.42907452446129174,0.6105664123892356,0.9734324496186684,0.8814328128558984,0.9902818598418905,0.46670463507404925,0.23726857316398275,0.638869,0.6059240703897149
MNE,2015,0.4230734597765242,0.6052952402485403,0.994276279962726,0.8661598290106376,1.0,0.470110240221029,0.2405220258352565,0.681198,0.6292732720092036
MNE,2016,0.41668645810573657,0.5990712234401689,0.995423298675246,0.8659698641451938,0.6226056144315448,0.47485507431885543,0.27664058987119855,0.6988160000000001,0.6173756389692686
MNE,2017,0.4009872549494513,0.5988770743905332,1.0,0.8674524652125624,1.0,0.4793043344110802,0.25340037014303984,0.712723,0.6190563499539161
MNE,2018,0.38233140961429457,0.602322510778492,1.0,0.8522206655390949,0.8657149970535076,0.4859104255165684,0.29240360234119467,0.715171,0.6059941204114057
MNE,2019,0.366469869847555,0.5992865934922653,1.0,0.8551034915192348,0.7796302058635087,0.4920787187130692,0.3019419912523853,0.734767,0.5981472706680666
MNE,2020,0.3896573395373756,0.6434816830203305,0.9988575261865398,0.860119610195599,1.0,0.46854104113500583,0.3347881179197445,0.776088,0.5977565415554058
MNE,2021,0.3698829241235109,0.6124875923214621,0.9977139195282607,0.8808537300374568,1.0,0.48669555333094594,0.2545319814596836,0.8221970000000001,0.6193450470639901
MNE,2022,0.380889877964684,0.5884373627748607,1.0,0.8808093168077886,1.0,0.49785526257346857,0.20686294667065286,0.8822190000000001,0.6299266830043715
MNE,2023,0.36977918297018564,0.5650458804708307,1.0,0.8840842312040946,0.7317138740047383,0.5069805675185705,0.18247670265726623,0.898052,0.6410779724753186
MNE,2024,0.3555751665696956,0.5795024691669668,0.9993138355552679,0.8860551602286426,0.7557347980657356,0.5115028412076504,0.161149601127329,0.888826,0.6384270947125819
MNG,2004,0.7235792457202581,0.45499897347188273,0.6689694559851658,0.45190366283209205,0.5875853226897859,0.29659743533273975,0.5636489477636233,0.2457684,0.23583963420678566
MNG,2005,0.720936166222083,0.4712592843052104,0.830557563657214,0.466948432492293,0.7678881590557047,0.30514721457040894,0.6304123069443417,0.16779802000000002,0.17363047976129398
MNG,2006,0.6948621256203689,0.4905679267692587,0.701966763684478,0.4828044013574746,0.7519237186665839,0.3153100295280439,0.7157947394850219,0.1610822,0.07947682303099501
MNG,2007,0.7046878770891849,0.5608368578306884,0.718118013535241,0.4830684027536676,0.8568450474714764,0.3275190314305897,0.7035062672012706,0.09,0.0874849706343257
MNG,2008,0.7141585086545725,0.55184305380629,0.7340462006920854,0.5116244882231094,1.0,0.3376030031331646,0.6050723079217613,0.098,0.22355464653197998
MNG,2009,0.6976691173413933,0.5540121367895336,0.7497574026907552,0.534503176755837,1.0,0.3331436536041913,0.5923649055085982,0.1,0.29573329716213603
MNG,2010,0.6039307894136388,0.51813421736256,0.7239355654432265,0.5588242125537919,1.0,0.3395585264707687,0.6407837537734578,0.102,0.33024218757017065
MNG,2011,0.5756246268771072,0.5707087056357905,0.6271383631721852,0.5510652412936965,1.0,0.360196026080707,0.6126392493937964,0.125,0.3484445113741619
MNG,2012,0.5948740058062139,0.5718558965019338,0.7970087403990274,0.5543832192254339,1.0,0.3743013321766361,0.6038159969322123,0.16399999999999998,0.36864923732011334
MNG,2013,0.6335084520933478,0.640976572892513,0.762454711344458,0.5555058097070709,1.0,0.38729237151596785,0.5996072097984588,0.177,0.3278383809798693
MNG,2014,0.63230039321327,0.638828630615196,0.8279092795535883,0.5764138866779667,0.4638093645141883,0.39513289661344675,0.6151824640742125,0.199424,0.34917242953343974
MNG,2015,0.6442654476186997,0.6200963254165923,0.8541223901928952,0.5752778517609629,0.33684677848564887,0.395456942230081,0.615464963275435,0.225,0.355706030371691
MNG,2016,0.6201339879062663,0.6299127543083596,0.8898477710098289,0.5670171494313951,0.0,0.3946608338834202,0.6405457164254067,0.222658,0.3501496067199179
MNG,2017,0.5925126555246214,0.6133566814615856,0.9244996931358296,0.5830180723811846,1.0,0.39982427842387847,0.6993806272447955,0.23714300000000002,0.28097911534338094
MNG,2018,0.5981578309914594,0.6238892205556654,0.9780970756754845,0.5936328245808005,1.0,0.4079437689155029,0.7066251869118947,0.47130000000000005,0.22633780060763264
MNG,2019,0.6006463020837446,0.5964191705907225,0.9873701083065667,0.598465386257419,1.0,0.4131883669461064,0.7081334193094275,0.5108,0.2250893206351927
MNG,2020,0.6259727051990038,0.5819666543936117,0.994276279962726,0.6354756102579531,1.0,0.40379822309555247,0.6945288630926238,0.625,0.2413494686409381
MNG,2021,0.6293215002757236,0.5899727793837279,1.0,0.6090537640418221,1.0,0.4037090577000201,0.6948711952616349,0.8160680000000001,0.22299232222614096
MNG,2022,0.6270323008691006,0.5576608336321831,1.0,0.6067040453649999,1.0,0.4087059215057388,0.6710164533291325,0.821725,0.251729423428527
MNG,2023,0.5673260097892562,0.5446678928571831,1.0,0.615073029781267,1.0,0.41710693051971737,0.7263646473046406,0.830162,0.2531521936057497
MNG,2024,0.5016363855260316,0.5800607043074817,1.0,0.6250153392913202,1.0,0.42254823552314213,0.7087530946906928,0.6966036000000001,0.3204685777656122
MNP,2004,0.27558363962232313,0.8046429816907297,0.9977139195282607,0.844969042763951,0.5629337016063479,0.6641554063885698,0.452868057363416,0.665874,0.6258451691969794
MNP,2005,0.2808137761134691,0.7210241080081822,0.9977139195282607,0.809110295580793,0.48718950094044555,0.6480770442965335,0.4374107830552732,0.6402340000000001,0.652083285836897
MNP,2006,0.10568243175260954,0.6948391712907507,0.9965691777763395,0.8261961791562762,0.5453014688776903,0.6416889647262275,0.289205300607752,0.45372959999999996,0.7916066976825649
MNP,2007,0.3715987167628622,0.6629224571661375,1.0,0.889399716823613,1.0,0.6358728187597079,0.640887373044488,0.55702,0.5047886710016725
MNP,2008,0.22055967124184517,0.5985930366800306,1.0,0.8843825347665166,0.9077513842571324,0.6233227547850114,0.47140974083379084,0.6190174,0.5047886710016725
MNP,2009,0.4527661032162615,0.579916795350138,1.0,0.861884251807085,0.7018927045736317,0.5999814166807561,0.460398925952779,0.6885888000000001,0.48466698212705195
MNP,2010,0.3789634520612999,0.5855336091189668,1.0,0.8822269183334577,0.7572909627517651,0.6052678507133472,0.4775505543701589,0.7283438,0.6656085594811738
MNP,2011,0.1776227501468873,0.5544648268733833,1.0,0.8814453130474273,0.9483698157777841,0.5954350656268749,0.42663219679378434,0.773397,0.6432786808053301
MNP,2012,0.45828766501616247,0.5421571836936501,1.0,0.872206084000928,0.8,0.5976234379723079,0.5275742038816997,0.7475014,0.5015253940969733
MNP,2013,0.2192587881020454,0.5913730724680717,1.0,0.8671532675978014,0.5182699685768271,0.6027674013212588,0.5605931924396474,0.6595672,0.48738219728967536
MNP,2014,0.23317976993283276,0.5578923271135483,1.0,0.8625521930520532,0.937000686925576,0.610312557287202,0.6565704165276995,0.41413140000000004,0.5150006491445266
MNP,2015,0.20785206556011046,0.664691375748099,1.0,0.8593642118082642,0.9965071730250854,0.6170015111372728,0.7534236914591196,0.6481752000000001,0.5163665813799782
MNP,2016,0.13788228974431965,0.6674091480833175,1.0,0.8629910655143703,1.0,0.6563054870521031,0.5061127252887141,0.7893896,0.49165172637069343
MNP,2017,0.2603129403932546,0.648290997364511,1.0,0.8721186321386917,0.8,0.6889021314148446,0.4265488246129944,0.6907372,0.6534992154842374
MNP,2018,0.14954681364394704,0.6396535649740832,1.0,0.872018518521838,1.0,0.6600063046659445,0.5645082554537278,0.8945052,0.5789875944949491
MNP,2019,0.06640414600490444,0.6669206758180255,1.0,0.880522453532371,1.0,0.6451905029533592,0.4679234652532177,0.6206998,0.5816716724744122
MNP,2020,0.18689443723442153,0.5331425860326827,1.0,0.8664074765450994,0.9448769888028694,0.5971785224467502,0.4963731533488759,0.809588,0.5081642704479191
MNP,2021,0.10421925396146765,0.5261529198157253,1.0,0.8568159916775544,0.5795442416298071,0.6059052999098776,0.3875713798462732,0.7672806000000001,0.5353754979810544
MNP,2022,0.3390473847306377,0.6836216964327495,1.0,0.8723917269079007,0.698399877598717,0.6310619080592684,0.4705269766224111,0.5859276,0.5800495357393983
MNP,2023,0.11458283222912906,0.5978009112151748,1.0,0.8294980211582687,0.19309988711963982,0.713381279646957,0.24017321677202083,0.42360500000000006,0.7298750742113541
MOZ,2004,0.7499615344509349,0.18025876140837138,0.0,0.0,0.6739073078341152,0.05895254457063148,0.39086828662984563,0.00679448,0.3671925295052332
MOZ,2005,0.754299748868472,0.23120683756205568,0.0,0.0,0.3738517806736474,0.06446567208567311,0.3609707731930685,0.00854357,0.3865719290317573
MOZ,2006,0.7658949666972935,0.255277006339009,0.0,0.004944189900450091,0.455887464554328,0.07474849448433551,0.3910996099704691,0.00842954,0.35321928779874723
MOZ,2007,0.7649705142152231,0.25831989311164055,0.0,0.016848981204032,0.534847624980739,0.08197739864142473,0.3836079765573659,0.0091,0.37251107179350074
MOZ,2008,0.79052184915643,0.32717143005771193,0.0,0.02494129856737648,0.6070935157648628,0.08804066094512641,0.32263964725958605,0.015600000000000001,0.36436337901537463
MOZ,2009,0.7994703768784068,0.3975648343381473,0.0,0.03085282478042406,0.7775888418391252,0.09263088171802858,0.3151827664192286,0.0268,0.35395226436245997
MOZ,2010,0.7944592923558266,0.4193546093287092,0.0,0.03970729183005961,1.0,0.09812006886532987,0.31427570665104976,0.0417,0.3619121265762706
MOZ,2011,0.7874113610699244,0.41201651169222525,0.0,0.050969943666902884,1.0,0.10406703678533558,0.3040697285731744,0.046,0.3722104209382655
MOZ,2012,0.7788693568152817,0.4269658802932719,0.0,0.06382936711177845,1.0,0.11105057504771043,0.3144394699251889,0.05,0.38240920359730923
MOZ,2013,0.7672160067304523,0.4608993785445011,0.0,0.07448249718047473,1.0,0.11608426105409486,0.3022387249232792,0.055,0.3928904572645715
MOZ,2014,0.7709871673121792,0.4910697754929136,0.0,0.08574058071017321,1.0,0.1226360888288952,0.3314430389927807,0.06,0.3794923550825602
MOZ,2015,0.7606431175384296,0.5040837753300111,0.0,0.096710632104271,1.0,0.12876834250595892,0.36120350350925867,0.065,0.36425486907252846
MOZ,2016,0.761234129129207,0.4982770365696933,0.0,0.1092645987009857,1.0,0.13117317649358362,0.4089235132605791,0.07,0.3280549071904124
MOZ,2017,0.7838283100015273,0.44556160173539777,0.0,0.11003680220252643,1.0,0.13061599965751824,0.4752630152815587,0.0779633,0.24240900302809187
MOZ,2018,0.7790927338726351,0.42405562726805285,0.0,0.11712635916577141,1.0,0.13126046914417733,0.5093830013360474,0.109,0.21747822684774754
MOZ,2019,0.7720472820968599,0.41566225095043935,0.0,0.12487848521165534,1.0,0.13032078855782736,0.48097910143257794,0.124793,0.2405437617616033
MOZ,2020,0.7908318308205916,0.4403183306326252,0.0,0.09585109217317567,1.0,0.12424579561080296,0.43587628795254885,0.142874,0.24128919863928644
MOZ,2021,0.7909397078549713,0.43253206036533237,0.0,0.09209280875492087,1.0,0.12336447344557011,0.43999785405238634,0.16357600000000003,0.2094905567155898
MOZ,2022,0.7799595389518789,0.4099732547844254,0.0,0.09688945076310973,1.0,0.1252839643296364,0.4677559439033905,0.187913,0.21594919248650113
MOZ,2023,0.7775519274809837,0.3859979330485774,0.0,0.10825872358123556,1.0,0.12873735984292356,0.4304078129068416,0.198434,0.2545347908787985
MOZ,2024,0.7757811136832516,0.3751991963137951,1.0,0.10690367695531133,1.0,0.12758645883971276,0.439100701806703,0.7085888,0.25427704399609574
MRT,2004,0.7542647906913754,0.21863095530813298,0.0,0.5447831505114271,1.0,0.24259768890071476,0.5497151158086366,0.0048147,0.2905903448472267
MRT,2005,0.7240371169834262,0.3846610116748858,0.0,0.5541626922069653,1.0,0.2510033518473539,0.6407260547116194,0.00669966,0.24549335177525355
MRT,2006,0.6812223289609391,0.33602766583730387,0.0,0.5636007698067869,0.5407177002482765,0.2717867231714558,0.7774691947235108,0.00979661,0.09172735371130658
MRT,2007,0.7047437628517984,0.35895250037902643,0.0,0.5699970796397245,0.4927162477281939,0.26512855807597,0.693941187672122,0.014336100000000001,0.1931023388719595
MRT,2008,0.7062958926331947,0.3937950566403911,0.0,0.5766808024870427,0.7124791827409541,0.2604770748738635,0.6870620899372895,0.0187,0.2140279704049881
MRT,2009,0.7137223492852564,0.4021701898823103,0.0,0.5842164199215141,0.27978037551826923,0.25607994223654196,0.6342709298720901,0.022799999999999997,0.28852962887869493
MRT,2010,0.6829213623727689,0.3831996083997213,0.0,0.5916207808382228,0.43493463608269645,0.2552021640054426,0.7094213016108681,0.04,0.2296438159462424
MRT,2011,0.6510728138827986,0.3627334472950236,0.0,0.5987137856990201,0.8504325910512534,0.25642496225896394,0.7801331927065012,0.045,0.14393260847060896
MRT,2012,0.6740574883349078,0.3649260154408232,0.0,0.6056746224707701,1.0,0.2580335027380395,0.7001103275995288,0.05,0.20579800719783403
MRT,2013,0.6767861059671698,0.38401723214951694,0.0,0.6118214424690631,1.0,0.2593843018015688,0.7147437714395057,0.062000000000000006,0.18391079617289474
MRT,2014,0.7093825068069881,0.3972283507847148,0.0,0.6192181317141676,0.7801635898658928,0.2610870592170814,0.565428194861803,0.11800000000000001,0.32091553974271525
MRT,2015,0.7302846569468645,0.41401036182017364,0.0,0.6255731260556994,0.8134995180216587,0.26432311839601674,0.4573547367651758,0.17600000000000002,0.3618205210605008
MRT,2016,0.7422144505254058,0.4055761927578721,0.0,0.6297345996785428,0.559783863087447,0.26179179380957784,0.507197420165296,0.19232800000000003,0.3114514704372149
MRT,2017,0.7522718644868467,0.41351312062483353,0.039040613089818876,0.6361022958247906,0.8469654770955843,0.26628020614701076,0.478087755651446,0.210172,0.3121219580021082
MRT,2018,0.7615117044966452,0.4232003485470542,0.05728571796877624,0.6414643911092166,0.957054098697594,0.2687293353268002,0.4758344660800924,0.22966999999999999,0.3023857121899698
MRT,2019,0.7227626661206711,0.42974286496894937,0.09042225994253617,0.6485470205338104,0.0,0.26893129077237987,0.5681731837520647,0.250978,0.2903739477655516
MRT,2020,0.7134167736743572,0.4215254545668959,0.10291780167712705,0.6342450335760907,1.0,0.2641697712738361,0.6473942492741527,0.274262,0.20829646076408226
MRT,2021,0.713372291208807,0.47199859435758607,0.1587152776558911,0.6323656337140791,1.0,0.2610550940944295,0.624146672707317,0.299707,0.25817712521692693
MRT,2022,0.736816163446663,0.47199859435758607,0.189098501507992,0.6393330121750775,1.0,0.26634348828931553,0.5772537459361238,0.343001,0.3258144981509048
MRT,2023,0.713526404581554,0.5168274112886531,0.21870181251886756,0.6478336407418612,0.7987156415931145,0.27159669397339303,0.606419925415256,0.373809,0.2941295692217234
MRT,2024,0.7155221849072454,0.44975401370490975,1.0,0.6536667626419859,1.0,0.2762865042032975,0.5995803005158382,0.7054190000000001,0.2820717032206086
MUS,2004,0.43257315669396407,0.6753570766489714,0.9885240125752848,0.7116646249130292,0.2975834274434788,0.4714407603576395,0.4849641981991959,0.136891,0.5360049974564598
MUS,2005,0.42098971474475694,0.6814779614829103,0.9885240125752848,0.7177031389366442,0.3253650954453713,0.47313864014270635,0.46382641055175156,0.151722,0.5666076391692965
MUS,2006,0.41773189830431107,0.6678873398934324,0.9885240125752848,0.7236343409420929,0.38136005257416705,0.47935711615690846,0.4411888667756496,0.167,0.6197851565766328
MUS,2007,0.39533091694032646,0.6774872252094162,0.9885240125752848,0.7295620203587552,0.5519395288081903,0.48677888285646753,0.4456104408778334,0.2022,0.6204842859085868
MUS,2008,0.3819782199902777,0.7068982885182711,0.9885240125752848,0.7335650500350179,0.526741644009453,0.49386940601809115,0.4631347005246351,0.2181,0.6155953648295691
MUS,2009,0.37249195706742233,0.701949208859026,0.9885240125752848,0.7548778537255525,0.4643294261151813,0.4982175467255795,0.46285807783270183,0.22510000000000002,0.6247966841936923
MUS,2010,0.3607023854665869,0.7162503640000826,0.9931281193697661,0.7682093807577686,0.5598342869972813,0.5040903596949741,0.4447634314566786,0.2833,0.6329989540663505
MUS,2011,0.363901639189464,0.7263339323031062,0.995423298675246,0.781451170913507,0.5255154704579044,0.509658740503378,0.4258528853947594,0.34950000000000003,0.6374270442595793
MUS,2012,0.3615104553118428,0.7488042972644684,0.9931281193697661,0.7837889063332635,0.6079905323418497,0.5142439543249325,0.4108605016578242,0.3542,0.6432541077356424
MUS,2013,0.34467456961467025,0.762530412829272,0.9931281193697661,0.7968766952438902,0.4375633414106994,0.5186897605034299,0.397801443063029,0.40116799999999997,0.6455732783452026
MUS,2014,0.3368584623936248,0.7444423454416527,0.994276279962726,0.801704400628628,0.5081082357661764,0.5238780350263533,0.38302831952690775,0.448033,0.6600454644171148
MUS,2015,0.3297867640729113,0.7516677235299234,0.995423298675246,0.8083096820831654,0.39984560681653875,0.5289460707834513,0.36968450643113515,0.501393,0.6682151298662373
MUS,2016,0.33124489993602146,0.7367061058358313,0.9965691777763395,0.8038336246716962,0.4772369013007116,0.534347021211082,0.35425913475113857,0.521913,0.6768874236940077
MUS,2017,0.325152981270322,0.7492512936839644,0.995423298675246,0.8195167282749631,0.5088041775028962,0.5398223388095452,0.3325247774597089,0.554032,0.6822787051652224
MUS,2018,0.29775717651026107,0.6883336287964219,0.9977139195282607,0.83044530242221,0.4843877812098438,0.5454453811726149,0.3273463858281098,0.5859620000000001,0.6869817848719579
MUS,2019,0.3072171338507535,0.6964532528038045,1.0,0.8369720128376046,0.48135780154091895,0.5495357152786354,0.3086556873889039,0.6173,0.6933175375861986
MUS,2020,0.3336638127595783,0.7324719300007461,0.994276279962726,0.837363602477089,0.41043623067573465,0.5267155110227894,0.30132538441439904,0.6773290000000001,0.7010671496869088
MUS,2021,0.34180879561410443,0.7194994651792883,0.995423298675246,0.8477055669492155,0.42991698245172394,0.5315370929851396,0.34578075250328943,0.716,0.685983126769651
MUS,2022,0.3588264658572868,0.6828211991473188,1.0,0.8411845002658245,0.558652971871051,0.5440737165095996,0.34691950524609205,0.755,0.6681468014910514
MUS,2023,0.3816486383518675,0.6751300318390621,1.0,0.8577902988432813,0.6354272947713623,0.5527705735809271,0.3408949204910616,0.795,0.6533911548005742
MUS,2024,0.3918677452157127,0.6750411856977869,0.998170455016188,0.8606286942223975,0.5808321596528199,0.5600826383288381,0.339672286704475,0.7204384000000001,0.6466845352235024
MWI,2004,0.8072812407357337,0.002550139628690329,0.0,0.14138482394597562,0.42271854959509114,0.07039239298836453,0.35679153671365005,0.0034750500000000004,0.36183443602310383
MWI,2005,0.7950254965125614,0.017903613337983237,0.0,0.14887487360101948,0.4548987652250266,0.07117207732571507,0.3323313857883279,0.0038448900000000005,0.3862181665747233
MWI,2006,0.7802695412841643,0.05741551103985454,0.0,0.15963589314434046,0.3237982205046169,0.07383345705852884,0.3762761703923645,0.00425137,0.40540325031973445
MWI,2007,0.7539114892448944,0.06990355643880236,0.0,0.18328655056071175,0.40950401507500345,0.08302362147371689,0.4257186896168703,0.00965865,0.417901112738837
MWI,2008,0.7735468703928604,0.16439370221349747,0.0,0.200092441452014,0.4482627680592113,0.08948030528801065,0.36941182734884426,0.006999999999999999,0.42337373262087086
MWI,2009,0.7769879614973292,0.1989448742397239,0.0,0.2190914246464437,0.31950853860075623,0.09678552179161393,0.34697331043811563,0.010700000000000001,0.43196631342237923
MWI,2010,0.7707702596005973,0.24709906815302413,0.0,0.2333764649056682,0.5602807031836101,0.10214618319824131,0.3433617312543755,0.0226,0.4459727345580311
MWI,2011,0.7641608054960605,0.24860121561363352,0.0,0.24274153743024085,0.526128641326201,0.10489863191699722,0.34955397929054,0.0333,0.45390176441790997
MWI,2012,0.7602834094032406,0.25776171931241215,0.0,0.24426345017660256,0.7209551961049165,0.10346653451014076,0.33766411672151175,0.043506,0.4681744144717386
MWI,2013,0.763374034738321,0.22594382486474468,0.0,0.2554154760851779,0.5217374978385997,0.10698858280052204,0.32968430173264984,0.050499999999999996,0.4677507055474637
MWI,2014,0.7636057059342536,0.20835876186793684,0.0,0.26496518396584223,0.6208775119677419,0.11085416116165647,0.32532345789123984,0.058300000000000005,0.4699959704087968
MWI,2015,0.7550305850747138,0.23993017353002338,0.0,0.270268113166634,0.43681533111865206,0.11086564372449814,0.3332818765593799,0.06,0.4797091764698176
MWI,2016,0.7469251753059355,0.21271314889139137,0.0,0.2739492247218722,0.5956553663741482,0.11049370970891637,0.3359767478114404,0.063,0.4911852594791668
MWI,2017,0.7543478497539058,0.1990973830369906,0.0,0.28129219398621075,0.6333006723431932,0.11225269323177411,0.3384547156125013,0.07,0.47831022965330927
MWI,2018,0.7410937761385694,0.18091114688340254,0.0,0.29000889652616646,0.5873843500280995,0.11455697575550894,0.35541476622866663,0.0879829,0.4846650685245808
MWI,2019,0.754558709501258,0.19218093836602856,0.0,0.299362794885774,0.5455195936066106,0.11877191075211435,0.358214391073467,0.110586,0.46821171489001623
MWI,2020,0.7743056767849471,0.20879374244375437,0.0,0.28025426435806144,0.40825361488218814,0.11609802352084475,0.37302840171481066,0.138995,0.4312355163466628
MWI,2021,0.7790053123798429,0.21837086405138406,0.0,0.27451958276617505,0.4210054781055805,0.1187980277818328,0.35627481492646296,0.17470300000000002,0.4212808936728325
MWI,2022,0.7968743150330271,0.2280439839214407,0.0,0.27178369372130406,0.5698641119276933,0.11640557564962306,0.3153769455489497,0.170457,0.41187624852536775
MWI,2023,0.8072499204125684,0.20610995914784114,0.0,0.2740215826311365,0.6540588799131903,0.11547198354128652,0.3783199435863278,0.17988099999999999,0.33574870694328185
MWI,2024,0.8293840746432797,0.3133926060890696,0.20781743004887138,0.2753515973222562,0.6758169518206161,0.11414349958601766,0.31989136357836934,0.07837960000000001,0.31782660570726984
MYS,2004,0.5527027092230893,0.7795082452627837,0.9850588305383061,0.6870606944736384,0.5123122322894986,0.4831655640927749,0.8271837308270766,0.422523,0.32452733346791396
MYS,2005,0.5280534323456099,0.7684982967067084,0.9850588305383061,0.6904210113064173,0.4619740531601538,0.48741399978597244,0.8047312425962845,0.486292,0.31764107871439773
MYS,2006,0.5368405247145442,0.762454049707753,0.9862150483999299,0.6848160472955227,0.5916633885044662,0.49206929150254897,0.8062935557030775,0.51638,0.3122817063873087
MYS,2007,0.5687664805430703,0.7579463036016489,0.9873701083065667,0.7027908207648803,0.5890394363546747,0.49778044068442673,0.7855474079870566,0.557,0.323991751461953
MYS,2008,0.5683713404494124,0.74713115114146,0.9885240125752848,0.7085909203379832,0.4975356857684182,0.5015880491220653,0.7911329128192235,0.5579999999999999,0.312714767591145
MYS,2009,0.5514947063138006,0.7788508870956985,0.9919788146205688,0.7301232437950245,0.28771049924561887,0.4964831455287383,0.7438348061409106,0.559,0.40475026543113835
MYS,2010,0.5709945692334102,0.7697421558583148,0.994276279962726,0.7260595788225936,0.5618231670526497,0.504163712999618,0.7381825901696915,0.563,0.3983116920237233
MYS,2011,0.5986436860596778,0.7724277129322623,0.994276279962726,0.7319682580522411,0.6142652690942711,0.5091091406495388,0.7299368406496722,0.61,0.3854124299630035
MYS,2012,0.5645400024514086,0.7838073084620831,0.9977139195282607,0.7269483908540604,0.4681351492074032,0.5143723886306847,0.7337514119912445,0.658,0.4080782631290112
MYS,2013,0.5490146344150435,0.794779018584487,0.995423298675246,0.7288560055539302,0.5114296957107658,0.5185488375805606,0.7306892572493988,0.5705749999999999,0.42436753382604797
MYS,2014,0.543284028088825,0.7960343268771777,0.9965691777763395,0.732030897231998,0.48845120659757413,0.5245266402406933,0.7311695215949816,0.6366539999999999,0.427476539528556
MYS,2015,0.5287013902341963,0.8006419721767986,0.9988575261865398,0.7352855092526807,0.49689299379946106,0.5292191496894069,0.7127069546204436,0.710641,0.45986270662388895
MYS,2016,0.5331531809144678,0.7986029040579135,0.9988575261865398,0.7463797640642569,0.575012408183263,0.5329730875834805,0.7028369559352232,0.7878830000000001,0.46852689219827237
MYS,2017,0.5365499074129632,0.7896553700589992,1.0,0.7448513568938195,0.47508325172577814,0.5386126219856068,0.708416119965817,0.801405,0.457644064618953
MYS,2018,0.5079120961033511,0.7954762069962074,1.0,0.7570965424530214,0.4346535917437395,0.5430072741307227,0.7106842778056619,0.8120099999999999,0.4761458461269652
MYS,2019,0.5002044923245156,0.7962707414193639,1.0,0.7531817637317735,0.44717426260388177,0.5469583619732054,0.7001411264810926,0.841871,0.49516102517596616
MYS,2020,0.525560753431427,0.8192023665597812,1.0,0.7674945942377174,0.362295876420702,0.5368778464698468,0.6795675533238854,0.8955500000000001,0.5053465041227709
MYS,2021,0.5594596601055097,0.8080277896562558,1.0,0.7713954074335776,0.636509730503992,0.5399390936398692,0.7028292991954728,0.9675140000000001,0.45375495514061503
MYS,2022,0.5454152412161253,0.7817455260559185,1.0,0.7726639385995195,0.5238306557789141,0.5507513163600267,0.7193515846706835,0.973986,0.44291787962762497
MYS,2023,0.5149030074454813,0.7895276400348232,1.0,0.7757746960418568,0.41287229363885125,0.5540054263503192,0.7012946020975408,0.976927,0.4852746402175212
MYS,2024,0.5245831221455723,0.7876228434847599,1.0,0.7786039144899255,0.5243664723182555,0.5594613027450507,0.6935190962523032,0.980206,0.48810843234782864
NAC,2004,0.19949507972349856,0.8845249557765358,1.0,0.8738231894141748,0.3900893835021211,0.768117407807894,0.4307281386121833,0.7059092,0.7603579459056933
NAC,2005,0.18641446067546236,0.8890466774874963,1.0,0.8753094477595011,0.3608961487566342,0.7717152352608415,0.43827054446930847,0.6829999999999999,0.7577529552834923
NAC,2006,0.17069589889270875,0.9004241817907963,1.0,0.8752233924551636,0.4399084443722764,0.7742809481315253,0.4459397336048576,0.693,0.7541812092796047
NAC,2007,0.1766691233201631,0.9072967509745267,1.0,0.8778455895052248,0.47484812125955134,0.7757838452283335,0.44317351255082915,0.748,0.7563417836792867
NAC,2008,0.17652889346530395,0.8843893335225488,1.0,0.8824329780137967,0.4479705755653399,0.7746550941532265,0.4324697622617615,0.743,0.7631159796217681
NAC,2009,0.16387591488332362,0.8943110356100976,1.0,0.8932578999766858,0.358690625552659,0.7695131896620396,0.38989293633566935,0.7190000000000001,0.7889479172779876
NAC,2010,0.17123528922959202,0.887600065430342,1.0,0.8953670070050705,0.3987691472709985,0.7721483925093929,0.3952383063225062,0.725,0.7840240083108418
NAC,2011,0.19153928314777505,0.8782844531370269,1.0,0.8945810897071147,0.3968214433456252,0.7734001024056488,0.4002760699750487,0.71,0.7781904832664202
NAC,2012,0.18700477257490372,0.8795191490448362,1.0,0.8947969690357098,0.391869376716517,0.7754204688652814,0.39343081299642146,0.755,0.7816539927692041
NAC,2013,0.20377020496751896,0.890826696747266,1.0,0.8939374655845014,0.4076671441760214,0.7773440668308048,0.39467935865989623,0.728,0.778274246391315
NAC,2014,0.18640811853280537,0.8918223941984023,1.0,0.8936476667578952,0.39023962256536715,0.7798135606117244,0.39683194608441874,0.7440000000000001,0.7787961657251992
NAC,2015,0.1741313309458272,0.8907747169476448,1.0,0.894079987273714,0.47208405650667185,0.7826134942208415,0.37201948299100396,0.761,0.7924086291279759
NAC,2016,0.1639695522708407,0.8942413535432179,1.0,0.8947929749450814,0.44761018439755573,0.783951566362253,0.35655160250712625,0.861,0.8010288801644445
NAC,2017,0.1649580690675293,0.9035763549149551,1.0,0.8953446516750758,0.409012409879353,0.7864613134820325,0.3676321846503714,0.878,0.7956842366724355
NAC,2018,0.15839110628226044,0.8903209639622074,1.0,0.8948139938818818,0.3592600256064442,0.7897031033594598,0.3732594958204891,0.891,0.7923497239437229
NAC,2019,0.15074117466056933,0.9044300404766565,1.0,0.894997673778299,0.3866902138351931,0.7924425027669447,0.3637202753943489,0.897,0.7980434369528564
NAC,2020,0.16416737820387522,0.9313851616077344,1.0,0.8973736144899034,0.33175463710820213,0.7882396234353265,0.34158565696777154,0.905,0.8100248774152843
NAC,2021,0.16378367219697737,0.9337866751886355,1.0,0.899793557291019,0.4222175965802322,0.796474047201234,0.3576016740650685,0.915,0.8008043236877151
NAC,2022,0.5506504570452182,0.8979081703199734,1.0,0.899472313097287,0.3934876409163972,0.7992366486374477,0.44906336515641654,0.9259999999999999,0.47025224976853747
NAC,2023,0.42996232268199297,0.9037092089424146,1.0,0.8995835599337787,0.3736652254706647,0.801698366095546,0.5200935750051383,0.9329999999999999,0.4773549998523062
NAC,2024,0.2948824867377898,0.9097096754868166,1.0,0.901890664775931,0.3596360630824396,0.8038392366751578,0.6007995073597092,0.9440000000000001,0.4885433344953398
NAM,2004,0.5448863739498392,0.6031931948769321,0.0,0.7074780487860828,0.5041578645274679,0.3854405714292116,0.504520497850484,0.0380472,0.5518573142595731
NAM,2005,0.5769103052535408,0.5647190644518945,0.0,0.707646227764227,0.6340493374488431,0.38724611597106595,0.49875659282788676,0.0401005,0.5321191697525758
NAM,2006,0.5612639779241402,0.5695132584065549,0.0,0.710795351167266,0.7803041035699829,0.39530859008277763,0.5934361774217722,0.0439887,0.4696195737150335
NAM,2007,0.5326030694669441,0.5738743759785057,0.05986875873578068,0.7132712344123298,0.776696290812225,0.40097204587741275,0.6200374474762937,0.0483561,0.4194462467702973
NAM,2008,0.5084613513463725,0.5695132584065549,0.02582938936209711,0.7137222357733668,0.8514087099668881,0.40273599324414533,0.6552320670674514,0.05329,0.39623308191912265
NAM,2009,0.5250965565545315,0.5558912979589349,0.07014345671578504,0.7120912112851054,0.8876178908681047,0.4010298698057192,0.5707755562314092,0.065,0.4698364622669131
NAM,2010,0.5329729519604394,0.5993073572484615,0.07778985303568131,0.7126797469877939,0.44771287575773344,0.4072927653381583,0.5478949094787051,0.11599999999999999,0.49193670268580414
NAM,2011,0.5241951468388744,0.5637746617802664,0.023168887097241075,0.7180168630677426,0.7016251754334804,0.41200953382526107,0.5804375776129709,0.12,0.49526265213857856
NAM,2012,0.5226424449019427,0.5929775709616592,0.1275099321193398,0.722672500275984,0.803755848884306,0.4159439713459333,0.5911355034967232,0.129414,0.4914015600985895
NAM,2013,0.5164257794167132,0.5893050631932238,0.15158861922043343,0.674589199043206,0.7039364437052991,0.42009577771055395,0.532063533055908,0.139,0.5512875976107883
NAM,2014,0.5248564039956917,0.6086405399735173,0.17517486495029733,0.6926897030194672,0.5172123611882102,0.42488688549465803,0.5335543498841671,0.1484,0.5507361830059212
NAM,2015,0.4824642292800975,0.6612120486366826,0.24756425013375694,0.7210594066643403,0.7656549534535338,0.4270969419861509,0.5502708419476194,0.25687899999999997,0.5543827051099042
NAM,2016,0.4846265300071842,0.6709103281155615,0.20513310048170919,0.7410155463383705,0.5017583735533195,0.4232314053724576,0.5493850474401649,0.310333,0.5514156134354931
NAM,2017,0.5124652832010825,0.6593848941533877,0.26713106248675533,0.7448243983370126,0.42557302889964854,0.4177631666549403,0.5233820748514582,0.36837400000000003,0.5645405552591676
NAM,2018,0.5149842852197656,0.6619361724479726,0.2628114798329628,0.7467937355219258,0.39550235969683417,0.4152697093196128,0.5379016256550546,0.428,0.5529067781740151
NAM,2019,0.4956081663048418,0.6784462772593616,0.28424940599183124,0.7442779703764493,0.19244694477310728,0.40998413581566007,0.5411524057733219,0.498,0.561726533880571
NAM,2020,0.5500689161119976,0.6840369555373642,0.2628114798329628,0.7388558509546526,0.19167944268789588,0.39349989935044805,0.5185603746493912,0.578608,0.5668747737440754
NAM,2021,0.559387190543539,0.6717960920028887,0.323915246972045,0.7385894635300434,0.724945554019961,0.39435215638118415,0.49215974875115065,0.6026,0.552619086867927
NAM,2022,0.5405070700983882,0.6451658250606933,0.3442566423376112,0.7399567334372965,0.8307989635168909,0.3979541687772411,0.5422477931929204,0.611485,0.5152294588125601
NAM,2023,0.5125065478497287,0.5427089949181175,0.35429436644951107,0.741701994942189,1.0,0.4006207782551464,0.5944815053659391,0.644061,0.4811165714995256
NAM,2024,0.5016436986504503,0.5850364162789397,1.0,0.74386411704966,1.0,0.4026629394143234,0.5726579763337867,0.6766036000000001,0.5000573290486181
NCL,2004,0.24166687521500577,0.8057406875013265,1.0,0.8457106819014562,0.314358551993468,0.6971962848691127,0.5008073636163428,0.30297999999999997,0.6590361928857291
NCL,2005,0.22036492094257576,0.8051414457322863,1.0,0.8477761550464091,0.27699129089066715,0.699984114918897,0.4931753686765048,0.32359000000000004,0.6687846247346636
NCL,2006,0.23650027908407228,0.6160215613689902,1.0,0.8460105618364495,0.9825358651254266,0.7158922577609104,0.5564009431974084,0.33515700000000004,0.6306170036913281
NCL,2007,0.1929624773382362,0.7434251186040115,1.0,0.8472936366209249,0.5920484910831327,0.6545077657055686,0.6206021180122099,0.3505,0.5811978226898806
NCL,2008,0.20479938793033697,0.6566728535770314,1.0,0.8480322019905171,1.0,0.6966651866963425,0.48184338939199134,0.34509999999999996,0.6751200118511842
NCL,2009,0.2076797638502171,0.6583447017396796,1.0,0.8509223818190694,1.0,0.700177798327686,0.454059265989569,0.33990000000000004,0.6978276556094771
NCL,2010,0.20047694206478173,0.6568989399934717,1.0,0.8495527343173985,1.0,0.697823655727955,0.5249653028173198,0.42,0.6535264434808843
NCL,2011,0.20285357169759544,0.61467874280485,1.0,0.8480395889632071,1.0,0.7307304880959612,0.5088584656446431,0.5,0.6606739410595943
NCL,2012,0.22915839037128108,0.626744064607986,1.0,0.8485216211531288,1.0,0.6124136557822262,0.45804517351449303,0.58,0.686021595244998
NCL,2013,0.23528757284972185,0.6327367602197429,1.0,0.8490521662331303,1.0,0.6426299836784805,0.4538684081206441,0.66,0.6888671746645745
NCL,2014,0.24043113931312593,0.6923410962053589,1.0,0.8508060194957454,1.0,0.6715296193257486,0.4818564579228102,0.7000000000000001,0.6753937560977161
NCL,2015,0.25225042363098865,0.6502345889798475,1.0,0.8515392229268,1.0,0.6979731135914319,0.4434693862782939,0.7400180000000001,0.6958699372643693
NCL,2016,0.2533419832798177,0.7256148316417325,1.0,0.8567747909019503,0.8880955922311391,0.7933745054014572,0.3993661245613047,0.6839464000000001,0.7149235121836699
NCL,2017,0.2601839338976323,0.7368338776948237,1.0,0.8562979136461308,0.6290749477343053,0.616287115537478,0.4245310155523392,0.820058,0.7004688810044906
NCL,2018,0.3167225741594958,0.7664120182701147,1.0,0.8817362998554898,0.5094635228681585,0.8491601432467748,0.2971997443962063,0.9464988,0.7245172608886059
NCL,2019,0.24160509742690373,0.7154395955877939,1.0,0.8746227346553459,0.7809140567287816,0.7726685315245894,0.44838225972832757,0.6344706,0.6578226730813914
NCL,2020,0.17482668936436954,0.753719100555845,1.0,0.8761241256300498,0.677562448974353,0.8246125579222806,0.55367939910502,0.9282353999999999,0.6667879309926468
NCL,2021,0.43811418754611997,0.6214328706274427,1.0,0.8749159899449555,0.7969078423967417,0.8309088907513857,0.25985357056619696,0.5951612,0.5552938773144614
NCL,2022,0.5264397823153283,0.6022665442127471,1.0,0.876061600169086,0.754913253574593,0.7823674178705075,0.273701528935786,0.8283223999999999,0.7108979273897849
NCL,2023,0.5382451899581028,0.7139559811272738,1.0,0.8779040716487709,0.7418490788889205,0.7611796217101219,0.18992717439430015,0.7896145999999999,0.723140063659611
NCL,2024,0.2731402742675435,0.6435271501556818,1.0,0.884088560972359,0.836512201879845,0.6469242177419046,0.6220146889445498,0.5790084,0.45955901198153193
NER,2004,0.8669784715618544,0.10155340134102131,0.0,0.0,0.3262680937823208,0.06509236065022062,0.3386024053356129,0.00189934,0.19488548763706603
NER,2005,0.8785544930176737,0.07862514135912224,0.0,0.0,0.3578908211977769,0.07008191774607186,0.298817634897814,0.0022134100000000003,0.18431708414742243
NER,2006,0.8812888143302984,0.07500467506539538,0.0,0.001983087252669602,0.33917585484132445,0.07312976269393101,0.3074267158903241,0.00294034,0.173357125591588
NER,2007,0.8652495043918689,0.18826365333176742,0.0,0.0029198981735178986,0.3965168433836619,0.07228006797101272,0.38767449004822474,0.00390391,0.17149126846937213
NER,2008,0.8755430529403258,0.21383426751838713,0.0,0.012951028198560088,0.5364671317690546,0.07770358652712706,0.4247114780659751,0.006999999999999999,0.09688931027696901
NER,2009,0.8503352960082515,0.23365098068482731,0.0,0.012188448277747899,0.8450658407528551,0.07513520248538386,0.4486630553952855,0.0076,0.16085807050884648
NER,2010,0.8571443117753931,0.23686551151222618,0.0,0.024031164317472653,0.9443643820787775,0.08165910427978429,0.46270356528190315,0.0083,0.11745667802372273
NER,2011,0.8426288011899764,0.25587409638277764,0.0,0.02278731161373604,1.0,0.07964452158201729,0.45805335016234583,0.009000000000000001,0.1552788056805916
NER,2012,0.8428642630699033,0.256867356173146,0.0,0.04139272485224166,0.8647712235559597,0.08870499913812058,0.5318607237843207,0.0105,0.11368307616404083
NER,2013,0.8327091820253256,0.2666583190150948,0.0,0.0379348496952574,0.7418673564914178,0.09076234172470654,0.5228147928943565,0.0115,0.13885399364107487
NER,2014,0.8411256573042323,0.27090906053561187,0.0,0.040220148413535384,0.7770589486107855,0.09473370276854898,0.4752403103667542,0.012486800000000001,0.16461785991233935
NER,2015,0.834011296084017,0.282012229418286,0.0,0.032468240168003204,0.6398518242943043,0.0956064992066894,0.4529249863925686,0.0247622,0.19820660973866877
NER,2016,0.8535003039396477,0.2857374578825875,0.0,0.026734043919051098,0.47260530377852306,0.09837037995895481,0.4244996849395355,0.0432276,0.19236516484321786
NER,2017,0.8571150407567947,0.28458544844101,0.0,0.0205859870477183,0.48109725690031024,0.10028854082723482,0.4205711214841621,0.102243,0.18192164174803915
NER,2018,0.8682545135710054,0.2615541278878419,0.0,0.021412769041351254,0.5202845833515228,0.10537718385789441,0.38822632075036934,0.09951711999999999,0.1574065996113747
NER,2019,0.8646065087440049,0.28105053135383334,0.0,0.018196272278128145,0.6461106084961779,0.10885963387634756,0.4093711100728399,0.166119,0.15215464344322305
NER,2020,0.8731364027761185,0.2896796909900205,0.0,0.0,0.4547871799272766,0.10913388816713843,0.4012091941763556,0.17037500000000003,0.14146121868714445
NER,2021,0.8613782130275397,0.3119192604836197,0.0,0.0,0.5435669900027196,0.10640980914501297,0.41512013604639386,0.17474,0.16426088956590634
NER,2022,0.8905038325178689,0.30318878960376067,0.0,0.0,0.6913422673007028,0.11798959487659344,0.3681644257666232,0.23298200000000002,0.10156531956923676
NER,2023,0.8346442843121924,0.2781551472756026,0.0,0.0,0.6837064905284778,0.11561171314738927,0.3451570766450698,0.231879,0.36217780175178005
NER,2024,0.8481751159589073,0.261551393428813,0.0,0.010872849645250149,0.40126694870533264,0.12506324493164978,0.33360789513754807,0.00551445,0.33389291238361407
NGA,2004,0.7937935920716165,0.2236945102847448,0.12018719500917285,0.4941435722954983,0.37385528041845734,0.28753935985977563,0.5646186932716222,0.0128614,0.30087235347825514
NGA,2005,0.7839544138468112,0.22306418511722265,0.13720181453481395,0.5018603524249401,0.4686061095539618,0.2925750492025553,0.5613825128674483,0.035491600000000005,0.3271973220071893
NGA,2006,0.7717251450956447,0.21545926443627111,0.15634461449771742,0.5108300026629511,0.4165071272975335,0.29710417830494407,0.5173001462167608,0.055450400000000004,0.39851673052183134
NGA,2007,0.7710532411363616,0.3239318801164304,0.21419662233561887,0.518686973974261,0.4251915361896713,0.3023436189764387,0.4901218412203696,0.0677,0.42467622970839836
NGA,2008,0.776719977642435,0.38732020568603126,0.21870181251886756,0.5254822244737269,0.44110637091183763,0.3078004413611434,0.49740369370766646,0.08,0.407239531627249
NGA,2009,0.7896906486937926,0.3983756862030346,0.2119374106036549,0.5330516952526754,0.4727682599638966,0.31497240085401257,0.42430892638021867,0.09300000000000001,0.44232771303223606
NGA,2010,0.7637998730360671,0.31924353233845976,0.16579816923338875,0.5429392912971083,0.3908866225221188,0.32209114164637354,0.5090683121434056,0.115,0.4390189881106563
NGA,2011,0.7473545734476104,0.2777805099490101,0.338191805117277,0.5517811808069673,0.4228436128447273,0.32552863764173223,0.5626938111282744,0.138,0.41200206479864887
NGA,2012,0.743477268744422,0.26945865067161584,0.27785976515883615,0.5555323257135543,0.3831882582500886,0.327514788694094,0.5415546250406502,0.161,0.42857794147062656
NGA,2013,0.7317034081542632,0.28671232270757424,0.33209490693451027,0.5599281461347076,0.35362626788875123,0.33294674085180576,0.517124958510065,0.19100000000000003,0.4657750922289896
NGA,2014,0.7231307000210074,0.31622641395532597,0.3032086365517248,0.5698330208220437,0.33722222366930577,0.33799119720690685,0.4960198044921793,0.21,0.4951327839013655
NGA,2015,0.7303105390485155,0.31277706340858963,0.26713106248675533,0.5779379041073742,0.32446811291087546,0.33811010507756156,0.3993582196014458,0.225,0.5570904932888765
NGA,2016,0.7341509237185523,0.3358929409902683,0.40512718320739527,0.5838006800415787,0.33955970866663254,0.33215806090219047,0.34973589620339207,0.24100000000000002,0.5818204730596097
NGA,2017,0.732665281647225,0.3091389851081842,0.30737980645230945,0.5884522523284823,0.32581404448162626,0.32979426696829683,0.4481316968564488,0.259,0.5214388284569713
NGA,2018,0.7365325215296453,0.2624321938502073,0.350289754022012,0.5931623228368541,0.2959840264280463,0.3292027354297148,0.5169553496635966,0.277,0.45991616617261055
NGA,2019,0.7808146972094292,0.21056097698129544,0.32801232844007355,0.5993358045295563,0.306470948939087,0.3291882176338402,0.4190163017319706,0.297,0.4745937575657875
NGA,2020,0.8030299846047142,0.23064371244524057,0.32801232844007355,0.5870092810831182,0.3099542490043207,0.31654856796948805,0.3547450360180051,0.318888,0.46611580131112795
NGA,2021,0.8113567515713028,0.2519595328032764,0.4089461510026826,0.592533131930987,0.319418416352378,0.3151077058093227,0.3518514140419169,0.35509799999999997,0.44795631265622227
NGA,2022,0.8046990772064809,0.24834832499414877,0.4278535780626518,0.6023454426064454,0.2821419505605707,0.31820602197479186,0.3752109977576341,0.376975,0.4456398449279848
NGA,2023,0.7978789346501887,0.46189496636584215,0.44090673363295085,0.60899306974735,0.30902428419730843,0.3199099207409869,0.37424185627012285,0.392136,0.45481077386819413
NGA,2024,0.7820459404622465,0.3224630759488306,0.38674622391568647,0.6160951053098711,0.3118913362635426,0.32266539692448204,0.3503551776071414,0.3480194,0.48825931366940534
NIC,2004,0.6724170878592031,0.3985267255988942,0.6750396132627001,0.6106546990751145,0.5648790910378753,0.26440941600591705,0.42792083634917844,0.0232066,0.43375291117033976
NIC,2005,0.6747812197852667,0.4287582578162074,0.6536528003240809,0.6124207107601802,0.5322397367755622,0.2686012549249134,0.41815873763844924,0.0256635,0.42284184530286373
NIC,2006,0.6714432542424571,0.4625425780783979,0.6915696674610237,0.6140303610537381,0.5599783767399631,0.27243485195503025,0.4160828187798524,0.0280557,0.4887429453510048
NIC,2007,0.6792394949426336,0.5101686521209428,0.7004871903957639,0.5958347564462811,0.6186520131014521,0.2775349365552783,0.41264360820919643,0.039,0.4816896367659025
NIC,2008,0.6765126119333162,0.49954293792714205,0.7093362917645027,0.6223886355056769,0.7644804746279918,0.2803565119156147,0.4405031824346932,0.053,0.4745817272083439
NIC,2009,0.6738018225386699,0.4783175737705851,0.7151981962279699,0.6268864587240608,0.6242919584632971,0.2734326123357885,0.4206510118751936,0.073,0.49589843075606144
NIC,2010,0.6862540808043148,0.46520842136900403,0.7469166938152734,0.6282384314739073,0.6480349832943471,0.27763464147542105,0.44060131916772693,0.1,0.4551370246553508
NIC,2011,0.7102298029897761,0.46041364509721744,0.762454711344458,0.6284355431566531,0.9074306146851334,0.28447213526182125,0.4659787024054365,0.106,0.3978432865966468
NIC,2012,0.6944513796427757,0.48029976676182456,0.7638569330617182,0.6303440325939134,0.7633433357735635,0.29156740936151404,0.4941346739450281,0.135,0.3904583443387506
NIC,2013,0.6796429968267635,0.5028516535677718,0.7722346494659673,0.6347391840356806,0.8558908969253023,0.2965297187652641,0.5104077042662927,0.155,0.3962874731480768
NIC,2014,0.6825980030868498,0.5160212806707596,0.7722346494659673,0.6385908623773142,0.8738797203128679,0.30132162940101004,0.5048644803072502,0.17600000000000002,0.3996146921065882
NIC,2015,0.6743917551344095,0.534467368902452,0.7901802585193369,0.642238594039684,0.7773466492220193,0.30614341679507795,0.5169815309900521,0.197043,0.4000523286494122
NIC,2016,0.6571338247164185,0.5444785338016043,0.7997288530287223,0.6473216462916378,0.7685149271725502,0.31066654233855384,0.5181126167396746,0.245718,0.4159317780724203
NIC,2017,0.6583453537493946,0.5667478038537794,0.8091990417717989,0.6512288879079615,0.7728069276862605,0.31530277479533864,0.4994164194107362,0.304,0.4301815833854623
NIC,2018,0.6631531193643784,0.5515965631554887,0.8172549107554259,0.653336301991982,0.7025224523665647,0.30842531521308547,0.5028795929602541,0.33913,0.4428482116334105
NIC,2019,0.6661664100310495,0.5051944473293375,0.8239254164546486,0.6556143935720011,0.5417973536314225,0.3022776961420569,0.4888539259122773,0.37831899999999996,0.4334754188906076
NIC,2020,0.6715436581556999,0.48820575724194665,0.8279092795535883,0.6444960836133555,0.6657620901589292,0.29718106813034495,0.5180271048768024,0.422037,0.4007459090305998
NIC,2021,0.6690360155840475,0.4748606547256328,0.8318794288109439,0.6443619513267018,0.7636560734544101,0.30986193253828154,0.545356176004135,0.470806,0.3558068690323388
NIC,2022,0.6838605389703447,0.48752731745322303,0.8345186226865859,0.6470814334691726,0.8197827665169988,0.3130599021862025,0.5208973584148529,0.491307,0.35933000536381154
NIC,2023,0.6632460621633426,0.4897739593510895,0.8580034725554357,0.6513956048378722,0.6911472595607404,0.31735595339450373,0.5438489268680533,0.582314,0.36191497695130304
NIC,2024,0.6494631609502122,0.48776746095133033,0.8215402584936055,0.6552081742681914,0.7308948333754809,0.3205163103380043,0.5501500322160693,0.3835836,0.3680907278678922
NLD,2004,0.24906036387316496,0.7802816362565985,1.0,0.880221847402574,1.0,0.7415489561159053,0.3944448363074833,0.6851999999999999,0.6852109771804171
NLD,2005,0.2487758135820249,0.7872204186471734,1.0,0.8696676126763805,1.0,0.7441326083755418,0.402179597623485,0.81,0.679749698847353
NLD,2006,0.25602670888814155,0.78152373769499,1.0,0.8768374607593237,1.0,0.7489455140041744,0.4067089084063482,0.8370000000000001,0.6744103736413498
NLD,2007,0.24548141880364607,0.781051027597234,1.0,0.8833805374048618,1.0,0.7541627944411281,0.4057484973630461,0.8582,0.6791742587825786
NLD,2008,0.22987445245105373,0.7760702860680753,1.0,0.8906338681321371,1.0,0.7566383651743968,0.41395326710845626,0.8742000000000001,0.6771254003642206
NLD,2009,0.22197118932006088,0.7878909893764172,1.0,0.8962494656881734,1.0,0.7504714181177433,0.3854360078127914,0.8963,0.6997162532971957
NLD,2010,0.24174794436153407,0.7815975673326705,1.0,0.9024674394813514,0.7055578419183384,0.7516294454398528,0.3698009542426066,0.9072,0.7049866716851128
NLD,2011,0.22497470143280054,0.7826211454104233,1.0,0.9092289267028497,1.0,0.753503982134717,0.3789856326050254,0.9142,0.7062777851590436
NLD,2012,0.2338488829983851,0.7874562999137937,1.0,0.9048918635288685,1.0,0.7515403641755564,0.37902800939001247,0.9286,0.7087806751971479
NLD,2013,0.24656868137663301,0.7815479962130869,1.0,0.9142850314448436,1.0,0.7510685164280803,0.3630432042568772,0.9395640000000001,0.7122950753587944
NLD,2014,0.2428727115704408,0.7859028895206328,1.0,0.9182571354932296,1.0,0.7528683565470208,0.3366783368230206,0.9166670000000001,0.7241043373359712
NLD,2015,0.2432976681291007,0.7759020849330727,1.0,0.9155179604193275,1.0,0.7552710328148761,0.32943481953813025,0.9172410000000001,0.7271397773012294
NLD,2016,0.24817667788158218,0.7809930116319463,1.0,0.9185045683245914,1.0,0.7579756016619216,0.31696806342816153,0.9041100000000001,0.7282868887705995
NLD,2017,0.2566725672600544,0.7741333812710247,1.0,0.9148043483685719,1.0,0.7610999301523081,0.3213439440351493,0.931973,0.725315101404032
NLD,2018,0.23934645659639095,0.7625431656322996,1.0,0.9196956284366862,0.0,0.7634945703824828,0.3269507522976176,0.918919,0.7238500930460865
NLD,2019,0.23925439135086707,0.7514207539767221,1.0,0.9211107500747304,0.0,0.7658446354438694,0.3211146929823523,0.932886,0.7234554065070222
NLD,2020,0.23739448881755312,0.7552465610669188,1.0,0.9226723662962986,0.0,0.7593120968427854,0.32846863874696397,0.913333,0.7180676941767667
NLD,2021,0.23007721033671413,0.7404570735339322,1.0,0.9332959261358504,0.0,0.7673890258363366,0.33733095911354316,0.92053,0.7132894930829847
NLD,2022,0.228933789414311,0.7281691033585331,1.0,0.9342073385753737,0.380144853694496,0.7730975666458609,0.3622586789159121,0.925197,0.7085734834287254
NLD,2023,0.23862133851258288,0.7196650405351972,1.0,0.9340123408256917,0.0,0.770789500883213,0.34949584474205886,0.970068,0.7209915549285166
NLD,2024,0.23672389691898024,0.7113645069183254,1.0,0.9366854336040285,0.19264677639165573,0.7714084296845028,0.3323950902278654,0.5096892,0.726451941087856
NOR,2004,0.1995445117404972,0.7653379526937618,1.0,0.8725569712899603,0.40468887674234966,0.8211411770248785,0.672591515323337,0.7769,0.46092578440998366
NOR,2005,0.20197454933164352,0.7686083072283274,1.0,0.8742912626087342,0.4952036179848233,0.82399883134987,0.711822308948914,0.8199,0.41699021640431866
NOR,2006,0.20258499084462545,0.7480612030166245,1.0,0.8729254630026042,0.5068453620257489,0.8263595204845505,0.7327880033556318,0.8255,0.3868673081647023
NOR,2007,0.18531520607554286,0.7696203464009179,1.0,0.8752220487139688,0.6849646441798194,0.8290270485212387,0.702003771333189,0.8693000000000001,0.4247585840330479
NOR,2008,0.1722014425967783,0.7935669318097174,1.0,0.8741024343405046,0.5720772356260271,0.8279157503242737,0.7419585500356183,0.9057,0.3928126402373828
NOR,2009,0.18916322877407213,0.8085051263924081,1.0,0.8840160188941404,0.42887843703365214,0.8232408000755324,0.6648394202972767,0.9208,0.47947811238826965
NOR,2010,0.2181176319693175,0.8086849423932374,1.0,0.8855188640437763,0.610652283493423,0.8225706061534724,0.6709785842232019,0.9339000000000001,0.46443341454790366
NOR,2011,0.1963839413762865,0.8040024575861955,1.0,0.8871123255459503,0.41767359507374624,0.8222837698288291,0.7020730701135085,0.9349,0.43536898314795813
NOR,2012,0.17159636913824855,0.7998824303465839,1.0,0.8866278285384994,0.6380910626117895,0.8242698943929799,0.7001416828089808,0.9465000000000001,0.44430976939204125
NOR,2013,0.19096360739010462,0.8026316092861241,1.0,0.8873664762173634,0.26708826699037963,0.8239823638636993,0.6841665793053642,0.950534,0.4605965857256771
NOR,2014,0.20437942634481013,0.8097410669262242,1.0,0.884747613362352,0.326075721177458,0.8252883670610397,0.662093692191043,0.963005,0.4834436995525411
NOR,2015,0.21402593592395933,0.8257870675634511,1.0,0.8905763765086543,0.4059799386532158,0.8265152787496411,0.6167436607880417,0.968103,0.5242387768850243
NOR,2016,0.26191907882770027,0.8370213717095096,1.0,0.8942354190009016,0.0,0.8269174046437641,0.5670191923897623,0.972982,0.5542127620173702
NOR,2017,0.25269508619497205,0.837471293272527,1.0,0.8921366705330542,0.37960630112205884,0.8292780045199127,0.5993912084521791,0.9635760000000001,0.5289631543830096
NOR,2018,0.24374028565169867,0.8331803875305392,1.0,0.8976121889561188,0.20020068471437763,0.829518132853505,0.6326318154750563,0.9649169999999999,0.5019112013633582
NOR,2019,0.24129014547254501,0.8437028657527694,1.0,0.8926405131587023,0.5440230519398522,0.8301603448713498,0.5885911456144941,0.98,0.5447617054213709
NOR,2020,0.2465004849384297,0.8638566733715491,1.0,0.8932049934554378,0.225933949556389,0.8274383622946763,0.5381409678790938,0.946076,0.5791618973303159
NOR,2021,0.22501372130600675,0.8253490863556927,1.0,0.8965959820775158,0.5213301165012199,0.8322278379843179,0.7056724147778377,0.99,0.4351959935851646
NOR,2022,0.22825384846455,0.7761861718586496,1.0,0.8961067400121654,0.43985197112661645,0.8355610717825427,0.8332269032606325,0.99,0.26953933574974487
NOR,2023,0.26552664302984874,0.8083267033932684,1.0,0.8976687184588044,0.46978393193899515,0.834013356861624,0.7205064996805157,0.99,0.4246032396493091
NOR,2024,0.2652014852165882,0.8108196612315033,1.0,0.9013427515391808,0.4461060045894293,0.8356473972038797,0.6932647276591282,0.8678696,0.4563896012944282
NPL,2004,0.8496115283900112,0.4676715232844067,0.0,0.4931629476936523,0.28364758263943857,0.12367310323945169,0.30830361042191434,0.00449844,0.3366656100520937
NPL,2005,0.8438516220835338,0.4803032799902543,0.12018719500917285,0.499724127848594,0.28598354331219417,0.1270074858643193,0.3028544202619361,0.00826551,0.34936163702375866
NPL,2006,0.833650603611374,0.5114107233073353,0.2387601827982575,0.5054184306671954,0.27923701018780833,0.1304002161762906,0.2912260012285881,0.0114139,0.38846360032661575
NPL,2007,0.8249015639556078,0.5370011774412349,0.26928480208626393,0.512207283693924,0.2876398291735125,0.1340502282541799,0.2854505963368288,0.0141,0.4036933114849006
NPL,2008,0.818449142699127,0.6084507301068127,0.3402169631799863,0.5182909698838687,0.2845372033911998,0.14155225740376498,0.2906957689000864,0.0173,0.4113149242494787
NPL,2009,0.826071799408444,0.6383974691632148,0.40512718320739527,0.5244607537167552,0.3033962053223318,0.14699883080206044,0.2608165520611203,0.0197,0.4007653235557411
NPL,2010,0.8393902152683829,0.6206193891336791,0.5705517477713391,0.5290227947854813,0.3197038261647908,0.15291928987717074,0.2329418039283857,0.0793,0.36004701616625523
NPL,2011,0.8222257228841512,0.5850098032086981,0.5488059928158613,0.5327934567770942,0.31238368022894347,0.15714842569180254,0.20548901292907695,0.09,0.3878976694016152
NPL,2012,0.8166934230830127,0.5957593465214057,0.6750396132627001,0.5407925434078362,0.31159469189658334,0.1633941670722705,0.22548682150674515,0.11149300000000001,0.3894386983645992
NPL,2013,0.8052721323681944,0.6033248371298794,0.7078661485184323,0.5466486632654184,0.3058039546940321,0.16812709940518944,0.21944416459019567,0.133,0.40330350058996167
NPL,2014,0.79574050424473,0.6201231079228813,0.8132340099237059,0.554591874703326,0.29272514424937246,0.17615870603507577,0.21143368226155723,0.1544,0.4176798829732222
NPL,2015,0.7877029925172349,0.6297777582324415,0.7736250380856884,0.5598224469889681,0.29788487600246866,0.18102165881768606,0.1973208538085136,0.17581600000000003,0.43472295261594107
NPL,2016,0.7788708739226192,0.6749619155563016,0.8885907384926099,0.5606158371233123,0.312149264070357,0.18096290767789025,0.17900843710046077,0.207,0.4528419355624336
NPL,2017,0.7619328215391601,0.6728903281042091,0.8358359583185289,0.5655480379311606,0.3281085565134956,0.1931395312637939,0.18658320924034522,0.24300000000000002,0.4570988421921882
NPL,2018,0.7483782380753314,0.6945928354388318,0.92815139187109,0.5731751711236779,0.2974376271931919,0.20343820992124229,0.19870382098466854,0.28600000000000003,0.4527130919933122
NPL,2019,0.7405746376445126,0.7020657494956788,0.8784848493388813,0.5793417320571423,0.31934636387150134,0.2110679721482035,0.19192880367088416,0.333366,0.46001143218932716
NPL,2020,0.7467933595108284,0.7272200949771519,0.8784848493388813,0.5626334320624693,0.30866920249478913,0.2047971775239953,0.15609194526475578,0.388576,0.4916621331272384
NPL,2021,0.7451558686184329,0.7624273221732991,0.8784848493388813,0.5600991021331843,0.3186232587233391,0.2091257166668109,0.1461516330258139,0.45293,0.4518105577705267
NPL,2022,0.7334041393070123,0.7418377619441374,0.896112464416194,0.5659199968637432,0.2944601145647799,0.21589284201543724,0.16122875151891547,0.538878,0.46675110093515837
NPL,2023,0.7375499162919485,0.7348994634395201,0.9293660599353171,0.5677613375062012,0.2958836455904075,0.21884170967754846,0.1531679450646224,0.557716,0.514608404234056
NPL,2024,0.7436029626266543,0.7362367728668808,0.892186614473631,0.5715101329407064,0.29264992384511446,0.22427562734166162,0.13148583187704777,0.45429319999999995,0.51218990087991
NRU,2004,0.4900785676506419,0.6777323354860456,0.9885240125752848,0.5387979202610458,0.43331775782652465,0.4323447083712547,0.6197390085274543,0.25183999999999995,0.4651206014889371
NRU,2005,0.49648062044693964,0.6777323354860456,0.9885240125752848,0.559320142367917,0.3941642624909283,0.4325034882416533,0.6004131444531102,0.2243798,0.48990387036523086
NRU,2006,0.5157585836953302,0.6811817529955884,0.9885240125752848,0.6523238987238077,0.43055170354093464,0.4444942980652341,0.5405334730468834,0.43532000000000004,0.5342790469039558
NRU,2007,0.5430036259583384,0.548045755128306,0.9977139195282607,0.6632498988248469,0.5608906722212416,0.40849250379733737,0.615186000540547,0.5450262,0.3597851004268633
NRU,2008,0.482652325331231,0.636180065555868,0.989676763516206,0.5383111332520242,0.49425950445853495,0.4351121946843298,0.688745236315612,0.2332398,0.41928287888519283
NRU,2009,0.5477780179154321,0.46485145262206695,0.989676763516206,0.7196501717624431,0.3877847535472107,0.4267152319160453,0.64841011915792,0.3037512,0.4058539930412186
NRU,2010,0.5861476500971226,0.46012278455080197,0.9908283634325308,0.7037588145976328,0.34505185411209394,0.4263245311195437,0.6056907121792305,0.35129140000000003,0.4573054130457425
NRU,2011,0.5159274054947061,0.6509606282271847,0.9885240125752848,0.6300507310777212,0.46279390846453133,0.445444253196167,0.5464197400865518,0.54,0.49655722645012457
NRU,2012,0.4939103142451134,0.6743467733491868,0.9931281193697661,0.7264665726396595,0.6471439899530985,0.47467553122759043,0.5736887733943673,0.6785680000000001,0.48350918286525574
NRU,2013,0.4485652499053767,0.6500882420682125,0.9931281193697661,0.7145842250152862,0.5927214201366784,0.47704876821369535,0.4699721812756561,0.5749196,0.5537659533286198
NRU,2014,0.4592542298765019,0.6055043311834242,0.994276279962726,0.7354872769282185,0.5120984349073926,0.49531986836187103,0.6149322241692017,0.49512,0.4000576856072722
NRU,2015,0.4214700599186842,0.6042910186569321,0.9885240125752848,0.7382012325131988,0.49401513099885863,0.49736248927902305,0.6712376516297927,0.4128302,0.44122992275420503
NRU,2016,0.41276182447126625,0.6541449501297457,0.9965691777763395,0.7552154510765408,0.5014918188369246,0.5006654383039012,0.4427340817618292,0.45372959999999996,0.6140520649927566
NRU,2017,0.3125437044962357,0.5378367202048138,0.9977139195282607,0.802802273115746,0.40509627853338,0.4888969937722577,0.5991243074623076,0.623851,0.5711167812958046
NRU,2018,0.2687330539802063,0.552660585266825,0.9988575261865398,0.9089169839022467,0.6670914602803041,0.48571384992739863,0.5771556092501099,0.7486664000000001,0.5117373722398274
NRU,2019,0.4248943540609346,0.6876329820849445,1.0,0.9087654804663208,0.3978430630485981,0.4962329101045996,0.6020115592389115,0.747379,0.45761053956118863
NRU,2020,0.4087138624878609,0.41072007862794047,1.0,0.9117498244452108,0.11015430453673736,0.4978010237279903,0.6705053788419262,0.816554,0.37397252724346847
NRU,2021,0.14744921775025377,0.6315683950585727,1.0,0.9117498244452108,0.5337425183890546,0.5078171994332407,0.6610484815622626,0.8494296,0.5285957842097487
NRU,2022,0.27024395349963526,0.4486622997958699,1.0,0.9109107808108794,0.0,0.510799067948749,0.7473690723259759,0.8016652000000001,0.52635860707734
NRU,2023,0.3853947471184987,0.6306931911634039,1.0,0.9079264368319894,0.34617572280008335,0.5109032224423448,0.6610484815622626,0.6828576,0.518967101164176
NRU,2024,0.34775477602720267,0.35999128526269464,0.9103455984418559,0.8040772639040025,0.05001618876757627,0.5120278689378929,0.6092443225817336,0.5361638000000001,0.6696110284360774
NZL,2004,0.4386241313101881,0.77067605254357,1.0,0.8230833058760911,0.4293198675115151,0.7136268180678026,0.4741393911697016,0.618476,0.6400942363580682
NZL,2005,0.4045386784345391,0.8627325169754132,1.0,0.8321357969136329,0.39218440810256505,0.7167755218044501,0.4820594590893734,0.627202,0.6458034076198049
NZL,2006,0.42386804253489674,0.7786800351196318,1.0,0.8289285474847534,0.45396547628087947,0.7189860646282275,0.4625998880822111,0.6900000000000001,0.6461305282857799
NZL,2007,0.4635951924328036,0.6234485784201904,1.0,0.8328235124233174,0.4896886996957877,0.7220027678479363,0.46204708351385726,0.6976000000000001,0.633386816260697
NZL,2008,0.4245613148240732,0.8502799313549252,1.0,0.8373620321267268,0.41043585116661063,0.7192869519196586,0.4713831047451138,0.7203,0.6441094553809825
NZL,2009,0.4521459174967145,0.8607062881290751,1.0,0.8447048569239701,0.281218796531749,0.7177813794840421,0.43228255884928757,0.797,0.6604181892573968
NZL,2010,0.47998531585874576,0.8607062881290748,1.0,0.8447384795619759,0.2967060036219563,0.7182696513603951,0.42740215657245617,0.8046,0.644831457973853
NZL,2011,0.47053220086683717,0.8602142824897949,1.0,0.848985894895669,0.33726405886360455,0.7201703459992316,0.4207999590695377,0.8123,0.6454641900616083
NZL,2012,0.4438433815650233,0.8493969096671687,1.0,0.8507534799081728,0.42581583738116396,0.7227694206644987,0.42074154970227995,0.816445,0.6548522890898139
NZL,2013,0.4940053869423621,0.860706288129075,1.0,0.8538952843807364,0.28165237230116985,0.7253651730488998,0.40335455029125633,0.8278,0.6470349766173986
NZL,2014,0.41528277292973087,0.8428637956524911,1.0,0.8509336057393893,0.3890291280630156,0.7284047443556628,0.42899294346157335,0.84,0.6615384172342909
NZL,2015,0.40235016301137577,0.8477646677860304,1.0,0.8425065155228091,0.28134172680659647,0.7307096590225842,0.42365717712285034,0.8520000000000001,0.6672650946238958
NZL,2016,0.4452272760526599,0.8515992827933048,1.0,0.8525527596203104,0.3531310782541247,0.7328339237656377,0.3996542706990962,0.865,0.6633305633481461
NZL,2017,0.45817206756695605,0.849142838073019,1.0,0.8518815624573346,0.35925475250549405,0.7346254364553585,0.408041061239532,0.877,0.6556580550966666
NZL,2018,0.44945455108034443,0.8492444379172164,1.0,0.8604721491048797,0.3594372078376399,0.7369776808847285,0.4045888893071985,0.89,0.6622971353460834
NZL,2019,0.4504576379069255,0.8524756737718264,1.0,0.8649133770176869,0.37796808196599285,0.7382532841610222,0.4042590331252496,0.8986369999999999,0.6618275625390098
NZL,2020,0.450998348214254,0.8583155974549141,1.0,0.8563852051002177,0.4306730773068589,0.7348549860704751,0.39499008652385004,0.952342,0.672231801552587
NZL,2021,0.4532566521077082,0.8526988263988662,1.0,0.8588991068868164,0.4199463740636302,0.7409448397679826,0.36662120455890435,0.961151,0.6844511534740301
NZL,2022,0.4067447982056523,0.8387758444596818,1.0,0.8532022803380603,0.5398102717576654,0.7460162244910246,0.38595513171622287,0.961942,0.6871840981299977
NZL,2023,0.014252393791337765,0.8311894990609694,1.0,0.8584386203243359,0.3960993706933605,0.7446856259097084,0.6802735582304773,0.961638,0.5453373783352244
NZL,2024,0.49627421353584983,0.8149747505427494,1.0,0.8629601725600371,0.32804157262466055,0.7441219721600717,0.38024356677581417,0.68006,0.6020721475747386
OED,2004,0.23387372818914814,0.8244847799819681,0.996182327648576,0.8121260791262084,0.4145848146405235,0.704304265528272,0.4878932830383782,0.45372960000000007,0.6926512216662593
OED,2005,0.22111322154917695,0.8297470562990725,0.9970166030441465,0.8158977973587653,0.48874195880577176,0.7073524201790632,0.4899562737179095,0.45372959999999996,0.6923900618865066
OED,2006,0.21194841820873228,0.8377362791395362,0.9970232345287489,0.8178073228710661,0.5473064241579084,0.7106461300713917,0.49421259428920283,0.45372959999999996,0.6880921900102219
OED,2007,0.21574354159566062,0.8414705398154616,0.9957532627276731,0.8205643535761977,0.6321073394741463,0.7133667844104371,0.49132020690246625,0.45372959999999996,0.6875406084672728
OED,2008,0.21460995711593203,0.8289271987808065,0.9970726010746134,0.8258879544839348,0.5136081005967807,0.7127989656636097,0.4857149131456804,0.45372959999999996,0.6938364748098791
OED,2009,0.20649065603343347,0.8368782782662711,0.9964749465043141,0.8349753310280117,0.4139327573965528,0.7067565130858625,0.4526798953086839,0.45372959999999996,0.7202003876157446
OED,2010,0.21662479292335507,0.8298267280629006,0.997801173380517,0.836418957548581,0.4206964537906687,0.710017302759571,0.46253313674460284,0.5199464,0.710993038772592
OED,2011,0.22471780886471346,0.822253846884629,0.9975675897289937,0.8376810910225352,0.467327828822896,0.7119405633186969,0.4645541095589638,0.5055894000000001,0.7061772856849537
OED,2012,0.22216963715063412,0.8232159002476982,0.997862043626748,0.8393165960913582,0.42757495810308,0.7130247404386442,0.46047547916340226,0.5199464,0.7107473310413215
OED,2013,0.22807925841987559,0.8257460339532525,0.9981146730528598,0.8411665811914508,0.43632978883480056,0.7145065386447523,0.45563422073584725,0.5450262,0.7095425448160531
OED,2014,0.22003722669012157,0.8239465268888002,0.9982632882285358,0.8418673707614497,0.4120305505132319,0.7167510006987866,0.4548131837151985,0.5450262,0.7094533097069284
OED,2015,0.21282698834142935,0.8274442844278611,0.998164152639796,0.8435643566472648,0.5180165473147923,0.7194515701621648,0.445141549221409,0.5196234000000001,0.7183709750772302
OED,2016,0.20834103283725589,0.8310238875086309,0.9988110836183957,0.8456850430617124,0.5371988010182851,0.7212102515446793,0.4383381042602257,0.6469142,0.723688279417007
OED,2017,0.21271805511559616,0.835106904847281,0.9993244666969012,0.8457029137344043,0.4566268298116299,0.7240977294729533,0.4445681751730344,0.7058032000000001,0.7189605689328773
OED,2018,0.20444266995840082,0.8269091935519663,0.9988435059653566,0.8463825615124168,0.3119112535819528,0.7265945710194309,0.4471200947227745,0.6469142,0.7175090379374698
OED,2019,0.2002493146505956,0.8375882540187991,0.9993154800940971,0.8488972963878334,0.40710504196631014,0.7284303791340191,0.43983992545422357,0.7058032000000001,0.7239995907942314
OED,2020,0.20700258889876516,0.8623548327738026,0.9992344333444585,0.8502784267425292,0.34198425425277673,0.722123638380329,0.42983833756454826,0.7058032000000001,0.732474832123327
OED,2021,0.2057867928155732,0.8591083101600294,1.0,0.8513844266627526,0.4274945442512011,0.7302861578557084,0.4389454692805166,0.7059092,0.7232236410686848
OED,2022,0.20890277688023348,0.8369002197688091,1.0,0.8527766587355585,0.39441444404063414,0.7339949534897904,0.359027466216187,0.7057692,0.7595590026144744
OED,2023,0.21081793952917452,0.834745730480601,0.999119808303246,0.855285693067275,0.30614257972153863,0.7356371137659,0.45706271315958225,0.7344716,0.6727144047537692
OED,2024,0.06487217807935121,0.8453046395896311,1.0,0.8579312793759906,0.3548406549160559,0.7373002167755028,0.31963222331388197,0.6059276,0.739821846334251
OMN,2004,0.23322555496847086,0.48873149021767487,1.0,0.8725641552415797,0.30948816422008474,0.6316053436887968,0.8740346968110644,0.0675885,0.3529160956371773
OMN,2005,0.2075303785747628,0.4655303114711727,0.9988575261865398,0.8531111723861802,0.5659833810784762,0.6323035042730162,0.9343148599507742,0.0668358,0.2367544259843566
OMN,2006,0.18801320434105634,0.4657719445931255,0.9988575261865398,0.8320296351612,0.5279838408913441,0.6357190008706816,0.9343761089811293,0.08299720000000001,0.23022408695793706
OMN,2007,0.18530797683296943,0.4966607352802988,1.0,0.8089786507866195,0.7329889946038414,0.6396125577594033,0.9128139618737348,0.1668,0.2814976497782733
OMN,2008,0.1594273340156512,0.49433069159130355,1.0,0.784416806754503,0.5592285803333228,0.6489067733192947,0.9608107847515219,0.2,0.14530336559196622
OMN,2009,0.19467050397178542,0.5564263745014884,1.0,0.756366448037646,0.4611411625149334,0.6541625764736089,0.9114790331404046,0.268,0.2947804900915223
OMN,2010,0.1903556846708312,0.5423839754715152,1.0,0.714694791023005,0.40845105037268553,0.6538241070265723,0.9582624736757328,0.35827800000000004,0.22942395036031504
OMN,2011,0.17423810800883396,0.5299923114686855,1.0,0.7120705387679513,0.42083076650552065,0.6420610472382217,0.9953244518513782,0.48,0.16334100591207035
OMN,2012,0.16439893377067563,0.5342834312005891,1.0,0.7031781983753858,0.38562357690573495,0.6337389449381953,0.9905804624001764,0.6,0.17409337360635346
OMN,2013,0.1789422751711873,0.5400756061079677,1.0,0.7028210936572505,0.4007000390894953,0.6298491885045044,0.9710528564882317,0.6645000000000001,0.22488899832567721
OMN,2014,0.17562930671909271,0.5577620051847183,1.0,0.7057839216147421,0.3743292987564064,0.6254687071293336,0.9486455533148423,0.7022,0.27968656591828633
OMN,2015,0.23673055747259675,0.6346173000541289,1.0,0.707464288438175,0.1043999017128805,0.6261037423120216,0.8715684097302958,0.7353000000000001,0.42735082799057356
OMN,2016,0.2580702897778828,0.6646981121473374,1.0,0.6750468110029568,0.4803175551832447,0.6262757252200387,0.8211545828700788,0.768454,0.48176978325981024
OMN,2017,0.25801254468235146,0.6622954288536893,1.0,0.6500879294160513,0.515708299800069,0.6219518442555113,0.837876836591704,0.8018559999999999,0.46000330049706006
OMN,2018,0.2469604150832334,0.6453425861720781,1.0,0.6203453822906488,0.6823529085507059,0.6218861645769954,0.8789068774570081,0.855,0.3806481033377911
OMN,2019,0.25881970469080784,0.6595552622673151,1.0,0.6849321465354739,0.4316925975573812,0.620448241295494,0.8553178418698977,0.902594,0.4370288989241975
OMN,2020,0.29389160321481406,0.6953590986778113,1.0,0.7454228124070839,0.44772803757193236,0.61764744465288,0.8129413524562095,0.9523229999999999,0.5091025461024357
OMN,2021,0.28853618343121684,0.6696647731552707,1.0,0.6676093649005304,0.9358063710893139,0.6220581669951278,0.8605511794617735,0.952388,0.4104606630825467
OMN,2022,0.26769388306055814,0.6254058098752695,1.0,0.670199318447847,0.6911234003563336,0.6259812773218746,0.9277033923381421,0.952453,0.2799484072857559
OMN,2023,0.2901763619775775,0.6405267378054793,1.0,0.6742970512005368,1.0,0.6185451568065504,0.892270757108125,0.9525170000000001,0.3392125071051959
OMN,2024,0.30292026473253564,0.5371066291606874,1.0,0.677627018197617,1.0,0.6143663132024958,0.8813889334609959,0.9525170000000001,0.3527730596011964
OSS,2004,0.3974874349297418,0.7483156926405061,0.6647935188036422,0.7262632811196847,1.0,0.521749202218219,0.547107390581846,0.2130304,0.5510685702853877
OSS,2005,0.3840797299750483,0.7997897762048904,0.6840624720043254,0.7301481531634053,1.0,0.5267681109678616,0.5598758319082398,0.2130304,0.5430803798986146
OSS,2006,0.3694709801032268,0.8058733122586621,0.6898183522056192,0.7373746213525672,1.0,0.5338264342086915,0.5775266256445359,0.2068304,0.5360572666236423
OSS,2007,0.36412572878279803,0.8029065757355522,0.711646289135806,0.7406634863221111,1.0,0.5397878638995933,0.5528511824393743,0.2494,0.5548019596169764
OSS,2008,0.3566536302604571,0.7952461062868545,0.7234460461270018,0.7439517792625692,1.0,0.539308116282016,0.5742175827542966,0.2366,0.5503600753274318
OSS,2009,0.3563438346337333,0.803019866518738,0.7300301802507754,0.756979628004498,1.0,0.5299768948169111,0.5075270777740053,0.2494,0.6041892964734474
OSS,2010,0.3683087925194788,0.7931012113543718,0.7432600445360631,0.7635346975505799,1.0,0.5319122146864225,0.5231858846631154,0.2782,0.5971818806090057
OSS,2011,0.3672359579537126,0.7772358167977369,0.7788423343629454,0.7604535798457737,1.0,0.5351334631415122,0.5534379330525359,0.316,0.5804454669049797
OSS,2012,0.366620657599066,0.7664552434263834,0.7903989358103125,0.7681949055520048,1.0,0.5353235914941227,0.5486052193556499,0.3518,0.5850416339493663
OSS,2013,0.36125872491348854,0.7601231114512148,0.8020189112858533,0.7760830474690952,1.0,0.5349346685428708,0.5224830386740948,0.3702,0.5985163409734944
OSS,2014,0.35819791577081495,0.749032642023965,0.8218442513759046,0.7799149879597334,1.0,0.5363806053547316,0.49588466317655544,0.40820000000000006,0.6119797265200413
OSS,2015,0.3596163148860171,0.7424289555204135,0.8338862025697482,0.7809540021392984,1.0,0.539531251939159,0.4548687864421861,0.4944,0.6385495507927677
OSS,2016,0.3487793136535921,0.730905303755246,0.8522341072777593,0.7841886029195124,0.6592142771864555,0.5437838220373606,0.4311244960026557,0.5240412,0.6508452798994782
OSS,2017,0.3418143011496654,0.7190780077910663,0.8712044925389613,0.7918380111102912,1.0,0.5492763971203133,0.4277597400517721,0.49138000000000004,0.6523303596659225
OSS,2018,0.3343756998932502,0.6866339690287417,0.8857252836267957,0.7971839765532436,1.0,0.5537127602159545,0.4398186721637989,0.585,0.6464960108517381
OSS,2019,0.33551079404410944,0.668876260801861,0.9023874479594918,0.7972315695143943,1.0,0.5580034202993261,0.43699251567835495,0.5323903999999999,0.6525182364161237
OSS,2020,0.34802655594038717,0.688147040115461,0.915178188287574,0.7955776196327613,0.0,0.5477429559644064,0.43107936749240605,0.5489784,0.6641657908950109
OSS,2021,0.3356444808292781,0.6672462494362863,0.9276174177945657,0.8020062041088587,1.0,0.5574719792535588,0.4487210429599493,0.5323903999999999,0.6548453375853645
OSS,2022,0.33689484260688984,0.6471297002095078,0.9288868048964511,0.8075552035142741,1.0,0.5618552484756932,0.46185025540069624,0.5323903999999999,0.6486662856760006
OSS,2023,0.3242263812595626,0.6403984860950485,0.9353655666570937,0.8108399814406759,0.6875592300929718,0.5650406155205917,0.40479916369093516,0.757502,0.6790937440315785
OSS,2024,0.32182255045572233,0.6427463119324026,1.0,0.8137512988698243,0.10046882461252765,0.567929415071519,0.38935533644766096,0.7958256,0.6834026341387549
PAK,2004,0.744953162060098,0.4158185662768687,0.701966763684478,0.4363810420797889,0.339051433636207,0.22018427705193366,0.36863550847961735,0.0616432,0.4871525460612318
PAK,2005,0.7404810374360139,0.4188839653711381,0.718118013535241,0.43639978080656583,0.38266557032140186,0.22688536653259705,0.3939143642035954,0.0633233,0.4886945741514692
PAK,2006,0.7279448971452145,0.4301655042122688,0.7326072395317764,0.4244005012576273,0.4558150881731583,0.2319525597557991,0.40026879523369563,0.065,0.4961827720502505
PAK,2007,0.7225357917604108,0.4327284931959608,0.7483379228557219,0.41581746677388276,0.48158464458999506,0.23442824915539584,0.3942008907017045,0.068,0.5182659296779439
PAK,2008,0.7271980343011467,0.4429969129823926,0.765257452019946,0.41305559620148724,0.45904411437091386,0.23358859846948266,0.4233756911323283,0.07,0.5279215296217736
PAK,2009,0.7427142226403904,0.406593337776793,0.7805519491205688,0.42218837934637765,0.365241279742286,0.23485388981798005,0.40353599266169704,0.075,0.48295916704669795
PAK,2010,0.7519698779126022,0.39464802137766447,0.8424001605595128,0.4133189965634032,0.35091711219582716,0.23343205217279206,0.41812339010588273,0.08,0.4696590822174058
PAK,2011,0.763089405524341,0.365224355622033,0.8515277271854353,0.4062711427870589,0.321445389816684,0.2340237263595203,0.42317013248696034,0.08,0.45636972771455486
PAK,2012,0.7588883568137273,0.34420626168572693,0.8618715384071303,0.41085939603674726,0.30637279788736527,0.23558509514732007,0.44037476873895276,0.081,0.4527033485534817
PAK,2013,0.76201048635106,0.3329718102094226,0.8708468928117483,0.41481528926431155,0.3175600481428721,0.23942451717312785,0.4164259248454163,0.09,0.45757564012029883
PAK,2014,0.7599278078082375,0.32752836136521707,0.8810196354589328,0.4156895902566844,0.32927141549677014,0.24309960381439366,0.4158502037575158,0.1,0.4522529307122434
PAK,2015,0.7576791258207666,0.3251503835398713,0.8923577333070547,0.4169759969005993,0.32031815824215826,0.2470580192516444,0.3859104420047006,0.11,0.471104841460221
PAK,2016,0.7483134239382127,0.3369561904284097,0.9023433127444198,0.4028852793498179,0.33747418164147713,0.2544047039044711,0.3491316964159885,0.123854,0.47211429736399957
PAK,2017,0.7445517801896917,0.3458064700582237,0.9134747074464808,0.4315634970715583,0.3319090257482791,0.25864502920358257,0.3477956662805963,0.1378,0.4804004121427785
PAK,2018,0.7412900997904197,0.3632285673694869,0.9220587880546196,0.45940052206336457,0.31576332173008187,0.2649498882761775,0.3605321595359403,0.1534,0.47517639328246686
PAK,2019,0.7308168176803672,0.35088962303844135,0.92815139187109,0.45571815419463224,0.3293259759357403,0.2660742939392359,0.38496410073058596,0.17070900000000003,0.4864806060499043
PAK,2020,0.74341649000891,0.34191611761800517,0.9354202849682522,0.4488240187595416,0.32858073604295357,0.2615974686125596,0.36054273876049026,0.189348,0.48745614783392766
PAK,2021,0.7517049760344224,0.34616791571485034,0.9402408864288407,0.4575107022869003,0.32411263478100066,0.268014912837662,0.36836410211368076,0.214107,0.46005835207368273
PAK,2022,0.7482984438743775,0.3391760370449846,0.9414428951049976,0.463436793419131,0.30940080634512446,0.2722502347439596,0.40530935555841885,0.242103,0.4635117297308189
PAK,2023,0.7592841184023061,0.295260434542221,0.9486287577303187,0.4668310471694066,0.32360773562152045,0.2694001427217031,0.4124499141765763,0.27375900000000003,0.4421208103282943
PAK,2024,0.7623546929768636,0.28550842022086004,0.5841168185851178,0.4698847134689972,0.33066285358766095,0.2715672648306816,0.4013742641564222,0.3079724,0.4380388151351351
PAN,2004,0.4682235602647793,0.5644322481017545,0.7929165046909876,0.7880298198493061,0.8347773495406663,0.49204898996127644,0.32115815082089627,0.11140900000000001,0.7516364675310827
PAN,2005,0.4516639582967499,0.4862093078137561,0.8024425653874925,0.7951773532313964,0.7163742608819987,0.5008538211125487,0.3163464661157098,0.11484,0.7573963151883802
PAN,2006,0.4358442450249778,0.6417442539292805,0.8118905884318233,0.7851287494541332,1.0,0.5118079669404222,0.3196201254518851,0.17349599999999998,0.7686978142596321
PAN,2007,0.41448198001401326,0.6616317785159908,0.8212618420135458,0.7864211408455182,0.9504773614876105,0.5270819106265067,0.3288970646610907,0.2229,0.768743289775677
PAN,2008,0.4013424648868275,0.6661147523177837,0.8318794288109439,0.7573881400539939,0.8887349038707166,0.538533525636233,0.38198008299669906,0.3382,0.7486941805628762
PAN,2009,0.3704690405950163,0.639224582894865,0.8410903055403809,0.7551798746685199,0.5382164113543387,0.5382356551167103,0.3670658776987883,0.3908,0.7626962545278517
PAN,2010,0.36302270378744644,0.710658288967132,0.8397789612031117,0.765675906263616,0.8327774797645522,0.5442044785425227,0.3652611179004104,0.401,0.7619210584454148
PAN,2011,0.34392746458963636,0.7058785810615225,0.8618715384071303,0.77421659218404,1.0,0.5579598800802933,0.38033612721289356,0.42700000000000005,0.7581150792431433
PAN,2012,0.3353932033447694,0.703870837844548,0.8708468928117483,0.7771238418955204,0.8131486787571864,0.5687402711656749,0.41849490343142315,0.403019,0.7433246390161758
PAN,2013,0.33103212437755847,0.6605767759369927,0.8682896252000081,0.7636044526046142,0.8106245623892263,0.5751124716471595,0.49152499126093274,0.4403,0.7039634520207665
PAN,2014,0.32704197769797777,0.7074044247079894,0.8898477710098289,0.7707502464896576,0.9147840606964834,0.5791644178799146,0.5177938785005554,0.449238,0.6858181497962241
PAN,2015,0.32481491624203906,0.7129735609334167,0.8998550114116206,0.7923185433060276,0.8814309631276331,0.5841032122360866,0.5326221188264508,0.512054,0.6772484783323054
PAN,2016,0.3143827391569686,0.716309501981722,0.9097761669587303,0.7886707706639768,0.855567760641561,0.5880830591068776,0.547660439524859,0.54,0.6662818106767867
PAN,2017,0.3008939607278881,0.7169588360052386,0.925718211178788,0.7955248695925223,0.6969992047901645,0.5937032440094839,0.5622943691277471,0.599506,0.6619466038408781
PAN,2018,0.29230193236597607,0.7156787231074957,0.9269354431866335,0.7963265663498031,0.7001434682321981,0.5968534278058645,0.5635292308341817,0.618055,0.6661030203426122
PAN,2019,0.29291688712957925,0.7140236854052839,0.92815139187109,0.8030444378757,0.7209337312141801,0.5989797859280005,0.5650616997832161,0.636284,0.6686926816701426
PAN,2020,0.33163353292941006,0.754807970876723,0.9450414228929294,0.8023899233039984,0.09790607663618622,0.5684970275106106,0.47181067884036354,0.700097,0.7328238065213459
PAN,2021,0.31578803249880727,0.5671822683902168,0.9450414228929294,0.8051395270785426,0.4610261879020934,0.5888713058451117,0.5286733191526412,0.77031,0.696862710166616
PAN,2022,0.3029594559760597,0.6024943348504526,0.9414428951049976,0.8087624676434353,0.493908490769689,0.602231944779403,0.5294845870736631,0.777041,0.6967841981317657
PAN,2023,0.29574305340351864,0.6764834677910982,0.9652236803006815,0.8079219162074422,0.4693853637069556,0.6103781409739467,0.5430839718476184,0.685485,0.6916956777118708
PAN,2024,0.3080938450398642,0.7254044562144107,1.0,0.7972322724178031,0.5277511339980976,0.6124749582174828,0.5126131594506524,0.6795671999999999,0.7120187631328818
PER,2004,0.4911558301706216,0.3789123470847226,0.6825826566341,0.6741522155144968,0.4398798070887848,0.38775934363245146,0.6327138276583228,0.141,0.44927268226356487
PER,2005,0.48873431316405036,0.3922147089593732,0.7049202280907547,0.6813140379099623,0.504663777821155,0.39531363227588645,0.6576010437209003,0.171,0.4224677768210183
PER,2006,0.48099661228974316,0.4109240458001004,0.7483379228557219,0.6894548771011073,0.5385253008082029,0.40469945178459377,0.6998955420536437,0.207,0.37899691279252545
PER,2007,0.4841841531123438,0.44686853835215995,0.7736250380856884,0.6991059920730813,0.6337778667237666,0.4155107865020601,0.7030411543389963,0.252,0.37693216664256646
PER,2008,0.4978676142077366,0.48799557511864583,0.8105456002672922,0.7050821179226561,0.65779685385285,0.4272312434113684,0.6848814246020609,0.3057,0.3962552580925873
PER,2009,0.5048630536080205,0.4898138982768429,0.8331997806670861,0.7109008915254629,0.6303995073675346,0.4279173850031447,0.6460150514319543,0.314,0.43811770151627627
PER,2010,0.4879355183170124,0.49159313947864886,0.8554175360003926,0.7160345685944014,0.6569846822671513,0.4385857991636598,0.6773463419350021,0.34770000000000006,0.40667235474038144
PER,2011,0.4960835720952523,0.5058138415268925,0.8759444799849803,0.715700835995396,0.5750981178609347,0.44640583876407824,0.6969876854529837,0.3601,0.3852577582060053
PER,2012,0.48478451317472765,0.5171925992294439,0.8936106690309069,0.7185486735553419,0.7631205079826301,0.453839240878822,0.6740735136075391,0.38200000000000006,0.40998089965729667
PER,2013,0.48302097033794456,0.5395537588907195,0.9060657276607129,0.7194093563040465,0.5936277637570484,0.460785945320913,0.6504760610318105,0.392,0.4343070902640309
PER,2014,0.48721097221027343,0.5572446881890691,0.9159338282510037,0.7206522532024273,0.4221870856241813,0.4627599549279747,0.6183271597943893,0.402447,0.4662143104793208
PER,2015,0.4944747942414155,0.5725873418025558,0.92815139187109,0.7135593570080436,0.5355873671822762,0.4657672166816912,0.5969013448338556,0.40852600000000006,0.4933439564858979
PER,2016,0.491173907707417,0.5672337260627505,0.9317915649730804,0.7174894285463389,0.5148118953443737,0.46945896165988243,0.6003994715641316,0.454617,0.4976065881570948
PER,2017,0.4864615982140271,0.5652065209400574,0.9390376237006297,0.7314046480597423,0.5126674940649474,0.47093106051285527,0.6120809407731695,0.5045040000000001,0.49149149948912285
PER,2018,0.4896910826642855,0.5727671769868119,0.9438431607379965,0.7330926386347265,0.4557172169369257,0.47395004207440594,0.6171362820146209,0.550543,0.4851364013157622
PER,2019,0.48869685939409047,0.5768250481893573,0.9486287577303187,0.738516669473297,0.42012146832256736,0.47467723236870685,0.5986851311111958,0.599505,0.4989788151019865
PER,2020,0.513553616826173,0.6235136492373783,0.9557701255650102,0.6593142214585308,0.305457388812796,0.4561416971641269,0.5966027644743199,0.652518,0.49574575208111415
PER,2021,0.4967465708209932,0.588325772016262,0.9486287577303187,0.7086668745564562,0.48939353571195754,0.4729494440318983,0.6768854707081013,0.711078,0.4024179927721865
PER,2022,0.49825360237399197,0.581405331518887,0.9557701255650102,0.7113163044840038,0.580277760604998,0.47557809155549446,0.6657131974667765,0.74675,0.4200670824798052
PER,2023,0.5001810545892239,0.5092208190574892,0.9557701255650102,0.7319485777040611,0.3897980850352385,0.47339547027524465,0.6520616990150272,0.7948480000000001,0.44617370500294706
PER,2024,0.5029691347592775,0.5268313806594941,0.9148865273283764,0.7331700948687256,0.4370185273765138,0.4765257607918739,0.6521033983637889,0.8195709999999999,0.44766664681216417
PHL,2004,0.642761637428907,0.49689003632336776,0.8489272137491071,0.6181361838986437,0.32457504801001424,0.2992605844951778,0.6469898137025032,0.0524363,0.46628113476964606
PHL,2005,0.6352142649944672,0.4739587469185374,0.7426424682177499,0.6244350232127429,0.3848333266136579,0.3035622312899834,0.6498152452382924,0.0539764,0.47080911255340396
PHL,2006,0.6326331642077899,0.4706305452960248,0.7483379228557219,0.6300205189086059,0.4220497163660153,0.30863727806111785,0.64471613609583,0.0574059,0.4791984211326934
PHL,2007,0.6366709778730889,0.4719519277013758,0.7736250380856884,0.6344924876824969,0.4057989016957734,0.3152839787047593,0.6379305710316991,0.059699999999999996,0.48275364392839126
PHL,2008,0.6510755804078165,0.47379957078441554,0.7915491930662579,0.6385296983315327,0.3320368122875093,0.31889024498876195,0.6344329807067313,0.0622,0.47163702030058774
PHL,2009,0.6514462513458951,0.47395948212047717,0.8051499075236013,0.6459676538944685,0.36037560719380807,0.3183626492318862,0.6155680711689107,0.09,0.4916361230838926
PHL,2010,0.6389836956220568,0.4773148886442286,0.8212618420135458,0.6514419316861089,0.31745228920965907,0.32566116662790023,0.628049699339206,0.25,0.4912195133663739
PHL,2011,0.6445267268912628,0.49327863813633605,0.8437085296395628,0.6574204928893317,0.33979186484513174,0.32830334219919644,0.6127160128822795,0.29,0.5017753880723275
PHL,2012,0.6281846078386074,0.5030794972205617,0.8424001605595128,0.6632315081577702,0.3639147573477798,0.3351627068545814,0.6136611050930445,0.308,0.5167178264032724
PHL,2013,0.6174166646219319,0.5190525055481126,0.8476247548637881,0.6718175751293454,0.3696935977290573,0.3419140649144804,0.6038770092394945,0.327,0.5361708940025984
PHL,2014,0.6138192533533984,0.5387322480481547,0.8772153641029732,0.6743327769759486,0.40958411649080917,0.34846105622768675,0.6081649323087983,0.34700000000000003,0.5350856461995313
PHL,2015,0.5897316202706923,0.5518527664988486,0.8682896252000081,0.6843976192939221,0.4037793259689434,0.3552466909049642,0.5992088159666715,0.369,0.563092109295189
PHL,2016,0.5734589677738631,0.5675174832178147,0.9048262571272572,0.6883408803965358,0.4531310699427426,0.36332009890675476,0.5960664960679449,0.392,0.5777609691653272
PHL,2017,0.5729866839054212,0.5811027402064459,0.9171614251954034,0.695950652226903,0.48722499989631574,0.3711752607335014,0.59349738879712,0.41600000000000004,0.5804318161169455
PHL,2018,0.5613461457270941,0.5903257497651682,0.9317915649730804,0.6994871044503972,0.4706915365043914,0.37830296170282673,0.6005140729011118,0.441,0.5818354602384197
PHL,2019,0.5420033535404281,0.5922142985579297,0.9450414228929294,0.713623482547209,0.4337807282634182,0.38515622699018126,0.596734815867507,0.43026600000000004,0.5973358918114218
PHL,2020,0.5730369338507847,0.61007555102865,0.9581407887231839,0.7024878522247064,0.40675239546004166,0.3689787715214453,0.5647877374287629,0.5376489999999999,0.6054088225121386
PHL,2021,0.5705479544554987,0.601044174391,0.9710930426900379,0.7028118115616588,0.4819145475091659,0.3757292477715196,0.5731012725645375,0.669078,0.6000540279189526
PHL,2022,0.5591334192954696,0.5962933940107835,0.9390376237006297,0.7223848838037585,0.43679617845491037,0.38523005569764945,0.578648785834313,0.7521110000000001,0.6027224488715746
PHL,2023,0.5556872533993049,0.5937531784441858,0.9769326866615113,0.7253990453626571,0.416920440253482,0.3918505577361101,0.5613142716885746,0.837661,0.6194006585229093
PHL,2024,0.5482864573869476,0.6004817330900389,0.8822216984136177,0.7283749142462126,0.4171082471307708,0.39868632889339406,0.5525609099240827,0.645353,0.6308782186340673
PLW,2004,0.37591699671146905,0.6662241433649555,0.9780970756754845,0.9089169839022467,0.5517915069504051,0.5790352705401846,0.2636729905105435,0.269703,0.7646795512216542
PLW,2005,0.3849892493898044,0.7353736724513757,0.9873701083065667,0.9082468152425779,0.4193864301685063,0.5831706817557797,0.2059204757083828,0.3617722,0.7450851457640773
PLW,2006,0.4132436938713419,0.5253904068724283,0.9804223329558175,0.9085848448698395,1.0,0.5851660836156832,0.1364273387852415,0.4261604,0.787323016600455
PLW,2007,0.380594333028035,0.7142094576710982,0.9815832059480165,0.9082468152425779,0.4260898912937351,0.5892452508834366,0.10585655981510445,0.3617722,0.8000561042489056
PLW,2008,0.3915372879397762,0.6238889897540245,0.9827429116469135,0.9109107808108794,0.4374944038170932,0.5837221231352093,0.017993941439379935,0.39922,0.8263817596501308
PLW,2009,0.3859448729428788,0.5986886468745639,0.9839014523976495,0.9109107808108794,0.37968835469836865,0.5762190564944262,0.010478342026207121,0.41200000000000003,0.8169480091297014
PLW,2010,0.38086792362967326,0.6854703497045119,0.9862150483999299,0.9109107808108794,0.37695473979812333,0.5747796298064184,0.0599714089953276,0.41200000000000003,0.8064380983302009
PLW,2011,0.3773913505231566,0.5915978237792239,0.9873701083065667,0.9109107808108794,0.5566662841701651,0.5845197557113048,0.0,0.39922,0.813578400842915
PLW,2012,0.3731434488008113,0.5201493371178675,0.9722633393103699,0.9074683768427647,0.937155163713848,0.5894376968709446,0.0,0.41200000000000003,0.8134795093824647
PLW,2013,0.38165372015640214,0.5887582074197548,0.9908283634325308,0.9079264368319894,0.807918431235775,0.5866440572389279,0.0,0.4383324,0.8316958856286925
PLW,2014,0.3574188550069797,0.5286598529766575,0.9977139195282607,0.9082468152425779,1.0,0.5934082813661775,0.0,0.5447714,0.8242435061766846
PLW,2015,0.3273937388886909,0.7894382375096611,0.994276279962726,0.9109107808108794,1.0,0.6040219565723498,0.0,0.45372959999999996,0.8197835450993383
PLW,2016,0.33070298988253843,0.8691674699745089,1.0,0.9109107808108794,1.0,0.6057148740642676,0.07235819268361632,0.6966036000000001,0.8060376194845147
PLW,2017,0.3532488421280115,0.5286598529766575,1.0,0.9109107808108794,1.0,0.601187069693116,0.0,0.7291894,0.8096641568749883
PLW,2018,0.35385204281169313,0.5286598529766575,1.0,0.9089169839022467,1.0,0.5993538914641764,0.0208660808998673,0.7270437999999999,0.818166793338909
PLW,2019,0.3499649156784835,0.7333894583693474,1.0,0.9109107808108794,1.0,0.5989578758267627,0.1238077933625874,0.6716378000000001,0.7987280697426149
PLW,2020,0.34371845235258325,0.688360067043201,1.0,0.9109713860453976,1.0,0.5886721846615083,0.17655099947320263,0.7868302,0.790530127406873
PLW,2021,0.35503068682853717,0.6029227436373581,1.0,0.9074683768427647,1.0,0.5680971711180228,0.1513814702327425,0.6446576000000002,0.8190958087131768
PLW,2022,0.3480318008131313,0.6420459586919465,1.0,0.9085848448698395,1.0,0.5704724092653229,0.16944651663689014,0.6716378000000001,0.8041447298852558
PLW,2023,0.33024703764671065,0.6584606626080142,1.0,0.9089169839022467,1.0,0.5739155942791084,0.07329702631975654,0.6716378000000001,0.7782697304911106
PNG,2004,0.8580961388342951,0.47073245196906405,0.0,0.7805918659460569,0.3379502438409647,0.2873042082539262,0.6937476007806589,0.015079100000000002,0.30118392699707996
PNG,2005,0.7469598751089852,0.47577031137707904,0.0,0.7824660736335933,0.337488028298272,0.2915400910911833,0.6530105359393529,0.0171619,0.30118392699707996
PNG,2006,0.7277766298961303,0.46601799322905696,0.0,0.7853090452918754,0.38415224555910477,0.294556830492147,0.6717557468641113,0.017544900000000002,0.2556246345522468
PNG,2007,0.7187550889145448,0.46601799322905696,0.0,0.7890627496797014,0.3730901521440726,0.30091064424008784,0.6601999582359765,0.0179056,0.2828046652867062
PNG,2008,0.7252187872930618,0.47073245196906405,0.0,0.7912793738488046,0.3107082386954127,0.29597383414479916,0.6580180397161854,0.0115,0.27918214664032703
PNG,2009,0.7412083164014936,0.4207147383403001,0.0,0.7950022847705518,0.5192814787768572,0.3010750365470093,0.5877284097352029,0.0161,0.3384367658096523
PNG,2010,0.7187527317170876,0.41376638140551764,0.0,0.7978159852452475,0.3002746203744991,0.31069130824880953,0.6404093755505773,0.0128,0.31659196672612433
PNG,2011,0.7139766287859367,0.4121471518231669,0.0,0.7921520372354514,0.2971994002005391,0.3080594135664335,0.6126777054133667,0.02,0.3717162217799954
PNG,2012,0.714851389126188,0.4309961475182352,0.0,0.7861524426887874,0.2928214781895105,0.3106215802410187,0.5504385995060972,0.035,0.4183524380693018
PNG,2013,0.7146874801522195,0.45113904361828355,0.0,0.7783816763987637,0.29222553345171776,0.31214788796765236,0.5319211425628061,0.051,0.4340145819147585
PNG,2014,0.6954787373937529,0.42881594357751346,0.0,0.7692255117424316,0.29227466646915556,0.3267706093874986,0.6347240989988507,0.065,0.32311503611689574
PNG,2015,0.6924616997002228,0.4281299505189305,0.0,0.7605026646201587,0.29301681784621064,0.3323205905172423,0.6639389823823079,0.079,0.2993835179174664
PNG,2016,0.6976931622588415,0.4239600663066661,0.0,0.7519514054908267,0.2717588600839083,0.33649399117005274,0.6628846956961985,0.0960154,0.30239143651508105
PNG,2017,0.6949375490379552,0.395390646332973,0.0,0.7418245214859414,0.2327228092323187,0.3380626643038477,0.6853249728218582,0.112092,0.2628276546560797
PNG,2018,0.6861373473151728,0.38857485812313136,0.0,0.732569637973191,0.3667929232462497,0.33428485334473057,0.6928651778787216,0.14397390000000002,0.26586884097166186
PNG,2019,0.6861719733383497,0.38061786192747377,0.0,0.7234255960301352,0.37225685296353134,0.3373690452511996,0.690032224298323,0.19978300000000002,0.2698075702057525
PNG,2020,0.708672264881255,0.3893882011199992,0.0,0.6983921990718249,0.3148553785169023,0.32960986990708874,0.6386140055102676,0.243969,0.3143589997889813
PNG,2021,0.7115213816599414,0.37289761318895326,0.0,0.6810259329955439,0.27544198665130193,0.32598050299074754,0.6530686092162399,0.232437,0.28574400453476967
PNG,2022,0.6852702193918984,0.34204987280352156,0.0,0.6700688096916956,0.5293592832039481,0.3313031067613551,0.735511825928371,0.237315,0.20779372743007496
PNG,2023,0.6859482951184803,0.3617148191441267,0.0,0.6770593831041509,0.2931659641263343,0.33410219412099595,0.6843538087194159,0.24066700000000002,0.2737784990997256
PNG,2024,0.7773054982895455,0.4050957445922091,0.49350237721188145,0.6818226094750091,0.24343525930792126,0.3369270448426417,0.0,0.1365884,0.6270624824772442
POL,2004,0.3469375344494592,0.4600626647860471,0.9988575261865398,0.6553944655299988,0.6362002561699207,0.5077737082529828,0.578049815104017,0.32530000000000003,0.5242388080720763
POL,2005,0.32589840261676245,0.46722219266413917,0.9977139195282607,0.6578122798127297,0.5180747349544671,0.5124948629522285,0.5759391381645143,0.38810000000000006,0.5227096855938878
POL,2006,0.31218861279827703,0.49751865186992755,0.9977139195282607,0.6676585289083516,0.6880295630590159,0.5213207589156977,0.5783315675408305,0.4458,0.520423952023493
POL,2007,0.3333812965366938,0.5356836773533817,0.9977139195282607,0.6712549476468119,0.6631115730956798,0.5308946405934437,0.5795503858800801,0.48600000000000004,0.5075942211255629
POL,2008,0.30555179940056015,0.5882052344894912,0.9977139195282607,0.6671618954675163,0.46110276789512816,0.5371022261260116,0.5718664476534088,0.5313,0.5218347502417315
POL,2009,0.30445696992491333,0.5873161103451345,1.0,0.6838996745992256,0.49104304064729376,0.5407508729210929,0.5908197044711694,0.5897,0.5276886407276327
POL,2010,0.3227492027233185,0.5962893298994649,1.0,0.6948732467438048,0.5407534871579994,0.5456936761589958,0.5865148397830349,0.6232,0.5139538153716416
POL,2011,0.3378654661273051,0.6077307108279586,1.0,0.6925482530063065,0.5164393879600637,0.5530501489177332,0.5978040946320817,0.6195,0.4974123975666749
POL,2012,0.3269787829338614,0.6027265848829049,1.0,0.6988169849482762,0.3835187704193445,0.5552284050044441,0.5951370149668027,0.6231,0.514034611205072
POL,2013,0.3409726918454561,0.6085002437814448,1.0,0.7036754549205608,0.30087554264857785,0.5563058013190815,0.5695039093167897,0.628492,0.5360155185661699
POL,2014,0.3261143795317247,0.6125464701669505,1.0,0.7090016758720479,0.5346358107651094,0.5619963041857888,0.5903940046405838,0.665987,0.5198767757945655
POL,2015,0.29487956897013884,0.6154179088300884,1.0,0.7143597628411591,0.4984886013164111,0.5683872593056923,0.6073241842829715,0.67997,0.513476066040238
POL,2016,0.30428533146983683,0.6196321705567269,1.0,0.7147604719541656,0.5323707624787968,0.5727840418798359,0.6022601983731604,0.7330070000000001,0.509714622869696
POL,2017,0.32696392884442077,0.6110817615997228,1.0,0.7162206866148617,0.4387888301091737,0.5800584432153232,0.5717406384187396,0.759854,0.5256064697595764
POL,2018,0.290179354085814,0.6094885585177792,1.0,0.7208250711676101,0.5019103257390782,0.5888528017360298,0.5726239396326747,0.775417,0.5311471804770544
POL,2019,0.2869926460070816,0.602300903531156,1.0,0.7223233970337639,0.4893185293608957,0.5953890916170342,0.5721193390637285,0.804359,0.5373064971528052
POL,2020,0.3006149662977985,0.5980549994410769,1.0,0.7226208812486967,0.4997595304924575,0.5941336281710813,0.5676377426587373,0.8318490000000001,0.5414801530551494
POL,2021,0.27799725674141196,0.5816920699881756,1.0,0.7371965744105289,0.6382541008203424,0.6059372913862641,0.5662585433297949,0.853749,0.5315437804981875
POL,2022,0.3159871627492557,0.5486079096400984,1.0,0.7397241276470434,0.6749065631352527,0.6140006448223255,0.5779865429114055,0.869411,0.5434066001455009
POL,2023,0.3134236962564289,0.5213987019448028,1.0,0.7543813898995624,0.5696678786968441,0.6148932749829407,0.581456459283521,0.864147,0.5582796063150983
POL,2024,0.2987284622271103,0.5142439904814349,1.0,0.766885031317349,0.43013997092384487,0.6197316598254675,0.5446819553899587,0.8858499999999999,0.5724196762125802
PRE,2004,0.7448052344327566,0.21383144527972953,0.0,0.3493219790432085,0.44827762792504366,0.22462252075410005,0.6047808906813976,0.0926,0.2313430504160765
PRE,2005,0.7355406602899012,0.21452796806610963,0.0,0.35607731715168267,0.433455130654987,0.22876728888670883,0.6315959759173801,0.085,0.2183998764801922
PRE,2006,0.7222603130361874,0.2203925698577654,0.0,0.3639526324681355,0.41504310066372935,0.23336410161801446,0.6302380812738,0.085,0.2633778118226071
PRE,2007,0.7197871920668625,0.2718290619589792,0.0,0.3710337363128682,0.441745741412475,0.2379591826795725,0.6379766519929388,0.085,0.2571111030243123
PRE,2008,0.7147571748139462,0.30783174476958836,0.0,0.3776440655297395,0.44735015935709216,0.2427720581750662,0.6635600294726245,0.07980000000000001,0.24910284666515636
PRE,2009,0.7295297448704147,0.3240884453264146,0.0,0.38537139691717925,0.4679884158364832,0.24529974644930796,0.5821449367216083,0.15380000000000002,0.3452643006949079
PRE,2010,0.7185615597793025,0.2920920963063646,0.0,0.3992616140170129,0.4454214658393639,0.2503850987034931,0.6251811217458911,0.15,0.3248826681784731
PRE,2011,0.6934359468312222,0.2726565906596387,0.0,0.4058582205352508,0.4559355405108216,0.2522997751665671,0.6826261452727493,0.0868,0.2916877053228988
PRE,2012,0.688711250029018,0.2748733025107491,0.0,0.4148929290826757,0.4655899042660043,0.2541304679251929,0.6785760038903283,0.15,0.3153317930271342
PRE,2013,0.6839384560512904,0.28929296080243533,0.0,0.4140989596291562,0.38601933554071793,0.2581430095298697,0.6509776077787661,0.1544,0.35304152988329607
PRE,2014,0.6860270753250742,0.3142744946106452,0.0,0.422592194631187,0.36356859497365857,0.2612369492434016,0.6223769969651891,0.1532,0.3800607674411727
PRE,2015,0.7007317894222337,0.34068187294498137,0.0,0.42946166526984797,0.4216362635986931,0.2615004829412927,0.5324949181639957,0.3336,0.4581690875468114
PRE,2016,0.7005574946889267,0.3475436847439674,0.08467575554595541,0.4346335587458747,0.3587126817721124,0.2608693247277024,0.5147156304871301,0.33480000000000004,0.46611946929621517
PRE,2017,0.6948680381465049,0.33362770264118785,0.07674224264259699,0.4406061192166151,0.34080248710903904,0.2592011108041111,0.5657067214021463,0.5006,0.42329836122006537
PRE,2018,0.6903886250395459,0.3135284449666042,0.14455041812541314,0.4495088807838612,0.32289299453389664,0.2590044662587362,0.6085235157050826,0.2782,0.38834707976071536
PRE,2019,0.7209577655451955,0.2921748797001488,0.1560874601278961,0.46106949423897925,0.32493206144926934,0.25967881642693114,0.5595228286795839,0.2686,0.40297005940762
PRE,2020,0.746462686982976,0.312682619642037,0.1748614306851719,0.4355087447952042,0.32879379056599384,0.24976604546213454,0.48636369840991,0.2906,0.41888429291634344
PRE,2021,0.7360949131677348,0.3146276432687258,0.22357275931872955,0.431452630674519,0.35393694090902494,0.24937616899642434,0.5395485026940097,0.3056,0.35681910511707704
PRE,2022,0.7218104407977934,0.3065515543778859,0.23750717394590026,0.44366437114165347,0.34113142132542434,0.2523390318097972,0.5917560270656048,0.19731396,0.31344495542067463
PRE,2023,0.7225139075804476,0.38721270250587236,0.2677989003668966,0.44750706504860194,0.3743479915169423,0.25216648703130995,0.5730977651353684,0.2464,0.3611255708015646
PRE,2024,0.7064224074869224,0.16569306577970172,0.09861730982403678,0.45426104868415207,0.3860004285478925,0.25321082935529715,0.5793120678661725,0.094,0.36648516923437535
PRI,2004,0.1132799914962766,0.7236147347091064,1.0,0.8933899565683947,0.49847708709957017,0.6956834729852154,0.8211863501040784,0.221307,0.41700203133885205
PRI,2005,0.10859768952820852,0.7236147347091064,1.0,0.8968446635941678,0.49847708709957017,0.6929796410761825,0.8138248697050807,0.234001,0.45971141363896306
PRI,2006,0.10797656320370269,0.7236147347091064,1.0,0.8982263081620663,0.49847708709957017,0.691533921768296,0.8099250639208873,0.254424,0.4645879329655851
PRI,2007,0.09085039776792404,0.6628095035248117,1.0,0.9027199719280712,0.422914283901742,0.690686209449027,0.8090661987922629,0.2786,0.4805720272208367
PRI,2008,0.10238377625196522,0.7749659968275819,1.0,0.9079393118595505,0.3628538979669903,0.6888359409365629,0.8155519286988664,0.38,0.46602450009521634
PRI,2009,0.10760811077036989,0.7732196279769175,1.0,0.9107205144304555,0.3628538979669903,0.6867655265161118,0.8359538176894321,0.41500000000000004,0.4167669731745094
PRI,2010,0.1420937942987038,0.814368854347714,1.0,0.9132441977608732,0.3628538979669903,0.6867845289167748,0.8507059574499021,0.45299999999999996,0.39983950309123406
PRI,2011,0.13639991727050757,0.7874725705167706,1.0,0.9157455195106365,0.36285389796699036,0.6874764739068703,0.8397655795099801,0.48,0.4052888752840911
PRI,2012,0.13793935478471925,0.814368854347714,1.0,0.9179393803136939,0.46096119339335867,0.6887986812156258,0.8383147589792466,0.6900000000000001,0.40748846299576424
PRI,2013,0.14091225272144925,0.814368854347714,1.0,0.9203346029089268,0.46096119339335867,0.6895317145387282,0.8345802344491993,0.6900000000000001,0.41680449230093286
PRI,2014,0.14350226611179626,0.814368854347714,1.0,0.9226965370061975,0.46096119339335867,0.6896605288248806,0.8412414576119673,0.761339,0.40750420315114066
PRI,2015,0.1409818523165939,0.814368854347714,1.0,0.9249721112963041,0.6101473869896586,0.6901619477227033,0.85106485004057,0.634663,0.38740701143340806
PRI,2016,0.13818234498534868,0.814368854347714,1.0,0.9256049148313914,0.46096119339335867,0.6905809629169494,0.8531259743892943,0.686438,0.39596604118500567
PRI,2017,0.13989493921159213,0.814368854347714,1.0,0.9269177493865737,0.46096119339335867,0.6892632506598048,0.8441520568834717,0.6874079999999999,0.3976558594522759
PRI,2018,0.12491216504762809,0.8194748774437943,1.0,0.9273564684253119,0.46096119339335867,0.6879955255885272,0.848321018144979,0.708564,0.40927300990400095
PRI,2019,0.12131155383885353,0.8194748774437943,1.0,0.9273868349200711,0.5726517635503263,0.6898790020413798,0.8501548519084483,0.777364,0.38571951403624416
PRI,2020,0.11827082870681793,0.7125689756057383,1.0,0.9272609327744705,1.0,0.6846100699969263,0.8450102463981384,0.6694922,0.4179598948849712
PRI,2021,0.119993228575338,0.7542079744754874,1.0,0.9297809248066318,0.46096119339335867,0.6860056657050827,0.8466104874596843,0.8478669999999999,0.4096399072197201
PRI,2022,0.11869766217797308,0.7542079744754874,1.0,0.9308146337032084,0.5726517635503263,0.6921423965158094,0.8240567253932272,0.872918,0.4406144510237917
PRI,2023,0.12459003857385215,0.7125689756057383,1.0,0.9323926285109407,1.0,0.6939390114091922,0.8155165921403205,0.6866036000000001,0.4525211218405292
PRI,2024,0.12392585588368063,0.7259202101499082,1.0,0.9342043769516466,0.3446349113859254,0.6985015207527089,0.8130801864081141,0.4862686,0.4564100851666657
PRK,2004,0.8308799672115722,0.2365409509551187,0.0,0.07095371206737844,0.5229360441207564,0.10531296977674771,0.346378623518524,0.0,0.25810816662401487
PRK,2005,0.8363547806606645,0.2522877170219971,0.0,0.08101335772883655,0.5284501638812968,0.10328613012469892,0.3384066898099397,0.0,0.25541109172051824
PRK,2006,0.8295468125992634,0.26223636585954874,0.0,0.08883940223278874,0.5049555645121675,0.10103307403540436,0.4162403931963007,0.0,0.2600401682208736
PRK,2007,0.8261930499467225,0.29354143621307,0.0,0.09638128672754154,0.3078851464279806,0.07512593107683938,0.39469443692043504,0.0,0.28389042595121233
PRK,2008,0.818112010299614,0.3208311585593979,0.0,0.10608779397727086,0.46397116682912526,0.08177264125210619,0.38424319872508617,0.0,0.2608562199371741
PRK,2009,0.7874895441697486,0.28443292461617947,0.0,0.11383405826321225,0.3956058214721846,0.09136949464430459,0.42819359526314243,0.0,0.2989711526992349
PRK,2010,0.7980106590399156,0.25337806818583963,0.0,0.12143124251777415,0.4190659749887291,0.1063580393673168,0.39902464615521904,0.0,0.30414365201740934
PRK,2011,0.771110896720783,0.21115448036819165,0.0,0.12953438750865454,0.4770370319419454,0.1243147278122791,0.43279963844172115,0.0,0.36681600125194774
PRK,2012,0.7801877520977035,0.19346850641145358,0.0,0.13832041269575002,0.4228574649135647,0.11387602099405161,0.39736467408278087,0.0,0.3673026919948234
PRK,2013,0.8055863898866444,0.22646559399208935,0.0,0.1470498146369239,0.45618000933158476,0.1110549842248237,0.44252080236110647,0.030387297999999997,0.26209577172810744
PRK,2014,0.7422424835115046,0.19245863390847706,0.0,0.15561662055455727,0.48479083315925575,0.1348223241735514,0.42619187306622797,0.026950274000000003,0.3686970991854753
PRK,2015,0.7234579448029657,0.2574225645835673,0.0,0.1625818156850165,0.4815950345337008,0.15451353938965154,0.4982229513680658,0.017290274,0.3706763711862913
PRK,2016,0.7666423043927267,0.3132495612510802,0.01782939968813313,0.1726615125064308,0.3744380600821668,0.1372199944486635,0.4433590629130727,0.01793078,0.34699370954687137
PRK,2017,0.6149284402767565,0.27920000609252227,0.07269789235664703,0.17809373903835346,0.4368513955190476,0.22507795737369946,0.48957120759318284,0.08729078,0.44459324594384614
PRK,2018,0.6937172680192789,0.24578738774609615,0.12507418206853682,0.18297600788257862,0.46513498230675987,0.24896405449617287,0.5996851197734383,0.18962779999999996,0.24139019217979438
PRK,2019,0.7827693680827087,0.2985268350186682,0.17517486495029733,0.19097607070340494,0.5276591965286312,0.22892888689436752,0.5406452204994503,0.195213,0.13832858458281735
PRK,2020,0.7872223402257065,0.3828234860599224,0.2231894727349033,0.15913248967290028,0.48055814021132104,0.17813524516008097,0.4926607702886832,0.1295726,0.21701252206621727
PRK,2021,0.7692612122718303,0.3967389194028229,0.26928480208626393,0.1527086547702592,0.4963640667885443,0.2278160241033748,0.41722434269952313,0.1516084,0.3184777191786063
PRK,2022,0.753916575444326,0.3829410064544809,0.3136084114398967,0.16047079704618006,0.5022423615656961,0.31507698410941376,0.21846444783141977,0.14465856000000002,0.48257140459361014
PRK,2023,0.7541133839017837,0.38271846671143134,0.37017519871139726,0.16943832109485424,0.6092218762266702,0.32460480104428624,0.1912452824966342,0.11093196000000001,0.526048441690247
PRK,2024,0.7097329911722039,0.25868561919615385,0.4129353413954432,0.17778874215083218,0.519707422465822,0.2435806759720589,0.5419753401108015,0.36389098000000003,0.2878151979101002
PRT,2004,0.30285608974785677,0.7971600726508681,1.0,0.746434248319999,0.36942162356527547,0.6286248724811944,0.44644240586691053,0.3178,0.6216933269301776
PRT,2005,0.28221876427245884,0.8036371254223253,1.0,0.7548544436971283,0.39513884043923253,0.6294860329526882,0.4276134128911597,0.34990000000000004,0.6273902860642084
PRT,2006,0.2785560392330526,0.8185295684029472,1.0,0.7567635609132779,0.7015937301035711,0.6315641138786775,0.42228895751378426,0.3801,0.626300040330475
PRT,2007,0.2590931814898197,0.8327801709309997,1.0,0.7580033684419063,0.4467807796250509,0.6348727177866417,0.42241840919105345,0.42090000000000005,0.6347303863343914
PRT,2008,0.25634274084643827,0.8468010694970816,1.0,0.7736140105887017,0.4772377512923093,0.6351260806274627,0.40469071344402097,0.4413,0.6521106504025069
PRT,2009,0.25528275860733723,0.8587937066859292,1.0,0.7849036814132693,0.4370453947505654,0.6303836333379035,0.3920884814664749,0.4827,0.6790271662651319
PRT,2010,0.25445075058515815,0.8524732462168927,1.0,0.791817207539729,0.5296166330252753,0.6328175596815365,0.3939264232263313,0.533,0.6684793360129633
PRT,2011,0.24603969959478172,0.8534364488250581,1.0,0.8022907881047852,0.5597302645762944,0.6305222510028529,0.3792582273193401,0.5525,0.6722338432902735
PRT,2012,0.2527986488035057,0.8486275000832519,1.0,0.814358293625769,0.7535938257499217,0.6251082867296035,0.37315409387657184,0.6034,0.6738109291720407
PRT,2013,0.26254608852653677,0.833869869167293,1.0,0.8312469699000613,0.7029091982061666,0.6244693707225223,0.36802743481635236,0.620956,0.6801675287123268
PRT,2014,0.2573718798236404,0.8121667240209329,1.0,0.8398852695351686,0.6379575288183454,0.6263242111793016,0.3706002181256236,0.6459239999999999,0.6726977591380989
PRT,2015,0.2572774524132544,0.7950547694249419,1.0,0.8421217197912605,0.32536103328102906,0.6292148512008718,0.3856963800105562,0.6863290000000001,0.6610721115144473
PRT,2016,0.25298733297452775,0.7782961735557083,1.0,0.844685134699255,0.5158888366473912,0.6325530727553449,0.382125266450553,0.704236,0.6607467102093447
PRT,2017,0.25633482394337737,0.7607156983750114,1.0,0.845015922301477,0.6107480502095957,0.6376405151438825,0.377210584527899,0.737912,0.6587698671597519
PRT,2018,0.25264571972361904,0.7479278837101062,1.0,0.8467849890372041,0.5095769495847813,0.6420877792925795,0.3804955859979171,0.74661,0.6568109388682859
PRT,2019,0.259233317076482,0.7392127945874432,1.0,0.8512223117687774,0.5771329610742952,0.6459850800143209,0.36810297378080414,0.753464,0.6630871742099029
PRT,2020,0.27018371078590014,0.7633311777065639,1.0,0.8491453634337489,0.40208500461165636,0.6334060851314963,0.3808037630102086,0.7826170000000001,0.6628311188867948
PRT,2021,0.27178394078925144,0.7518964334389187,1.0,0.8480661660824484,0.5188519224067785,0.6403486692820995,0.37878453329420547,0.82309,0.6561327007831461
PRT,2022,0.2516025993702688,0.7297527263626982,1.0,0.8435918324973462,0.6148658828680773,0.6491383200355444,0.35573763003562586,0.844969,0.6711817455297049
PRT,2023,0.26990369629453154,0.7056295393329008,1.0,0.8385178334484475,0.5419483285141857,0.651582393177155,0.36367701817915354,0.857901,0.6724944212914781
PRT,2024,0.2609561041056783,0.6971538524605936,0.9990855678113043,0.8464895503343679,0.5641912942629277,0.6530654881137724,0.36311006553637726,0.8848699999999999,0.6722898305658762
PRY,2004,0.6419478311174844,0.29996932650243796,0.9196127060764656,0.6344186768780844,0.3475688170776253,0.4068116884655538,0.7121400068775268,0.034524400000000004,0.25246062990128415
PRY,2005,0.6216359200620577,0.2997007426411064,0.9378331043009336,0.6527675229692274,0.28844549054968555,0.40827033599093443,0.7233020977608793,0.0790701,0.26902586847076293
PRY,2006,0.6050710495337025,0.2891151365415448,0.9616876717453318,0.6597284745537273,0.37502979620230126,0.41357244878592925,0.7108681655619742,0.0796207,0.3064848854625688
PRY,2007,0.6215625679490921,0.32272656524615256,0.9593242954667272,0.6626424724662447,0.32228944333484905,0.41981204652561044,0.6952086768067118,0.1121,0.3092401188937095
PRY,2008,0.6335677181676175,0.38876193888886407,0.9616876717453318,0.6905938104658311,0.4034445941283444,0.42753878602172135,0.690802254296822,0.1427,0.30043937937171483
PRY,2009,0.5679221269441361,0.4186830343880768,0.9640462149402405,0.6767123788847438,0.3400334047149128,0.4256761367755538,0.6988883994967883,0.189,0.36089293585818183
PRY,2010,0.6268048636228187,0.4539091183168163,0.9699215573476945,0.6856217793826138,0.46375375062897173,0.43924873739272796,0.661106728717977,0.198,0.3400782215700908
PRY,2011,0.6397481740971513,0.48200177548832684,0.9792602903180887,0.7012730003400729,0.4114959834624289,0.44341403158759596,0.652997022098065,0.24763500000000002,0.33070849508094424
PRY,2012,0.5699670164884111,0.5006199946124379,0.9746003760175901,0.7045826896986656,0.45399140287543277,0.4403409307736189,0.6598360484037349,0.2934,0.3922552797979164
PRY,2013,0.6242451170614233,0.5193198327059367,0.9885240125752848,0.7322532689255148,0.35771502394208093,0.4498162933554243,0.6413524564429594,0.369,0.3709402242517408
PRY,2014,0.604646852779406,0.5419619171798138,0.9885240125752848,0.7230292047383653,0.44760121714475976,0.45520908584243724,0.6468354587529337,0.43007399999999996,0.3734254035804838
PRY,2015,0.5566038138467014,0.5699829701323436,0.9919788146205688,0.7406743939344769,0.4287261909275482,0.45731922899111754,0.6608005651919355,0.49716299999999997,0.40127786136980603
PRY,2016,0.5836931043007372,0.5596715184883756,0.9815832059480165,0.7277216034866303,0.4317731397353974,0.46127916102019817,0.6595906771060749,0.534041,0.3829035633882496
PRY,2017,0.5730265613093691,0.5586115115682191,0.9919788146205688,0.7345770131118057,0.4107189751602537,0.46603299725239233,0.658128517182919,0.610758,0.38895166604576925
PRY,2018,0.5679714592723302,0.5762027672474379,0.995423298675246,0.7482365539400302,0.3352683049940923,0.468593227527096,0.6460804596699288,0.649935,0.40552371645567353
PRY,2019,0.5617339115951573,0.591191120097537,0.9965691777763395,0.7653600757430916,0.3673378089644034,0.46604235592552923,0.6451061183135485,0.685176,0.4175844837260465
PRY,2020,0.5843339421319129,0.6044150455575468,0.9965691777763395,0.7315915625253502,0.337173106233676,0.46288538628388987,0.6554284132564725,0.739575,0.39247611718759856
PRY,2021,0.595279755840788,0.5989281487106626,1.0,0.7429479119616929,0.3791643432265644,0.46684384760917996,0.6621762448184245,0.770184,0.3711396148802528
PRY,2022,0.587755297351354,0.6057307963776859,1.0,0.7719762759017974,0.41668248614384884,0.4654521401662849,0.656137643725194,0.762592,0.38495686644304206
PRY,2023,0.6012472722200886,0.6114230989651581,0.9977139195282607,0.7809695149636111,0.45181863288217594,0.47074688280990007,0.6363138134119335,0.7809480000000001,0.39220103745250556
PRY,2024,0.5840696344396746,0.6320308751884549,0.9933540901611607,0.7815201120221835,0.4446661399525752,0.47499617871472777,0.6301899026301596,0.8157810000000001,0.40312273662574505
PSE,2004,0.5925732602476675,0.4334356718238453,0.994276279962726,0.740816720728859,0.3130326291302965,0.3288823823505206,0.3952505550959329,0.044009,0.546437596207586
PSE,2005,0.5460879155646411,0.4624159924358631,0.995423298675246,0.7393246313840942,0.3300365107847215,0.340697095271426,0.41856822584704867,0.16005,0.5448650610973984
PSE,2006,0.5973658671371801,0.46053894252230093,0.9965691777763395,0.7435118411496422,0.3066393572636541,0.33553597406807467,0.3544947769865123,0.1841,0.5591039976202814
PSE,2007,0.5445517208218541,0.4310982966610734,0.9862150483999299,0.7489054291666881,0.30594958023086233,0.3372235924237367,0.3336014196692896,0.21175999999999998,0.5924697767698874
PSE,2008,0.5718128183534225,0.3748777756743152,0.9977139195282607,0.7797499705903683,0.3298751683136415,0.3436297480071421,0.32730312954870744,0.24358000000000002,0.5471404991378916
PSE,2009,0.569516714541326,0.3973739417957151,0.9988575261865398,0.7867693526607065,0.5258598238593679,0.3517212702703493,0.33333571768902237,0.3223,0.5527365283559544
PSE,2010,0.5463919437594853,0.4164694363668841,0.9988575261865398,0.7844146478458347,0.4049785498341122,0.3561030441136056,0.3614864417789667,0.374,0.5506808577939033
PSE,2011,0.5301093462486572,0.43194466783229984,0.9965691777763395,0.7722797406091004,0.4229762677133529,0.3657418637178972,0.36931906240171886,0.4108,0.5881415940934942
PSE,2012,0.5239927367458821,0.4419165572904959,0.9977139195282607,0.7705692823578221,0.317596780479751,0.37074858646867537,0.4011448114194016,0.434,0.5846388932422881
PSE,2013,0.5103265013747478,0.4425635063394315,0.9988575261865398,0.7682801349275126,0.37529778872112346,0.37392763351835157,0.359751886697506,0.466,0.5961326101858435
PSE,2014,0.51679271253216,0.46947797806423247,0.9988575261865398,0.7693477726000211,0.35831839379079167,0.37029670891258604,0.34442523251912105,0.536652,0.6055882809743052
PSE,2015,0.5050044589264928,0.507769100269607,0.9988575261865398,0.7791483310789276,0.332898155910096,0.372275012390861,0.30164763355736524,0.5670000000000001,0.6092325781970453
PSE,2016,0.5104691132631229,0.5325446505644333,1.0,0.7788358096670045,0.4092654051714497,0.38134111118773284,0.32526427252367274,0.599,0.5988391902294699
PSE,2017,0.49432379086762945,0.5617085178093868,0.9988575261865398,0.7805452842802971,0.3582487229553151,0.38050043742210315,0.37677283770129044,0.633,0.5701729523919923
PSE,2018,0.5036038731467979,0.5773932484962139,1.0,0.7808271356711236,0.3682642239495178,0.3785944403873066,0.3780729684395061,0.644,0.5846382688428053
PSE,2019,0.49472281450111216,0.5778155727389829,1.0,0.7919024915785364,0.3341141205687315,0.37691353729652455,0.3565058224019617,0.706226,0.601037800561171
PSE,2020,0.49612757663912355,0.610953491477719,1.0,0.784718511225516,0.3174350897592193,0.35587417120751763,0.31876631012694845,0.7601000000000001,0.5929934809689232
PSE,2021,0.4718304742699298,0.5892464075451298,1.0,0.774290316941245,0.4110527111585046,0.3621430751139817,0.33676586362421923,0.8217829999999999,0.5860639650435635
PSE,2022,0.45243687646895125,0.5910070505913669,1.0,0.7713529387394455,0.3895670185235968,0.36443018849660624,0.32883073135019725,0.8864690000000001,0.5602311388175973
PSE,2023,0.4509664553949471,0.622500242985256,1.0,0.9109107808108794,0.32177359652757287,0.35419086998301863,0.27665043949639045,0.866377,0.5632878258864658
PSE,2024,0.6815142819663691,0.6708028325201918,0.7225984026882213,0.548691763144481,0.36099809998063787,0.3059778391292972,0.5339789042428915,0.39327772,0.43024240142279735
PSS,2004,0.6730044998810747,0.6013627223352571,0.4300766589093392,0.5961693059135142,0.68728985691566,0.37334827837117623,0.3283986213037404,0.2993376,0.5089355949711982
PSS,2005,0.6634676024828097,0.6282779879515621,0.4600574277498115,0.6016866177092322,0.5456856397908648,0.3751784267530397,0.26801914858693987,0.33537739999999994,0.5599143222856986
PSS,2006,0.6635138816891536,0.6508537934606669,0.44953572443589973,0.6024193298471818,1.0,0.3769372419554221,0.26138253738064043,0.16849364000000003,0.5644859945154748
PSS,2007,0.6631755454591183,0.6526470072002066,0.4905842740289055,0.601434396655367,0.9601767032354622,0.37554611182475706,0.25486460305100556,0.12720674,0.5728098684115341
PSS,2008,0.6553513405272355,0.6677835505844771,0.5481523027468738,0.5994829643857353,1.0,0.37689762935945603,0.26611324555848515,0.13315636000000003,0.5669623398291175
PSS,2009,0.6588833523714348,0.6682417407950418,0.5061523303614752,0.5989270838847172,0.7658703383727892,0.3746794946180495,0.26195167088514615,0.27803706,0.5838780876590559
PSS,2010,0.6585333531405912,0.6566926907275024,0.6223340203244527,0.5911152423018877,0.6963157195448784,0.37818632679526776,0.25645508390336147,0.26297628,0.5733363217458063
PSS,2011,0.6602255353648354,0.641801251262935,0.6381996623196455,0.5909960148639355,0.6585903513296557,0.3817137660109261,0.2853517738949314,0.19006408,0.5712320405214992
PSS,2012,0.6678743149563527,0.6445196879079926,0.6541406416355118,0.5908225457373075,0.6377873919717567,0.38127202750543565,0.26895611469225145,0.21220808,0.5644777312787563
PSS,2013,0.6705619346986867,0.6474423855736189,0.6359681894083247,0.5909233714182323,0.6267753829176662,0.3840023959064255,0.24499468056981133,0.26393708,0.5649122304729093
PSS,2014,0.6526519836313264,0.6502810089380815,0.6956714193817648,0.5916005623841727,0.6525255464693307,0.387190794645183,0.22836988218745513,0.19662382,0.5488908964959243
PSS,2015,0.6434022504970444,0.6613798330232068,0.7246286519315559,0.6020678012117413,0.5372264302308414,0.3909984513907049,0.22880273122528028,0.20373276,0.5598336463553277
PSS,2016,0.6689211122599129,0.6737418462449751,0.7441878936880748,0.609878240979342,0.6801719075967606,0.3944187732276069,0.24994771068239996,0.17852776,0.5453218919559806
PSS,2017,0.6706501438751752,0.6765145160718538,0.775071673763728,0.6174198752143871,0.6265185804512321,0.39811506543893016,0.24166788192744604,0.19497576,0.5384220030411342
PSS,2018,0.672735360688071,0.6853118973059609,0.7832811679218032,0.6244677646522501,0.6835588970945792,0.4001720170106552,0.23180300283683763,0.15788856,0.5336381290917243
PSS,2019,0.683442958474794,0.7018035920680856,0.8057370367106627,0.6311931953384686,0.5717106506520248,0.40029533395729355,0.25915601900340124,0.21610236,0.5505340759828852
PSS,2020,0.7122655203658117,0.7312222726824782,0.8304779540016147,0.6135794052977728,0.534366369090064,0.3830923472133937,0.2709586566949225,0.26531731999999997,0.5411988574399991
PSS,2021,0.7239723958089382,0.7419392287589326,0.8235371550483457,0.6103547974244599,0.6651725305953775,0.3774466478445585,0.26001592887405844,0.24432436000000002,0.5311479671997947
PSS,2022,0.6987646033347882,0.7290211912375504,0.8251537607094628,0.6185396505018468,0.43810710781245354,0.38756084770441845,0.25907234666983214,0.36120704,0.5461578697492082
PSS,2023,0.6846342410707034,0.7198705108366465,0.8653490729213615,0.6245574976528783,0.44851444628200665,0.3954818905944365,0.2553256000502049,0.45170704000000006,0.5597794596644738
PSS,2024,0.6851930874433233,0.7227500323358906,0.9337443760215643,0.629865258324446,0.45159861603056556,0.39854089756965705,0.2629966164683699,0.7138624,0.5460332862743149
PST,2004,0.22021656598254463,0.8319342407820576,0.9973957884975215,0.8264590734174995,0.42342463421735876,0.7219686372895041,0.48025436512834063,0.5055894000000001,0.7013635491636219
PST,2005,0.20481472960857136,0.8375714632677504,0.9977873854025425,0.8302391117250596,0.494875076397007,0.7252356492829536,0.4817978544321011,0.5196234000000001,0.7018920621443376
PST,2006,0.19522671211586268,0.8458486109567298,0.9977457953571198,0.8316951481701942,0.5631464903204679,0.7286393559879801,0.4843706023224503,0.5196234000000001,0.6984848675426121
PST,2007,0.19817041757252327,0.8494649643821008,0.9980628140007601,0.8341029808428431,0.652852459117857,0.7314562445327949,0.48117630742997575,0.5196234000000001,0.6980823836076686
PST,2008,0.19751841896104425,0.8394695499760911,0.9982088462270351,0.8399701112934115,0.5267868451067037,0.7311027722700688,0.47510303426109846,0.5199464,0.7039723112131715
PST,2009,0.18790204585377177,0.8468043918365551,0.998425491774789,0.8490035850115243,0.41595535421098084,0.7253759852254137,0.4424518238243993,0.709063,0.7300145067336317
PST,2010,0.19498323483982938,0.8411410177182885,0.9986306380192644,0.8523843045402226,0.4340093433339296,0.7288415978025308,0.4515377927201354,0.6469142,0.722555607625829
PST,2011,0.20551723722098927,0.8338427300162281,0.9987747511915943,0.8549441969214211,0.4828160871843199,0.7307991250241198,0.45103327338495247,0.6469142,0.7187888946813898
PST,2012,0.20332390439413006,0.8348035305270685,0.9988912056849015,0.8564811257757663,0.43535431583427764,0.7319542814532499,0.44624112689085726,0.7344716,0.7233892988019996
PST,2013,0.2111530317341505,0.8378904789467951,0.9990733545866766,0.8589387760494231,0.4413547522577089,0.733577930649513,0.4413489281345946,0.7058032000000001,0.7222378705572061
PST,2014,0.20197385087061506,0.8363652649783544,0.999223877081679,0.8602219764732459,0.41919769096587833,0.7358614885191316,0.44060477647974916,0.7058032000000001,0.7223748327955031
PST,2015,0.1939593357225971,0.8392236542848535,0.9993687424724502,0.8622149172455735,0.5213919007392052,0.7384244934807646,0.4293648775133272,0.7058032000000001,0.7321636874279398
PST,2016,0.18955114241304402,0.8421674518942461,0.9995178046536788,0.8642000534493017,0.5555231666035418,0.7403642401316141,0.4233505561847979,0.7057692,0.7370266094814419
PST,2017,0.19413501675012607,0.8467346750977192,0.9996701992104784,0.8648911598220397,0.48334784986882995,0.743376435425389,0.4294053001603333,0.7059092,0.732162497227427
PST,2018,0.1873652397586461,0.8382911730884346,0.9997963163599701,0.8654117621665565,0.3224361776423007,0.7460733768589777,0.4320758293796374,0.7598404000000001,0.7300086471929093
PST,2019,0.18181480673032013,0.8493083284720071,0.9999228327584095,0.8667542702940523,0.4242453980261349,0.7482241675847147,0.4250416725621975,0.7057692,0.7363420484698877
PST,2020,0.18906594373739716,0.8739305319074706,0.9999684838905933,0.8682930609332149,0.3572093149754086,0.7419252816104197,0.4146465643050592,0.7057692,0.7451473501364227
PST,2021,0.19010756384934313,0.8718883157427766,0.9999866901352377,0.8700751973571266,0.45596126772021806,0.7500111798196641,0.4224821307369486,0.7059092,0.7364782173427558
PST,2022,0.3842507644223798,0.8509029580452026,1.0,0.8752911925974445,0.422125964745401,0.753903975131423,0.5678738765272384,0.7006902,0.5318590611144479
PST,2023,0.15054615214548042,0.8498979282380901,1.0,0.8768740027544522,0.3396105945182431,0.7560304581468692,0.6589883234889253,0.6972415999999999,0.5285957842097487
PST,2024,0.6850590014544261,0.8624303352492115,1.0,0.8791730150335018,0.3814032665734142,0.7577022376189199,0.3037480316616127,0.6082772000000001,0.6000614185833678
PYF,2004,0.1057503552016896,0.6315769137182591,1.0,0.8997450490867998,0.2915300541804266,0.6483265668807395,0.28273341725959794,0.178845,0.796006796938767
PYF,2005,0.33136627717594286,0.8595010714624929,1.0,0.9002105440293837,0.2929403382411176,0.6466044856916661,0.12954062012209255,0.215422,0.785626372335448
PYF,2006,0.3247195248284895,0.8595010714624929,1.0,0.9013989540129597,0.317955377691251,0.6458262541411152,0.09166594182404442,0.25108,0.7991498786309532
PYF,2007,0.299430794237317,0.8543950483664124,1.0,0.9019557775008473,0.3411882868874688,0.6465180683146073,0.11230675005522861,0.2859,0.7965075563235082
PYF,2008,0.27948121381902896,0.8543950483664122,1.0,0.9026152978436248,0.2966818365763783,0.6454742738909881,0.13092286951180143,0.3387,0.7989479601392584
PYF,2009,0.28218467046773943,0.8328984914947872,1.0,0.9143919044917914,0.3056106200706119,0.6386036865437362,0.1454102915201987,0.446,0.7962240880603324
PYF,2010,0.27976477569424596,0.7881754559534769,1.0,0.9161492910879634,0.3527759049501934,0.6343884506735883,0.11811640196483109,0.49,0.8033295985603415
PYF,2011,0.2954773042757733,0.726987204419434,1.0,0.9163192386041779,0.42441940218053265,0.6294100820961971,0.09977813551022452,0.49,0.8116069259718608
PYF,2012,0.3051987858712648,0.6870590540682494,1.0,0.9184475284644096,0.45229676993937384,0.6273343527311693,0.10627104846443358,0.5287660000000001,0.8056532470606075
PYF,2013,0.3291556328910605,0.7178133876150314,1.0,0.9202109692101574,0.39105938969260573,0.6270408529213368,0.09774321082694293,0.568,0.8008438362910382
PYF,2014,0.33820269231833294,0.749963312612135,1.0,0.921466195502989,0.34953313028133376,0.6270259686293812,0.10531308622910429,0.6068,0.7945379689011522
PYF,2015,0.3410817518006904,0.7568696266979743,1.0,0.9236201539080877,0.31580066462084916,0.62884558759686,0.10660022521763923,0.645602,0.7906606829451932
PYF,2016,0.34043925844878853,0.723294082742763,1.0,0.9252821207985766,0.3568838359736105,0.6314656698860442,0.0998794227220492,0.684404,0.7909411667638051
PYF,2017,0.33118202009830805,0.7021298679624854,1.0,0.9261573287752367,0.38447242716082664,0.6370947205744842,0.08619651937702066,0.7270390000000001,0.7942073044652727
PYF,2018,0.31887227495330256,0.7899779313267491,1.0,0.9277450075274749,0.2903196843286893,0.6398350941856014,0.08320632514615434,0.7598404000000001,0.7927486562714567
PYF,2019,0.27836104060056893,0.7437119685472441,1.0,0.9281009700452323,0.2977788896582087,0.6440931101052475,0.10054919694091224,0.7598404000000001,0.794898991610697
PYF,2020,0.27579609945823347,0.7110654763130644,1.0,0.9301278724561892,0.2658597716045485,0.6277801700315971,0.09893887781575539,0.7598404000000001,0.7915272139090055
PYF,2021,0.4989718451679327,0.5851949987936734,1.0,0.930091895639213,0.2562036281696992,0.6322827091906741,0.563471749026046,0.7563975999999999,0.5157003039685829
PYF,2022,0.14744921775025377,0.5950574921713625,1.0,0.930537689378915,0.273048027979834,0.6361812721003949,0.4835667378272654,0.7707816000000001,0.5246293321900993
PYF,2023,0.14744921775025377,0.5950574921713626,1.0,0.9311635449213003,0.2771327505814307,0.639768775497577,0.6594025898767455,0.7681848,0.5189493425680638
PYF,2024,0.09941514886205254,0.6052100407429529,0.9972553422210716,0.932411678742477,0.2697500040051004,0.6410393105047706,0.28799236368130177,0.35179340000000003,0.7938319121623019
QAT,2004,0.03710626546327332,0.48224573473960747,1.0,0.6968484632468974,0.5299037247338247,0.7944685943250399,0.39255939007481044,0.207016,0.6747420826722357
QAT,2005,0.027105446568103417,0.5151223856485785,1.0,0.6953789595771949,0.6493868244597797,0.7954968910516397,0.39043278040145835,0.247335,0.72607453653042
QAT,2006,0.024689651486015547,0.5293535018492712,1.0,0.6886013032644107,0.6581518720872317,0.8053864852538802,0.2623886271876722,0.289741,0.8119616160538546
QAT,2007,0.02214831868987538,0.5608386985796427,1.0,0.5753254391940001,0.66774512583273,0.7978947490496443,0.4452019899538402,0.37,0.6891506015906215
QAT,2008,0.025286700618369004,0.5567174243472515,1.0,0.4786974433904492,0.4973563703305598,0.797399290651163,0.39255939007481044,0.443,0.6747420826722357
QAT,2009,0.025004946057297053,0.6088015221742196,1.0,0.49555987744155283,0.8246796748205887,0.7963714307959274,0.39043278040145835,0.531,0.72607453653042
QAT,2010,0.024157128095294297,0.5793510010226284,1.0,0.5266328328752077,0.5298759363206573,0.8216292802106832,0.0119212468302746,0.6900000000000001,0.9581233694559707
QAT,2011,0.0192668031982526,0.5510250714778928,1.0,0.5590406566599215,0.32042584396965845,0.8391414201574211,1.0,0.6900000000000001,0.0
QAT,2012,0.018754026898686504,0.5361031087103498,1.0,0.5890975950011108,0.2978106316976834,0.837375733982681,1.0,0.693,0.0
QAT,2013,0.0191511133810032,0.5524084986545077,1.0,0.5895814005289712,0.25649992865395427,0.8297332553108844,1.0,0.853,0.0
QAT,2014,0.02370890971029822,0.5834547088211339,1.0,0.5759318342119277,0.3168530795317685,0.8204651448977033,1.0,0.9148999999999999,0.05991523430207302
QAT,2015,0.032946897281431506,0.6781094148593725,1.0,0.5602206907052372,0.32711022846881177,0.8147488858549562,0.9104057537079213,0.928848,0.3538101868079653
QAT,2016,0.03754109004181009,0.7043384743026793,1.0,0.554962850027076,0.3172145023193801,0.8111465706797131,0.8725579586611225,0.9512470000000001,0.4388371767433985
QAT,2017,0.04365376286208575,0.7052278423035023,1.0,0.5552549461583243,0.3238522562025823,0.8049848690227875,0.903883369757629,0.9738880000000001,0.3768458953160483
QAT,2018,0.04436527959005627,0.7062073226724073,1.0,0.542873691155549,0.20641374234287757,0.804789143080295,0.9351034449223361,0.996528,0.2955784182344434
QAT,2019,0.05237931454155792,0.7558739005860038,1.0,0.5489948899598267,0.18023684783211294,0.8025628042642287,0.9080222555572051,0.996528,0.36109581283391146
QAT,2020,0.06685181739096845,0.8274304573390507,1.0,0.6967911858143201,0.17432874308336282,0.7889932921767936,0.8643982275185276,0.996528,0.47205769558813415
QAT,2021,0.059509202091742514,0.8010261773518854,1.0,0.7127502567757134,0.24442953269531192,0.8071980901803165,0.9318357782852522,0.996528,0.3288446876622979
QAT,2022,0.05172742365864668,0.7568596127384086,1.0,0.7273603121740146,0.28612208263992045,0.804574704359683,0.9742514783591467,0.996528,0.1984536689668146
QAT,2023,0.057436072307133594,0.7869236866389486,1.0,0.7286929166719349,0.2698203346447862,0.8068639028706327,0.9289942283400436,0.996528,0.3284093628836797
QAT,2024,0.05749719050969853,0.7938186901221702,1.0,0.7362632708731192,0.2976854376066309,0.79961994979801,0.9172069956521849,0.5118387999999999,0.3538345147121751
ROU,2004,0.6214891016783827,0.35214793516640536,0.9450414228929294,0.533589068585913,0.8432953171262063,0.4604765886372598,0.6203749083915844,0.15,0.33645581996198937
ROU,2005,0.5337467798229864,0.4030290553266273,0.9486287577303187,0.5467109118745128,0.7135906312470599,0.4679947212898451,0.6269366716881024,0.215,0.388366995261173
ROU,2006,0.516407984137539,0.4587867124941854,0.95220496903098,0.564882727071081,0.8710436943085336,0.48006331543348757,0.6375963163467033,0.2466,0.3942678687290915
ROU,2007,0.4436617079569551,0.5169123095323147,0.9545829641422525,0.5684047156471288,0.6606234719360985,0.49234422590365934,0.6565401301626779,0.28300000000000003,0.4138359809582264
ROU,2008,0.47134707205054366,0.528852853566512,0.9593242954667272,0.575740519600775,0.6990613896485363,0.5076797858731651,0.6908758026966582,0.32420000000000004,0.36433607691841985
ROU,2009,0.465201518744957,0.5353972461885577,0.9628675462424807,0.593430131026031,0.4573701027410746,0.5006524832067781,0.6861763751399546,0.36600000000000005,0.3965898744316947
ROU,2010,0.4314625227873136,0.5428071499905767,0.9663999447783445,0.5943815720388876,0.4070032750026578,0.4957318917506234,0.7108878538704275,0.3993,0.3524410822766142
ROU,2011,0.45959882903293736,0.5378842058195168,0.9699215573476945,0.6114839225625559,0.36409677768346377,0.5028284084691813,0.7346667620279426,0.4001,0.28012000480788046
ROU,2012,0.40553488062850407,0.529129895574471,0.9746003760175901,0.6111726247253348,0.3947500154570971,0.5062115618221531,0.6586099432465871,0.45880000000000004,0.4153912778359654
ROU,2013,0.4439631634266197,0.5179964934078201,0.9780970756754845,0.6153893696327142,0.41619815931744353,0.507154570987829,0.6240054679417035,0.497645,0.4349511303792397
ROU,2014,0.4224585937288748,0.4974254549475368,0.9815832059480165,0.6169459883606385,0.4100990948963651,0.5135527064977049,0.6315152638165988,0.540783,0.44120978658588506
ROU,2015,0.40053956497151777,0.48901228412327385,0.9862150483999299,0.6522948564746387,0.4419861857120406,0.51874639341327,0.6044523360419953,0.557632,0.4697658309456747
ROU,2016,0.3945878928194549,0.479036441116415,0.989676763516206,0.65947907525599,0.5036112783596008,0.5236718458734385,0.5934138918559184,0.59504,0.5105536405346984
ROU,2017,0.40110637631445184,0.4642236905270099,1.0,0.6597609882713007,0.4683742105113785,0.5359438888887132,0.5768453352118599,0.6374730000000001,0.5386495060396834
ROU,2018,0.40405901797403726,0.4561677503360317,0.9977139195282607,0.6653751675475079,0.4816775308329902,0.5444227314627051,0.5767520676088829,0.7068129999999999,0.5365690076090011
ROU,2019,0.39545604346687174,0.4478162123263603,1.0,0.6748928740168334,0.4756955739578227,0.5508247705914747,0.5539718274806749,0.736575,0.5606951008149701
ROU,2020,0.38444785186056646,0.4575323077411518,1.0,0.6855102511090734,0.377564801893762,0.5463054521431131,0.5334045881923875,0.784553,0.5837765909602148
ROU,2021,0.4087639081143141,0.46276531961008344,1.0,0.6869197134727769,0.552692400594845,0.5552797937963952,0.5257528024098823,0.8359040000000001,0.5779828267069571
ROU,2022,0.3722061400525429,0.4521880981574045,1.0,0.6934370338257905,0.5369514584352655,0.5617938125321821,0.5508960982833937,0.8550310000000001,0.590704046343205
ROU,2023,0.34641882840943816,0.4346649368424012,1.0,0.6827901671147787,0.4469979974657152,0.5649387785808965,0.5418089675020408,0.892034,0.5981715920638995
ROU,2024,0.3163231037992505,0.42978612042406245,0.7301290890889949,0.6951814925162516,0.4058078200410312,0.5663328184697908,0.5078631411580112,0.912905,0.6214919800875953
RUS,2004,0.42069229998556995,0.44430953488194064,0.9769326866615113,0.7402629475129037,0.45363070268775085,0.47963846284016365,0.6183397510323525,0.128594,0.4367682896808467
RUS,2005,0.39294853138608715,0.4580976670321009,0.9769326866615113,0.7425804166959891,0.4161201872115026,0.4891959260805335,0.6324017925928918,0.15226699999999999,0.40421381216210817
RUS,2006,0.3743385278763064,0.49641833512611905,0.9780970756754845,0.7485569115892083,0.5311748944512455,0.5011101162609698,0.619538801485108,0.180233,0.42045188535472633
RUS,2007,0.37026158603619275,0.5399219277706055,0.9792602903180887,0.7590726977651778,0.5637956874444348,0.513199234366242,0.6108982286276587,0.2466,0.4370232876915052
RUS,2008,0.3689827870969914,0.5607186466274889,0.9804223329558175,0.7637390087633942,0.5770549121972646,0.5206208265850721,0.6040580158252606,0.32,0.43741383366195263
RUS,2009,0.3850397064945376,0.5794406785376915,0.9815832059480165,0.7773498738490643,0.4787475725875662,0.5087899289845536,0.5804051961030203,0.4255,0.4888612817342257
RUS,2010,0.3475042876450507,0.5673923880993157,0.9919788146205688,0.7793206301186251,0.46825042593501387,0.5151135589718258,0.5914412302935206,0.49,0.47827713654825654
RUS,2011,0.33665745955618837,0.5614788451731685,0.9908283634325308,0.7822136870383103,0.4592390032681255,0.5210530490400324,0.5818405028514193,0.58,0.4893667170583873
RUS,2012,0.3233867280474832,0.5728171792092083,1.0,0.7828730696694683,0.43310544275027796,0.526414224839482,0.5766744842149087,0.66,0.5008774422122104
RUS,2013,0.3274556902659918,0.592447979638907,1.0,0.7863415123300137,0.4805227247284845,0.5285082385808689,0.561205138447191,0.6797,0.5263989425348741
RUS,2014,0.3484196391012489,0.621594261679014,1.0,0.7906634052586821,0.3536482026883927,0.5268705651406024,0.5567085055973076,0.705176,0.5195555136630525
RUS,2015,0.37491623138408525,0.6260453249540427,0.9474342188142355,0.7931056140620605,0.31673054974922504,0.5235285669171149,0.5880947781601795,0.700992,0.5267248813566852
RUS,2016,0.37330154756634965,0.614539568479324,0.9931281193697661,0.7954361147971212,0.44987656191914943,0.523397178805323,0.5778602260723975,0.730914,0.5401941630053062
RUS,2017,0.35874790775787985,0.6102483743498606,1.0,0.8023620445667965,0.4020815835631495,0.5257209411176319,0.6022571771132332,0.760081,0.5250112964748097
RUS,2018,0.35025253387291827,0.6067012779619345,1.0,0.803928360725878,0.31851717127542273,0.5296113548995408,0.631279588726003,0.808647,0.4833463846029966
RUS,2019,0.35752314207378044,0.6122866434917698,0.9977139195282607,0.804381228707058,0.4069250963533255,0.5326876117707205,0.6251888169778368,0.826422,0.49545305961270714
RUS,2020,0.3813487031819963,0.6399016158916857,0.9988575261865398,0.8052606000336779,0.3253368972764208,0.5289729167520779,0.5868363519549562,0.849947,0.5303132638551
RUS,2021,0.3648447547457586,0.6208300062458163,1.0,0.8057222368129162,0.4279359406511371,0.537729441172161,0.619626861438856,0.8821380000000001,0.4959788457958427
RUS,2022,0.3516614058000579,0.5659409952967421,1.0,0.8085629537039356,0.17098994246552418,0.5361281176907947,0.626396040136393,0.9041800000000001,0.5107860617263822
RUS,2023,0.3261766303318978,0.5498548194267332,1.0,0.8146046407551806,0.25246261969544237,0.542346826013813,0.5980278536779764,0.9224500000000001,0.5359290178120433
RUS,2024,0.31203924117674053,0.5339827455255163,0.9869919165672449,0.8163158061192664,0.2560284648545779,0.548813905981829,0.6030005194185235,0.94365,0.548047918487736
RWA,2004,0.8443329333823771,0.2539975518793371,0.0,0.0694024734928349,0.3051072178568106,0.07414615959553894,0.24550047321926005,0.0043085400000000005,0.282636690058657
RWA,2005,0.8435139568850125,0.26371044865255705,0.0,0.10639985858037826,0.30167831341440404,0.0832756649910692,0.2571403002407091,0.00556041,0.28430202922978465
RWA,2006,0.8163098514915215,0.29088802438312894,0.0,0.1452824504743604,0.34409415583595093,0.09219681548518688,0.2842521715516997,0.001112082,0.3373017440297752
RWA,2007,0.7837712658354619,0.29548493245288004,0.0,0.17762303434549476,0.415576135002349,0.0989994449994055,0.3104688375094784,0.0211539,0.39322338983018534
RWA,2008,0.7721465609096548,0.31727875886512585,0.0,0.21878862951565958,0.4125381375851355,0.11052153780207952,0.29696630921053835,0.045,0.4131872224815569
RWA,2009,0.7774246418745852,0.27994123001920773,0.0,0.24339103805578732,0.4201217435915611,0.11556626674288661,0.27991772289281536,0.077,0.4167330084359109
RWA,2010,0.7677967687176301,0.28596149048260316,0.0,0.2716280320177873,0.5137402118067439,0.12216604702967115,0.29886100813241745,0.08,0.4232216992429656
RWA,2011,0.7632579825456001,0.31574027036846947,0.0,0.29866711480015296,0.39000960005223095,0.12970900534821972,0.3495971595112066,0.07,0.3878026674783337
RWA,2012,0.7720070296316455,0.3517414081185249,0.0,0.3254734196582145,0.5132442767215328,0.13825208925322774,0.35110815641810555,0.08023849999999999,0.40498372462559784
RWA,2013,0.7734361400544468,0.35787834653948863,0.0,0.3351600367139276,0.47856502753152447,0.14145304469325537,0.33492435964593703,0.09,0.42184586049698325
RWA,2014,0.77129232345593,0.37557038175217533,0.0,0.34696089645304573,0.5320476955773112,0.14662369762528182,0.333152037362483,0.106,0.4116171386200853
RWA,2015,0.7646346359746224,0.41283285180890633,0.0,0.36816981871182763,0.4074837661614574,0.15545616099418869,0.3303042431579759,0.125,0.4208305094124478
RWA,2016,0.775564471633465,0.4074235971174291,0.0,0.38042249320089416,0.493397620714557,0.16042753338344173,0.3133966652535001,0.146,0.412803962574003
RWA,2017,0.7861985874293153,0.4086647573092487,0.0,0.39315966308190964,0.47675680488942385,0.16259890981282488,0.32585465712547124,0.172,0.38741674737359677
RWA,2018,0.7706826538806363,0.41687362762401686,0.0,0.40734006932863087,0.531291340755528,0.17109011922963857,0.32766061577700545,0.192,0.41988934025719793
RWA,2019,0.7605879091617538,0.4174798540435784,0.1323660539057876,0.4503624712801857,0.44951210292452326,0.18087187719456588,0.3675629075946085,0.21358000000000002,0.409434813180535
RWA,2020,0.7888907057811496,0.45072181400027994,0.09793581889635217,0.3767630897516927,0.3816394353496293,0.17264458282562534,0.3617946813902786,0.23800000000000002,0.3634202151420194
RWA,2021,0.7654892351354701,0.45322104689019943,0.18215769488072375,0.3157740053219009,0.42111738502261664,0.18441429418155053,0.4062411482484849,0.24441600000000002,0.38322705599539697
RWA,2022,0.7731292285688419,0.43090289923245256,0.2254267716331535,0.33207628478721185,0.4331325281987064,0.19261397027054428,0.42504973684008074,0.31225200000000003,0.3613575045430131
RWA,2023,0.7885128308892075,0.42622962392635216,0.4899146335169222,0.39877465928559674,0.4918349959273465,0.2009213570626599,0.41209212385276395,0.342005,0.3470778148722804
RWA,2024,0.7702918930929257,0.42866467862533636,0.33624187292101376,0.5700532043765869,0.5456473869702129,0.2101673929141069,0.41814258796198756,0.07446862,0.3814440798573586
SAS,2004,0.6985232421803791,0.5251012447023917,0.44616596794030006,0.2535133831674885,0.33397292072388624,0.18293817846100446,0.5672789125567168,0.022752280000000003,0.3381244667888823
SAS,2005,0.6951855783849247,0.5465910969936296,0.5241202643469336,0.26389550894741376,0.3432756332895037,0.1913480276474332,0.574103108046689,0.021,0.34254174613773447
SAS,2006,0.6846874688917557,0.565255300991309,0.5253513520886628,0.2695282267197725,0.4141243461081045,0.20019809059458382,0.5962550781278191,0.026000000000000002,0.3350463949531952
SAS,2007,0.6836200696103657,0.5755947372958772,0.5818453084786608,0.2731078730202565,0.41345708158105127,0.2086510957391009,0.5973092477818018,0.037000000000000005,0.33248353349537485
SAS,2008,0.6844814343861405,0.5919316448368157,0.62205092365478,0.27559799455000134,0.504622250127448,0.21162973380418915,0.599229369340865,0.040999999999999995,0.36710777940790784
SAS,2009,0.6832836716246319,0.5866470527495002,0.6410422315032536,0.2791659024790518,0.44467279107150803,0.21999017456403258,0.5998179220431492,0.049,0.36906765100369654
SAS,2010,0.6850627369839584,0.5976335778603206,0.6579093729811358,0.2821466537465227,0.3866482290347506,0.2294328530057198,0.5932969606576084,0.071,0.349868139547461
SAS,2011,0.6869691694329095,0.6016636918912286,0.7065291200580619,0.297618960289463,0.40894157571378076,0.23519645931454225,0.5850282735380092,0.094,0.35720515786591456
SAS,2012,0.6813203595790787,0.6040769005440336,0.7227677848149838,0.31291096985643607,0.36897894625637123,0.24127443208176202,0.5750494889413553,0.10400000000000001,0.37259037136287043
SAS,2013,0.6837095324373106,0.6051517748484998,0.7574975793027932,0.32741030789390324,0.38311255297987945,0.24828557914577376,0.5607955781712923,0.11699999999999999,0.38092593329875823
SAS,2014,0.6791821270595507,0.6040858120436934,0.7853489501684701,0.34367959985276464,0.3915880585233616,0.25668718936913415,0.5491203155310156,0.13,0.39968076815265396
SAS,2015,0.6709393273443469,0.6049121790078718,0.8349505908445458,0.3605777036776856,0.4130659701244698,0.265770565590853,0.5442051219146609,0.147,0.3997217808094602
SAS,2016,0.6706021842751694,0.5919656032514657,0.8582417080500955,0.37564978044299746,0.4012499855060231,0.27522937419002436,0.5410301059024665,0.167,0.3959380147584892
SAS,2017,0.6725874825850632,0.592383222126379,0.8973410196268015,0.39310893503791666,0.3766629820423918,0.2831370643944663,0.5394163929453475,0.188,0.3939402317535512
SAS,2018,0.6652087454654708,0.5987537445817022,0.939268776496057,0.40670321164488943,0.3804090141467082,0.2906010715351809,0.5390489642325098,0.209,0.4059335975687275
SAS,2019,0.6731391770531162,0.5998367257542563,0.9470743652095353,0.4181716895573335,0.390748969041232,0.29494735304465347,0.5116920955650222,0.297,0.43184522219246224
SAS,2020,0.6946525854728274,0.6142125888836893,0.9581569131639984,0.37938791498090474,0.42121778602448234,0.2861162359955297,0.5215090317767044,0.425,0.4024798398627869
SAS,2021,0.6804913605492838,0.5987095185979958,0.9927755530133089,0.3760652854214732,0.3678678200676034,0.297725077287026,0.542938521554426,0.48,0.3987091325239831
SAS,2022,0.6699752469979259,0.6168721233269814,0.9895559109961134,0.36950453131964034,0.3721567329170419,0.30650978204876556,0.5276778164343991,0.542,0.4268055615469182
SAS,2023,0.66609797103047,0.6368161209504557,0.9932290766844263,0.3729876647124355,0.3321478610206231,0.3170764000704497,0.5242931741158112,0.583,0.42485056050422987
SAS,2024,0.6676300847305225,0.27080171487362736,0.5961468866663158,0.38592906414422057,0.3274348287301446,0.3245628877674819,0.511563012375434,0.628,0.43024496735090967
SAU,2004,0.3746837629320115,0.506116680980887,1.0,0.8123923596972622,0.27561205262414284,0.6458282434204569,0.9040370074833581,0.102345,0.19789235619135814
SAU,2005,0.338641238151163,0.5258206172466822,1.0,0.8137833451194378,0.37091267820149676,0.6477842064728446,0.9460936489114906,0.12705,0.09616624645735561
SAU,2006,0.32301784264571953,0.515141753044088,1.0,0.8158499207375067,0.3872071687672583,0.6463020272440346,0.9524660528260096,0.194596,0.08359658050683993
SAU,2007,0.31198796342097895,0.5357686355229547,1.0,0.8163201481079181,0.38063690724686533,0.6434570815917385,0.9537031086321339,0.3,0.08474506401820348
SAU,2008,0.28143774568947033,0.5393475102426872,1.0,0.8170931558966816,0.3529570945319047,0.6463926855403609,0.9823773837618659,0.36,0.0
SAU,2009,0.3175087627358473,0.5812210438887089,1.0,0.8207942215201194,0.2906389596100824,0.6391533378316646,0.8857443325620169,0.38,0.267453106356796
SAU,2010,0.30397754716994313,0.5477626695767768,1.0,0.8192331342600871,0.3441331413244308,0.6477306955922465,0.915464464625396,0.41000000000000003,0.19997174730462008
SAU,2011,0.27109233424084056,0.514521888393852,1.0,0.8175866238720864,0.3288045022390995,0.6572798918749162,0.9567502019159257,0.47500000000000003,0.09195694677387589
SAU,2012,0.2641249358083812,0.5267394653966309,1.0,0.8186253440057518,0.32760003227369167,0.6593107061955495,0.9477400787747055,0.54,0.12054132384089744
SAU,2013,0.270709691236696,0.5469079751527262,1.0,0.8209410608343513,0.31252485531426577,0.6556696305165276,0.9234021162721993,0.605,0.18954733359274512
SAU,2014,0.28047361244989844,0.5659408774413726,1.0,0.8214273431748929,0.29649750656089763,0.6578402209100359,0.899304758657431,0.6471370000000001,0.24708919739040747
SAU,2015,0.31269427199669736,0.6131168808539877,1.0,0.8222495667561938,0.3212870478208482,0.6569158242209597,0.7856044865935894,0.6961620000000001,0.45364076204363846
SAU,2016,0.32289986816186894,0.6197539366876621,0.9988575261865398,0.8234460719805665,0.49131189582943097,0.6539323459825616,0.762227331882195,0.748793,0.4853443522654035
SAU,2017,0.31780879200669687,0.6019061507104793,1.0,0.8244510390148769,0.29292397379669816,0.6555296199596808,0.7887800378953627,0.941756,0.4500510990538693
SAU,2018,0.29006205483998815,0.7937345473498624,0.9988575261865398,0.8374842983760717,0.3731448027534964,0.663846644420563,0.8320800174138414,0.9331,0.3529368908451347
SAU,2019,0.2928316942265948,0.8073962345547464,1.0,0.8479329101592334,0.30656533009704146,0.6668626841227169,0.7978354040229654,0.957247,0.4088211031803599
SAU,2020,0.32517407201254894,0.7320390842156419,1.0,0.8590884552175204,0.2977603132022256,0.6542164716272686,0.7107998689492374,0.978623,0.5021269386111431
SAU,2021,0.2924365587661624,0.8361383215775344,1.0,0.8893779970532356,0.47177986129016536,0.6669617412686363,0.8003473388348041,1.0,0.34874619260937
SAU,2022,0.27572864919958334,0.7824835917997293,1.0,0.9077283392866962,0.42430967994150703,0.6769984918141639,0.8717999478817133,1.0,0.2352300553594735
SAU,2023,0.29309709938519,0.8435339088168071,1.0,0.8612561655304027,0.40580527062931016,0.6710513296407273,0.8177000506567487,1.0,0.32857757820324274
SAU,2024,0.2984190680736334,0.8486399319128874,0.9990855678113043,0.8625537862701473,0.39602588327109306,0.6671983647047665,0.789267692064858,1.0,0.3726674715147369
SDN,2004,0.845088965460372,0.16022667626967968,0.0,0.5162206920735635,0.6530817611563935,0.23331385247025682,0.42832910761425014,0.00791562,0.0
SDN,2005,0.8395334816525115,0.20778963419161556,0.0,0.5188380271160073,0.5728966532938189,0.23725354754839934,0.4407684671191119,0.0129204,0.0
SDN,2006,0.8297136618956269,0.27786400445672393,0.0,0.5264985101082069,0.548837200324103,0.24232180579493312,0.4622321480769771,0.069880404,0.0
SDN,2007,0.856145762215984,0.2536165068628649,0.0,0.5136690724812905,0.4487321829147619,0.24617684108480342,0.5280332513555046,0.0866,0.0
SDN,2008,0.8594756790366017,0.24445412434830077,0.0,0.5255947983629659,0.4499618045647383,0.24717937515418453,0.5614816671558911,0.15571488,0.0
SDN,2009,0.8416627478952932,0.28716426863418626,0.0,0.5384973578664463,0.5016588868316268,0.23849639708356107,0.5154017236285857,0.069747204,0.0
SDN,2010,0.8299468611921326,0.2674794714228858,0.0,0.5416175979660043,0.5118028389297413,0.2395930198863926,0.42216160458236907,0.069880404,0.005130035597559868
SDN,2011,0.7989509551495245,0.24254847714670952,0.0,0.5510179344554502,0.48917483583270904,0.24786987726767895,0.40336663809507667,0.1259092,0.18627695870179517
SDN,2012,0.8435071523802505,0.29391302485174936,0.0,0.5563590811852617,0.683748509405912,0.23703012818012958,0.3349424831583987,0.14615119999999998,0.35354543549760864
SDN,2013,0.8130718225426647,0.2677735436712326,0.044283018572270905,0.5640884935153179,0.5393364501580205,0.23648875113844314,0.40116088641618797,0.12240000000000002,0.34924235987944074
SDN,2014,0.8354857592080321,0.21620239578567463,0.09042225994253617,0.5680094409910481,0.448476383659261,0.2391683286022096,0.3478264555636912,0.1821892,0.353592356123976
SDN,2015,0.827790367922777,0.21556671384515158,0.16579816923338875,0.5734230106521134,0.5014751624644546,0.2374933939003726,0.29132160474838176,0.1514984,0.40353504892328207
SDN,2016,0.7548590515989712,0.2178879818496502,0.2231894727349033,0.5878629700581737,0.4464161191062326,0.23802831399687407,0.3277874208035296,0.141,0.42788331036242555
SDN,2017,0.736819798850043,0.22198443738279122,0.27785976515883615,0.5959794688583551,0.45195512744722577,0.23402854449332,0.30716520047433105,0.18600000000000003,0.4489438493689648
SDN,2018,0.7448658926101267,0.24391283494262211,0.32596560701495036,0.6039590421520655,0.5126260867783323,0.2250274713167385,0.4137700208433057,0.24600000000000002,0.44768632770676975
SDN,2019,0.7250964976992337,0.23995688540211862,0.37214501510889963,0.6065163124560518,0.4501218928278038,0.21757597209663404,0.4354850423245291,0.259,0.1777912511762345
SDN,2020,0.7268571419414833,0.2097472180447078,0.41275251492094167,0.583384663811195,0.45660804562663915,0.2083150735842293,0.469528947708826,0.26438300000000003,0.14506967251105252
SDN,2021,0.47314164147525706,0.17516710241225625,0.45197875998225356,0.5747994329521293,0.38343282515507604,0.20167265930435085,0.0,0.2255992,0.0
SDN,2022,0.4257608855976068,0.14430622679027683,0.4774074767987173,0.5812196861780072,0.3562597077129033,0.19635883428810497,0.0,0.1335296,0.0
SDN,2023,0.8182202211885558,0.4354593932956596,0.526642333868514,0.3499039512052067,0.3734400625025346,0.14389330200982797,0.5637000238856538,0.022328420000000005,0.26042859336026103
SDN,2024,0.746806643637326,0.12641023803515056,0.434173874655035,0.5705434690300024,0.4959405814496619,0.12092311910817277,0.46587213672519234,0.036146172,0.5033953114660004
SEN,2004,0.6461962435069051,0.33236611435726476,0.0,0.510387711540822,0.3728773121313254,0.2138792144916689,0.5042650712352932,0.0438602,0.4369534687965748
SEN,2005,0.6610723060656539,0.3500681625657314,0.1444176496707037,0.5219623805172517,0.38330088581132493,0.2166068784156484,0.47678964911601995,0.047866799999999994,0.41983182668324526
SEN,2006,0.6331954068923262,0.35202462315068833,0.209673764694692,0.5332035886368307,0.44526946607559936,0.21657220720399628,0.47132538315718464,0.056117400000000005,0.45820261168012033
SEN,2007,0.6133557799604361,0.3575926601156468,0.168149499752972,0.5441952427394563,0.44746579470694064,0.21724675081616274,0.4758395272191065,0.0689,0.47993535906242846
SEN,2008,0.6536823118778042,0.3899579939311784,0.20513310048170919,0.5537838585396933,0.45999953862517945,0.2191274488284375,0.4430704806713097,0.0712,0.4853697950115863
SEN,2009,0.6743611543052295,0.39610097067044775,0.2884895843721704,0.5638685803675019,0.41762927585107634,0.2196340541880727,0.44130204726355093,0.075,0.4658477882745946
SEN,2010,0.6720857771344065,0.4160099930528364,0.350289754022012,0.5789187244145824,0.39386139386080754,0.22100864366077444,0.43636654872088765,0.08,0.4667846046330224
SEN,2011,0.6256549979962033,0.4403618008983771,0.350289754022012,0.5938958197384139,0.4077420187794524,0.21926439002739528,0.4690727175039131,0.098,0.48881517376953765
SEN,2012,0.6445576405032136,0.4453349817285403,0.350289754022012,0.6104882558815463,0.38578479834707646,0.22107431956581947,0.4650343719413943,0.10800000000000001,0.4883638194546358
SEN,2013,0.6385956120012906,0.46135410310009933,0.3602753334593771,0.6254392068090051,0.3911302768574817,0.22023353180703353,0.4891183627370641,0.131,0.47121554169787583
SEN,2014,0.6327579243401384,0.4694167007896947,0.437192311033046,0.6495042080608981,0.41653176247486934,0.22439678701493448,0.46588502007182364,0.177,0.4862855312284804
SEN,2015,0.6474599294309553,0.4693196990075856,0.4278535780626518,0.6692200034584346,0.4338311234070842,0.2288965371274695,0.4750490788101356,0.217,0.4501058200890715
SEN,2016,0.6495020374883609,0.4731949653154212,0.5005281490962643,0.6391179691691473,0.4454904004946971,0.23351446614106564,0.46985695128614635,0.256648,0.4590926734192955
SEN,2017,0.6581309804667821,0.48727178113701314,0.4501407879273316,0.6632643579308337,0.46636474901833413,0.23969101853868546,0.46848377461563384,0.296431,0.4624984296753376
SEN,2018,0.658212812841069,0.486443005356683,0.526642333868514,0.6810507887760089,0.5227110205953266,0.24436698452833083,0.4835030745785647,0.353,0.46253129183010744
SEN,2019,0.6568479828447112,0.486186426558506,0.5999999999999996,0.6928873815153942,0.580294705073652,0.24696747146551512,0.4745620922340392,0.434,0.44187129371730194
SEN,2020,0.6749325712893266,0.48463922197999915,0.49700115178982873,0.6510193072801136,0.7736777508489453,0.24508191270757795,0.46705917456030055,0.533088,0.4344616714925418
SEN,2021,0.6664760756246194,0.48899598843663,0.5605661683339731,0.6119031968148807,0.896047539392997,0.25059450259929916,0.48146849386553914,0.572554,0.4344462423336073
SEN,2022,0.6774848984204691,0.5049561182133531,0.5588934672135384,0.5763481605703742,0.9700340414430104,0.2524955202493885,0.5010242080281202,0.592246,0.42176867925618344
SEN,2023,0.6918708305047461,0.4999418127203244,0.6598038934131543,0.5817046365681473,1.0,0.25508037889513646,0.4603569178505509,0.606122,0.41808029130031166
SEN,2024,0.6815913190706229,0.4840865963699296,0.8027882579482883,0.5919308736530642,0.68400980519384,0.26024959434137485,0.5032162301177714,0.3156962,0.3970787370133464
SGP,2004,0.010189504941013824,0.7447814538147943,1.0,0.8710124405201807,1.0,0.7351143911565251,0.621157309575695,0.62,0.6287806522218018
SGP,2005,0.010053740760005484,0.7291747063877321,1.0,0.8751924688068144,1.0,0.742019728637694,0.6137877713640478,0.61,0.6425964147923722
SGP,2006,0.008652291139248331,0.716562440715081,1.0,0.8797903961020057,1.0,0.7499955583546992,0.6057551219893091,0.59,0.6535399896266845
SGP,2007,0.007284919699879808,0.7193434258441282,1.0,0.8775486583732475,1.0,0.7564863133834022,0.5617990276739171,0.6990000000000001,0.6691463638458881
SGP,2008,0.006956398713842441,0.7496761037852886,1.0,0.8764915238420015,0.7410942390924149,0.7514418023377162,0.529628810474915,0.6900000000000001,0.6993213732610974
SGP,2009,0.006785891335163953,0.7473904142806991,1.0,0.8853288919986566,1.0,0.7472495254172725,0.540537571123054,0.6900000000000001,0.6949150119147194
SGP,2010,0.005743661721449477,0.7427549133683222,1.0,0.8920109839045272,1.0,0.7643576876922559,0.5336593716759723,0.71,0.6928123471486236
SGP,2011,0.005388676958096875,0.7646700648823874,1.0,0.8994668909532693,1.0,0.7700835345854345,0.5079610888215469,0.71,0.7079595171161368
SGP,2012,0.005080825172058091,0.7815549765799987,1.0,0.9022436530452476,1.0,0.7728220280922863,0.5033926158156206,0.72,0.7103182981463663
SGP,2013,0.005335112596289403,0.8023734120037658,1.0,0.9073942552049377,1.0,0.7773014356999094,0.4718919373574899,0.8090210000000001,0.7298329603384448
SGP,2014,0.005373292429390901,0.8095411519256026,1.0,0.9227747931128367,1.0,0.781019864507864,0.48661226760325005,0.790292,0.7246373586576924
SGP,2015,0.0049286492748086535,0.7994062469934897,1.0,0.9249474489099168,1.0,0.7835557514866852,0.4889952448381385,0.7901300000000001,0.7196951842615724
SGP,2016,0.004676300896618175,0.8013262643592516,1.0,0.9330805983798327,1.0,0.7870128912982935,0.4669326354222101,0.8445229999999999,0.7296312163019163
SGP,2017,0.004501082952022374,0.7965078881573946,1.0,0.9350377878696952,1.0,0.7932416336446287,0.473000192170403,0.8445229999999999,0.7251781906669912
SGP,2018,0.004351494165164059,0.7906732545518897,1.0,0.933946365843676,1.0,0.7974861200097757,0.5102705360543622,0.881656,0.7122196550754034
SGP,2019,0.004845184481298484,0.7939763453599933,1.0,0.941533929945289,1.0,0.7977115183015776,0.4846538445553805,0.889493,0.7303269459913415
SGP,2020,0.004975691596294201,0.811375529058108,1.0,0.9425206143106166,1.0,0.7925185038039381,0.4677367897005307,0.920043,0.7463321640772804
SGP,2021,0.004451985541972271,0.7987718562973274,1.0,0.945209306597711,1.0,0.812085971829623,0.49544002516152896,0.9692470000000001,0.7224415563688305
SGP,2022,0.00339128267293439,0.7987718562973274,1.0,0.9444924300563944,1.0,0.8131271162324297,0.4800131853257714,0.959539,0.7401973255118524
SGP,2023,0.004057950555872053,0.7987718562973274,1.0,0.9495827392819618,1.0,0.8086949748062867,0.4444692762429494,0.942852,0.7534751130524056
SGP,2024,0.003730793632527482,0.7987718562973274,1.0,0.9472421385380683,1.0,0.8120336103549396,0.42747869082209977,0.9437760000000001,0.7575590834921213
SLB,2004,0.8553220002059927,0.3322463176538412,0.0,0.6144960824328378,0.24223016850435225,0.27420623289577895,0.055080588635379124,0.006496729999999999,0.18597346367005985
SLB,2005,0.8255020158175803,0.34695230730053334,0.0,0.6197728948667351,0.2904732492718623,0.28194202183033357,0.0016742710956747509,0.00844308,0.3375351559839217
SLB,2006,0.8214038901730363,0.38617771428599307,0.0,0.6209272828004089,0.7511714518010939,0.28528883064494515,0.03838503830687645,0.0164635,0.3645653273388656
SLB,2007,0.8223095256902874,0.4348280070969042,0.0,0.6201935326679293,1.0,0.28797047506586904,0.06951908083115943,0.02,0.3842598457516444
SLB,2008,0.8276565146169282,0.45237257735407205,0.0,0.619182788165801,0.9142254503462064,0.29425006511471585,0.0822073074723717,0.03,0.3909328215980761
SLB,2009,0.8194076993711517,0.43941042481944764,0.0,0.6206048024173749,0.6765162179775324,0.29570583891247126,0.14732283744352226,0.04,0.4048622124391126
SLB,2010,0.8343487764132823,0.4080552856140048,0.0,0.6180620573640114,1.0,0.3050552992767296,0.19055813316500325,0.05,0.3978860718079864
SLB,2011,0.8368858884122679,0.3896751734364566,0.0,0.6159494225694111,1.0,0.3101152894071274,0.36211372881614157,0.06,0.3544990288186023
SLB,2012,0.8404933372242196,0.39940241505257995,0.039040613089818876,0.6159980357118333,0.4151530573825097,0.3083271425830062,0.35162537292466056,0.069974,0.3843038391175031
SLB,2013,0.8424309313185477,0.4846974738666537,0.0853858885315324,0.6158269760125776,0.5544521760895722,0.3104342973943591,0.27868805511932115,0.08,0.4284703121140043
SLB,2014,0.8501558783881347,0.5011335802212138,0.2231894727349033,0.6187026699730702,0.3864566600349587,0.3068901831695744,0.31406505167431686,0.09,0.39169609106103165
SLB,2015,0.8396947876325763,0.5105065226291094,0.3218612353510002,0.6256885484688866,0.4443567062075059,0.3041022884485337,0.2757902641811132,0.10000500000000001,0.44422726986016325
SLB,2016,0.8480723450229716,0.5183229641964064,0.3838937810912242,0.6287149294288086,0.46019607519514927,0.3068266946161883,0.2759196049421204,0.110009,0.4193438121572637
SLB,2017,0.8400926008247934,0.5119017740023246,0.47200546589055303,0.6333206781467688,0.4739035289129467,0.3062071091486275,0.33452727105050206,0.151,0.4134058111158181
SLB,2018,0.8448330434367682,0.4946933963714892,0.5231944173383187,0.6372169943705339,0.3847039711589799,0.3052625235350813,0.3345055797671481,0.209,0.392469067257331
SLB,2019,0.8358203783517486,0.49498317641468853,0.5837327737581308,0.6428939688895117,0.4158045082173033,0.30393295823560995,0.34837551012188417,0.263406,0.41074048908501126
SLB,2020,0.8458604998393613,0.507542720691671,0.6396917085514628,0.6162400941964101,0.3220655172283911,0.2957202852285402,0.3247803163502212,0.33197400000000005,0.40116650034152634
SLB,2021,0.8483328437208387,0.5092684553463511,0.6915696674610237,0.6086274072375875,0.40061922031779035,0.2919054107995337,0.35309403337543177,0.418392,0.37573412311047294
SLB,2022,0.8307991034455434,0.5213881915830758,0.6870849156516821,0.6139015397634551,0.4647001519624052,0.28463353000660463,0.37860619201575907,0.42094000000000004,0.40378133069919464
SLB,2023,0.8201183872498419,0.521880546829389,0.7638569330617182,0.6177671584022777,0.6249283926591223,0.28522208450110986,0.42980885828829907,0.424597,0.3890231590653075
SLB,2024,0.8139920801075369,0.514857331064245,0.5694467296990051,0.6227501882519388,0.4194701135019494,0.2860675101535378,0.47044797309333886,0.3775476,0.3698125338170173
SLE,2004,0.9306067931841974,0.0,0.0,0.22215414163587588,0.461902729887251,0.17323436130728231,0.15146033665556446,0.00203008,0.16619722373681745
SLE,2005,0.9352990203281106,0.0,0.0,0.23454390802156144,0.5160111557081122,0.17551346414929692,0.13128064765212288,0.00215392,0.16144342095506747
SLE,2006,0.796396575568981,0.0,0.0,0.24927235074880505,0.4014088665127952,0.17839480323477763,0.507729810222528,0.00227669,0.3253853435107459
SLE,2007,0.8034603444785702,0.005277984815828585,0.0,0.2730382015376085,0.4550433134430033,0.1805480352616955,0.4898022096555801,0.00239835,0.3292806911932016
SLE,2008,0.8082703381756715,0.049986318493426496,0.0,0.2924083444498353,0.3671257768598214,0.18217594544680948,0.450721582245762,0.0025,0.35337777534254267
SLE,2009,0.8197121489164038,0.12548258485201846,0.0,0.30498956116170284,0.4658077305173968,0.180473454200064,0.38100292085046883,0.0026000000000000003,0.3784586906482885
SLE,2010,0.8202468130677915,0.11133675139191995,0.0,0.32724004034641085,0.6479894886476683,0.18546189592002849,0.40183210367511757,0.0058,0.35700424728232427
SLE,2011,0.8279968955870817,0.10773664623777957,0.0,0.34677685350970044,1.0,0.19297238536703532,0.3878880372227054,0.009000000000000001,0.37029919619948615
SLE,2012,0.821110608210005,0.05278733084719617,0.0,0.3812848519127794,1.0,0.20388152982029217,0.47367919923049806,0.025,0.31336437384983507
SLE,2013,0.8170551292421434,0.03775272611382441,0.0,0.4171417863184739,0.656716170618522,0.2201619454753413,0.5299046560536158,0.04,0.2637219027494031
SLE,2014,0.8303252540960321,0.04111687890060295,0.0,0.43852219145827664,0.6016149795908987,0.20489579481745557,0.4062509614886973,0.060572999999999995,0.26820305680102763
SLE,2015,0.8470999743917158,0.04937359827774351,0.0,0.443617320054968,0.5260302690253816,0.19506431816100744,0.3078915441416503,0.0634442,0.3481295917696112
SLE,2016,0.835155207502725,0.05800734940162766,0.0,0.4849161803226196,0.4321837806405939,0.20069686523310903,0.3837832035083575,0.11773199999999999,0.32945205697941926
SLE,2017,0.8404529486939972,0.04835597081977666,0.0,0.5199478957425274,0.7522955213826925,0.2018159546703714,0.38375159369687895,0.13236900000000001,0.3287294127106568
SLE,2018,0.851667083617045,0.06400507773202768,0.0,0.5414604104749947,0.4730793454159845,0.20254897026594365,0.33204722180362034,0.144223,0.31220209055437076
SLE,2019,0.848746588675997,0.07434359915331212,0.0,0.5504219146662033,0.40551178805415383,0.20695060894221273,0.3433278341713888,0.157137,0.31538897179165337
SLE,2020,0.8526203669532925,0.06300239240520411,0.0,0.5288455917096759,0.3336458513762338,0.2017737590619323,0.33548277148075245,0.171208,0.3016525220398454
SLE,2021,0.8426121372907673,0.09064158595959926,0.0,0.5266454890737919,0.47834477205080284,0.20678406880790579,0.3755754820680901,0.186539,0.30299925733461563
SLE,2022,0.8433852620090556,0.058987154885828785,0.0,0.5327599070344919,0.4165359166707977,0.21106405133805006,0.4133222879740621,0.192287,0.2758109128247477
SLE,2023,0.8087082698149711,0.04357878510766644,0.0,0.5415516540484826,0.4320261317990913,0.21593369975520516,0.5234205328045074,0.20635000000000003,0.276572745504128
SLE,2024,0.8095467517158915,0.07927861107609369,0.3838668251578857,0.5461632365018527,0.3977149519744549,0.21895172493185433,0.5137650805565181,0.17139106000000004,0.2848502792148344
SLV,2004,0.4518247553763852,0.5930435966636753,0.8463208234412596,0.6966434764984095,0.45627470441608287,0.3635510004984125,0.5145146732480135,0.032,0.5921755184187569
SLV,2005,0.4670544579503517,0.600967571002351,0.8476247548637881,0.7035687168398255,0.5103431410480663,0.3673681323191894,0.49262788796151247,0.042,0.5927913404309244
SLV,2006,0.4628451369774964,0.6025138425916998,0.8695689677830778,0.7068542219851994,0.3821008107498729,0.37360794264219666,0.4926378545310206,0.055,0.5890815280788515
SLV,2007,0.4929126627158239,0.6079463233741653,0.8936106690309069,0.7109795351691117,0.8771798569371172,0.37608333850860143,0.4936271458023498,0.0611,0.576434366743483
SLV,2008,0.49578896097351877,0.6058912807863346,0.8923577333070547,0.7032321459578532,0.6107601288507076,0.3787071216726411,0.5197325045313521,0.1008,0.5660587336302805
SLV,2009,0.48302969454104877,0.6204684957879352,0.8936106690309069,0.7103293034919838,0.42035407363306565,0.3751580267448126,0.5023830233488054,0.1211,0.5992160079196807
SLV,2010,0.49257236018884065,0.6112337290443624,0.8998550114116206,0.7137742589161014,0.24410069821240604,0.3777726040633308,0.5082736273480077,0.159,0.5776695262373841
SLV,2011,0.5027622688905515,0.6012921807342271,0.91224317799644,0.7062054057884319,0.32332461138840984,0.38262574695505347,0.5255769552065939,0.189,0.5528065936990245
SLV,2012,0.47818499324321884,0.5981867820008753,0.925718211178788,0.7155983850235446,0.4149118149881762,0.3861898658752535,0.5328119522055779,0.203214,0.5604282712853799
SLV,2013,0.44772744028163414,0.6078178060207489,0.9414428951049976,0.735755590780593,0.3565788817205302,0.3887347386513166,0.5242104775077809,0.23109300000000002,0.5783128283019212
SLV,2014,0.45669909558488403,0.6152334033006339,0.9426436523403492,0.738576277700739,0.4298577345297847,0.39065403848054314,0.5222012131476061,0.247617,0.5764362191080274
SLV,2015,0.44469613888211845,0.6186018770205004,0.9462384413920546,0.7323169295962866,0.4213376912297313,0.3936087324649392,0.5085227961163663,0.26802600000000004,0.5851575315665238
SLV,2016,0.45197455595611646,0.622505846570057,0.9533945794720617,0.737358029015887,0.4130076391244287,0.3968461807143234,0.49975715384986996,0.289971,0.5898132628582258
SLV,2017,0.4396490780038873,0.6264254251891506,0.9628675462424807,0.7306012880100754,0.4152791934990795,0.3997742050855325,0.5062700996411376,0.33820700000000004,0.5866619803405086
SLV,2018,0.42973939994749133,0.6312005858729488,0.9652236803006815,0.7458158777593944,0.3872506917063735,0.4030872386480603,0.5044220571342739,0.438,0.586593291480658
SLV,2019,0.43027012072108034,0.6380092219046007,0.9699215573476945,0.7468771754547991,0.45259322898923765,0.40652363974709316,0.5096546477052462,0.504912,0.5844653165020719
SLV,2020,0.4382196762814546,0.6602249663229254,0.9965691777763395,0.7435067375771727,0.3849608758765345,0.3943035588737781,0.47766310995295846,0.546014,0.6060865371593827
SLV,2021,0.41693998602202065,0.6455858234089256,0.9757671209025043,0.7471754922625085,0.4633838505521518,0.4101364226675571,0.48533905108093367,0.6175269999999999,0.5876631078545831
SLV,2022,0.4063063547565409,0.6508403160190566,1.0,0.7507304881356283,0.28937825998296746,0.4137941390028391,0.477809526486493,0.6552979999999999,0.5915933469363113
SLV,2023,0.401613077433266,0.6483148340529585,0.9804223329558175,0.7590569318280673,0.40762606699716686,0.4181660431690363,0.466549149452411,0.676558,0.5960338967520746
SLV,2024,0.3985306734538162,0.6503964546397534,0.9910534143255134,0.7608733378388295,0.45403636372303,0.4212384034370188,0.4507828490931747,0.5787802,0.5999916619495052
SMR,2004,0.2696986229946993,0.753226177663403,1.0,0.8734910555962433,0.5451565786256347,0.7905519273505403,0.38778744635711104,0.505663,0.6560350133449927
SMR,2005,0.3786684047992684,0.753226177663403,1.0,0.9007456023634989,0.7253885320089971,0.7921744455838916,0.4690734752018487,0.502596,0.5622098377643283
SMR,2006,0.19763552422189384,0.753226177663403,1.0,0.9013432187042619,0.5840644501433999,0.7959470234000824,0.5245838600786493,0.5020870000000001,0.6397651876978443
SMR,2007,0.15917256271904565,0.8121116446583911,1.0,0.8939288838896591,0.5744058812940784,0.8010596987934709,0.32018640869741444,0.503648,0.7560367130564882
SMR,2008,0.16856424798431446,0.7565471546856349,1.0,0.8734910555962433,0.6208829924982309,0.7982481714544708,0.6062535660801577,0.5452,0.5783973024283605
SMR,2009,0.13001241637104086,0.7648032104627709,1.0,0.8918220552548956,0.7227756970718626,0.7761373835263482,0.32625396405126683,0.5421,0.6952843648268486
SMR,2010,0.21509124816671946,0.7699575232108262,1.0,0.8847178653764622,0.9593815684793483,0.7670733338039205,0.6450061529390523,0.8061574,0.5788078507453995
SMR,2011,0.2861670838201412,0.8160448852164277,1.0,0.9058247822186829,0.5872632072769919,0.7573363432221439,0.4921143128360562,0.49600000000000005,0.6207855410829619
SMR,2012,0.2615742198302394,0.7839705209055946,1.0,0.8789697984553655,0.8330173766243613,0.7430029010661158,0.7479510853915331,0.6095472,0.68460574225447
SMR,2013,0.41758466223649304,0.7289410671958275,1.0,0.8870000611650536,0.8853705027033602,0.7437286627240222,0.572563561893699,0.7476226,0.5259742918925087
SMR,2014,0.10804018396006251,0.721151974813313,1.0,0.8754562886405974,0.8388933914992078,0.7444113030727991,0.6504891008376321,0.7794414,0.6005543963988724
SMR,2015,0.0020106680327943095,0.8461334505106631,1.0,0.9026717954017809,0.8,0.7466282947473738,0.6232680726147397,0.6959826,0.5743354859450167
SMR,2016,0.0005027668104060599,0.8495585896425792,1.0,0.8992230921807494,1.0,0.7490947380887222,0.6290688291722484,0.6961226,0.57686952649353
SMR,2017,0.0021099377699798252,0.8306634629873859,1.0,0.8944884211045636,0.6961392293405534,0.7463284110933494,0.6297590438514513,0.601823,0.5836608617253418
SMR,2018,0.00115651471040929,0.8461334505106631,1.0,0.8867702630395552,1.0,0.7455201625560163,0.6833965411379965,0.6531126,0.5297361380073888
SMR,2019,0.0008914511777278469,0.8627325169754132,1.0,0.9044001150020577,0.6961392293405534,0.7478964501556328,0.6635697033590102,0.6785070000000001,0.5565913131859692
SMR,2020,0.0006149624606569485,0.8627325169754132,1.0,0.8947300482415825,0.6961392293405534,0.7374633680370207,0.6751927136380065,0.7795000000000001,0.5539474770305031
SMR,2021,0.0012078150597014006,0.6231652051978495,1.0,0.9109107808108794,0.7235258483306315,0.7585317799719419,0.6890237390307088,0.8167,0.5323694244632997
SMR,2022,0.0,0.7367640930845433,1.0,0.9079264368319894,0.5397126499038369,0.7716884453269451,0.7016902802254761,0.850607,0.5100227962855381
SMR,2023,0.0008481793363227597,0.8479276283532744,1.0,0.9082468152425779,0.22588217426743054,0.7718198820844874,0.6772553132693149,0.870278,0.538397735977965
SOM,2004,0.769590807443092,0.1416987529731558,0.0,0.487947192695835,0.275944178301159,0.00860272512939797,0.4060125895689362,0.0105345,0.3871907144645424
SOM,2005,0.769590807443092,0.1416987529731558,0.0,0.5020681985687774,0.31737204420494036,0.013515518236006163,0.4060125895689362,0.0107733,0.3871907144645424
SOM,2006,0.7247479891967874,0.21314208958303751,0.0,0.5153029002128329,0.40830920458497494,0.018172912937576058,0.44366424505311086,0.0110022,0.42960826790757317
SOM,2007,0.7108064988768207,0.27646670292770875,0.0,0.5344223690076286,0.45299022317442983,0.02304287537780414,0.4552544536357267,0.011222399999999999,0.4387691088182799
SOM,2008,0.7247479891967872,0.4078387291494546,0.0,0.5467445082978615,0.3797649156649301,0.028130992437298108,0.44366424505311086,0.0114269,0.42960826790757317
SOM,2009,0.6668192409444332,0.39643170976904485,0.0,0.5603017943757238,0.522392382816466,0.033854941963215035,0.4797611089915058,0.0116061,0.4400166100575197
SOM,2010,0.7455443822345528,0.29944853307015984,0.2628114798329628,0.5735662194910738,0.5552058132859834,0.03964075365163233,0.3222958405808626,0.015033399999999999,0.4605145082010106
SOM,2011,0.7548667831170139,0.3312320828994665,0.2563016193490144,0.5911732186223002,0.5124493301656189,0.047995133461568806,0.2693616812388332,0.0125,0.5013118003379093
SOM,2012,0.787643178412856,0.30515908213197174,0.2519412087850501,0.6098245809163125,0.4440560471899824,0.05606437296058031,0.20301521227720526,0.013767000000000001,0.4906089629745841
SOM,2013,0.7569716483825398,0.10439411121445033,0.24536952593125605,0.6316716885804907,0.6156613491836271,0.06645147585787892,0.3101101568094275,0.015,0.47651159810302424
SOM,2014,0.7735481994328115,0.10439411121445033,0.24317061731401513,0.6461934688262945,0.5805400625913455,0.07370833637682883,0.24514089775848533,0.0163,0.4957925338319445
SOM,2015,0.7735481994328115,0.10439411121445033,0.2387601827982575,0.6644727902291407,0.6045454800308634,0.0831305286482954,0.24514089775848533,0.0176,0.4957925338319445
SOM,2016,0.7735481994328115,0.10439411121445033,0.2365486246510402,0.6731908778603826,0.6087432509314608,0.0874026723749054,0.24514089775848533,0.0188,0.4957925338319445
SOM,2017,0.7735481994328115,0.15580919248501415,0.2584756581084582,0.697685556355208,0.5991085493183341,0.1016928021450555,0.24514089775848533,0.0200405,0.4957925338319445
SOM,2018,0.7513727160996209,0.0,0.22765973887545599,0.6953839622544566,0.621281392404266,0.09952573999972836,0.33955704709701445,0.044595499999999996,0.4718512364490988
SOM,2019,0.7598276960046537,0.0,0.19370260830247332,0.6943703349608019,0.6200956109992485,0.09820247602488219,0.3360394269036504,0.09653550000000001,0.4584349883921665
SOM,2020,0.764121764990196,0.0,0.209673764694692,0.6512395516038509,0.6868090282625171,0.088642671728418,0.403505052923533,0.150237,0.41797536688150333
SOM,2021,0.8165446392991195,0.0,0.19599778760795328,0.6433319866864111,0.6964737040733775,0.08825435368331447,0.3350400477048313,0.09552740000000001,0.3213173876812876
SOM,2022,0.779652527842168,0.0,0.18678953733263803,0.6438602793108044,0.689692653694079,0.08775723473816588,0.4384210786578645,0.276,0.35492360771451253
SOM,2023,0.789476699511781,0.0,0.21870181251886756,0.6479543386220579,0.6857951010759316,0.08922170605128676,0.3623415198107416,0.09552740000000001,0.33187375136347547
SOM,2024,0.8252447437630221,0.0,0.29633057904709403,0.6503451398897448,0.7000480584117852,0.09001399200112048,0.3549263928361911,0.1950736,0.35823923323684365
SRB,2004,0.5111131621233401,0.4048179396306411,0.995423298675246,0.5380940276583734,0.6477330733815114,0.4193976040457731,0.5886273291181467,0.23500000000000001,0.3373939456005206
SRB,2005,0.4666711537620966,0.45715003923950176,0.9965691777763395,0.5406567210350581,0.6900760531319222,0.42815801011428,0.5737610658804144,0.263,0.38960221618907553
SRB,2006,0.46873015218293185,0.4554976973560246,0.995423298675246,0.5606568051847316,0.6900760531319221,0.4342821599210235,0.576761245648229,0.272,0.3866725460039393
SRB,2007,0.4437850793647718,0.4939052685647746,0.995423298675246,0.5554821478691334,0.9253055299991135,0.44581439659939714,0.5620296377310889,0.3315,0.4195097556496252
SRB,2008,0.47322853050238933,0.525956310148403,0.995423298675246,0.5624582057814891,0.7708283467628216,0.45373564393771393,0.5492413560411624,0.35600000000000004,0.42488023108729545
SRB,2009,0.4609911905784484,0.5446904331358269,0.995423298675246,0.5874603563281537,0.6900036454891965,0.44968337617577114,0.4897609616661305,0.381,0.492052214347674
SRB,2010,0.4652138088059006,0.5797541142173919,0.9965691777763395,0.6041678365942764,0.5371324466146465,0.4525862906809953,0.5035554549343271,0.409,0.47485558108712667
SRB,2011,0.472846922201182,0.568834606360554,0.9965691777763395,0.6050327265618614,0.9101099610714518,0.4537622974386498,0.5271265381217081,0.42200000000000004,0.4641807388917618
SRB,2012,0.4627596247746456,0.5768165704584285,0.9977139195282607,0.6112490255944341,0.46804025910318475,0.4538206310530205,0.5326212285887999,0.48100000000000004,0.4647328617145221
SRB,2013,0.47127264958111,0.548540708972034,0.9988575261865398,0.6186203928077076,0.5496379021225396,0.4551805215014654,0.5557819117326441,0.534504,0.443829564851411
SRB,2014,0.46524282092901476,0.5473506492215212,0.9965691777763395,0.6254878088009668,0.5489729961340934,0.45324375198422573,0.5320213332185313,0.620751,0.4586333787079724
SRB,2015,0.4474621594671601,0.5470075822544447,0.9988575261865398,0.634195118573103,0.6532712503089024,0.4558549981308603,0.5337336403436495,0.6531699999999999,0.4565277572895736
SRB,2016,0.4510691832314885,0.5490961795693905,0.9988575261865398,0.6435458565796961,0.6470164354598851,0.4608701889395289,0.5317635766722235,0.6705679999999999,0.44827283026108855
SRB,2017,0.4268060194650997,0.5452322559384686,1.0,0.6509921480969076,0.6937862291406937,0.46503287712860863,0.5330619461989814,0.7033079999999999,0.46042924170593347
SRB,2018,0.43251939162719344,0.5508487319566922,1.0,0.6500494581658591,0.7860291340297128,0.4724216705948866,0.518391245953616,0.733607,0.46877701959610985
SRB,2019,0.41498300236396635,0.5532882592569461,0.9977139195282607,0.6484167140117609,0.7997693159976285,0.47993619617568994,0.5131550311676354,0.774168,0.4794104185307808
SRB,2020,0.4266466121543461,0.5704848610777153,1.0,0.6558587660599229,0.690030634190594,0.4795175279289642,0.48886456750817087,0.7836799999999999,0.5012238677987075
SRB,2021,0.4306357209034322,0.5600770404540152,1.0,0.6614658803526323,0.7365279104459086,0.49198893049103576,0.49091598851634566,0.8116589999999999,0.4968338867875608
SRB,2022,0.4375862682547635,0.5433806890674815,1.0,0.6645657996018337,0.7333012929240559,0.4995140340351588,0.5072320610421317,0.8353830000000001,0.49708581542672015
SRB,2023,0.37064210373909356,0.510706629375498,1.0,0.6719462609236979,0.6790515765580633,0.5057559568127213,0.47870364276498156,0.8535750000000001,0.5520103033889097
SRB,2024,0.33789193587821387,0.5080056486159805,0.9299718926791339,0.6765493020555313,0.6876258906537913,0.5121853623479619,0.4642064950495668,0.8769070000000001,0.5670032034151946
SSA,2004,0.6555266078938017,0.6102814728063826,0.0,0.37051481342834025,0.39868490656373295,0.2533139104053811,0.5556503156399697,0.0322,0.4160740021387759
SSA,2005,0.6535052562785671,0.6176930985430127,0.0,0.37769250382036423,0.4380112416097943,0.2576827115247057,0.5701600948060976,0.022000000000000002,0.400944150444988
SSA,2006,0.6550164569512756,0.6250789776453807,0.0,0.3846590134555061,0.3906415081131504,0.2621211576116137,0.562449999096045,0.027999999999999997,0.4142171106566699
SSA,2007,0.6614178630230816,0.6281398421803843,0.0,0.39211074611567565,0.45236766955913776,0.26666710565547624,0.5685689738758739,0.037000000000000005,0.39896105929880576
SSA,2008,0.6772478566831245,0.5879856602579827,0.0,0.39925958003494655,0.48319248578027185,0.26985120004012175,0.5889620996996843,0.042,0.3722650008147963
SSA,2009,0.6796089115049975,0.5968110095140329,0.0,0.4067192804878781,0.4812243485179534,0.2701611965620475,0.5269611733101218,0.049,0.4448529974060915
SSA,2010,0.6638694742444117,0.6032164335685313,0.0,0.41994449404788137,0.43415160034408967,0.27446267848482153,0.5527867311689656,0.067,0.4450458417186298
SSA,2011,0.6449453819876536,0.584087362781404,0.0,0.4268400696590442,0.4500193421322739,0.27654853496312193,0.5868889613631987,0.083,0.4322456679596929
SSA,2012,0.6493887392155806,0.5822252004939317,0.0,0.4357799371960822,0.4601961341116355,0.2771347346552441,0.5837769484595143,0.099,0.43810394397849795
SSA,2013,0.6518849752346688,0.5658860602719449,0.0,0.4350071823067023,0.42745336196397843,0.28016374771823205,0.570289964234961,0.11800000000000001,0.4460860392930859
SSA,2014,0.6567033359834002,0.5610827977293245,0.0,0.44289086321009163,0.43278489724685953,0.2826660742440271,0.552269953729633,0.139,0.45426362180299984
SSA,2015,0.6668551255663249,0.5583960559083228,0.0,0.4483578916224249,0.45416973865637184,0.2825632169405877,0.49103849467477123,0.163,0.4986403492021858
SSA,2016,0.6667618690895871,0.5626836335926126,0.0657743931904502,0.45246732953653623,0.4106295800252125,0.2800430917220519,0.46986162003936083,0.185,0.5071406034116932
SSA,2017,0.6566934038859159,0.5706113885543269,0.05978130466914866,0.45831253229592184,0.3825293486996242,0.2794002959439844,0.5043256642056486,0.204,0.48841926353051646
SSA,2018,0.6576959982258572,0.5520340474700898,0.13222362873624505,0.4681444702866937,0.3784365170006116,0.279304388423249,0.5288075596068134,0.228,0.46787462197743634
SSA,2019,0.693503748385785,0.5199439418248606,0.1444565503635129,0.4803071703517574,0.3682665967442442,0.2788783403313567,0.49686971646992073,0.253,0.4632893107721796
SSA,2020,0.7154165903025191,0.5100864491219208,0.1716874771783372,0.4562634668949763,0.3593021034301073,0.2697238986875169,0.4658967967386236,0.28,0.45528985935020705
SSA,2021,0.7053708108156062,0.5008323467071862,0.21758106217736728,0.4548177317288671,0.49817197295050986,0.2711296095923684,0.4860459933300785,0.303,0.4278021506872096
SSA,2022,0.7038495807460878,0.4873279916090731,0.23763267217517026,0.4642305920572931,0.3837059723948644,0.273213099314335,0.5019449224378616,0.327,0.40444365061519605
SSA,2023,0.7008236279155879,0.45579554304075776,0.27800855182021333,0.4692788225254976,0.41459276434197845,0.27324152924951484,0.5034266518883646,0.335,0.4276926616530199
SSA,2024,0.6809653126633526,0.4121838595739649,0.5643247046132439,0.47760078587857313,0.4291205102327238,0.2745217907970062,0.5081358172244765,0.34700000000000003,0.43567418138034286
SSD,2004,0.6611101879470032,0.39711997825509593,0.3017765846996781,0.39822391460950524,0.5143063213749682,0.26577754864165926,0.6072020739032677,0.329989,0.2891664740173316
SSD,2005,0.6135373917720702,0.47907206899375654,0.3963478188467624,0.3999216999324604,0.38557259781517184,0.3062443642083367,0.6332715549644957,0.09759999999999999,0.3396706918136353
SSD,2006,0.6648656277161438,0.6276081245010994,0.8169803257811159,0.40170869533448217,0.48176897938929314,0.31196262934805397,0.6473827272245811,0.289885,0.3341140360462328
SSD,2007,0.6176318113232044,0.28733526597840264,0.0,0.4033916205132493,0.40091621612011374,0.25290677845431037,0.6482295585640475,0.09419999999999999,0.33997510824862676
SSD,2008,0.39018908742028563,0.15041648326662052,0.0,0.40464719083130607,0.6466319804013896,0.3204347280309999,0.9252156776435423,0.056742459999999995,0.1539867669366175
SSD,2009,0.4331087678552483,0.15041648326662052,0.0,0.40666315296825806,0.7631342291444625,0.32072711051199543,0.9259756112794508,0.056742459999999995,0.1271467377742992
SSD,2010,0.4359194667950951,0.016255916762582145,0.0,0.4055648141032857,0.6446898006213339,0.3208073351373234,0.9413116442912717,0.056742459999999995,0.07846639311338155
SSD,2011,0.41132286338108776,0.0,0.0,0.4036096458194294,0.7724901806252062,0.30605831538021955,0.9419745580665282,0.055261859999999996,0.09215913909098195
SSD,2012,0.46720323912374934,0.0,0.0,0.405445959732623,0.37183771830577583,0.20999742079165917,0.8531142044867193,0.054942460000000005,0.28706863699708585
SSD,2013,0.5610250677169725,0.0,0.0,0.4094563860136735,0.003944578344111271,0.22246330065011144,0.4461797563759302,0.022000000000000002,0.6966355103621336
SSD,2014,0.5102661914312003,0.0,0.0,0.41810206725321253,0.28450379289603384,0.2263847884473914,0.8082351665965526,0.026000000000000002,0.34688211582061435
SSD,2015,0.5766277924138614,0.0,0.0,0.4282559766885603,0.28410234559576164,0.21147526442635434,0.6393146444237034,0.03,0.5330674450868167
SSD,2016,0.4656619258660434,0.09900189211406968,0.0,0.43002532504180824,0.6073956577725574,0.3237234128578108,0.8590331400580073,0.035,0.21272412763189977
SSD,2017,0.5402405531817854,0.0,0.0,0.4365758573888754,0.5897732909668634,0.25730469541437406,0.8102273692578041,0.040999999999999995,0.22793064085255194
SSD,2018,0.5885645793667452,0.0,0.0,0.4381289154788006,0.4669733766764418,0.2458150063683422,0.7369140830736152,0.048,0.301227674699427
SSD,2019,0.5788212520116621,0.0,0.0,0.4354140550757992,0.4047631576765699,0.24047417685940164,0.7436456986911147,0.067,0.30769680675291766
SSD,2020,0.3931819327604483,0.0,0.0,0.4173433196238774,0.4759511650685324,0.30298202567132143,0.837864091551408,0.0927123,0.2987172098050195
SSD,2021,0.526390361867991,0.01624927940551829,0.0,0.4041591954763888,0.5130590163427178,0.2875807836074939,0.7789203743478452,0.15354246,0.2288216334990416
SSD,2022,0.526390361867991,0.03166638540403849,0.0,0.404912668094767,0.5700347068052669,0.2875807836074939,0.7789203743478452,0.140555,0.2288216334990416
SSD,2023,0.3826984231025571,0.03336391900335395,0.0,0.410190682784366,0.570034706805267,0.3280192910706104,0.8521518034277212,0.1476696,0.26936228659740574
SSF,2004,0.6603805241831431,0.6077274648962276,0.0,0.3349556446071973,0.4023265590029033,0.241056387631586,0.5516922315168227,0.0238,0.4138294526916546
SSF,2005,0.6591475465498641,0.6151745510946405,0.0,0.34078163700578745,0.4382414024765504,0.24555862707265164,0.5657947161114585,0.02,0.39857996924885253
SSF,2006,0.6611690728810471,0.622470977971217,0.0,0.348449044629048,0.3934219619073291,0.2501137113340063,0.5579125936707796,0.026000000000000002,0.4114455919623259
SSF,2007,0.6679580167652266,0.625106582822321,0.0,0.3567350359725667,0.45156460106185814,0.254801688380183,0.5634786479909646,0.031000000000000003,0.3962506206799965
SSF,2008,0.6852051116723836,0.5846214921828827,0.0,0.3645264193761717,0.48030902685305543,0.2581427658557235,0.5821443872879632,0.036000000000000004,0.36889809240355564
SSF,2009,0.6897129663595714,0.5967069284807318,0.0,0.372275496214312,0.47794855407783776,0.25863503705119906,0.51881283943698,0.043,0.4394315049855253
SSF,2010,0.6713299009890541,0.6031277838693119,0.0,0.3864436582356685,0.4329601971296635,0.26316005136884957,0.5461092833043031,0.06,0.4418696679485481
SSF,2011,0.652939881480063,0.5840062879234194,0.0,0.39459469496846733,0.44974024970324467,0.2655020972728789,0.5803785399824881,0.075,0.429311837263755
SSF,2012,0.6606674724619842,0.5821391109345193,0.0,0.4034272914703201,0.4590188551197466,0.26630280450873556,0.5752531447782849,0.092,0.43289831425978287
SSF,2013,0.6621769841806497,0.5657958737352062,0.0,0.4044839666987752,0.42860186434604103,0.2695722117860254,0.5622067543877647,0.11199999999999999,0.44108015823743507
SSF,2014,0.6667095852535465,0.5610075653955418,0.0,0.41537474823581144,0.4350467164691847,0.2723374088794924,0.5447688627822163,0.134,0.44856526824990306
SSF,2015,0.6772944002860757,0.5583168974583879,0.0,0.4242743099896158,0.4583082512522734,0.27261801958255216,0.48493019657513825,0.162,0.48998784872854273
SSF,2016,0.678577304338583,0.5625854452319867,0.06322233470837979,0.43165587391130655,0.4227818158273049,0.27055280943451876,0.4683657932966334,0.18300000000000002,0.4943132608261487
SSF,2017,0.6691386262862802,0.5706113885543265,0.06148845732418362,0.4407684453649203,0.39437902097772476,0.27031661309311616,0.5027697868822887,0.2,0.47586370126250843
SSF,2018,0.6685291978995603,0.5520340474700898,0.1279155993985066,0.45285348561810235,0.3872598214102993,0.2704691555424775,0.5293579123459309,0.22,0.45566574993510045
SSF,2019,0.7024471989214993,0.5199439418248606,0.14675111835606103,0.4672757883996561,0.373351939730287,0.2704113758659935,0.49678299893625355,0.244,0.45217904239311135
SSF,2020,0.7249656261178843,0.5100864491219208,0.17855608526422184,0.442938922226928,0.36383010827333845,0.26190542727073984,0.4657305504019804,0.267,0.4423463693413092
SSF,2021,0.7168755030875631,0.5008323467071862,0.2266921637104673,0.44265770017718786,0.5004095629495162,0.26343440737179613,0.483550965751935,0.29,0.41591260765076
SSF,2022,0.7161357114470545,0.4873279916090731,0.24728745313120193,0.4521094782482269,0.38924083013650096,0.2656014776260024,0.4994226442514107,0.311,0.39291336761732554
SSF,2023,0.7144160635987107,0.4927297336483184,0.2833117302569246,0.45782567784377104,0.4168559451300224,0.26591246800145496,0.5025911048582767,0.32299999999999995,0.4132161086877333
SSF,2024,0.698808293698381,0.4740556960533283,0.41576677245711446,0.46715736452738454,0.4320401338909604,0.2674957344687513,0.5081030848218779,0.336,0.41872209354650813
SST,2004,0.3972474689666445,0.6979730885017548,0.6997421361408556,0.7275296598833068,1.0,0.5208148999552898,0.5538219965932132,0.2494,0.563683720620352
SST,2005,0.3813991153067435,0.7418122196134642,0.7119539080310213,0.7304592281840656,1.0,0.5262189102741978,0.579043275630239,0.196,0.5480517060640828
SST,2006,0.391432397729005,0.7510796202090584,0.7181278866438534,0.735604896091274,1.0,0.5339735769449586,0.5998903719781725,0.21100000000000002,0.5302028795779439
SST,2007,0.3821534990872133,0.7513891418543521,0.7395084567756482,0.7380295399373589,1.0,0.5390908265482902,0.5824626183712287,0.233,0.5450055227889288
SST,2008,0.37411715376407717,0.741157580845367,0.7539356923708525,0.7400304613224558,1.0,0.5393011763996262,0.6220815382445806,0.256,0.5214224738118407
SST,2009,0.38600911912590313,0.75416926284622,0.7515007244226091,0.7495607150256256,1.0,0.5314017691099971,0.5364527758215136,0.287,0.5941766483696882
SST,2010,0.3915259243304577,0.7429639575072451,0.7763970505544666,0.7544645552088065,1.0,0.5332710089817133,0.55281027923091,0.32,0.5859708315555916
SST,2011,0.38718719990984973,0.72972853793565,0.7998136270756371,0.7541927578562251,1.0,0.5354571636146596,0.5843554213608748,0.355,0.5650230792986952
SST,2012,0.3910105553564177,0.7152143172128738,0.8122176012360862,0.7597845890994326,1.0,0.5370524887822593,0.5595023300906654,0.385,0.5764596087565992
SST,2013,0.3894531934428644,0.7103332438472281,0.8181975356189568,0.765386753782332,1.0,0.5371806550710326,0.5382113360170617,0.41200000000000003,0.5905970793051813
SST,2014,0.3848866696316573,0.7011844915760703,0.8381188098107284,0.7688036817509794,1.0,0.5390479065634347,0.5157366028554748,0.44700000000000006,0.6033016025412676
SST,2015,0.39142263329497806,0.6954140833711853,0.8499862379171041,0.771372876075958,1.0,0.5407553388765983,0.4608693180045371,0.47700000000000004,0.6331186840976812
SST,2016,0.38430929968862815,0.6923783663438232,0.8650679912077512,0.7749544577213072,0.6099017363446404,0.5418192861722496,0.44106792526943805,0.509,0.645997810163959
SST,2017,0.38363085541556435,0.6888686580592884,0.8817160785033167,0.781492609353077,1.0,0.5449077556834422,0.44401608398490744,0.556,0.6412211461578279
SST,2018,0.37344379397166466,0.6645449132193848,0.8919155424122902,0.785719150746198,1.0,0.5480054601667211,0.4522985366714092,0.58,0.635905514272312
SST,2019,0.37159782856954493,0.6519581962142775,0.9059656561289886,0.7881514174776223,1.0,0.5508803349070034,0.445403163913229,0.621,0.6458244478723021
SST,2020,0.3896718533382094,0.6740024449846973,0.918627850923964,0.7844466515623476,0.0,0.5391258390711292,0.44100191438156333,0.6559999999999999,0.6528377248096255
SST,2021,0.37601192803222566,0.6525362216932955,0.9262882540353692,0.7881029423204753,1.0,0.547799508752688,0.4800134051677487,0.691,0.6308582633326565
SST,2022,0.3697257191697616,0.6265761519522473,0.9275706158317298,0.7934111021725663,0.9445759876304942,0.5566974664100363,0.5308581764009737,0.705,0.6045643766013544
SST,2023,0.36328697894571466,0.624774646929225,0.9389743978317568,0.7962071908054664,0.5382538497395679,0.5625160119233844,0.4735290025156702,0.7170000000000001,0.6377808287097366
SST,2024,0.36082908274071857,0.6216676862446651,0.9931724847666745,0.798524215934203,0.37418691263819676,0.5699698316427796,0.49564203320116906,0.725,0.6189775786842331
STP,2004,0.6691686399698307,0.34863150403196924,0.3136084114398967,0.708626285236543,0.48286846031719427,0.20696309994197548,0.3616015848740464,0.13322900000000001,0.4906565072843865
STP,2005,0.6762054322251292,0.4250243621208501,0.3361630847694208,0.7410100798311725,1.0,0.21267873666331616,0.22523451699722113,0.137595,0.5915404973567393
STP,2006,0.6235263517509024,0.4597347244388565,0.3582851220589047,0.7440563535961422,1.0,0.22145453541420423,0.28914499385877057,0.14182,0.6161335379925664
STP,2007,0.6235263517509024,0.49536987232726043,0.3799908087695769,0.7472826020532799,1.0,0.22312824178596846,0.28914499385877057,0.145905,0.6161335379925664
STP,2008,0.557453142007448,0.4718484203511805,0.40129552778815825,0.7571225165223558,1.0,0.22843555661446657,0.2777376554672233,0.15480000000000002,0.6999454356700148
STP,2009,0.5794791118143173,0.5084031488070819,0.3582851220589047,0.7596059904631689,0.7867094103888732,0.22979866361737245,0.29783961750670507,0.1641,0.6618641843924506
STP,2010,0.6020379916934273,0.5478840120609443,0.4446092319022279,0.7630288770346749,1.0,0.22869921768961177,0.24885462900304423,0.1875,0.6495047633509068
STP,2011,0.614898870772191,0.5509900726473729,0.4665780336609764,0.7667321763511077,1.0,0.2285334997126035,0.15374165218534852,0.201612,0.7060932537839215
STP,2012,0.6277195693742003,0.5612177166659547,0.3780343583930774,0.7698889716556976,0.9316480584385978,0.22980920845168906,0.16581073212239872,0.215724,0.7430525339373806
STP,2013,0.6333909338102324,0.531334639689746,0.5092987405673002,0.7721830040622373,0.5804246700256462,0.23423882292899478,0.20374672906831348,0.23,0.7323527714539613
STP,2014,0.6312732334479964,0.5087218593715779,0.5705517477713391,0.7740467628752112,0.8721639863995374,0.23849351850158784,0.18490249199378717,0.2441,0.7516246968826188
STP,2015,0.645144079678903,0.5121017421654435,0.5488059928158613,0.7765748138177089,0.9829792564167459,0.23813505567653015,0.14170452189014449,0.2582,0.7694430262899874
STP,2016,0.6274322551738628,0.5002967721051055,0.5837327737581308,0.7788785175540758,0.803538554614778,0.24301600438448745,0.08507354895764396,0.28,0.8319221706257958
STP,2017,0.6222188296702498,0.485613070726542,0.6613365543966854,0.7816876727473216,0.9754054773978946,0.2465447369653454,0.02602153707432886,0.326,0.8490063387480205
STP,2018,0.6055277401103871,0.4482997103207775,0.6096513301319169,0.7837304459172234,0.6859520971323403,0.2505231088225012,0.0,0.38,0.8593433039809049
STP,2019,0.6075935555062285,0.4275256171833844,0.6735250664654338,0.7854455016515742,0.6652524372955778,0.2512208044308254,0.0,0.443,0.8788147404836
STP,2020,0.6453359097740198,0.4012480837637383,0.6990057165628043,0.7787854785613422,0.9346691951825521,0.25225666133342173,0.0,0.515547,0.7824470291691754
STP,2021,0.6623331053525253,0.37626320997972734,0.7239355654432265,0.7769248537601143,1.0,0.25199745950964847,0.0,0.615241,0.7863080898405945
STP,2022,0.6419223967597187,0.3091345483181353,0.7166590288746706,0.779347527853254,0.9531697761293223,0.24943044126594616,0.0,0.615535,0.8221476454631942
STP,2023,0.6345721435082312,0.2078591898053841,0.7638569330617182,0.7819904444557424,0.040844298520638395,0.2470718347790576,0.0,0.614607,0.8113941734166437
STP,2024,0.6179797678291641,0.494671145191767,0.8113854939547382,0.7845524235508647,0.15197148015178766,0.24575694476124899,0.0,0.32751660000000005,0.841545793159828
SUR,2004,0.4332942012637735,0.38871853049189736,0.9414428951049976,0.8046928880130961,0.12045487909527217,0.4830962061273073,0.6078735864103133,0.0607605,0.26130009671777765
SUR,2005,0.42129445777551683,0.3950276058508389,0.9402408864288407,0.8033880491773377,0.38562802154792464,0.4879705558505175,0.6502480645322084,0.0640309,0.2597441849881217
SUR,2006,0.5688728015714468,0.37385551451611937,0.8923577333070547,0.8019786991618338,0.0,0.49456486061588756,0.693647536643889,0.0949963,0.3411852078034916
SUR,2007,0.572232168975821,0.41645869979101274,0.9378331043009336,0.8019269309537664,0.0,0.5001458515658618,0.694762700554334,0.1411,0.3284084997199539
SUR,2008,0.5446438927929977,0.4402734443263055,0.9378331043009336,0.7989744585269785,0.0,0.5043458019047752,0.73295728383915,0.21059999999999998,0.31677825220817324
SUR,2009,0.5656051855310521,0.4451164380781178,0.9366273256021067,0.802029045575078,0.12717453135131385,0.5069571108906105,0.6566823748174682,0.3136,0.38430768822015304
SUR,2010,0.5573283413622533,0.44165657899848704,0.8948622450846884,0.8021268000549284,0.0,0.5125848235601899,0.6690494930170248,0.3159,0.39411028544168447
SUR,2011,0.5398577481792745,0.438396122825421,0.9366273256021067,0.8001625043828495,0.4978327317249175,0.5191704961265972,0.6681977481322023,0.32,0.37122709345322624
SUR,2012,0.5311931149927475,0.4432301727783389,0.9366273256021067,0.8021375635007799,0.5054515899627914,0.5213726989111388,0.6703238849568862,0.34681199999999995,0.38340956712063434
SUR,2013,0.5337430244049776,0.4733272601725696,0.9366273256021067,0.8026801649112407,0.5202273996989384,0.5239307971785817,0.6267524602948309,0.374,0.4388716156480581
SUR,2014,0.5553291207593384,0.48774976644606843,0.9366273256021067,0.8019714682811654,0.20991678229561828,0.5226896319196938,0.59544813534587,0.4008,0.46400745388742637
SUR,2015,0.5777408882751309,0.5151961889456678,0.9414428951049976,0.7995539263416558,0.5171923043851677,0.5160801118457384,0.54489272709905,0.427638,0.5006704248927369
SUR,2016,0.5851080712388341,0.531355588604651,0.9510141302877253,0.7984491749072511,0.7384945855513485,0.5072483573099035,0.5358297746522738,0.454,0.541285171332536
SUR,2017,0.5881613910605527,0.47696620702500375,0.9605065889791575,0.7978268734104934,0.458105754637646,0.5080403462871735,0.7104572023591009,0.489452,0.3930442649839829
SUR,2018,0.5697561212321602,0.4439699581210497,0.9699215573476945,0.7964988840868847,0.4972957937260119,0.5136393961570006,0.6907142452267485,0.551,0.4397417321861199
SUR,2019,0.5364952616625109,0.4332169326994186,0.9757671209025043,0.7977794213848699,0.42040232508991077,0.5138177563218503,0.650783790072812,0.62,0.5146969284821408
SUR,2020,0.5247805347324188,0.44346242138273956,0.9815832059480165,0.7947753320409512,0.2863451851017998,0.48699372452220346,0.6880217523862375,0.698369,0.45773837889172153
SUR,2021,0.5619615877881786,0.3812062795066526,0.9862150483999299,0.794382032401181,0.006136378954494537,0.48209879814261336,0.7031694920020233,0.7657200000000001,0.4319575812918828
SUR,2022,0.5017717988762895,0.3956737664265518,0.9885240125752848,0.7943802276342367,0.2680491882169516,0.48431766811780486,0.7587474267511394,0.776494,0.39087339867698967
SUR,2023,0.49788810261535765,0.36279662552949593,0.995423298675246,0.7974282942631477,0.1845163552478163,0.48645679529786545,0.7279865474419314,0.7839579999999999,0.40467521948390583
SUR,2024,0.48616485641908574,0.3681121456869036,0.9933540901611607,0.798701396195646,0.22868467888653196,0.48765923674228817,0.6673907496669387,0.6845344,0.4400001437870542
SVK,2004,0.2163819346792684,0.5235175260387815,1.0,0.6767597705822976,0.7462232568720039,0.5444774530708306,0.6254981175934644,0.5289,0.5067716890679268
SVK,2005,0.21300816439754608,0.5311505311354724,0.9988575261865398,0.6835239382428822,0.6922541792715475,0.553583355693054,0.6237575792449468,0.5519,0.5056848885970155
SVK,2006,0.23337476911019836,0.5153815367139076,0.9988575261865398,0.6879100470240398,0.8084566075521751,0.5659863075227106,0.6557288582404239,0.5608,0.48645482674484564
SVK,2007,0.26970216925286267,0.5374970776489518,1.0,0.6842790211224132,0.6641998324839191,0.5808544682662947,0.6438129025407302,0.618,0.49307525360586535
SVK,2008,0.2862966418314905,0.556161742723438,1.0,0.6843152625681714,0.5835623654236379,0.5883133984629191,0.636679195727649,0.6605,0.5061335043998416
SVK,2009,0.25193008994555494,0.5777800346920949,1.0,0.7113483411331294,0.39482054119215,0.5799005318186389,0.5797452768325326,0.7000000000000001,0.5743409257795036
SVK,2010,0.21563121127574036,0.5749507754905423,1.0,0.7240539218333395,0.43515091258552885,0.5893016212990326,0.590744019916267,0.7571,0.5729539154256131
SVK,2011,0.24225398600121742,0.5830230049641987,1.0,0.719321695228027,0.6385528230325149,0.5927870109416457,0.5903034911880096,0.7444,0.5601917194412973
SVK,2012,0.2423309813184439,0.5837499621464284,1.0,0.7195153099879743,0.40607862925391947,0.5947999786111032,0.5926004772909097,0.7671,0.5707499677320174
SVK,2013,0.26507543783515713,0.5908893945911793,1.0,0.7357546010369016,0.3499251484138225,0.5956613146128286,0.5571386112314043,0.778826,0.5918210855695545
SVK,2014,0.3037010337359029,0.599097192557589,1.0,0.7347264136174716,0.26080035052620415,0.5993988164443497,0.5897380531857517,0.7998430000000001,0.5523446922236874
SVK,2015,0.2628659174883284,0.6113298074512938,1.0,0.7349378223295417,0.39497346633178504,0.6065871875073096,0.590341496037353,0.776347,0.5566366341314843
SVK,2016,0.26416753083180455,0.6288598813627924,1.0,0.7351258205954916,0.6274924997447757,0.6092001787290658,0.5693957470017592,0.804759,0.5765897753159397
SVK,2017,0.24685339978193532,0.6409881409492804,1.0,0.7297377881544826,0.5703627678526948,0.6130888340950679,0.5592282331933742,0.816257,0.5806878100000543
SVK,2018,0.25998015959769805,0.6466739441311842,1.0,0.7408709450741608,0.42151453037642667,0.6186674654377785,0.5680810793686724,0.804489,0.570711317681412
SVK,2019,0.2266723571472531,0.6503150272365221,1.0,0.7394250051205469,0.42419907854846856,0.621737542472168,0.5774078549868575,0.8285370000000001,0.5650947607201791
SVK,2020,0.236679663984837,0.6612847802455211,1.0,0.7372966135653485,0.2150523491966786,0.6178107206843845,0.567140315266033,0.899209,0.5774146105372435
SVK,2021,0.2487896234080901,0.6594777885891356,1.0,0.7381594413230439,0.4308914300654384,0.6261048710533995,0.5476111540785122,0.889256,0.5868012361452939
SVK,2022,0.25364227794886984,0.6649255376602499,1.0,0.7509369296083963,0.5553199765684631,0.6273067068406407,0.5320242388826151,0.890677,0.5940471202847362
SVK,2023,0.2690273123189821,0.6467468668063348,1.0,0.7564439945799877,0.309653361239614,0.6304753322723339,0.5784302728070541,0.872131,0.5853358456101132
SVK,2024,0.2235331719945081,0.6401503926384842,0.9993138355552679,0.7622820039357636,0.5153816506414833,0.6333874567437455,0.573902967071974,0.8982510000000001,0.5843965831493261
SVN,2004,0.2892346980231742,0.577934144513317,1.0,0.7230841239323063,0.4294171177536342,0.6231170462147472,0.5957057705279356,0.4081,0.5084212070153895
SVN,2005,0.29077131153547936,0.612717564384599,1.0,0.7227017205770223,0.459773375942126,0.6283549159246938,0.5883779967767413,0.4681,0.5172521779484849
SVN,2006,0.2664468840231909,0.6427106738310138,1.0,0.7332663797166492,0.398733468826146,0.63622470213353,0.5932849133806759,0.5401,0.5185440753196984
SVN,2007,0.26183529012769324,0.6796532772760793,1.0,0.7328498529311087,0.5401663478863803,0.645422689777598,0.6010648989654823,0.5674,0.5082055358936648
SVN,2008,0.2392464025008758,0.6958946708226663,1.0,0.7372997130865309,0.41072821084509953,0.6500073774068976,0.5874622874060087,0.58,0.5248342227846639
SVN,2009,0.2394767745906015,0.715959432168823,1.0,0.7502963921022907,0.2388373015805,0.6372366749484829,0.5470690786789953,0.64,0.5573697839712501
SVN,2010,0.2444370364774523,0.7204917468148206,1.0,0.7586684804027994,0.3274786761399229,0.6382090903167853,0.5284627723081345,0.7000000000000001,0.5648948090877655
SVN,2011,0.26246652988222097,0.7117123666735499,1.0,0.7690012774157275,0.3953631880971335,0.6388558493059248,0.5320704709259605,0.6734,0.5577745511475358
SVN,2012,0.24499357367767588,0.7049396041138263,1.0,0.7771093743325679,0.2887486713972476,0.6342560477973668,0.5415442589717288,0.6835,0.5505252642386353
SVN,2013,0.2453946397635953,0.6627846591027455,1.0,0.7755193279446706,0.2981638305733186,0.6328583391981962,0.5426883916992244,0.7267560000000001,0.5396474890897744
SVN,2014,0.24460016846763027,0.6223962681865616,1.0,0.7658038310894906,0.4180039881257356,0.6366715413508902,0.5539552762305158,0.7158629999999999,0.5306987295614105
SVN,2015,0.25713310567088665,0.6028083570764426,1.0,0.7803748694903421,0.5476567409155626,0.6399954637895456,0.5513890018632932,0.7309869999999999,0.528851208437572
SVN,2016,0.24711735078467423,0.5883764980793824,1.0,0.7893357296539563,0.4965330981513689,0.6442282965289646,0.5509069766931027,0.7549850000000001,0.5340951450094322
SVN,2017,0.23350086787813856,0.5804540860001304,1.0,0.7837423363014371,0.44569285880649323,0.6514567329739857,0.5584382108264951,0.788854,0.5336053149071174
SVN,2018,0.2585507145312617,0.5717624162832657,1.0,0.783512002371932,0.4704677169716136,0.6571516372543306,0.559142964833709,0.7975,0.5323415614565499
SVN,2019,0.2402548616907074,0.5667548892345735,1.0,0.7880544076771216,0.5437531075436954,0.661141828072659,0.5674560883195892,0.831084,0.53255673015483
SVN,2020,0.25093364196105566,0.571096834860874,1.0,0.7904018459007776,0.3457387063541676,0.6541155433698395,0.5740273250882888,0.8660129999999999,0.5427283698783243
SVN,2021,0.2168575100380049,0.5583203863595585,1.0,0.7910817504252776,0.5187074286927726,0.6654557849249897,0.5605075157190305,0.89004,0.5531137436929341
SVN,2022,0.22738133384139236,0.5587596961652839,1.0,0.7874148736578745,0.5209181070244601,0.6690035268376219,0.5577444787184749,0.8891249999999999,0.5578149002488173
SVN,2023,0.21879526322650686,0.5314308053665111,1.0,0.7721320277954291,0.42005627534328105,0.6718367209661039,0.5846658287930022,0.903779,0.5532557366275563
SVN,2024,0.21929707152751612,0.5258057798153242,0.9995427839056521,0.7750148329503497,0.45054460030283006,0.6738542017042458,0.5760674953309144,0.907636,0.5543298479083765
SWE,2004,0.2323986399229423,0.7350877080107268,1.0,0.8688000403005312,0.5692656399985889,0.7531021480476986,0.4980338175503394,0.8389,0.6197707482089903
SWE,2005,0.18094329305036405,0.7528407490615852,1.0,0.8736915685946567,0.629328766841285,0.7565204745731312,0.4948068080964596,0.8483,0.6245409806106745
SWE,2006,0.1896141585368411,0.7604331415988952,1.0,0.8743926622810552,0.6236857201555388,0.7623377712142095,0.4999110916962961,0.8776,0.6218402738847737
SWE,2007,0.20985836181773718,0.7781439029993833,1.0,0.876295638910344,0.8968193812922389,0.7658686144134724,0.503441575046234,0.8201,0.6165239284502451
SWE,2008,0.19165411986252015,0.7920134424975611,1.0,0.8797995142742661,0.8080404256779579,0.7633915837339217,0.4861509501874606,0.9,0.6288989391973803
SWE,2009,0.17861574691477736,0.8032630822020532,1.0,0.8883709632630108,0.41829567330270145,0.755842305604867,0.4485582182793346,0.91,0.6509834939406294
SWE,2010,0.2021869169227537,0.8009604856885193,1.0,0.8909142944520201,0.2922769683972875,0.7627212983628168,0.48038742061488793,0.9,0.6269881870925502
SWE,2011,0.20718850969627442,0.8036272094469854,1.0,0.8915897743857983,0.3636324518789009,0.7661466226829928,0.47784564711955113,0.9277,0.6332997276744039
SWE,2012,0.19091173982619097,0.8106005214708489,1.0,0.8931898814689339,0.3346122166755834,0.7644700118267206,0.46489557173455975,0.9318000000000001,0.6457230506081091
SWE,2013,0.18857994218982166,0.8145080830770759,1.0,0.8970510519888522,0.3005966151987338,0.7648821095321311,0.4409510173996125,0.9478360000000001,0.6609208845711274
SWE,2014,0.19081096362641445,0.8133076922396736,1.0,0.9016881390583626,0.21598412126801506,0.7667366474055236,0.43264832330131076,0.9252360000000001,0.6674930910592458
SWE,2015,0.1962057922760929,0.808475642035726,1.0,0.9035813453671135,0.4108786716351571,0.7714357678215232,0.4472515588948298,0.9061020000000001,0.6578838155041287
SWE,2016,0.1939245493023139,0.8113437342837617,1.0,0.9053609956941306,0.48025840388484364,0.7726730016694608,0.441418915153696,0.896509,0.6573840178887784
SWE,2017,0.1980519138397598,0.817364104597321,1.0,0.9060383402916061,0.579584723791434,0.7734247356001108,0.44529258310441544,0.930063,0.6545575869545184
SWE,2018,0.19065106614964958,0.8182856862095573,1.0,0.9066575949896172,0.2755652485547572,0.7742857051460489,0.44722183195194454,0.89247,0.6538352870051272
SWE,2019,0.19140221774467697,0.8158613671064907,1.0,0.9051917572192281,0.47639188943160715,0.7765517370238538,0.4494451703082034,0.9449339999999999,0.655743936001842
SWE,2020,0.1848739033294166,0.826790864099163,1.0,0.9056958109783917,0.5029331414337355,0.7726681025891379,0.43729884427679155,0.9453940000000001,0.6639108102023115
SWE,2021,0.18084491345697024,0.8241045616911857,1.0,0.9053710135024362,0.8813667056085974,0.7791905160620224,0.45375959254553333,0.946703,0.6538393922813457
SWE,2022,0.18944899458573516,0.8229299204048577,1.0,0.9128411321710104,0.8926645825353401,0.7800136207560046,0.47836368140188124,0.950097,0.6372674804466958
SWE,2023,0.1940390018573686,0.8112824498632119,1.0,0.9130203736788292,0.4939110204729673,0.7790309147722531,0.45396980396543274,0.957033,0.6614600544937606
SWE,2024,0.20823588045221994,0.8049678046553259,1.0,0.9146147383179559,0.5754533180961314,0.7797614913908993,0.43437335433825486,0.9552930000000001,0.6742944639988164
SWZ,2004,0.5194864844069887,0.35077436837255166,0.0,0.728028859666404,0.451099253806893,0.33449698050119225,0.7451431987057604,0.0322869,0.3657192648342109
SWZ,2005,0.5474514294240616,0.3753342545530938,0.0,0.7280012018567463,0.18770149356871163,0.3421509441657643,0.7444751110215837,0.0369696,0.35047327412655616
SWZ,2006,0.5511046250553632,0.3972330292550051,0.0,0.7287387207277316,0.5289949756484637,0.3508742740839176,0.7418235302196825,0.0369654,0.3554501166812938
SWZ,2007,0.5425693567424503,0.41984040453146304,0.0,0.7300469876739704,0.35597613718389853,0.35617181089779926,0.7463265185073076,0.040999999999999995,0.35563455280750267
SWZ,2008,0.5259774328885698,0.4094884574659488,0.031132052589921244,0.732704210958028,0.49666010971213354,0.3572679604702572,0.7329980140391477,0.06849999999999999,0.3795055818030577
SWZ,2009,0.509025457841557,0.4120373831170278,0.0,0.7355487865465458,0.40532191080099994,0.3584025682249946,0.7394669568152665,0.0894,0.3798676713978204
SWZ,2010,0.5292695770127331,0.3966624167920387,0.1078783565087642,0.7366443583429807,0.48648178216595994,0.3629982402867332,0.7160631362480054,0.1104,0.3972924502178983
SWZ,2011,0.5205193533618356,0.4308479079452328,0.2387601827982575,0.7394980901542207,0.4200367821338328,0.36483881051581946,0.7053809011944361,0.1813,0.41277303105064966
SWZ,2012,0.5326120967171437,0.3997107797064882,0.3052961072037226,0.7406632850370225,0.3203179083539291,0.36987583743205243,0.7033556402711316,0.207818,0.38425111135089773
SWZ,2013,0.5309491182808637,0.4176196428918732,0.37017519871139726,0.7434809565075597,0.4032772075540363,0.37491035921042737,0.6881182370394527,0.247,0.4026349619094258
SWZ,2014,0.5265449654186918,0.4212799728891197,0.5092987405673002,0.7481029350235056,0.32317850982938606,0.3770577191447785,0.682700836228824,0.25,0.4106776543794983
SWZ,2015,0.5041432219275164,0.4154498166359835,0.49346333545631005,0.7525863443083147,0.3364716416850413,0.3786805384798647,0.6934196046494947,0.25643,0.41097915185582456
SWZ,2016,0.4390463289744226,0.41867047965643817,0.4809948116361067,0.7579444428727129,0.33096835044059064,0.3820509037504517,0.7046303836167038,0.2857,0.4402282886080098
SWZ,2017,0.5242252545047665,0.40908854507751197,0.6490178554911115,0.7722282889603354,0.1999522062971073,0.38597993001479536,0.6654305851544591,0.353,0.439932205145686
SWZ,2018,0.5043365460803104,0.4127238265208845,0.6567324476022041,0.7858815127408314,0.3276491691607376,0.38473603544985224,0.6525477562920621,0.394,0.4577698398559491
SWZ,2019,0.5054328171572215,0.40477986839004326,0.701966763684478,0.7979101080851732,0.4644037688866802,0.39242968351438356,0.6617162310985742,0.439,0.4480179063824501
SWZ,2020,0.511160620254027,0.4124723399598396,0.7454937112530473,0.805529229688398,0.34507258169434846,0.3865088423011461,0.614366501061876,0.49013,0.47600402054255264
SWZ,2021,0.49814386422821366,0.4110276377896553,0.7860636787043864,0.8155433566337087,0.4368217247118994,0.39085273360201567,0.6402783244261154,0.539953,0.470630968994906
SWZ,2022,0.5095623046748063,0.4163025598197961,0.7777861750843824,0.7711402577738471,0.3023250080592701,0.38993718703241054,0.6622705417808803,0.57465,0.43879065232674597
SWZ,2023,0.4818582366070198,0.4159675904170253,0.8331997806670861,0.7217551975664076,0.32363971861675295,0.39360202726463533,0.6597275401465215,0.5761999999999999,0.4578444427678554
SWZ,2024,0.4770064407079464,0.41909669120711707,0.824796847381464,0.7253129138014849,0.38518664228738536,0.39640963410647523,0.6629775377799487,0.30069640000000003,0.4488552713127283
SXM,2004,0.5455500068403276,0.5629319624786856,0.9977139195282607,0.818618455204685,0.44810701527530805,0.46179539664110464,0.6042029457467288,0.5532784,0.5583776975291177
SXM,2005,0.5205875603179523,0.5938694819105284,0.9965691777763395,0.7570978621590279,0.4532373418824524,0.4898751893911298,0.4866758351543149,0.6057138,0.5374775962625511
SXM,2006,0.5205875603179523,0.5938694819105284,0.9965691777763395,0.7570978621590279,0.4532373418824524,0.4898751893911298,0.4866758351543149,0.6057138,0.5374775962625511
SXM,2007,0.5205875603179523,0.5938694819105284,0.9965691777763395,0.7570978621590279,0.4532373418824524,0.4898751893911298,0.4866758351543149,0.6057138,0.5374775962625511
SXM,2008,0.5205875603179523,0.5938694819105284,0.9965691777763395,0.7570978621590279,0.4532373418824524,0.4898751893911298,0.4866758351543149,0.6057138,0.5374775962625511
SXM,2009,0.20082716268277792,0.8524520766735865,0.9965691777763395,0.843025683305609,0.41920434131338064,0.7264566779403782,0.5013676284462183,0.45372959999999996,0.6791131776403597
SXM,2010,0.11460955828446737,0.7309100542720506,1.0,0.8556311391401403,0.8777912666959748,0.7297215703214343,0.4799593232173338,0.812394,0.5620580526181047
SXM,2011,0.024163027075124105,0.6266411470485311,1.0,0.9074683768427647,0.0,0.7342321795071899,0.18912051096916138,0.6771092000000001,0.8126901806393878
SXM,2012,0.02408636209802117,0.8189431004266654,1.0,0.9074683768427647,0.37319346506822365,0.7330690975245145,0.14033701363603823,0.6470202,0.8161628840606618
SXM,2013,0.014844764165556397,0.5851394594908677,1.0,0.9089169839022467,0.5853210926922252,0.7315496634843223,0.12484656125670024,0.6470202,0.824894888987739
SXM,2014,0.07732251037291615,0.6522327293307635,1.0,0.9085848448698395,0.512020165465379,0.7305512491267573,0.0,0.6805064,0.9095238198465969
SXM,2015,0.12889398641414662,0.846959047948723,1.0,0.9074683768427647,0.4114868878606794,0.7275760706804651,0.0,0.7059092,0.9119527730420773
SXM,2016,0.10842798251049121,0.7830646713297433,1.0,0.9089775891367651,0.47352541986223107,0.7259910877720582,0.0,0.7057692,0.9162445703753801
SXM,2017,0.12998808163850803,0.6053940547672545,1.0,0.9074683768427647,0.593008683264074,0.7118115533392771,0.0,0.7059092,0.9224490214017966
SXM,2018,0.12379486747652368,0.7033121739425845,1.0,0.9089169839022467,0.03637981881538316,0.6988594427255382,0.0,0.6470202,0.9242930135107739
SXM,2019,0.12379486747652368,0.5955363188104383,1.0,0.9109107808108794,0.6254795412105632,0.7115228722720525,0.0,0.7057692,0.9124554119216075
SXM,2020,0.11344864599021971,0.8149567410216993,1.0,0.9109107808108794,0.40069993349928956,0.6885563727671283,0.0,0.6470202,0.9254227266900314
SXM,2021,0.12294969814023297,0.8149567410216992,1.0,0.9082468152425779,0.412995698913212,0.6930741503724985,0.0,0.6470202,0.9351229751483072
SXM,2022,0.15054615214548042,0.7122318244287363,1.0,0.9074683768427647,0.35382369691263355,0.7099964935611446,0.49464408637945007,0.8100618,0.5118216342569069
SXM,2023,0.14744921775025377,0.7692604761251471,1.0,0.9085848448698395,0.45869818589070455,0.7133240237852861,0.6589883234889253,0.8384050000000002,0.5117373722398274
SXM,2024,0.2422068256184219,0.7785467576619606,1.0,0.8933562774777523,0.41836858996283355,0.7155881701992329,0.3216516906508508,0.6068346,0.7232721062676915
SYC,2004,0.34100535565839996,0.4395877475117615,0.9438431607379965,0.8062712555087403,0.5610602662280787,0.5402715339296161,0.4249798593108982,0.242721,0.5414278220492599
SYC,2005,0.33009260585514283,0.43586083286296234,0.9474342188142355,0.8964074803874196,0.8212813809829462,0.5521152375130362,0.47452727106645454,0.254133,0.5419326484804681
SYC,2006,0.314491041533377,0.41683426022656117,0.9885240125752848,0.9074683768427647,1.0,0.5621436841746704,0.4698532593033349,0.34952,0.5832327281582272
SYC,2007,0.30455533499809573,0.43959147231524703,0.9545829641422525,0.88922241781036,1.0,0.5737462169152231,0.463028027061426,0.38380000000000003,0.6089490621147675
SYC,2008,0.2984587538061355,0.47104674368153915,0.9593242954667272,0.9074683768427647,1.0,0.5664886142237985,0.4502683249804025,0.4044,0.599912811204395
SYC,2009,0.2776859748665826,0.40232340887853785,0.9628675462424807,0.88922241781036,1.0,0.5622746903565908,0.39987336230555104,0.40847999999999995,0.6180987379016387
SYC,2010,0.27725672487365477,0.4428781672032798,0.9652236803006815,0.9079264368319894,1.0,0.5646177945588396,0.38617595161587803,0.41000000000000003,0.6075243291119081
SYC,2011,0.27414131872156955,0.42657490366435463,0.9780970756754845,0.9074683768427647,1.0,0.5816192746882246,0.41190682938732404,0.43164,0.5805385703093302
SYC,2012,0.2592280981385972,0.41140573179927636,0.9804223329558175,0.9074683768427647,1.0,0.5846417484677578,0.38911763789862164,0.47076,0.5950857683703186
SYC,2013,0.31006852095001164,0.4165464236527799,0.9769326866615113,0.9079264368319894,0.5636838350633306,0.583769484804454,0.30498725149453243,0.504,0.645977365625988
SYC,2014,0.28417845897400873,0.4446107536074421,1.0,0.9074683768427647,0.7922258497247068,0.5872936069445337,0.28236748175983584,0.512547,0.6529938617914923
SYC,2015,0.26342144588045785,0.44460447526176156,1.0,0.9109107808108794,0.7651370104368067,0.5964512936112246,0.2330169387269443,0.542596,0.6850445453476421
SYC,2016,0.2523789915175754,0.44607525313178226,1.0,0.9109107808108794,0.5676006323931175,0.6111118414923992,0.21578033460486257,0.565147,0.7010445666187919
SYC,2017,0.26949269007842325,0.8753420789928785,1.0,0.9109107808108794,1.0,0.6190937790759973,0.14543718632295266,0.626,0.7111497900538493
SYC,2018,0.2653872587126809,0.7550132069310586,1.0,0.9109107808108794,1.0,0.6247069508849928,0.14685638348851882,0.6920000000000001,0.7196543331974965
SYC,2019,0.26932105776433124,0.7423569276253813,1.0,0.9089169839022467,1.0,0.6312093969912921,0.1626516017228492,0.766,0.7320746510316978
SYC,2020,0.25613938539117703,0.731199509955147,1.0,0.9074683768427647,0.6608499486165609,0.611843229660947,0.23527892135345518,0.848223,0.7115745316080941
SYC,2021,0.29219680190859765,0.6225729684479624,1.0,0.9109107808108794,0.7739466439679041,0.611473930144863,0.14464259147747804,0.873383,0.7425456899143961
SYC,2022,0.291568733640706,0.8281241864912327,1.0,0.9074683768427647,0.896101537265444,0.6014439066438692,0.15344167359376804,0.870353,0.7017818879099358
SYC,2023,0.29575522318131714,0.6689890677138213,1.0,0.9097560275365781,0.9972035228580329,0.6048139612986955,0.1972275698580408,0.8740089999999999,0.6860495542023624
SYC,2024,0.2926368300903402,0.5098558281865648,1.0,0.9288017238947676,0.9630754604006797,0.6078558016772949,0.16547563325661163,0.7426328000000001,0.6654873400293146
SYR,2004,0.7493835935747784,0.28887133324055486,0.908540679727162,0.6130550250749933,0.35536051615776953,0.24527649957539677,0.5918291002621112,0.043215899999999995,0.3813171920278884
SYR,2005,0.7265464671895573,0.33813058877706,0.9048262571272572,0.6284395009639696,0.3967756927550774,0.2502960199074865,0.6103541568358519,0.0564811,0.39907302011395673
SYR,2006,0.739234409680527,0.33718918730694974,0.994276279962726,0.6360086122273505,0.41108836033230434,0.25122722150895627,0.6664347707864422,0.0783255,0.30498707932180924
SYR,2007,0.7170157209795142,0.34264010224896807,0.8986088446557234,0.6482272894490877,0.48376316368702055,0.2503019864457482,0.6533306090332196,0.115,0.361635998825097
SYR,2008,0.7086852707264288,0.3744580346420648,0.896112464416194,0.6570023976562549,0.46550137928615454,0.25152023134934887,0.655713909002799,0.14,0.3716423020339725
SYR,2009,0.7530365048318797,0.3985044719369923,0.8936106690309069,0.6444065512592019,0.5930581882428017,0.25758792211411674,0.5455574951511073,0.17300000000000001,0.4237193491658684
SYR,2010,0.7167844242529071,0.4221797910851957,0.9134747074464808,0.6679565061143804,0.43976878616441706,0.2616319693405441,0.5983223414348389,0.207,0.42768251607235364
SYR,2011,0.7304759517181981,0.4101969672296825,0.8986088446557234,0.687231244387462,0.3615085377718869,0.26317767597166675,0.6486511994750503,0.225,0.3452732665109397
SYR,2012,0.7593387265914778,0.40321799958895166,0.8885907384926099,0.7014399325226486,0.6664851961961709,0.2195880519900003,0.5039067888794175,0.24300100000000002,0.4514992118259471
SYR,2013,0.7751284429507761,0.3822590813832529,0.8848113995988252,0.70984378534602,0.6181865719202356,0.1824694627430432,0.4667383906213056,0.262,0.45459317509193564
SYR,2014,0.790644904366741,0.33419650196986755,0.8822849424650299,0.7134111152093792,0.6023017084141019,0.176328884524953,0.3832814602842556,0.2809,0.48687493986054875
SYR,2015,0.8390487104161042,0.5183038938221942,0.8797529387688607,0.7125245803670786,0.5115505250061847,0.17634115748774815,0.2739364786577059,0.299798,0.4491076912821943
SYR,2016,0.8461817457449022,0.5183038938221942,0.8772153641029732,0.717222227988684,0.5115505250061847,0.16847607010665577,0.2961771970119109,0.318696,0.41824971585293813
SYR,2017,0.8864442601722057,0.2959027350262109,0.8746721938985642,0.7149204662147737,0.6647560511942584,0.16719092927576962,0.32372172834606716,0.327,0.27647117825110756
SYR,2018,0.8769469782475655,0.4135953778624474,0.8279092795535883,0.7193422875749254,0.5740609984047477,0.16655755802615035,0.35813555915422923,0.33770000000000006,0.28339860876690937
SYR,2019,0.887047342460975,0.3440472287468793,0.8695689677830778,0.7243099099890151,0.6583155726137011,0.1626833904392797,0.28672821922970093,0.3465,0.3006289040463157
SYR,2020,0.8442470018051662,0.26504946497724646,0.8670088619141669,0.7047160502928405,0.6972241740630676,0.15679547639561986,0.4209869166550866,0.31837920000000003,0.33386044092658596
SYR,2021,0.8835219472684219,0.2379767603323148,0.8644430605881279,0.7004398552891584,0.7050241994062153,0.1555224277179864,0.3625794904684083,0.24792140000000001,0.2565225898631289
SYR,2022,0.899939630934325,0.3269191879843118,0.8670088619141669,0.706498613412768,0.3874039573477263,0.15110053630928988,0.15430120883207965,0.3297344,0.3321570515625427
SYR,2023,0.5345189245190094,0.5430091284231384,0.8592942698030734,0.711782404777042,0.6596043907268566,0.4358396446373473,0.4880934429231575,0.43728480000000003,0.4791674768552433
SYR,2024,0.4263218822491611,0.5878300092534106,0.9460432640207392,0.716311449479957,0.5497785932632484,0.4730054771684734,0.6014232204442174,0.5664666,0.4978023892639789
TCA,2004,0.19415413538796014,0.668900846193347,0.9498220607031751,0.8906079484320708,0.5593127430380778,0.6245606886499167,0.30998554683539714,0.6662724000000001,0.7714734224881146
TCA,2005,0.1796112866183692,0.6972541746659626,0.9533945794720617,0.9103484680867954,0.47036354695987326,0.6443091960624947,0.35041712023787097,0.6737492,0.7591523964089153
TCA,2006,0.15925711651143984,0.7483413572434154,0.9557701255650102,0.8930677319565152,0.3359930931502361,0.6712371670472432,0.4008567813028643,0.5832532,0.7390340736833303
TCA,2007,0.1501407193125179,0.8771429384008848,0.9605065889791575,0.8698121528755276,0.3809182413424712,0.7261363695031592,0.3949014512113791,0.48200000000000004,0.7791385485500721
TCA,2008,0.10465352705555517,0.8187794055232898,0.9640462149402405,0.8698121528755276,0.3582171260243709,0.7314164853798034,0.38445173616609685,0.48200000000000004,0.8091442846429908
TCA,2009,0.12391923512567676,0.6612872479591766,1.0,0.8851266684154734,1.0,0.6938213190618882,0.2950921644259137,0.7255428,0.8475765444491867
TCA,2010,0.11101919965365355,0.6232383287653178,1.0,0.9043155699246824,0.9018927045736318,0.6895143538143141,0.15179259544170565,0.7254926000000002,0.8746404510906305
TCA,2011,0.10212112544853144,0.6207456633310089,1.0,0.8970384584745172,0.9483698157777841,0.690765827119174,0.0,0.7607408,0.8255002811292553
TCA,2012,0.09647973211192795,0.743321160127912,0.9183877168796499,0.9202486211080846,0.32333035244239167,0.6809362492359156,0.0,0.7729566,0.8134161024657667
TCA,2013,0.09892211348868411,0.6207456633310089,1.0,0.8902732722421881,0.8374051943685024,0.6757464118166087,0.0,0.7405160000000001,0.8119786995268132
TCA,2014,0.09609280216161271,0.702695920423299,1.0,0.9074683768427647,0.0,0.6819666504624012,0.0,0.6805064,0.7948936100022981
TCA,2015,0.07951959971107991,0.702695920423299,1.0,0.9074683768427647,0.0,0.6912251600865608,0.0,0.6805064,0.7848149658352308
TCA,2016,0.07195585622410623,0.8164366190244412,1.0,0.9089169839022467,0.373838114637047,0.6947592565449959,0.0,0.6805064,0.8038969082385381
TCA,2017,0.07356794645765868,0.8680678265990661,1.0,0.9089169839022467,0.40390653020617484,0.7697183316171542,0.022423479271704405,0.6470202,0.7948679446388054
TCA,2018,0.06759429483114698,0.6562695933639151,1.0,0.9079264368319894,0.49311017650139827,0.7733374599635346,0.027063507449067492,0.6470202,0.7900674078230274
TCA,2019,0.05920061700905401,0.8680678265990661,1.0,0.9109107808108794,0.4119265382325322,0.7748872988924805,0.0032742693201943673,0.6805064,0.8186744572649096
TCA,2020,0.08381180246918034,0.6003180896292607,0.9931281193697661,0.8921307733514345,0.49957845648960286,0.7109280042977596,0.11967308834554324,0.45372959999999996,0.7864710835218807
TCA,2021,0.06973978969294752,0.859160638058956,1.0,0.9089169839022467,0.4350291774218221,0.7458217439326956,0.061396965518229596,0.6470202,0.7697583020427938
TCA,2022,0.08306622494761229,0.8069252444186741,0.9988575261865398,0.9074683768427647,0.44284943501733687,0.7630273948141632,0.07250006618816696,0.6216514,0.7503934215996226
TCA,2023,0.07178946406406964,0.8763236013377067,1.0,0.9109107808108794,0.4137296249545973,0.7805974330607682,0.0459470601156744,0.6470202,0.7643127922995214
TCA,2024,0.06913100642323844,0.7213290366005358,1.0,0.926014728905443,0.44808232462337766,0.7875024350045602,0.038948750927657594,0.5195292,0.7528087029902593
TCD,2004,0.8143663954464422,0.03808004955045596,0.0,0.0,0.9708797986413056,0.17596208077857478,0.7209091942393933,0.0036092000000000003,0.0
TCD,2005,0.8105212511728389,0.0,0.0,0.007655227200654036,0.20932989451160172,0.19329401817371739,0.7316618647516988,0.00399258,0.0
TCD,2006,0.8319801181802366,0.0,0.0,0.013288973612605837,0.09741137543808334,0.18728795118100194,0.7254169551236767,0.00581046,0.0
TCD,2007,0.8110673312811566,0.0,0.0,0.02114191286051703,0.09136138935180013,0.18825890156874603,0.7445137840165552,0.00847225,0.0
TCD,2008,0.8087473321495469,0.0,0.0,0.02783478419537211,0.5106501428059864,0.1875852950327016,0.7586426351801654,0.011899999999999999,0.0
TCD,2009,0.839231881464246,0.02873843103537921,0.0,0.04157336883881246,0.48209809606692855,0.18034801335289907,0.6653090270394888,0.015,0.0
TCD,2010,0.8398890150200352,0.04244124325934201,0.0,0.04143714412329835,0.4289150472254045,0.19391376107832237,0.7060174469995548,0.017,0.0
TCD,2011,0.7931667136819864,0.058948108082300055,0.0,0.05058586896575412,0.393973508570137,0.19517116547065305,0.745115244598197,0.019,0.0
TCD,2012,0.792556718756516,0.08166612249591254,0.0,0.05574052810042307,0.4949100229929288,0.20265654347755768,0.7722083985489343,0.021,0.0
TCD,2013,0.8289331941971988,0.09859674319349543,0.0,0.06965577864472405,0.47351944930681766,0.20153875182510872,0.7130234893984513,0.025,0.0
TCD,2014,0.824934153876523,0.15595940389284751,0.0,0.07626981798588384,0.041717737504905095,0.1993226913535956,0.6953183999957655,0.028999999999999998,0.0
TCD,2015,0.8424515932553145,0.16500083539449384,0.0,0.08369809359950331,0.5341743410024471,0.19942040964797714,0.6513246796940757,0.035,0.0
TCD,2016,0.8790931414977956,0.2506135072451236,0.0,0.09554679732506122,0.4062648119562981,0.18876424553831617,0.5095949771911228,0.057999999999999996,0.07306905790396367
TCD,2017,0.8734662472869682,0.23846605090728074,0.0,0.10525349158420805,0.4611779960914987,0.18160544849393012,0.5304218157335212,0.064,0.04902759394431433
TCD,2018,0.8685048519011854,0.21859243022756203,0.0,0.11222516140603256,0.4797188313947551,0.18482847020382553,0.5750613424511077,0.07,0.003954625645175902
TCD,2019,0.8683332679363602,0.2007600634848603,0.0,0.11820203587780687,0.5314238958118825,0.18776190272013304,0.5708954587600661,0.076,0.011991960034978266
TCD,2020,0.8867410952096428,0.19241024488219027,0.0,0.07946328898857735,0.5270712826547709,0.18257611894726045,0.48127695045545704,0.0834311,0.04016439916649839
TCD,2021,0.8674153404268509,0.22038294337685588,0.0,0.07232820588752276,0.5559976644479674,0.17800700358104393,0.5683672368803112,0.13128299999999998,0.0019871857238387136
TCD,2022,0.8532702070211939,0.16669494070383026,0.0,0.0670005801210829,0.5081571321500817,0.1788624824891667,0.6388580611899233,0.124865,0.0
TCD,2023,0.8531917971432288,0.19942930347319246,0.0,0.07655470303198486,0.608113945796718,0.17788942021075704,0.6034607280659094,0.131832,0.0
TCD,2024,0.8690017002951351,0.1930393099902708,0.0,0.08036953617670006,0.6239383379080903,0.1766786732751231,0.5696190743587526,0.0263664,0.0
TEA,2004,0.6253866899195135,0.7771484673448257,0.9204223291737996,0.3735236897190015,0.4839905196162161,0.35318216608563746,0.7804433290884334,0.08879999999999999,0.2961139464945335
TEA,2005,0.6050396623585187,0.7645729956733409,0.915262976158755,0.3836047785562293,0.552300300063004,0.36590868220700046,0.7910702454695357,0.084,0.29623415466075853
TEA,2006,0.5904436419197197,0.7595614928783698,0.9298700873662114,0.3998514419465504,0.5471680527523559,0.3799861265083141,0.796206317754379,0.10300000000000001,0.30081871865814547
TEA,2007,0.5868220287857266,0.7550047997113631,0.9299906730232719,0.405423571506923,0.547465200326511,0.39586361813850235,0.7900819865696747,0.145,0.31562438050606145
TEA,2008,0.588557630231976,0.7474950610026083,0.9374955174327475,0.41703293719046863,0.511491696997886,0.406762550939617,0.7922791873395159,0.195,0.309156699235444
TEA,2009,0.579478918409007,0.7747217134481417,0.9451354622210539,0.4308064001800491,0.4384438263736329,0.41685303322651424,0.7815951881737946,0.24,0.33722460571016244
TEA,2010,0.5729300673980672,0.7753601855956533,0.9521883281880816,0.43907267064789934,0.5268469182057615,0.4294680282928366,0.7812223543551047,0.29300000000000004,0.3352076170046092
TEA,2011,0.5706931238771724,0.7729950096196763,0.9581631592554594,0.45337524491056325,0.5087613395783012,0.44027928561515217,0.783375367005168,0.327,0.33508447587763124
TEA,2012,0.566200283572132,0.7846402724838606,0.9603481240688518,0.4593293484998924,0.46596598475021855,0.44960608731075336,0.7736643306864608,0.36100000000000004,0.3559879703329205
TEA,2013,0.5601882582337424,0.7956235684236588,0.9635550053180113,0.488586228359726,0.4796310435724752,0.45860353484461613,0.7609507719318644,0.387,0.3817113336675697
TEA,2014,0.5518645569874359,0.805879848196031,0.9653736303034837,0.5133981170488635,0.4491525899409593,0.46726752128591376,0.7503736273214083,0.41100000000000003,0.40485306125643783
TEA,2015,0.543712855952603,0.8250072649317917,0.9691600046410853,0.534611309857866,0.43117927128417166,0.47551214931723174,0.7257961976201477,0.441,0.44581667925076074
TEA,2016,0.5367793759648275,0.8291684886782538,0.9699524909193666,0.5441975101826246,0.3876564892431718,0.48357547239446996,0.7116808365496534,0.502,0.4686048110594774
TEA,2017,0.5231172999181424,0.8279853135984623,0.9782389270463332,0.5506139121551903,0.3873622130182044,0.4918374915186684,0.7156573757490006,0.546,0.4719911539534767
TEA,2018,0.5103939046580157,0.8333627989918868,0.9775293471042588,0.5585039023821863,0.40394102589932823,0.5000914513305804,0.7149106991991498,0.598,0.48102784313395475
TEA,2019,0.5118337818945619,0.8419360801807894,0.9800133126649859,0.5673955528049253,0.3811382573080035,0.5075910991415206,0.7005612147980833,0.643,0.4980484296421208
TEA,2020,0.5270901356006222,0.8649157099162701,0.9787040856633631,0.5745834618404819,0.39490345489318923,0.5088725279978882,0.6895697812948924,0.7270000000000001,0.5031103853099728
TEA,2021,0.514964030229851,0.8607067323153983,0.9830435234290329,0.579007184019595,0.41833065805745917,0.5192097566012631,0.7058173094145059,0.783,0.49079665931299843
TEA,2022,0.5149658487215207,0.868226883368985,0.9835394968608862,0.5742983799885857,0.36824155319624485,0.5239317648321326,0.7058137902497232,0.823,0.4899043239211389
TEA,2023,0.5090528823969503,0.8775173482480132,0.9856075126343988,0.5853320412026317,0.3227060177387774,0.531098972264835,0.6905844812182369,0.85,0.5117501866930314
TEA,2024,0.5066364598777355,0.882770629349807,0.9897689620668928,0.590641063134056,0.3167658102369903,0.5378861076257441,0.6858722655701739,0.868,0.5185548995432305
TEC,2004,0.4956585945029476,0.5851942193394292,0.9825880559280886,0.6630080132922096,0.5219539228732697,0.4469303550088196,0.5782761181442166,0.404,0.45321205214276183
TEC,2005,0.47321973259968847,0.4849829476902466,0.9835341720993362,0.6688305445237712,0.5004178164189442,0.45619468219497217,0.5899400917711608,0.146,0.43983606061906366
TEC,2006,0.44881429477961243,0.5202077435594142,0.9840023771389079,0.676100311817796,0.6171592274276861,0.46706131625504355,0.5951601745413113,0.177,0.44407682817606453
TEC,2007,0.43462467186883685,0.5261477097664925,0.9853444156590365,0.6835188725579351,0.6405178626163565,0.4777389211247879,0.5955668501738414,0.23,0.4565552428198427
TEC,2008,0.43035710087664764,0.5664185419013417,0.986367813782266,0.6861893719875201,0.5924021773028642,0.4837604846341589,0.5972812349631247,0.282,0.45442043660871034
TEC,2009,0.4441660714155974,0.577884124837807,0.9876878147652954,0.6993509579792221,0.5100713806045621,0.47625406859408603,0.5772417659115796,0.34700000000000003,0.4912292765017314
TEC,2010,0.4436107201088627,0.5804969493998617,0.99230883932122,0.7000401259475426,0.47701319490782385,0.4823702263525834,0.584169001213664,0.4,0.4721728645593255
TEC,2011,0.4339106652297112,0.58107279425915,0.9922883717259552,0.7013434585176523,0.49026328754641774,0.4900165665698374,0.5915417863196732,0.454,0.4629126978162037
TEC,2012,0.4211512014611915,0.5881554752373146,0.996049971507234,0.7049489204585573,0.44720324480223916,0.49426453235073076,0.5832927325980812,0.507,0.4803463925874558
TEC,2013,0.4200406034747673,0.6035413041551945,0.9965449347540511,0.7092724333259044,0.44423208929399716,0.49833911545281484,0.5717307072043596,0.535,0.49665470164384606
TEC,2014,0.4289262333692481,0.6192414810035243,0.9971598956297143,0.7132607633776775,0.4115690823200847,0.5008560004546115,0.5744029861037143,0.5770000000000001,0.49182520161594834
TEC,2015,0.44841627779036275,0.6177029854414526,0.980792691834103,0.7204709124730897,0.41642531830514706,0.5021963955276855,0.5804940422471898,0.594,0.4956166074831416
TEC,2016,0.44478816282749994,0.614393063361381,0.9960812191736315,0.7247937627683201,0.4935450972760451,0.5041547283004467,0.5761024581080365,0.633,0.5011099406561166
TEC,2017,0.4279512843774826,0.6082071052540872,0.9991801805944878,0.7294166075190738,0.4275550369237377,0.509698275448356,0.5850825297195639,0.67,0.5029880934901962
TEC,2018,0.41391040393696893,0.599874039168723,0.999332121491185,0.7328161444921473,0.3981893046634479,0.5145050784671003,0.5993410654394056,0.718,0.49026956836307534
TEC,2019,0.4191447662561112,0.5972712157405542,0.9989366156661239,0.7369299267100056,0.4400730172502841,0.5179104152560786,0.5873302412230996,0.752,0.5060593571938483
TEC,2020,0.4347722582754756,0.6187437124871795,0.9994525171394795,0.7366879002284006,0.3901377825107831,0.5154933579811557,0.5670991127232055,0.7859999999999999,0.5198609531495268
TEC,2021,0.42142948679152026,0.6026946313815087,0.9997303331344982,0.7381719709663712,0.475011313115964,0.5260308815781677,0.5930278187317843,0.826,0.49542993355697407
TEC,2022,0.4176717496757848,0.6103664984103092,0.999947959354035,0.7417641717253702,0.35258906934475925,0.5295160441791346,0.604440759118583,0.8520000000000001,0.5027397866940948
TEC,2023,0.4048260628546823,0.5928267997391956,1.0,0.7490749510845238,0.38075320166426296,0.5357044344445933,0.5746982309340958,0.873,0.5298213495543234
TEC,2024,0.39216846248728204,0.5867172985059722,0.9981763551164023,0.7530907156430868,0.3527980555392222,0.540767512467124,0.5557999188656264,0.8890000000000001,0.5512336828985083
TGO,2004,0.6643721527759283,0.24387731588819533,0.0,0.46064227719614026,0.447084474276363,0.14401396118738063,0.5585668606703844,0.015,0.41903276093343234
TGO,2005,0.6908495463983584,0.2606907374571526,0.0,0.44804643675803923,0.47793959779152406,0.13336714637335412,0.4918061107822016,0.018000000000000002,0.4504827711151367
TGO,2006,0.6859658737624224,0.28149886970806853,0.0,0.45359988964218756,0.46313078564963184,0.13309812751128425,0.5039520230312136,0.02,0.4356180380904364
TGO,2007,0.6855522127696277,0.3572166830494086,0.0,0.46120078225672234,0.3920384089877595,0.1271630257634795,0.5272942359333483,0.022000000000000002,0.41096045332676345
TGO,2008,0.7308585805017423,0.32128496301036474,0.0,0.48246801425338504,0.356354901425749,0.12873074893442016,0.48045525240743947,0.024,0.40488022927834866
TGO,2009,0.738080093470545,0.3296041951598611,0.0,0.4969270285232761,0.3478404093697532,0.13232001634289892,0.41115542882004275,0.026000000000000002,0.4340856426417474
TGO,2010,0.7351758318153412,0.3512457101109053,0.0,0.5271126182641641,0.45550157781912326,0.13662214965914432,0.4035247591394162,0.03,0.43615967423540125
TGO,2011,0.7217032184681186,0.4033252964441408,0.0,0.5554949318134685,1.0,0.140920183250834,0.4361008272744469,0.035,0.4400922595528054
TGO,2012,0.7340732274266804,0.4215959317759293,0.0,0.562375416762591,0.4300978958507161,0.1459684317503599,0.39589154896530765,0.04,0.4619553400556051
TGO,2013,0.7132653486100317,0.46886681663695157,0.0,0.5697912379163856,0.48244539299230793,0.15045182772332943,0.4456097011093476,0.045,0.4491520383831933
TGO,2014,0.7156133357387316,0.4543437323671589,0.11035065589143755,0.5742260229087814,0.3390100926380171,0.1547220654628103,0.48015833373325245,0.057,0.39807420883775135
TGO,2015,0.7106739374129355,0.48366355544873446,0.0853858885315324,0.5807550195798834,0.5755955329218352,0.15878569963731837,0.4598890411652441,0.0712,0.4107236447836282
TGO,2016,0.7275742474069056,0.4927047759551802,0.13720181453481395,0.5842493575667613,0.23438091312064618,0.161126247044733,0.41625079714480817,0.1131,0.43145737277252927
TGO,2017,0.726797826865777,0.4870896334223583,0.16579816923338875,0.589217023834057,0.3742509736979947,0.16320037710312563,0.40505150117207345,0.123602,0.43483686718464876
TGO,2018,0.7192277060353386,0.4732568472820294,0.2119374106036549,0.545806441820317,0.11646818463266956,0.16640719739171095,0.4196039209986546,0.155,0.43458826025948305
TGO,2019,0.7176649743119855,0.4715938570974571,0.26713106248675533,0.5082702653291755,0.6057570200177935,0.1698316106199288,0.37956610414443315,0.207273,0.44671167022555913
TGO,2020,0.7136554053394901,0.4660395772824501,0.30111738081940853,0.49912204934468996,0.23254963386347768,0.1694354712100633,0.3973132494051681,0.290237,0.4513454535298793
TGO,2021,0.7294150343410651,0.4605235420785148,0.3341307895821002,0.5067117319704222,0.18023267651234065,0.17323906700609426,0.39603866916267094,0.303384,0.42025485956542186
TGO,2022,0.7367050887454987,0.4634633515342314,0.36424548271673185,0.5258297275381216,0.1535818774757459,0.17867845769638224,0.42405879086014653,0.355105,0.40340466104552597
TGO,2023,0.7376176509092891,0.45911042805569785,0.40321294671753716,0.5385141194178935,0.3368849603369825,0.18400635670114063,0.4153458895940023,0.370223,0.4035804076068761
TGO,2024,0.7378716963522982,0.45325192468432857,0.24299581966707323,0.5465481388335194,0.33519590081944667,0.18993143916499988,0.4057121784109654,0.256365,0.410540431334494
THA,2004,0.5531690774623045,0.6351659555962798,0.9073038675760579,0.4834569064362224,0.504606949159887,0.40963068934697244,0.7056773217149719,0.106773,0.4730955324019632
THA,2005,0.550916618736764,0.6680419028102179,0.9147049232648587,0.48672318052989416,0.5664399488048962,0.41433607704589137,0.7134140518769687,0.15026,0.4646689936107342
THA,2006,0.5557245513472506,0.7212156508597254,0.989676763516206,0.49021492234360453,0.545723107782663,0.4201677751162832,0.7215192315168091,0.17160699999999998,0.4503485366832538
THA,2007,0.5544763454549965,0.7681605700821035,0.930579450073937,0.49408058608013805,0.49771464854613406,0.4266878129138002,0.7250718301565402,0.2003,0.4464268711410697
THA,2008,0.5706183815149202,0.7668985011712712,0.9390376237006297,0.5000732412461657,0.47524130902640305,0.4280561390220622,0.7256717110442092,0.182,0.4331310435032649
THA,2009,0.564391568253558,0.7735666645129209,0.9885240125752848,0.5055193800439763,0.43213598591486974,0.42597850798677717,0.7147288957708264,0.201,0.4529491115395601
THA,2010,0.5801122336959924,0.7869454127905813,0.9965691777763395,0.5119288068467398,0.565374086801876,0.43551932442689145,0.731136345476882,0.22399999999999998,0.41754020465145736
THA,2011,0.6012798045536418,0.8139129263650409,0.9919788146205688,0.48918494330297735,0.3274348360011843,0.43583109065379133,0.7066991130813718,0.236699,0.43276456805981267
THA,2012,0.599613386666997,0.8231805387394813,0.989676763516206,0.4662265259701761,0.4951762185954932,0.4450803501535049,0.6984012932987345,0.2646,0.4452525465317194
THA,2013,0.5961194211210857,0.8329796557037792,0.9931281193697661,0.4875324372638481,0.5307552875962459,0.44807693373155477,0.6925273798803919,0.28940000000000005,0.4559072766875185
THA,2014,0.570973189083148,0.8379295625839112,0.994276279962726,0.5377221690752454,0.3635127713887438,0.4487293516346239,0.6907248869176108,0.348861,0.4787354135370476
THA,2015,0.5432723056595865,0.84368068772417,0.995423298675246,0.5511707275476119,0.42880281580090424,0.4525391026720601,0.6828861047199877,0.393161,0.5078919313896635
THA,2016,0.5335449136629861,0.8389362818408685,0.9988575261865398,0.565730843981735,0.3389068681648905,0.4567860879358133,0.6748057096153162,0.47505000000000003,0.5234840915577648
THA,2017,0.5317351292930224,0.8365120463563147,0.9988575261865398,0.5725617596568755,0.4021733215989196,0.4621123381745328,0.6669343928759004,0.528919,0.5334450040124921
THA,2018,0.5264915175690229,0.8356615945824537,0.9977139195282607,0.5645257124905827,0.4605690479326803,0.4676757791071898,0.6630609154545601,0.568175,0.5408603832276109
THA,2019,0.5245857399712877,0.8345470344241415,0.9988575261865398,0.5732074936439839,0.35022972069508207,0.4704158516300406,0.6466295078944178,0.666524,0.5594293382500597
THA,2020,0.5391337999886586,0.8591412730610444,1.0,0.5781968378314901,0.22818329142711694,0.4611163833689854,0.6422011044782383,0.778437,0.5553425628293525
THA,2021,0.5388894164578029,0.864617005553511,1.0,0.5759159600952413,0.48187968221395683,0.46317803868816354,0.6671152643800551,0.852696,0.5287957916733221
THA,2022,0.5395413812283717,0.8539924655323985,0.9988575261865398,0.5950509686676702,0.4396784728562823,0.46685946184808313,0.6683708939272643,0.879772,0.5269791640604717
THA,2023,0.5356663086800435,0.850677127547794,1.0,0.6014221200453882,0.41429971099482094,0.4698254081379246,0.6376278842358465,0.8953530000000001,0.5621219251072129
THA,2024,0.539337060237843,0.8415926112811569,0.9938113062555086,0.61246570456998,0.4608013799073249,0.4735381707692986,0.6249684519236463,0.908672,0.5724991225387024
TJK,2004,0.7142437208604734,0.5607005061396999,0.9827429116469135,0.2520598067805573,1.0,0.12403825304274152,0.6061018133040108,0.0007747990000000001,0.21605811707659273
TJK,2005,0.7364026678970492,0.40216139080024843,0.9919788146205688,0.2741491450456137,0.4373495290354753,0.13060100184708823,0.5467879401216,0.0029869000000000002,0.24439009330289396
TJK,2006,0.7391735602005018,0.5607005061396999,0.9839014523976495,0.2917123579565808,1.0,0.13765284813112588,0.5467451873748594,0.037724099999999997,0.24942341637908383
TJK,2007,0.7167348643786627,0.5210051855695498,0.9839014523976495,0.31084755225657323,0.9138478679785935,0.1457543651838642,0.5298687151665331,0.0719762,0.2910780263459163
TJK,2008,0.7217296434278773,0.46549558623431936,0.9839014523976495,0.33109807560983695,0.8976010963346019,0.15390481572496495,0.4943281029872151,0.08779999999999999,0.31239085140791367
TJK,2009,0.7062054203657906,0.4308396263927758,0.9885240125752848,0.3499237005022131,0.47883708180038936,0.15648233290784208,0.49336841501069406,0.10070000000000001,0.37196814869533057
TJK,2010,0.7185014082564504,0.32952002720975887,0.9862150483999299,0.36258223257055944,0.3923759935237262,0.16251143121573874,0.5025107588265207,0.1155,0.3351184330397112
TJK,2011,0.7632417944610689,0.35552985974280454,0.9873701083065667,0.3787390332810876,0.42957392174602665,0.16962682435987542,0.45143571281360373,0.1303,0.2821186460508689
TJK,2012,0.7583070377278363,0.33647049921835753,0.989676763516206,0.39250784441116693,0.49012672154913706,0.1766465491682807,0.44221775924762974,0.1451,0.3041557901615497
TJK,2013,0.7377869223558119,0.38627204151597944,0.9885240125752848,0.407927998502847,0.5021295616527528,0.1833770355212121,0.4651046183352787,0.16,0.3149492649814749
TJK,2014,0.7626484140969647,0.42059988252903385,0.989676763516206,0.4218417404061672,0.517265171621051,0.18914136590618047,0.45434237765374585,0.1749,0.2545746606033159
TJK,2015,0.7406506684185191,0.4186083456303393,0.9769326866615113,0.43428888772924434,0.6412382246485304,0.19390819853809915,0.5950088935127296,0.1898,0.21268763640148958
TJK,2016,0.7327788233362011,0.39254742797126135,0.9919788146205688,0.44934870103450875,0.5088976297161949,0.19991005528444272,0.6261419862977877,0.2047,0.16671439296451318
TJK,2017,0.7264366334423145,0.31175417560916124,0.9919788146205688,0.46354865121651745,0.444489687873753,0.2062975774385155,0.6205598098289169,0.21960000000000002,0.2059686554361413
TJK,2018,0.7206379377358473,0.29391109047780656,0.9919788146205688,0.47703005842627944,0.4691290930008185,0.21342945316821138,0.6581939215399759,0.45372960000000007,0.1570215441878
TJK,2019,0.732888949931524,0.2875896903135888,0.9931281193697661,0.48294719124329344,0.45086716356492074,0.22035493634223202,0.6388365554179349,0.45372959999999996,0.1648730267826526
TJK,2020,0.751986190894101,0.3120325822264763,0.994276279962726,0.45869751865466135,0.369259264946741,0.2232997728610796,0.649567552682393,0.275441,0.12101979941122698
TJK,2021,0.7495444856688365,0.264369406647684,0.995423298675246,0.4542062439828989,0.34521249633338585,0.23312878198545073,0.6691491557509319,0.498409,0.0736313705992826
TJK,2022,0.7544337586513429,0.265804890545092,1.0,0.4605419628679597,0.38973140490609787,0.24119178254881735,0.6624988952439204,0.5310779999999999,0.09249201441547727
TJK,2023,0.7536754922418604,0.2987200476899679,1.0,0.46760697181067057,0.35874137662665734,0.2498303585181577,0.6472814467943608,0.56791,0.10754269253165427
TJK,2024,0.7078816143081055,0.3521464581000514,0.3463884155378908,0.47498956469108355,0.4174887562846353,0.2587494059560723,0.5051921110288149,0.20942980000000003,0.41647234400307037
TKM,2004,0.7037963060518565,0.54636738033604,0.994276279962726,0.4663592898644051,0.6206326129870721,0.3251174558390181,0.7052833757957346,0.00754054,0.19049750566453305
TKM,2005,0.705961306483434,0.704255201383549,0.994276279962726,0.4807112483090732,0.6198632086925413,0.34016534869535653,0.6947182005836641,0.00997257,0.2925008022826958
TKM,2006,0.6890911802520906,0.5923734400747591,0.9977139195282607,0.4928197270130572,0.746882227219309,0.35257503399874046,0.6775947731269099,0.0131957,0.3451118829547499
TKM,2007,0.7098701019309225,0.570491383786333,0.995423298675246,0.5031806164067185,0.7239095278759635,0.36508884946091535,0.7031795754351045,0.0140636,0.2792112741049855
TKM,2008,0.584204988254629,0.4081612763113783,0.995423298675246,0.5073265668222766,0.7152622440368013,0.3822237560199607,0.9364479649326332,0.0175,0.0
TKM,2009,0.5799709978542494,0.588952432048741,0.9965691777763395,0.5165720522573061,1.0,0.3879518377604162,0.9394182028204447,0.0195,0.0
TKM,2010,0.5964738112888331,0.588952432048741,1.0,0.5267766469172623,1.0,0.39775304055358174,0.9247500969844089,0.03,0.0
TKM,2011,0.543553054328014,0.5449385830650336,0.9977139195282607,0.5351523020134303,1.0,0.4145845502230191,0.9781815857312788,0.05,0.0
TKM,2012,0.5341326308171523,0.461257924288776,0.9988575261865398,0.5439847826007287,0.8632301935147946,0.4267003781861106,0.9834990547652165,0.07195800000000001,0.0
TKM,2013,0.5334522448046992,0.461257924288776,0.9988575261865398,0.5536144705398756,0.7591026955389808,0.4375647821915848,0.9594695330724692,0.096,0.0
TKM,2014,0.5289053741005225,0.461257924288776,1.0,0.562803715959685,0.8567222950855795,0.4485083770873094,0.9374590008521126,0.122,0.010759514000095116
TKM,2015,0.55352629781369,0.5168341596005769,1.0,0.5725542239052874,0.8371969158734822,0.45433031155042414,0.8825549159218866,0.14996800000000002,0.1488148915244909
TKM,2016,0.580221119366588,0.5341392818986175,1.0,0.580261060411499,0.6876329700964747,0.4597306561317277,0.8558295942290184,0.179903,0.18707453164025356
TKM,2017,0.5921307081195708,0.5605699722904715,1.0,0.588579634088072,0.6419589879246468,0.4655538238966973,0.8118552964436136,0.21251,0.26985201817418947
TKM,2018,0.5906257738350684,0.7631076092840707,1.0,0.595898001544164,0.5405119439075285,0.47101024908584466,0.7889605112739517,0.7598404000000001,0.31477382370183804
TKM,2019,0.5860229330684538,0.7713192334442163,0.9988575261865398,0.6028717633607519,0.5796191123985629,0.47667646357546223,0.7608581272421153,0.7058032000000001,0.367120066800914
TKM,2020,0.5993835287871346,0.6093421401495916,1.0,0.5981300857564147,0.5091965638673446,0.4819158050630358,0.6989126303189381,0.7598404,0.4447917725579047
TKM,2021,0.6053386214466084,0.6177683688727791,1.0,0.6007527378048163,0.49042534851546804,0.48770830057467973,0.6955132549641325,0.7057692,0.44380913671806965
TKM,2022,0.5884958339339268,0.8076339692897291,1.0,0.6048837340481108,0.42834462375190563,0.4936390285189537,0.7375619605727686,0.6805064,0.4008367507154027
TKM,2023,0.595527263253841,0.7496222529281654,1.0,0.6112840455225435,0.4794693306705836,0.49983655076297706,0.7230874222096515,0.7598404000000001,0.4154223441481757
TKM,2024,0.6119263501501643,0.6452705974926994,0.9958738940628701,0.616454924207142,0.49232403355475785,0.5061623732454666,0.7002206965684259,0.5423359999999999,0.43144301274925567
TLA,2004,0.4654611091923839,0.4293518439104396,0.9182506908658539,0.7374762563468771,0.4770480965433419,0.4784159281618804,0.648390607353365,0.1976,0.6310670500507451
TLA,2005,0.4476412307502957,0.44712937199067987,0.9220415854523445,0.7397692202907633,0.46501107793623664,0.48258741582449305,0.6498795764419147,0.167,0.6323020160402804
TLA,2006,0.4383729161814852,0.4741442154327808,0.9312591654405242,0.7456809279041945,0.43663617323137427,0.4884152504929876,0.6583025708086063,0.209,0.627080805976246
TLA,2007,0.4433677136549222,0.5025232913837203,0.9339306414914779,0.7497528723966429,0.5000890513553681,0.49438212125458414,0.6449943675693546,0.239,0.6340372687470173
TLA,2008,0.44822125260334406,0.5184565485858739,0.9431447051285566,0.7535442101827576,0.5019899942116999,0.4981581895256503,0.646292400345142,0.267,0.6283679321943052
TLA,2009,0.44926895519540827,0.5310129569906339,0.9455913950798855,0.7597021629774914,0.4279316539134626,0.4930279378793797,0.6042864185928998,0.313,0.663259400416234
TLA,2010,0.4452946403547108,0.5474070903809505,0.9511204119140553,0.7631859327353694,0.49582414707787537,0.5004524266285278,0.624579210471857,0.35000000000000003,0.6393761790084671
TLA,2011,0.4479098383978823,0.567241117530032,0.9547994038936043,0.7668126460616063,0.5147075135774446,0.5053284990743142,0.6213592911618426,0.397,0.6394183064112147
TLA,2012,0.43466805608344194,0.5782572235805812,0.9594336578804032,0.7699561815072671,0.5168571581992509,0.5076320209775148,0.6098957661588087,0.434,0.6443403936141903
TLA,2013,0.4459449439354851,0.5879174282406581,0.9629757782101347,0.7720214207733949,0.5016776107455889,0.5100938354990828,0.602538816159593,0.46399999999999997,0.6753585746788877
TLA,2014,0.44738255233072804,0.5970143622007005,0.9652301730001449,0.7739667045753058,0.49323646381677844,0.5103746802563659,0.5965112873272236,0.49,0.6900747397061657
TLA,2015,0.44766472987355604,0.5951284672522064,0.967955382268328,0.7769300633155245,0.5087470199271519,0.5091791873523385,0.5840883988125452,0.547,0.7139205290045858
TLA,2016,0.4681961020502019,0.5932409534633678,0.9702507401110747,0.781402024669597,0.5059037425723896,0.5066706994704605,0.5673725843488582,0.5770000000000001,0.7228314447928033
TLA,2017,0.4573785438697284,0.5931305050559554,0.9730039946848024,0.7828479733195568,0.4743322381623932,0.5076385695872084,0.5707528277694849,0.6020000000000001,0.7253106065580872
TLA,2018,0.4496469592145518,0.6127115567372414,0.973524581170234,0.7845163277002984,0.4950879434486055,0.5082246576057364,0.5885221197867043,0.635,0.7206512591305096
TLA,2019,0.45050650083250093,0.605004671774567,0.9763757182073016,0.7893123725564894,0.4825723513653697,0.5074343948631456,0.5878607049541922,0.677,0.728901148956504
TLA,2020,0.4896232319932123,0.6213086547405271,0.9781721762822766,0.7810477993446003,0.4408230014124207,0.4961798215908101,0.5906595080642072,0.738,0.7231438109610697
TLA,2021,0.5004093297700763,0.6072035990300841,0.9796532889214378,0.7806694897078579,0.4702419662954854,0.5054815615004616,0.6267899859945079,0.7590000000000001,0.6806615323892555
TLA,2022,0.48975935500174245,0.6043930491337168,0.9832630078095965,0.7872340084301634,0.51006786734453,0.5104311420791022,0.6369526933343437,0.773,0.6799119148427875
TLA,2023,0.48774426519881314,0.6051725656535114,0.981412040421624,0.7929305876163717,0.45145253804797847,0.5127345807717819,0.6273042098353983,0.802,0.689701170780523
TLA,2024,0.486372303842405,0.6106352951243588,0.9885254235615918,0.7960625107112409,0.46841223784555497,0.5149671538368531,0.6130548694237723,0.818,0.6901476313550989
TLS,2004,0.8220976872070771,0.40295954403489437,0.0,0.4606103920624429,0.4381130304579809,0.19368893518005847,0.0,0.007598063599999999,0.5874622410518717
TLS,2005,0.8075940522889448,0.4315061197543419,0.0,0.46737198308262773,0.296804120168774,0.19498171110922657,0.0,0.000990318,0.6300396564873187
TLS,2006,0.8324886120981503,0.44647252769717255,0.0,0.4686738684784424,0.4056076500156044,0.18462490433097,0.0,0.005,0.6288712641684007
TLS,2007,0.8160891765288005,0.38597628628413755,0.0,0.47612258741648583,0.3882723881898532,0.1946536852915478,0.0,0.01,0.626948699866352
TLS,2008,0.8173023508983923,0.3523527313533998,0.044283018572270905,0.47981241960130516,0.6823922376310378,0.20638165300756806,0.0,0.015,0.6197951814602884
TLS,2009,0.7738272382802905,0.33059328203668387,0.12507418206853682,0.4898381723914169,0.7133396925301113,0.21674243179668895,0.07180399172845853,0.02,0.6881519752041552
TLS,2010,0.7795759939972156,0.3022728112298661,0.0,0.49435486368651604,0.5078591304941065,0.2261769399235064,0.02913784000344566,0.03,0.7067462393224351
TLS,2011,0.7465890601677015,0.3072612223659596,0.2714345272573535,0.5017199906554937,0.5902640781847306,0.23119763536167148,0.19103278857794637,0.04,0.6814371101214696
TLS,2012,0.7813631738636189,0.3238505838386532,0.3402169631799863,0.5035185324920568,0.510470973133926,0.23489296546161154,0.18398380715173324,0.07,0.7092701872186753
TLS,2013,0.7377773324200665,0.3118951000137082,0.40321294671753716,0.5070597532361671,0.5444703267847659,0.2363156707884958,0.3980592436658803,0.11,0.6061320774407637
TLS,2014,0.7348830090010053,0.31544859649352003,0.462945503979725,0.5155822911843684,0.43645656901077845,0.2397855748539478,0.3173942758431265,0.17500000000000002,0.6345329359576
TLS,2015,0.6972050454936727,0.3166232131817786,0.5488059928158613,0.5273540674297834,0.459972983110293,0.24051596776274053,0.35489478526905627,0.18600000000000003,0.6378727099610932
TLS,2016,0.6873183097783311,0.3062808865564723,0.6945498428152952,0.5349082235007594,0.30575580406642616,0.2420539023871201,0.3767068215515339,0.212,0.6717806545298095
TLS,2017,0.6881920955135945,0.3600073765777921,0.7383523434183568,0.5581922829937973,0.3115985602397954,0.23462652996793276,0.2826817750069308,0.242,0.708220504851591
TLS,2018,0.6964896878479417,0.3558014987598404,0.8172549107554259,0.5785782837645637,0.48447149899277325,0.23116444459341257,0.303773242475359,0.276,0.7016914880743821
TLS,2019,0.6450540525135294,0.311049602748597,0.8873323344175441,0.5955461741942378,0.0,0.25980318759448184,0.5981081376684594,0.280046,0.5124488391323143
TLS,2020,0.6309821203421178,0.31821876560828205,0.9533945794720617,0.6128065763911512,0.0,0.29700599139176076,0.6905779182721008,0.32012700000000005,0.39562183019722497
TLS,2021,0.5383295532021685,0.22165525159554084,1.0,0.6347514794881528,0.0,0.301983268297766,0.9496819556044196,0.35042,0.0
TLS,2022,0.5759884998412533,0.30705105854689,0.9965691777763395,0.5980944494434945,0.3928658299365188,0.26661507283439,0.884542701431632,0.34510199999999996,0.14694356411595066
TLS,2023,0.6888543837965059,0.43862984228779694,1.0,0.6094558699776291,0.6663636649466953,0.23600787380965527,0.4805702060734649,0.340207,0.599454062118649
TLS,2024,0.7250571185431748,0.5219359465829634,1.0,0.6253230281344035,1.0,0.2204650419048232,0.14730556734223987,0.6966036000000001,0.7405547739168621
TMN,2004,0.6006090629547278,0.4845282024629965,0.7979165747003467,0.5346111493682644,0.3895049863538582,0.3331040858309623,0.7013744846207315,0.11420000000000001,0.37016310590651225
TMN,2005,0.5839543998128116,0.4848212642836887,0.8119639942887087,0.5373293958040435,0.4418130048096133,0.33676585810726134,0.7364986863921441,0.07400000000000001,0.354217683217422
TMN,2006,0.5793286943538883,0.4948542252322388,0.836132834537687,0.53569525193496,0.5136226773639416,0.3411535763033461,0.75091182570589,0.083,0.34700281279292033
TMN,2007,0.5691406199077059,0.5001933900602364,0.8285754793642157,0.5351306113147034,0.497043893665543,0.346211649730248,0.7515800803823627,0.096,0.3592062077314253
TMN,2008,0.5515715401100484,0.4904670943143042,0.8416126149870085,0.5373198745082473,0.4670979320409441,0.34798013960300433,0.7705101060107715,0.11599999999999999,0.3501313593984521
TMN,2009,0.5820418001756178,0.5057720681801827,0.8505201698982674,0.5471720673343174,0.42849004641115174,0.3487749840007578,0.6997987024087293,0.134,0.41026084853020084
TMN,2010,0.572522341543447,0.5284880463567221,0.8761814334733558,0.5480262021397966,0.39661819804539444,0.35247619091340543,0.7258299845034597,0.153,0.3917767299708994
TMN,2011,0.5617005626479754,0.523445990875707,0.8789794342357267,0.5530827347265221,0.3466367228048938,0.34878941015869025,0.7364711234705383,0.167,0.38233188947347996
TMN,2012,0.5672658996275061,0.5143296131959589,0.8935652799658484,0.5561983438205442,0.36173377581492905,0.3509334127225089,0.7334476673802321,0.18600000000000003,0.4011422477115576
TMN,2013,0.5890225757213984,0.4986086452048329,0.9109087223596015,0.5594054610029988,0.3453454199917775,0.34974377547578894,0.7163761683957146,0.21100000000000002,0.40322957862083797
TMN,2014,0.5958729833201822,0.5117673175688178,0.9226995101283171,0.563122118553459,0.31780713086456164,0.3505374082402454,0.685230224649394,0.245,0.4368543364347506
TMN,2015,0.6130613233178073,0.5288347274007414,0.9144578861055503,0.568964935069924,0.3253932720815072,0.34963384763826,0.6039671426726474,0.27399999999999997,0.49859414875646646
TMN,2016,0.6026288642332083,0.5471550752079342,0.9374577419483234,0.5691668397261962,0.34290958883708006,0.3550901424863454,0.5886731106988323,0.306,0.5054399412068937
TMN,2017,0.5988298096088226,0.49358083892633525,0.9485548952366045,0.5775508852291944,0.35394990271857735,0.35753758569470817,0.6157953822686322,0.34600000000000003,0.4812441041362301
TMN,2018,0.6027166561197121,0.46253376078246516,0.9350769508047936,0.5940739499091974,0.3467173476965661,0.358013254508197,0.6381217399647487,0.374,0.452614260963244
TMN,2019,0.60679609733724,0.46268565132828104,0.9487904706437762,0.5919553370039403,0.3467820760794614,0.35743613422758147,0.6288162490518581,0.413,0.4624825546437328
TMN,2020,0.6235026306092355,0.49299242751390754,0.9520723248968084,0.585204559907647,0.3341377650870273,0.3511262638923357,0.5733746512184095,0.462,0.4975732332480467
TMN,2021,0.6175915653542735,0.49031994652184324,0.9542043113938341,0.5874546622668011,0.32452556583522774,0.35478323944617063,0.6394577146248537,0.5,0.4286775059129222
TMN,2022,0.606309224490952,0.4766604339985178,0.946856791511359,0.593689380017739,0.33981272430503473,0.35848282080717564,0.6952592474231023,0.538,0.37646119852131665
TMN,2023,0.6168885066650818,0.47509543251554426,0.9540779870961478,0.5978978911851716,0.3307975707040188,0.36012491349659725,0.6636025775933574,0.557,0.40218462568538493
TMN,2024,0.6313911996838033,0.42186590333314905,0.9805541924399288,0.5979199696215365,0.4372522453383876,0.36111208872611067,0.6419557691328834,0.578,0.40750053173233525
TON,2004,0.7260407431677242,0.5554956325768572,0.8580034725554357,0.5145479709250909,0.44013864480861636,0.39878815959856484,0.3055340120841372,0.0395237,0.419581715540732
TON,2005,0.6963564079435496,0.6134058653769396,0.8670088619141669,0.5216142013785467,0.433295175893979,0.39700423433833676,0.3085147380122364,0.0490778,0.4481046882375632
TON,2006,0.669632094988357,0.5933833403216449,0.908540679727162,0.5288872148719319,0.5287098985951177,0.39302972124607305,0.26880434446420187,0.0585394,0.48528329035717155
TON,2007,0.6825841044003195,0.6225675054022786,0.8860725557883269,0.5309603920140673,0.6673634750050645,0.3887640601679524,0.28030106513123254,0.07179870000000001,0.45272449355415567
TON,2008,0.6545467928224121,0.6110761080802485,0.8948622450846884,0.5310908413506281,0.6905863061242268,0.39525569951854667,0.27454566089921695,0.0811077,0.4731771135262748
TON,2009,0.6659260851562443,0.5923638271356151,0.9048262571272572,0.537627390848459,0.2891664136573908,0.3873664841253025,0.3116088881688981,0.1,0.5032968808911464
TON,2010,0.6789203838560169,0.551948213341197,0.9147049232648587,0.5357662800679837,0.36669943532793353,0.3882915209253618,0.34629659307423677,0.16,0.4860479166131628
TON,2011,0.6873563441563378,0.5104534683663864,0.9073038675760579,0.5275364330450847,0.40410240528392294,0.39747837731639535,0.37317444209500805,0.25,0.4555800815024482
TON,2012,0.6816127668805448,0.4939549692557988,0.9147049232648587,0.5275369298542185,0.2723965285612905,0.3989555507127035,0.3676005395827753,0.3,0.45689852733234027
TON,2013,0.6874533600179108,0.4940404715257232,0.9426436523403492,0.5311527746117997,0.374332700476668,0.4000429154116195,0.28610827138396977,0.32754,0.49631730840847643
TON,2014,0.6772958509478105,0.5002736914655781,0.95220496903098,0.5297980225675598,0.4794299775302086,0.40354035038653635,0.29299796972980197,0.35954400000000003,0.4937703075604709
TON,2015,0.684497656516864,0.5171893151963249,1.0,0.5281559197648185,0.5035658533253369,0.4058491417426565,0.27563802157296236,0.386513,0.48224427955428295
TON,2016,0.6812167480536773,0.5376316811400543,0.9652236803006815,0.528521764266459,0.5411233032702025,0.4159061268602636,0.2884004749504385,0.3995,0.4605967226910259
TON,2017,0.6840793619900309,0.5413042872586142,0.9792602903180887,0.5313179414371514,0.06228906725041802,0.42071199235049195,0.30153171047603733,0.462,0.4354675856055086
TON,2018,0.6897524580975753,0.5485212906227515,0.9885240125752848,0.5356462790133203,0.5900914884727695,0.42118564608964937,0.26559505401964945,0.43499219999999994,0.4360753898084453
TON,2019,0.7064459003061496,0.5423749827563418,0.9815832059480165,0.5524057902435704,0.2054623428852787,0.42063097424787743,0.26996897642170614,0.41200000000000003,0.42249786913610565
TON,2020,0.6877217862423759,0.5401468703441041,0.9988575261865398,0.5592709889093643,0.3331539647693701,0.4231808363138675,0.2506942185406964,0.7058032000000001,0.46567124170216845
TON,2021,0.6800646759372302,0.531773588133859,1.0,0.5759539957577067,0.28726035795238775,0.4221117120197563,0.29795485252797294,0.575486,0.43727703487382463
TON,2022,0.6920569319331291,0.5291598301557081,1.0,0.6176998830163116,0.3180691273932612,0.4196068690941491,0.32469557366979807,0.577181,0.4152749039459045
TON,2023,0.7111171717502425,0.5272518420885544,1.0,0.6525343594417059,0.31288863304500836,0.4242168713073894,0.25446582324540756,0.585334,0.4251421223875025
TON,2024,0.5959905728481771,0.5219705560722516,0.8392835675477756,0.6558473477279954,0.7505955507862014,0.3612063805294516,0.605615959184364,0.46526500000000004,0.3741463874474348
TSA,2004,0.6985232421803791,0.5251012447023917,0.44616596794030006,0.2535133831674885,0.33397292072388624,0.18293817846100446,0.5672789125567168,0.022752280000000003,0.33812446678888053
TSA,2005,0.6951855783849247,0.5465910969936296,0.5241202643469336,0.26389550894741376,0.3432756332895037,0.1913480276474332,0.574103108046689,0.021,0.34254174613773447
TSA,2006,0.6846874688917557,0.565255300991309,0.5253513520886628,0.2695282267197725,0.4141243461081045,0.20019809059458382,0.5962550781278191,0.026000000000000002,0.3350463949531952
TSA,2007,0.6836200696103657,0.5755947372958772,0.5818453084786608,0.2731078730202565,0.41345708158105127,0.2086510957391009,0.5973092477818018,0.037000000000000005,0.33248353349537485
TSA,2008,0.6844814343861405,0.5919316448368157,0.62205092365478,0.27559799455000134,0.504622250127448,0.21162973380418915,0.599229369340865,0.040999999999999995,0.36710777940790784
TSA,2009,0.6832836716246319,0.5866470527495002,0.6410422315032536,0.2791659024790518,0.44467279107150803,0.21999017456403258,0.5998179220431492,0.049,0.36906765100369654
TSA,2010,0.6850627369839584,0.5976335778603206,0.6579093729811358,0.2821466537465227,0.3866482290347506,0.2294328530057198,0.5932969606576084,0.071,0.349868139547461
TSA,2011,0.6869691694329095,0.6016636918912286,0.7065291200580619,0.297618960289463,0.40894157571378076,0.23519645931454225,0.5850282735380092,0.094,0.35720515786591456
TSA,2012,0.6813203595790787,0.6040769005440336,0.7227677848149838,0.31291096985643607,0.36897894625637123,0.24127443208176202,0.5750494889413553,0.10400000000000001,0.37259037136287043
TSA,2013,0.6837095324373106,0.6051517748484998,0.757497579302794,0.32741030789390324,0.38311255297987945,0.24828557914577376,0.5607955781712923,0.11699999999999999,0.38092593329875823
TSA,2014,0.6791821270595507,0.6040858120436934,0.7853489501684701,0.34367959985276464,0.3915880585233616,0.25668718936913415,0.5491203155310156,0.13,0.39968076815265396
TSA,2015,0.6709393273443469,0.6049121790078718,0.8349505908445458,0.3605777036776856,0.4130659701244698,0.265770565590853,0.5442051219146609,0.147,0.3997217808094602
TSA,2016,0.6706021842751694,0.5919656032514657,0.8582417080500955,0.37564978044299746,0.4012499855060231,0.27522937419002436,0.5410301059024665,0.167,0.3959380147584892
TSA,2017,0.6725874825850632,0.592383222126379,0.8973410196268015,0.39310893503791666,0.3766629820423918,0.2831370643944663,0.5394163929453475,0.188,0.3939402317535512
TSA,2018,0.6652087454654708,0.5987537445817022,0.939268776496057,0.40670321164488943,0.3804090141467082,0.2906010715351809,0.5390489642325098,0.209,0.4059335975687275
TSA,2019,0.6731391770531162,0.5998367257542563,0.9470743652095353,0.4181716895573335,0.390748969041232,0.29494735304465347,0.5116920955650222,0.297,0.43184522219246224
TSA,2020,0.6946525854728274,0.6142125888836893,0.9581569131639984,0.37938791498090474,0.42121778602448234,0.2861162359955297,0.5215090317767044,0.425,0.4024798398627869
TSA,2021,0.6804913605492838,0.5987095185979958,0.9927755530133089,0.3760652854214732,0.3678678200676034,0.297725077287026,0.542938521554426,0.48,0.3987091325239831
TSA,2022,0.6699752469979259,0.6168721233269814,0.9895559109961134,0.36950453131964034,0.3721567329170419,0.30650978204876556,0.5276778164343991,0.542,0.4268055615469182
TSA,2023,0.66609797103047,0.6368161209504557,0.9932290766844263,0.3729876647124355,0.3321478610206231,0.3170764000704497,0.5242931741158112,0.583,0.42485056050422987
TSA,2024,0.6676300847305225,0.27080171487362736,0.5961468866663158,0.38592906414422057,0.3274348287301446,0.3245628877674819,0.511563012375434,0.628,0.43024496735090967
TSS,2004,0.6603805241831431,0.6077274648962276,0.0,0.3349556446071973,0.4023265590029033,0.241056387631586,0.5516922315168227,0.0238,0.4138294526916546
TSS,2005,0.6591475465498641,0.6151745510946405,0.0,0.34078163700578745,0.4382414024765504,0.24555862707265164,0.5657947161114585,0.02,0.39857996924885253
TSS,2006,0.6611690728810471,0.622470977971217,0.0,0.348449044629048,0.3934219619073291,0.2501137113340063,0.5579125936707796,0.025,0.4114455919623259
TSS,2007,0.6679580167652266,0.625106582822321,0.0,0.3567350359725667,0.45156460106185814,0.254801688380183,0.5634786479909646,0.034,0.3962506206799947
TSS,2008,0.6852051116723836,0.5846214921828827,0.0,0.3645264193761717,0.48030902685305543,0.2581427658557235,0.5821443872879632,0.038,0.36889809240355564
TSS,2009,0.6897129663595714,0.5967069284807318,0.0,0.372275496214312,0.47794855407783776,0.25863503705119906,0.51881283943698,0.045,0.4394315049855253
TSS,2010,0.6713299009890541,0.6031277838693119,0.0,0.3864436582356685,0.4329601971296635,0.26316005136884957,0.5461092833043031,0.061,0.4418696679485481
TSS,2011,0.652939881480063,0.5840062879234194,0.0,0.39459469496846733,0.44974024970324467,0.2655020972728789,0.5803785399824881,0.076,0.42931183726375366
TSS,2012,0.6606674724619842,0.5821391109345193,0.0,0.4034272914703201,0.4590188551197466,0.26630280450873556,0.5752531447782849,0.092,0.43289831425978287
TSS,2013,0.6621769841806497,0.5657958737352058,0.0,0.4044839666987752,0.42860186434604103,0.2695722117860254,0.5622067543877647,0.111,0.44108015823743507
TSS,2014,0.6667095852535465,0.5610075653955418,0.0,0.41537474823581144,0.4350467164691847,0.2723374088794924,0.5447688627822163,0.133,0.44856526824990306
TSS,2015,0.6772944002860757,0.5583168974583879,0.0,0.4242743099896158,0.4583082512522734,0.27261801958255216,0.48493019657513825,0.161,0.48998784872854273
TSS,2016,0.678577304338583,0.5625854452319867,0.06322233470837979,0.43165587391130655,0.4227818158273049,0.27055280943451876,0.4683657932966334,0.182,0.4943132608261469
TSS,2017,0.6691386262862802,0.5706113885543265,0.06148845732418362,0.4407684453649203,0.39437902097772476,0.27031661309311616,0.5027697868822887,0.19899999999999998,0.47586370126250843
TSS,2018,0.6685291978995603,0.5520340474700898,0.1279155993985066,0.45285348561810235,0.3872598214102993,0.2704691555424775,0.5293579123459309,0.22100000000000003,0.45566574993510045
TSS,2019,0.7024471989214993,0.5199439418248606,0.14675111835606103,0.4672757883996561,0.373351939730287,0.2704113758659935,0.49678299893625355,0.244,0.45217904239311135
TSS,2020,0.7249656261178843,0.5100864491219208,0.17855608526422184,0.442938922226928,0.36383010827333845,0.26190542727073984,0.4657305504019804,0.268,0.442346369341311
TSS,2021,0.7168755030875631,0.5008323467071862,0.2266921637104673,0.44265770017718786,0.5004095629495162,0.26343440737179613,0.483550965751935,0.289,0.41591260765076177
TSS,2022,0.7161357114470545,0.4873279916090731,0.24728745313120193,0.4521094782482269,0.38924083013650096,0.2656014776260024,0.4994226442514107,0.311,0.39291336761732554
TSS,2023,0.7144160635987119,0.4927297336483184,0.2833117302569246,0.45782567784377104,0.4168559451300217,0.26591246800145496,0.5025911048582767,0.321,0.41321610868773506
TSS,2024,0.698808293698381,0.4740556960533283,0.41576677245711446,0.46715736452738454,0.4320401338909604,0.2674957344687513,0.5081030848218779,0.33299999999999996,0.41872209354650813
TTO,2004,0.13227593027595413,0.5409459805811272,0.9628675462424807,0.7766418203358869,0.7731369987916616,0.5796509838058564,0.8832363579387748,0.270243,0.32727350848149905
TTO,2005,0.0914018447657123,0.5136366137888002,0.9414428951049976,0.774550717916485,0.6666632853350107,0.5939911513412693,0.9290473784694959,0.289767,0.2252709049788848
TTO,2006,0.10436011922392488,0.5083949440394,1.0,0.7761655224741042,0.5967473692020535,0.6116119915359551,0.9386798337060376,0.300037,0.18706838398831893
TTO,2007,0.07263164459932102,0.5040816804200194,1.0,0.7741989500059989,0.5336147723783526,0.6177685764908126,0.9290899035836655,0.32299999999999995,0.21972222889080717
TTO,2008,0.07156059919855493,0.46454583300701696,1.0,0.7711655874659411,0.9380030607259238,0.6220100273754702,0.9637500728732982,0.348,0.11913782793349625
TTO,2009,0.1086237653922218,0.5290866636996097,0.9885240125752848,0.7849935108590902,0.5247241323060253,0.6153226784381035,0.8719122371044419,0.443,0.36244667137569886
TTO,2010,0.09714033883019547,0.495740370542972,1.0,0.7926539193099273,0.4453844074757469,0.6192275329636384,0.8781744890231953,0.485,0.34317935775807884
TTO,2011,0.08694877994069689,0.4757286470395177,0.9710930426900379,0.8035656602398076,0.29452447927003317,0.6176689034580093,0.907039087203215,0.552,0.29342715821525545
TTO,2012,0.1128781392104865,0.46668288135234043,1.0,0.8032674036144867,0.0,0.6263147374547605,0.8095484963979331,0.5750000000000001,0.4042758265603066
TTO,2013,0.1255887934079953,0.463930423567203,1.0,0.8038631328344619,0.026540406354294555,0.6305413983462075,0.7897679721136037,0.599,0.437180944660192
TTO,2014,0.11935347983692063,0.47233072388924163,1.0,0.8073235278739199,0.4300626477894376,0.6352570390538285,0.7747902325552734,0.624,0.4694630211068809
TTO,2015,0.15307768163655913,0.5075540733970285,1.0,0.8109257888553278,0.3268955520969263,0.6342003169674054,0.6801436712598719,0.6509999999999999,0.5627298425153056
TTO,2016,0.16165307305111312,0.5333054935521582,1.0,0.8182003204669832,0.27752021333260096,0.6223728359377853,0.6584244529443648,0.6779999999999999,0.591902211530098
TTO,2017,0.1726350330723417,0.5382098488054623,1.0,0.8229260342402052,0.1554270866936444,0.6148285018821685,0.6822991805039742,0.706,0.5735976627912085
TTO,2018,0.15828844118363242,0.5464920737184213,1.0,0.8248510399215068,0.09322520473575208,0.6131759763848502,0.7040232015656165,0.728,0.5429854104246621
TTO,2019,0.13275857141148226,0.5601616488686059,1.0,0.8280078001490634,0.33501774215988533,0.6133424695623909,0.6694172744568794,0.75,0.5891571303428904
TTO,2020,0.1698398440104785,0.5851578342716581,1.0,0.8310418581905807,0.6130158412622791,0.5996982424378178,0.6098132076935854,0.7728130000000001,0.6238429813877993
TTO,2021,0.15137312468401423,0.5566196613724184,1.0,0.8291904132773045,0.0328737290477793,0.5985656915123693,0.7202718027601815,0.8436579999999999,0.506594364559608
TTO,2022,0.13245613312986668,0.5360958204076762,1.0,0.8374652611950073,0.5532538399182352,0.5999966583084765,0.7973219626627008,0.844957,0.44434131680688127
TTO,2023,0.14213672117358692,0.5807368708117342,0.9850588305383061,0.8314883988712678,0.0,0.6019287115383124,0.6597125639018764,0.846994,0.5898230179202013
TTO,2024,0.13445166533827926,0.5940511450733388,1.0,0.8361322224243275,0.1689712698604728,0.6054386105129795,0.6616686325501617,0.7605304,0.5729269754261126
TUN,2004,0.5669313973238573,0.5996101919624675,0.9885240125752848,0.6125254840717638,0.40760011468140456,0.3698858387821219,0.5140578247285768,0.0852882,0.5214062076559918
TUN,2005,0.5503422993117655,0.60159017122443,0.9908283634325308,0.6164675632596595,0.42774616283333355,0.3735899245502615,0.5299632460894017,0.0965509,0.5296332745998584
TUN,2006,0.5529279681140988,0.5950610096533682,0.9931281193697661,0.6073203523147281,0.8973796975642476,0.37972611202626105,0.543552554756588,0.129864,0.5334351421792687
TUN,2007,0.5376341279725027,0.59238764429311,0.9931281193697661,0.609573509124163,0.5374381312359735,0.38781979264684463,0.5734130906760215,0.171,0.5249780701854423
TUN,2008,0.5171594789209621,0.5946481135944248,0.9931281193697661,0.6097327680466211,0.6613130585371056,0.3924469449217419,0.6144356957211938,0.27530000000000004,0.5099315824134592
TUN,2009,0.5330041505188772,0.6012014053353336,0.994276279962726,0.6187400818095963,0.5124429487405314,0.39531809461320544,0.558612178001122,0.3407,0.5246126612631841
TUN,2010,0.4884877154851613,0.6109673112070879,0.994276279962726,0.6118240155775347,0.4719803783223457,0.3980045062258156,0.5836561024693925,0.368,0.5228972592509891
TUN,2011,0.5097201289873255,0.6337164992850894,0.994276279962726,0.6271263497675901,0.34253266539388644,0.39339417876221205,0.6002651507455243,0.391,0.5374506339834064
TUN,2012,0.529028824777968,0.6334015199257277,0.994276279962726,0.6258530331709631,0.4978200741320964,0.3977494617335494,0.5934163501178966,0.414416,0.541459246189302
TUN,2013,0.520388968577426,0.6338118835892943,0.9965691777763395,0.6430589075553175,0.4255310853951822,0.3995078268489841,0.5772603626688639,0.438,0.5556031235969066
TUN,2014,0.5358877195998781,0.6407322988192032,0.9977139195282607,0.6469018645073863,0.41668120214951576,0.4022035293730616,0.5425547474151076,0.46159999999999995,0.5477489144419483
TUN,2015,0.5511864820683324,0.641938135423407,0.9988575261865398,0.6521152221161026,0.4219894357321585,0.40196329052019697,0.5009673417233831,0.465,0.5694239176920002
TUN,2016,0.5347327844439433,0.6495453173718653,1.0,0.6491267909086624,0.37535678017516544,0.40197562312673984,0.4833855456581242,0.49600000000000005,0.5806041213165241
TUN,2017,0.5459937123740358,0.6582581136790548,1.0,0.6493144113846796,0.409189560456367,0.40368296144224913,0.4756110640015767,0.555002,0.5888741376041695
TUN,2018,0.5666245764463016,0.654020825190724,0.9977139195282607,0.6477194354001421,0.43516727466907246,0.4059921884095087,0.47687864951108017,0.6419079999999999,0.5770265528701368
TUN,2019,0.5639318891380122,0.6388139066180964,1.0,0.6469548370842984,0.4105929343830176,0.4068792810143266,0.4676047805833323,0.667,0.584114608465724
TUN,2020,0.5773966607505115,0.6679422283996497,0.9988575261865398,0.6544397544013649,0.37945012734080574,0.39202758628063294,0.43049763249746387,0.685564,0.5877394954065149
TUN,2021,0.5709971918835501,0.6579640842560674,0.9988575261865398,0.6637524291830124,0.35970169409663344,0.3978419767339364,0.4701217135059301,0.6831550000000001,0.5780586453773968
TUN,2022,0.5862321454636098,0.6624895540798132,1.0,0.6771784915392489,0.37718853988507556,0.400933012633904,0.521248872688113,0.705532,0.6004522003028439
TUN,2023,0.5573622016802442,0.6512527760126885,1.0,0.6709847845062313,0.37926597065972106,0.4002319457186866,0.48511572942985004,0.723542,0.615046513628521
TUN,2024,0.563319272475576,0.6436736026326357,0.9331837929965319,0.6732226593224162,0.3803241871630773,0.40164696116751164,0.4533292420480213,0.5794826000000001,0.6222845518657261
TUR,2004,0.5534523309598582,0.6726851044507012,0.9965691777763395,0.5646891189745173,0.3282106505828046,0.4839130955010552,0.5060346863512397,0.1458,0.4778195769839315
TUR,2005,0.5495236228769732,0.6272110658793584,0.9965691777763395,0.5885236274881223,0.41244830504680474,0.4950185120754841,0.5086225717617066,0.15460000000000002,0.4774103089382389
TUR,2006,0.5228399162052458,0.5683525118922722,0.9965691777763395,0.6031671636324267,0.5187374914045337,0.5034395406543523,0.5237155630486285,0.18239999999999998,0.4839068527951089
TUR,2007,0.5052697199083266,0.5595349597469668,0.9965691777763395,0.6100672038656412,0.4934127230975356,0.5104371257533477,0.5299178170353487,0.2863,0.5075578400087095
TUR,2008,0.5041901421841891,0.5114859922126624,0.9965691777763395,0.6067846678651847,0.4506279319160212,0.50992956760254,0.5258687982556784,0.3437,0.518124398279233
TUR,2009,0.5217202938105137,0.5342769665181601,0.9965691777763395,0.6331574485070282,0.36946429851070034,0.5006603679757914,0.4843061602519225,0.364,0.5442066978857025
TUR,2010,0.5441078639307394,0.5734750484760689,1.0,0.6130600299686857,0.3596919733961933,0.5103522628867315,0.4933645441911694,0.3982,0.5032616864436723
TUR,2011,0.5245339255630905,0.5957046404955095,1.0,0.6045926520293805,0.4087697180498244,0.5233429858721598,0.5374977086895589,0.430657,0.47920255814160706
TUR,2012,0.5119752713508505,0.608050322961956,1.0,0.6171581995763056,0.38505196572373035,0.5283083083146124,0.5345266462754774,0.45130000000000003,0.49411588867893563
TUR,2013,0.4824500728562337,0.6413607924703333,1.0,0.6202680818859663,0.37575923448046894,0.5382693768329266,0.5535660937553255,0.4625,0.48228988316084775
TUR,2014,0.478942962211992,0.653029196891727,1.0,0.6256029823573308,0.3761283542950333,0.5428400787409867,0.5613237976221885,0.510374,0.4898708176998987
TUR,2015,0.4894204679237254,0.6637674287472877,1.0,0.64090791003209,0.42887226616943974,0.5490947715049946,0.5572606309201495,0.53745,0.4823305983297188
TUR,2016,0.4701564624616872,0.6731887693538363,1.0,0.6562986686337626,0.3874154272584558,0.5518877147249331,0.5637359326992397,0.583477,0.4868707248028863
TUR,2017,0.4678765222480725,0.6757314051157601,1.0,0.6603482131435925,0.36832045693724097,0.560942062702705,0.5755344080559264,0.646846,0.48552128327114596
TUR,2018,0.4614202350236323,0.6647889673467346,1.0,0.6691121700550373,0.38679702217768774,0.5639259920139944,0.5780482508121316,0.7104280000000001,0.5025598250344996
TUR,2019,0.4825803574252128,0.6565540407339245,1.0,0.6871877792373025,0.36376707559165145,0.5637279043021243,0.5414645727467242,0.739767,0.5327967029673584
TUR,2020,0.48985379834359394,0.6922171898852838,1.0,0.6830131913776256,0.35074815597245496,0.5649132154952362,0.5543717900691196,0.776696,0.5019075924977261
TUR,2021,0.4510066262210132,0.6793291101378875,1.0,0.6865280621391259,0.3822210021975452,0.5797963515716896,0.6045907313541206,0.814084,0.47951425284661475
TUR,2022,0.4838063736479431,0.616504674750858,1.0,0.7008629028341038,0.38088534192138523,0.5860578197569303,0.6056889635958322,0.8343720000000001,0.4626265843499473
TUR,2023,0.4742008656531884,0.5963440496273635,1.0,0.7126685395132348,0.34479281526709094,0.5926122643441359,0.5612394464913677,0.859607,0.4983415287599984
TUR,2024,0.4550807444205391,0.5683067344048989,0.9276259984749228,0.7158990803088647,0.3400351714535425,0.597036308635024,0.512613457971544,0.873079,0.5479818842644422
TUV,2004,0.6949141886187441,0.6334484484989853,0.9450414228929294,0.8497257426642555,0.2806820164924085,0.3617204938111752,0.022082673394186347,0.076,0.6875985549934163
TUV,2005,0.7167186181121102,0.5736122726194693,0.9474342188142355,0.8494053642536674,0.2807777331101271,0.352987446889245,0.0,0.083,0.6875985549934163
TUV,2006,0.7413757704273093,0.507021194186514,0.9498220607031751,0.8508422106913305,0.28116286902654913,0.35480062314032657,0.0,0.091,0.6875985549934163
TUV,2007,0.7457554420249792,0.507021194186514,0.9616876717453318,0.8627853343073596,0.2814923927525588,0.36300542246203993,0.0,0.1,0.6875985549934163
TUV,2008,0.734448124937784,0.5707445232541595,0.9557701255650102,0.9074683768427647,0.6286278514492953,0.3704032979688262,0.1642461159626678,0.11199999999999999,0.5158089854840643
TUV,2009,0.7584253404285323,0.58055698019352,0.9593242954667272,0.9031931350795945,0.6899028635997935,0.3590826300924813,0.11562498045055825,0.128,0.5732794307712004
TUV,2010,0.78766639959498,0.4852819811824333,0.9616876717453318,0.9074683768427647,0.3762996879513286,0.3537145539994887,0.0,0.146,0.6769375825052397
TUV,2011,0.7816283748223672,0.507021194186514,0.9652236803006815,0.8651112702483996,0.2642485579883023,0.36103390784372447,0.016820130049032045,0.165,0.6769375825052397
TUV,2012,0.7189418316688168,0.5476641055073891,0.9734324496186684,0.9019896339836425,0.5031900820261953,0.35585471995259754,0.0,0.187,0.6894122728043455
TUV,2013,0.7117801964140437,0.550452091063103,0.9722633393103699,0.8955252532267355,0.3408158757872133,0.3611441645635175,0.0,0.212,0.6769375825052397
TUV,2014,0.7024215201893488,0.5557110840056542,0.9757671209025043,0.9079264368319894,0.33439097863701367,0.36136858388092896,0.0,0.24100000000000002,0.6769375825052397
TUV,2015,0.6716782626786063,0.5557110840056542,0.9780970756754845,0.9109107808108794,0.3370578709959493,0.37602595124074567,0.0,0.273,0.688315165516026
TUV,2016,0.3982149685392663,0.6026466043467966,0.9687488808660074,0.6607707754246002,0.33092068055697327,0.3844536748093862,0.4782001005439729,0.31,0.5998823706832245
TUV,2017,0.5144413541901971,0.5716485087327451,0.9850588305383061,0.7129188741338519,0.3271423904158024,0.38877619517606277,0.5753851131833599,0.35200000000000004,0.45999402783788845
TUV,2018,0.5583426568788121,0.5319007244878848,0.9885240125752848,0.9109107808108794,0.32452834316282925,0.3923597586254838,0.4711794930986799,0.422865,0.5314971182599607
TUV,2019,0.5884709830050544,0.551488246340323,0.9965691777763395,0.9085848448698395,0.31995698576484205,0.4134617613653834,0.4167776164042302,0.507996,0.5352563976512181
TUV,2020,0.6327975170306255,0.5628723678173039,0.9931281193697661,0.9085848448698395,0.29659759362128424,0.4096391492296342,0.2811224843631949,0.610265,0.5343372525219585
TUV,2021,0.5978789729056108,0.4838429177198183,0.9965691777763395,0.9079264368319894,0.30558180646003036,0.41512365147694197,0.575279828541493,0.733124,0.4442530171984841
TUV,2022,0.5978789729056108,0.4838429177198183,1.0,0.9085848448698395,0.3059944444211615,0.41900799275121214,0.575279828541493,0.735846,0.4442530171984841
TUV,2023,0.5996311998536699,0.45376289546507004,1.0,0.9079264368319894,0.30139742128621705,0.4270736645661838,0.5776448188893035,0.743146,0.4454093392531111
TZA,2004,0.7805548640125776,0.18913184743490735,0.0,0.11425560511912747,0.4567567050382099,0.1379546643717604,0.4649029592133105,0.00877575,0.3351976674232304
TZA,2005,0.7709255746069188,0.20808966006989515,0.0,0.12855250338090518,0.6149919909778545,0.14439034957632435,0.46142699334640147,0.011000000000000001,0.3348682903153968
TZA,2006,0.7616407274165186,0.253142605123919,0.0,0.14174729715129608,0.4248902012746896,0.14951064836907813,0.45944159868051315,0.013000000000000001,0.3439769191398332
TZA,2007,0.7575085280298657,0.2855599676367911,0.0,0.15589100673191192,0.45714016434388904,0.15496581129508202,0.46681284734694706,0.016,0.34367589726694714
TZA,2008,0.7720076022000405,0.2933695968494891,0.0,0.16206618880942814,0.6061288340557254,0.15907272231569025,0.4779232622586327,0.019,0.30816230850027226
TZA,2009,0.7834777964300688,0.28190688803336034,0.0,0.17220462911157863,0.49489054745344974,0.1629482603614164,0.4341691922974502,0.024,0.32460319513845404
TZA,2010,0.7794504386149723,0.28999768823029376,0.0,0.18273706927795286,0.6526302419363659,0.16817419550197243,0.4742213973868312,0.028999999999999998,0.3000923099858306
TZA,2011,0.7739557746038704,0.30094750759450745,0.0,0.19670187818217144,0.514872198832853,0.17483989670493993,0.5290182339240626,0.032,0.2607888719787015
TZA,2012,0.7879837320157077,0.3085949136202634,0.0,0.20357284490632477,0.5794036846334372,0.17705416397802898,0.5106342171253644,0.0395,0.2439462249683091
TZA,2013,0.7900514025565357,0.30398777829937335,0.0,0.21646111646457133,0.581593188478323,0.1822203057114603,0.5115337339002561,0.044000000000000004,0.23650347794711868
TZA,2014,0.7814172796756078,0.3163318965902096,0.0,0.22900386868760214,0.4683870601501901,0.1872245812787492,0.5056937022883794,0.07,0.2584869941609469
TZA,2015,0.7896651362276725,0.3359719045620278,0.0,0.23747097292263875,0.49073586314163475,0.19118713473430315,0.4929450079638329,0.1,0.2400745253285037
TZA,2016,0.7955917275309944,0.32200411899295706,0.0,0.24649922467729501,0.3969935973754534,0.19590080317002312,0.500215938545195,0.13504200000000002,0.21867554298197023
TZA,2017,0.8063228861117039,0.3127424836863231,0.0,0.2549564272065641,0.3985688074622448,0.20052037661030464,0.503778126755605,0.144634,0.18528023295873552
TZA,2018,0.7991236977291856,0.3066658590875458,0.0,0.26301243298823396,0.3949434365853036,0.2037359620034308,0.540383952940652,0.15490700000000002,0.16867986223649467
TZA,2019,0.7883589318677845,0.3056535493814692,0.0,0.2719744547445586,0.4138285037766493,0.20761380969804633,0.5694191448690153,0.16590900000000003,0.1590628978179276
TZA,2020,0.7764944022262787,0.3022898886866688,0.0,0.2491411294698027,0.3769846877109825,0.20615777394253298,0.5417594580209248,0.17769300000000002,0.09570975818531036
TZA,2021,0.7722199633160727,0.3111620302371029,0.03377426959979424,0.24719865003881458,0.3936765748165911,0.20796508339400954,0.5455371922488619,0.190314,0.05201030019846842
TZA,2022,0.7672543435707817,0.3436507959148824,0.11281766692914719,0.25307417428836354,0.4075299266541869,0.21018572092900734,0.5524001704382118,0.22100999999999998,0.0
TZA,2023,0.7618130713482832,0.3600834435821361,0.17283782824307714,0.26162105262292945,0.41980426182994035,0.21317275450074435,0.5584861934369498,0.290638,0.0
TZA,2024,0.7582213684495299,0.36477971972974893,0.09704558680108147,0.26303386733706136,0.4257929348498225,0.2168300945896685,0.5677160773437193,0.180931,0.0
UGA,2004,0.7414912626247697,0.2632765757149754,0.0,0.1403247206656515,0.5261727804609448,0.12265410649949304,0.4158045926496938,0.007199710000000001,0.460173335953483
UGA,2005,0.7748543097700354,0.29471416287471297,0.0,0.11966941201234538,0.5515522565460742,0.12729903495880412,0.47327676281742326,0.0174221,0.3393706200208464
UGA,2006,0.7651488411201579,0.2478411427138596,0.0,0.11416221815721528,0.7042442942009519,0.13789984400476873,0.4577708587791509,0.0252936,0.37350596288841054
UGA,2007,0.7477995843888203,0.2606147161182137,0.0,0.10016757962024414,0.7172302447866041,0.1453444396402218,0.5044572587487268,0.0367197,0.36990991710085197
UGA,2008,0.7384665618833692,0.259573566105725,0.0,0.08471571592835425,0.6125023632203219,0.1531803189195562,0.5176098539138714,0.0388,0.36934762479307626
UGA,2009,0.8509212883019184,0.25335295817760844,0.0,0.06758481383827974,0.5019833656326538,0.15845542893649167,0.5453601464109645,0.040999999999999995,0.326081303780541
UGA,2010,0.8372080170533295,0.206101955702113,0.0,0.22716278452868166,0.4167187688776747,0.1621384539458065,0.550766906740012,0.043,0.32917941509416204
UGA,2011,0.8080458373641016,0.28890476752645783,0.0,0.1904418775329575,0.4928360566216657,0.17090165631694287,0.5501764682944159,0.046,0.34826909669054196
UGA,2012,0.7933438473229357,0.29778129148355875,0.0,0.19763616008107832,0.5713078291862779,0.1721505967571464,0.5434432377892273,0.048,0.32249951777389274
UGA,2013,0.7834348691117409,0.2987763137619592,0.0,0.07969415586809148,0.5306936303217569,0.17309956211183064,0.5118744836329743,0.051,0.32432550426430584
UGA,2014,0.7725112801662345,0.30997130147062674,0.0,0.12832812571068186,0.4952628843322575,0.17604103181571695,0.5072534795461687,0.054000000000000006,0.31465347586145453
UGA,2015,0.7597294874826699,0.32350116146919144,0.0,0.1324594978720517,0.4322468058133977,0.17891835805848322,0.5422148523072605,0.057999999999999996,0.3196441700044321
UGA,2016,0.7516829536238887,0.3215419250012495,0.0,0.13627682896868354,0.4234561941092305,0.1808733213913174,0.5250410932204461,0.059000000000000004,0.3222698673786799
UGA,2017,0.759597577731166,0.3191069601601982,0.0,0.1394375650018902,0.4539368309917971,0.18028287366241935,0.5225262766265046,0.023399999999999997,0.30335095046046456
UGA,2018,0.7575557825789613,0.3215287668662313,0.012465077364530508,0.24425363522352805,0.4926097141332102,0.18422069043815048,0.5263273923382388,0.040400000000000005,0.3005481673967183
UGA,2019,0.7545398858942393,0.32405374531271586,0.0,0.3444606627224025,0.5238846736160981,0.18835124290860006,0.5333783233775007,0.07880000000000001,0.293669284968733
UGA,2020,0.7641380454965915,0.3302555691549442,0.01782939968813313,0.28472209820727956,0.49024634997366534,0.18773523346154708,0.5310065793439283,0.07400000000000001,0.2904190154010253
UGA,2021,0.7633022163521814,0.3384480035897814,0.09793581889635217,0.24855528922067371,0.5486830068424575,0.188108969744057,0.5429222802317566,0.1,0.27002022702391404
UGA,2022,0.7649276619583614,0.3426984075989186,0.1444176496707037,0.25516827357579785,0.7057813555090885,0.19025256064036333,0.536025280540736,0.111246,0.2659691203455692
UGA,2023,0.7656687185639269,0.3388109771323215,0.24536952593125605,0.26442019007919626,0.6834908375888986,0.1937307120622379,0.5173297792040228,0.152524,0.2837749505769622
UGA,2024,0.7706475296101106,0.3314273663120913,0.07795743512039195,0.2737938992130453,0.6772132275238094,0.19826317597448384,0.5003601384412117,0.0894983,0.296567279029436
UKR,2004,0.5783437634664573,0.5366640011387672,0.9931281193697661,0.701512532153659,0.45005996762867745,0.30388704317202897,0.5811483017702475,0.0348948,0.446453563499992
UKR,2005,0.5433347035106624,0.5538765868270238,0.9988575261865398,0.703322645610037,0.8534390180215727,0.3094723298834775,0.594460380518741,0.037497600000000006,0.41446376051292644
UKR,2006,0.5001393077769181,0.5873675310354104,0.994276279962726,0.7054862262830124,0.6099872600724113,0.32100079480184507,0.6001906094468272,0.0450612,0.4222380180666909
UKR,2007,0.4707281221479031,0.5496101010786825,0.9977139195282607,0.7075155011388339,0.7300238217255458,0.33312172301011367,0.6020224567889583,0.0655,0.45316457925185105
UKR,2008,0.47885187969681414,0.7172887281042277,0.9977139195282607,0.7097187041075586,0.6542039600800292,0.3370942241721776,0.559342980043849,0.11,0.4742842666007694
UKR,2009,0.4902815916194066,0.7244713776204015,0.9988575261865398,0.7134159710741486,0.5393558453282984,0.3138865480824392,0.4982946626051046,0.179,0.5244187576554462
UKR,2010,0.504814769295388,0.6929264450542796,1.0,0.7144354623882694,0.5813310338111657,0.32022856328527227,0.515371676493283,0.233,0.5164751300007322
UKR,2011,0.5251506945479107,0.6706266015507727,1.0,0.7144826377364604,0.5610059685535576,0.32838549713441034,0.4998408080950414,0.28708300000000003,0.48451759632104574
UKR,2012,0.5147942535194306,0.6657344293289946,0.9988575261865398,0.7159700611780777,0.575395825681305,0.32891310395734596,0.4885579854191455,0.3527,0.5003256979526536
UKR,2013,0.5388744759268547,0.6776366551381932,1.0,0.7263435711982469,0.438060948671856,0.32924078021660386,0.4506101069036432,0.409541,0.5344953668077013
UKR,2014,0.5723815067098249,0.6913936158726939,1.0,0.7279903061041195,0.32531004175054645,0.3216629344480014,0.45888789716735534,0.46236,0.49522638191261903
UKR,2015,0.609973963734516,0.6288059229529324,1.0,0.7373721063564398,0.2698656026538499,0.30753678158982767,0.4353003971648006,0.488846,0.4455335212030449
UKR,2016,0.6038022409451783,0.5891425558631007,1.0,0.7384947757141882,0.5717896543440373,0.31174313935189135,0.46642125543404145,0.53001,0.42383394198364144
UKR,2017,0.5728736667127206,0.5429163308492189,1.0,0.7398392313465338,0.4976815823676943,0.3158350109146978,0.46871385193181925,0.588895,0.441938612127851
UKR,2018,0.5720590327215005,0.5201670332280146,1.0,0.7428581550117128,0.5313804046079882,0.3216644074895453,0.4688077252287326,0.625532,0.4483260719882409
UKR,2019,0.5454949784786469,0.4899045088867195,1.0,0.7460769903521887,0.5291434103257506,0.32717782209222823,0.4538237613343781,0.701248,0.5004898427104112
UKR,2020,0.5536098573872027,0.47610939496706034,1.0,0.7463285844340395,0.2966531561004134,0.3226316007419371,0.4143283449896291,0.7503789999999999,0.5212083859220469
UKR,2021,0.5875205228268277,0.43747042634549943,1.0,0.7416995690660624,0.5431462536945382,0.32889414159761154,0.4659081589559393,0.792183,0.4580366128245288
UKR,2022,0.535920519145415,0.43527240001269,1.0,0.9074683768427647,0.2928997102071991,0.29145036183658013,0.3454593237763337,0.826753,0.6097188417132897
UKR,2023,0.5090268900813196,0.3874754970259396,1.0,0.9109107808108794,0.4482091697671156,0.31229245373018977,0.37315413090103244,0.823755,0.6025057884222829
UKR,2024,0.49640882811016623,0.4957541573178557,0.9988568460298838,0.7331583927761746,0.4211125458224344,0.3159193549165319,0.3716066732857206,0.5792676000000001,0.5939236859933898
UMC,2004,0.5426614592008919,0.6704329395896622,0.9519159717392647,0.47861256720687795,0.46633083547557663,0.4039248477235643,0.6950228516860795,0.1948,0.4130508907689441
UMC,2005,0.5216654708751369,0.6624812486456961,0.9501114713197376,0.48717256035247214,0.502336708716062,0.4132768284299734,0.7017251721582438,0.102,0.4135832083649542
UMC,2006,0.5088335475361675,0.6669760913844929,0.961487957668405,0.5004393676465977,0.4936635783937578,0.4240858113264926,0.7102187401757858,0.125,0.413075677911646
UMC,2007,0.5091544773696176,0.6745818975029614,0.96323583545401,0.5056906090494233,0.5238197670727165,0.436074875544863,0.7071056190511473,0.166,0.41875199837081656
UMC,2008,0.5122465704676267,0.6652027716488076,0.968757022266379,0.5152716876494501,0.5012745587005379,0.44379880388157755,0.7164873074343359,0.212,0.40655767113359964
UMC,2009,0.514363362199699,0.7020688163216215,0.973567516766698,0.5280391391381261,0.43715551709195055,0.44766171239824704,0.6993040426264372,0.258,0.43485646266978506
UMC,2010,0.5096784972913562,0.7065546726524172,0.9792750360648386,0.5350049837029958,0.4995452319532058,0.4583979483011825,0.7034803842198063,0.306,0.42544682141912915
UMC,2011,0.5076477780880015,0.709307226016026,0.9817653539005553,0.5461488831177359,0.49444948842162006,0.4669037700095279,0.7108993626688735,0.34500000000000003,0.417538772418216
UMC,2012,0.5074380499422158,0.7241442813461447,0.9844893807613175,0.5509176055717728,0.46553106884938095,0.47374299962394517,0.7078555862653328,0.383,0.42808395928911125
UMC,2013,0.5089662888864539,0.7382141227149019,0.9864045293149584,0.572767574367198,0.4695058791717419,0.48041461001756514,0.6968967692438812,0.414,0.4433758256627707
UMC,2014,0.5060033419072415,0.7514383696319626,0.987583540012424,0.5917908465605692,0.44170535607993877,0.48620966426844003,0.688453790704233,0.443,0.4596241269882384
UMC,2015,0.5064978322324487,0.7748248838931193,0.9885049954197482,0.6080907210481712,0.4348354214909492,0.49140625338108224,0.6693861835979704,0.479,0.4884423820745436
UMC,2016,0.5044887823650664,0.7793662969305004,0.9889217753642301,0.6160658354367752,0.41183352951529895,0.4967318229096692,0.6588169129693093,0.533,0.503066769459819
UMC,2017,0.49162671486978754,0.7799099689190883,0.9903773832179068,0.621299420479493,0.3997841371195353,0.5031529729170775,0.663287982969353,0.5770000000000001,0.5046777123822452
UMC,2018,0.48315693260508824,0.792970842458337,0.9905936308292809,0.6275101259672304,0.41458818123449737,0.5090361029924017,0.671658725292378,0.622,0.5052330175741457
UMC,2019,0.4868125987075839,0.7984218504255478,0.9917157735792177,0.6356669840310021,0.3942754914687863,0.5140412577565999,0.6589826913418193,0.675,0.5193311306350803
UMC,2020,0.5074387628158032,0.8273216405600559,0.9910306604173114,0.6369373135390268,0.39482748346094737,0.5127100519667102,0.6525777962180386,0.7490000000000001,0.5215378597758278
UMC,2021,0.4982257337805348,0.8218245559390274,0.9935374239489043,0.6403402975078154,0.42521347920827324,0.5229038079511447,0.6768008163767851,0.794,0.4985187692422586
UMC,2022,0.4960697443445517,0.8237648824188044,0.9943780870827084,0.6393486301662938,0.38689113902869116,0.5274654463907061,0.6791455326026687,0.8270000000000001,0.4954488766940748
UMC,2023,0.49024693080001486,0.8277990338555319,0.993456752582194,0.6478952849849344,0.3463679444045306,0.5336632849137833,0.6585844280694564,0.853,0.5179835065869436
UMC,2024,0.48750812089268786,0.8338181403864673,0.9948462693934219,0.65324422722211,0.3415439495222769,0.5391516202474832,0.6486428589760829,0.8690000000000001,0.5272570351801402
URY,2004,0.5897374185454854,0.44321771658039627,0.9769326866615113,0.8099845963384982,0.45173897189928647,0.5396403397802504,0.45070759239431,0.17063099999999998,0.5287669029782553
URY,2005,0.5401878225504807,0.4273815516517267,0.9769326866615113,0.8130948125207107,0.5938582666996386,0.5499677678160503,0.47869133510079287,0.200882,0.5355773852738581
URY,2006,0.544263426534247,0.4392550994512204,0.9827429116469135,0.8166801780639799,0.7812646406988408,0.5556332120354596,0.46052271552423574,0.294,0.5368189223522113
URY,2007,0.5340798575993042,0.4326196924607238,0.9850588305383061,0.8130988891730744,0.6555941785238664,0.5645815549076859,0.47601842196788735,0.34,0.538091194979494
URY,2008,0.5503210295313425,0.4682388545040725,0.9862150483999299,0.8150750497022803,0.7319659492772654,0.5743318778123533,0.45779605075308427,0.39299999999999996,0.5497861399680772
URY,2009,0.5181905811592243,0.40095950341055714,0.989676763516206,0.8165694200834261,0.6028884009405409,0.5800167744477126,0.4848279388971335,0.418,0.5608815907867406
URY,2010,0.4990661558209246,0.4169151651655691,0.9919788146205688,0.8072394274823083,0.6239322779869634,0.5905515210293496,0.49376357469241183,0.46399999999999997,0.5589290661953368
URY,2011,0.5422178607324764,0.4225463167544096,0.9908283634325308,0.8287342767895547,0.6317804571462927,0.597497273155328,0.4564771228837836,0.514047,0.559631891105071
URY,2012,0.524408165450428,0.4244557760597822,0.995423298675246,0.8366100726580394,1.0,0.6021705480676366,0.45980025938916813,0.5445380000000001,0.5752539961664951
URY,2013,0.5108117878270346,0.4448444015957141,0.995423298675246,0.8269799128109558,0.38873501544490074,0.6083188632969306,0.47653240520917284,0.5769,0.5717571488242461
URY,2014,0.4851000031046936,0.4517153552711521,0.9965691777763395,0.8328452723050961,0.7163491419464167,0.6124691580036216,0.4971374049327082,0.614625,0.5716503295861455
URY,2015,0.4657136219010415,0.47331735824351834,0.9965691777763395,0.8399442429931332,0.5856154743951867,0.6125019219129354,0.511438863323399,0.6457080000000001,0.5750532993805235
URY,2016,0.48334443898338775,0.4560824372188432,0.9965691777763395,0.8483728389655374,0.22563913377752198,0.6144494943623945,0.36762794913447405,0.664,0.6349705408932356
URY,2017,0.44014797918813525,0.4408287671106919,0.9977139195282607,0.8463900664126882,0.5529764506982153,0.6165612618650075,0.3460166274323899,0.7032240000000001,0.6600438438911085
URY,2018,0.45520104024571995,0.44980599835269647,0.9977139195282607,0.8538974062409204,0.45597608429136194,0.6165393404612406,0.35392325779903144,0.807268,0.6515604785067528
URY,2019,0.47781786169837703,0.45292390706627833,0.9988575261865398,0.8566293787990311,0.4374159771136129,0.6177664424601684,0.3333902331771219,0.833515,0.6536268976682775
URY,2020,0.49920096501378364,0.4738661355423048,1.0,0.8555831611372242,0.40230379644259295,0.6065985524974277,0.316730525680601,0.8547100000000001,0.6500432506364859
URY,2021,0.5140570600785024,0.4645840517866679,1.0,0.8528088895092236,0.8374613568449965,0.6149401406003098,0.3380304772953395,0.8764440000000001,0.6330344527173031
URY,2022,0.4906735924944088,0.46386185869067814,1.0,0.8542303647579459,1.0,0.6215574948782686,0.3373988445541376,0.89873,0.6383948371055133
URY,2023,0.46435785677144265,0.47917653867922966,1.0,0.8486152030798011,0.0,0.62275202122624,0.31099461671814077,0.89896,0.6639743337597044
URY,2024,0.47523254400213116,0.4973796475964349,1.0,0.8508784420925322,0.0,0.6272590423382353,0.3111428424207119,0.919911,0.6587472956955609
USA,2004,0.19227740866848564,0.8911075877308703,1.0,0.8745914324453619,0.39782526595793943,0.77118143665638,0.4177801111043613,0.647583,0.7711213986009877
USA,2005,0.17985779806167476,0.8956781615359279,1.0,0.8760108028762938,0.35506601068295385,0.7748140782155716,0.42361863432098357,0.6796810000000001,0.7694817597758394
USA,2006,0.16368522163893973,0.90680510133084,1.0,0.8754490265198367,0.4246149248015994,0.7774011266196824,0.4321698358674573,0.689312,0.7656194395751919
USA,2007,0.17134931308252904,0.9157006193294366,1.0,0.877856587976368,0.43986671710669956,0.7789006005390492,0.42852448098946394,0.75,0.7682495371806168
USA,2008,0.16879349745573824,0.8914934216988915,1.0,0.8827399691188784,0.43431464427981115,0.7776923837899309,0.414179811972041,0.74,0.7765109924167262
USA,2009,0.15777423795238724,0.8943110356100976,1.0,0.8938343374408833,0.356428662796626,0.7726308146939082,0.3776847233077867,0.71,0.7985755762197955
USA,2010,0.16604087111610416,0.887600065430342,1.0,0.8959382041258657,0.39820541859754466,0.7752630933145536,0.3787206400400789,0.7169,0.7958441203119326
USA,2011,0.18534405756561684,0.8782844531370269,1.0,0.8952541458266876,0.3939479110697906,0.7763661558373004,0.38112356419833193,0.697295,0.7914987560272495
USA,2012,0.17972726504567538,0.8795191490448362,1.0,0.8956353184590791,0.3842572429733128,0.7784926179207207,0.3750502284716817,0.747,0.7945346215317572
USA,2013,0.19805888957569817,0.890826696747266,1.0,0.8944910442619891,0.39535068827679454,0.7804365178929705,0.37701782899548864,0.7140000000000001,0.790507620452253
USA,2014,0.18223632202636164,0.8918223941984023,1.0,0.893940108225721,0.3774117181717542,0.7828990963411023,0.3792469050978353,0.73,0.7906409385234205
USA,2015,0.16656859850776662,0.8907747169476448,1.0,0.8941704225126355,0.46683942874273676,0.7859548294078661,0.3604828611732147,0.7455419999999999,0.8011948698640556
USA,2016,0.1556186270581552,0.8942413535432179,1.0,0.8947634432439249,0.44916053380224974,0.7874317791663842,0.34628927551958477,0.855444,0.8091559322135975
USA,2017,0.15613655378263058,0.9035763549149551,1.0,0.8952084255828958,0.411265491511786,0.7899502876059722,0.35657129925014663,0.872749,0.8045206470529562
USA,2018,0.15081494814268603,0.8903209639622074,1.0,0.8945728843106644,0.35207506928515686,0.7933425372428314,0.361605677210167,0.884989,0.8011162215827472
USA,2019,0.14252058319795524,0.9044300404766565,1.0,0.8944269887821457,0.38020059240743587,0.7962978273176252,0.3525432991391708,0.8943030000000001,0.8062120151272292
USA,2020,0.15637878564736113,0.9313851616077344,1.0,0.8972740101440935,0.32637621251347787,0.7925306738904888,0.3319858560053288,0.903447,0.8170521342479033
USA,2021,0.15768673392250598,0.9337866751886355,1.0,0.8996743853512248,0.4174334591857318,0.8008359369296049,0.34210925306901263,0.912684,0.8109672005243387
USA,2022,0.451518560835139,0.8979081703199734,1.0,0.8992890564987057,0.3899816555431735,0.8036020718594113,0.4456757610249401,0.9220160000000001,0.5316221121111295
USA,2023,0.42996232268199297,0.9037092089424146,1.0,0.8992292879432848,0.37032852440212893,0.8065272569475307,0.5200935750051383,0.931444,0.4773549998523062
USA,2024,0.36436029832084815,0.9097096754868166,1.0,0.9014258208357999,0.3512620199173895,0.8091086019284012,0.36636876093839965,0.7714584,0.668609438085807
UZB,2004,0.7870565787601226,0.4221485591756206,0.994276279962726,0.5875107605995229,0.37955755779088435,0.2558387257924485,0.44792813209333193,0.0259373,0.16726417006186933
UZB,2005,0.7860731821448019,0.4374364795657207,0.9931281193697661,0.5950504997615851,0.38113032316774265,0.263771335260497,0.5221732522963185,0.0334351,0.16400895316393527
UZB,2006,0.7748952065467072,0.44735637896439295,0.994276279962726,0.6022203570794167,0.3618110934834581,0.2723266949614892,0.5373338983223264,0.0638832,0.18521147033850083
UZB,2007,0.7574142036128892,0.3707137505230723,0.994276279962726,0.6100476405716653,0.47872391952782234,0.2834232200034167,0.5377718735716592,0.074906,0.22549441320990526
UZB,2008,0.7196906269290306,0.5551811559089048,0.994276279962726,0.6178553235379529,0.4047039640625606,0.2937381785672154,0.5760424368981074,0.0908011,0.2597167260698767
UZB,2009,0.7071873622591585,0.5551811559089048,0.994276279962726,0.6240751534217033,0.4024563621606515,0.3026455569216201,0.5971382943908656,0.11900000000000001,0.2599630138776523
UZB,2010,0.7911741217684802,0.4237691263876787,0.995423298675246,0.6298737024131746,0.5014622796574761,0.310971030583597,0.42414495684245157,0.159,0.22768834211535438
UZB,2011,0.8137792555281604,0.4549582266788681,0.9965691777763395,0.6263128635069246,0.45867866294911064,0.31927813944341576,0.3901743331838634,0.18600000000000003,0.21450979996559782
UZB,2012,0.8080005545022194,0.46434179882279614,0.9965691777763395,0.6324176034597166,0.3557583980096833,0.3270423438742759,0.4056696847932961,0.23600000000000002,0.21732950077973
UZB,2013,0.7986441652147359,0.2433269485923309,0.9977139195282607,0.6255842370911728,0.3455234965385697,0.33498753423015193,0.42561390600744153,0.268,0.24166838806798996
UZB,2014,0.8058644193988918,0.25806794908272884,0.9977139195282607,0.6209016692340832,0.34911854971500117,0.3422185463867652,0.4428343079770878,0.355,0.2174872772642824
UZB,2015,0.8100383136678628,0.26368522714294845,0.9988575261865398,0.6215352508206395,0.3626333477197515,0.3498273614948081,0.4525429654088917,0.428,0.21222606684668932
UZB,2016,0.8104792538314776,0.2906226904822911,0.9988575261865398,0.6216353947743114,0.40965631824553433,0.35568582379567515,0.46104346063227863,0.467913,0.20917717320850793
UZB,2017,0.7783160529702688,0.32793025979462126,1.0,0.6248554072465673,0.45192249641134397,0.3594688964124485,0.4976213702214911,0.48700000000000004,0.23200330765370047
UZB,2018,0.7641115363364016,0.4069059181695695,1.0,0.6353424841908204,0.35328374842558946,0.36481358359854543,0.5689283363166857,0.552,0.18177488045738643
UZB,2019,0.7432889494829641,0.4575601632027128,1.0,0.6342280344430935,0.5080480747825913,0.3717069138085919,0.6228863678472081,0.7040000000000001,0.1985880179542172
UZB,2020,0.7503427276452321,0.5049039389860102,1.0,0.6199279656128267,0.45329897560908416,0.37124680927913756,0.6232844811938552,0.711,0.20440871501299007
UZB,2021,0.746532323311947,0.5040995219587883,0.9988575261865398,0.6191273695291724,0.4759016046660174,0.3796491407145247,0.6289129941280109,0.765904,0.2112257775527624
UZB,2022,0.7340496131929182,0.5084897832408084,1.0,0.6218460111865385,0.4759718564888461,0.38519006204715167,0.6149305006860235,0.8390000000000001,0.26363200275562937
UZB,2023,0.7251374403275649,0.5191788738511101,1.0,0.6241983067054404,0.42074357744490914,0.39111144007092513,0.6078032450505448,0.890136,0.31280877644866356
UZB,2024,0.7034328930275997,0.5117258773598621,0.9956438092953995,0.6269653470825727,0.4530505198150599,0.39739066797450795,0.6199913622323365,0.5223542,0.3370493332355502
VCT,2004,0.4562132090626817,0.5698234539950646,0.8132340099237059,0.7768683915404355,1.0,0.46199780168836757,0.2945745127150998,0.0737117,0.6760901211027908
VCT,2005,0.4808027489255582,0.5697999811902454,0.830557563657214,0.7804040396484657,0.7318825746585284,0.466061493865891,0.28336882372118266,0.0919828,0.6777420020572609
VCT,2006,0.4662713898248353,0.5762705909385353,0.8476247548637881,0.7814907827811841,1.0,0.47644106241235684,0.2868012164429401,0.12,0.6661780720048776
VCT,2007,0.4598767386634172,0.584269218075919,0.8644430605881279,0.7823906807638665,1.0,0.48181281206878956,0.33389822475732256,0.16,0.6369904796556543
VCT,2008,0.46249776319616914,0.584919655199255,0.8810196354589328,0.7879735153522125,1.0,0.4830549830216725,0.2805573726987658,0.21,0.6344242712131565
VCT,2009,0.47275403368469476,0.5948460708657006,0.8973613299636449,0.792043803135793,1.0,0.48172211632561657,0.28523972061623803,0.31,0.6271292509513029
VCT,2010,0.47014027508278,0.5969065352046565,0.9134747074464808,0.7965528720306119,1.0,0.47580702187093504,0.2863416984903917,0.337,0.6409116294251236
VCT,2011,0.47228027590210747,0.6021587258884757,0.930579450073937,0.8007676153645944,1.0,0.4757318028828196,0.2629511834096234,0.36700000000000005,0.657692436441311
VCT,2012,0.46641214129109865,0.6077857857032705,0.9462384413920546,0.804544023636907,1.0,0.47823473566040986,0.24521190776183044,0.4,0.6677612474215993
VCT,2013,0.47912110303039224,0.600226282999528,0.9628675462424807,0.8067929279139392,1.0,0.4825699322955074,0.2494203470361478,0.435,0.6659570034818465
VCT,2014,0.47944435097838517,0.5980014113204364,0.9780970756754845,0.8111645432615275,1.0,0.4850309684105759,0.2300093744876872,0.474,0.6607500564199804
VCT,2015,0.4699837204195113,0.5989196956388472,0.9931281193697661,0.8127885787922833,1.0,0.48979619316187006,0.25711158636298803,0.494,0.6514346632705612
VCT,2016,0.48558011274650603,0.5926058173232702,0.9965691777763395,0.8154978590811921,0.8476595604268449,0.4965289996259433,0.23891101034531048,0.515,0.6377814610795278
VCT,2017,0.4861323733946387,0.5863404818004139,1.0,0.8176809900258726,1.0,0.4996980103340113,0.24825585812961992,0.537,0.6341940603584901
VCT,2018,0.4963563557275348,0.5753854457977339,1.0,0.8199902650190287,0.5784495428184614,0.5052514454810074,0.24461431563854297,0.56,0.6340927850495026
VCT,2019,0.4932139504976085,0.5713092024649742,1.0,0.8235042854111989,0.7760661302804577,0.5072721363839655,0.21588522154889822,0.595763,0.6468769793087144
VCT,2020,0.5376518592607853,0.5901181316536568,1.0,0.8226244951142792,0.7751430068054508,0.5018358412331049,0.17541438845565915,0.63381,0.6307860263342868
VCT,2021,0.4326269832214781,0.5840600787729624,1.0,0.8218219396980708,1.0,0.5058064693287004,0.1869630699984608,0.6742870000000001,0.6511878274080214
VCT,2022,0.4097416583524124,0.5587910577835768,1.0,0.8208071074472123,0.7132310924867636,0.5113792264551548,0.24654117745611526,0.717226,0.6534551055859752
VCT,2023,0.3904271675412918,0.5507530332432726,1.0,0.8212712142173304,0.7321678158972365,0.5199433260320586,0.2507115372510411,0.759927,0.6737288534931847
VCT,2024,0.3583590811584231,0.5333454397853683,1.0,0.823120669462841,1.0,0.5267386452647541,0.27178337834827526,0.7252586000000001,0.6739439991956035
VEN,2004,0.3672445828318479,0.27848929581086473,0.989676763516206,0.8156139419367112,0.3701947887540916,0.38535788533712434,0.8527589364966897,0.0840447,0.16943862762359396
VEN,2005,0.3660473194329115,0.31493496820833394,0.9862150483999299,0.8186345808046811,0.39359517440875647,0.39717732041139475,0.8714710563907286,0.12553,0.1165503251700648
VEN,2006,0.3640902137207583,0.36831628060341454,0.9919788146205688,0.8128753270031921,0.29104406369770225,0.4084818803433733,0.8605577449449264,0.152247,0.1476031190758853
VEN,2007,0.3719836459032333,0.4367895368855979,0.9873701083065667,0.809702284258385,0.4071379868863994,0.418413830094318,0.8347696501367137,0.20829999999999999,0.21655774712407094
VEN,2008,0.38848362799860425,0.4175709200256105,0.9873701083065667,0.81470092766956,0.326926356481744,0.4237713192466587,0.8478990745723771,0.2588,0.20422700858156295
VEN,2009,0.4494830645827894,0.4379990699875362,0.9885240125752848,0.8172648691574373,0.26158363130394313,0.41707165652646794,0.7419646016658337,0.327,0.3508625871782658
VEN,2010,0.43898633420422106,0.3898329512191075,0.989676763516206,0.8222518374392767,0.3102221884247598,0.4129945285275579,0.8259459786861705,0.3737,0.20944249364910839
VEN,2011,0.42503380536145785,0.40741371457605563,0.9862150483999299,0.8278925045270511,0.40442003569947277,0.4170702689399123,0.8282167757797649,0.4022,0.20059672914933735
VEN,2012,0.48201014495648487,0.4403485826333681,0.9919788146205688,0.8350013003838881,0.3711101465295517,0.423192247186159,0.33878197442527985,0.490501,0.677366230771298
VEN,2013,0.5557516677848378,0.47064711384996133,0.9931281193697661,0.8369518752925686,0.33793345728033675,0.42337923261893196,0.3074316086806107,0.549,0.6460971883480158
VEN,2014,0.6067505612111143,0.4934113220383497,1.0,0.8418357284498974,0.31842667160016763,0.41596499419091104,0.26297422913806556,0.5700000000000001,0.6541704216864764
VEN,2015,0.5174054758163147,0.5850018814019587,1.0,0.8453149798933559,0.4373702971417673,0.40511655500844934,0.41688501241998,0.58,0.5738077262564163
VEN,2016,0.57569977825252,0.5669675946121286,0.9931281193697661,0.849983275808659,0.3754892815617159,0.37709813024931294,0.2781276889153862,0.6,0.6321841039001935
VEN,2017,0.37852991542599657,0.4943112762356507,0.9908283634325308,0.842108349039528,0.2672292341186271,0.35331176155606914,0.28191600457077176,0.616,0.6992980210250164
VEN,2018,0.2687330539802063,0.5428813485340344,0.9988575261865398,0.8477537009089176,0.3236986237768218,0.3251987854607098,0.5771556092501099,0.7486664000000001,0.5162518860015526
VEN,2019,0.38331122187236405,0.5428813485340344,0.9977139195282607,0.8536053291121846,0.33429202640871575,0.2825190035921471,0.5800963260346225,0.5450262,0.5291438459518245
VEN,2020,0.3842507644223798,0.4675674623571215,0.9988575261865398,0.8490353529628094,0.5125092426407827,0.2332793665247751,0.49170336959493743,0.7488556,0.5246293321900993
VEN,2021,0.38539474711849864,0.499187768258089,1.0,0.8483423980888616,0.42345698261380893,0.23571419388847292,0.5800963260346225,0.8051138,0.518967101164176
VEN,2022,0.14744921775025377,0.4666963227165775,1.0,0.8520259916731878,0.45576190113679194,0.24700626779449253,0.6594025898767455,0.7765813999999999,0.5144348288063386
VEN,2023,0.38331122187236405,0.5039426610234081,1.0,0.8555371126298192,0.2848473774732633,0.25224698517004807,0.49170336959493743,0.8995384,0.5139710290813423
VEN,2024,0.7728119975648994,0.4638928525575012,0.7402948861900981,0.8587055411243374,0.3727066101954207,0.25920285529131826,0.13788332001931236,0.25833880000000004,0.6224432935049412
VGB,2004,0.43246508938312617,0.5524929771630598,0.9710930426900379,0.6901340226062597,0.4186105456768282,0.47149997621550704,0.6748135152418484,0.34097659999999996,0.4220200847523648
VGB,2005,0.5184931683946269,0.42445402442091035,0.9722633393103699,0.73607241904483,0.4060383136886895,0.4300896092396661,0.44661281341024284,0.2199516,0.44343785703246236
VGB,2006,0.46123861370096453,0.5348231282782099,0.9746003760175901,0.7338821019392471,0.5528215655038359,0.45638518281735924,0.5423955143582816,0.28745620000000005,0.4882515641489912
VGB,2007,0.49117904968049003,0.5994175344543561,0.9757671209025043,0.6670966090504817,0.6487384612936102,0.4443776817611784,0.476975535558439,0.36410212,0.51232758805011
VGB,2008,0.5095054504051576,0.5443907470683558,0.9780970756754845,0.7378842898870446,0.45088004262113024,0.471932253607675,0.680833965300603,0.410914,0.5279886111718884
VGB,2009,0.4009323522212572,0.5569407956189897,0.9804223329558175,0.6439937271927552,0.6602190752352983,0.5392003331954178,0.538524174757982,0.36,0.5431173413447119
VGB,2010,0.44761096681130186,0.5569407956189897,0.9804223329558175,0.6336023001841611,0.6195878351428415,0.4949250972767879,0.538524174757982,0.37,0.5431173413447119
VGB,2011,0.4353370849707444,0.6925647148797024,0.9850588305383061,0.6039389314787733,0.570074187596659,0.5207390013709958,0.5512927386263732,0.374,0.5278911563309502
VGB,2012,0.3804492432133086,0.6565276806341779,0.9873701083065667,0.6196113776605334,0.4626913754598593,0.551434864965878,0.41605784652351063,0.376,0.6092433171174343
VGB,2013,0.523286698131711,0.3856945532752625,0.989676763516206,0.7299115400354397,0.5196777756056947,0.42243235535522344,0.5811178688101332,0.3565379999999999,0.47364636264582005
VGB,2014,0.5471622400138387,0.5515812923637229,0.9908283634325308,0.676127269091395,0.4281530944533258,0.4455571423227712,0.508069489604188,0.29407728000000005,0.5088205596624353
VGB,2015,0.11458283222912906,0.5978009112151748,1.0,0.8294980211582687,0.19309988711963982,0.713381279646957,0.24017321677202083,0.42360500000000006,0.7298750742113541
VGB,2016,0.28459662853981277,0.7502014307190963,1.0,0.7973368290837217,0.6036576640235521,0.7196902356378961,0.2523815944816163,0.7770140000000001,0.7964368573399572
VGB,2017,0.0822710141769212,0.7502014307190963,1.0,0.8682534187161515,0.4983841452213952,0.7594728804445873,0.2523815944816163,0.777043,0.7808893827265985
VGB,2018,0.11458283222912906,0.5978009112151748,1.0,0.8294980211582687,0.19309988711963982,0.713381279646957,0.24017321677202083,0.42360500000000006,0.7298750742113541
VGB,2019,0.11458283222912906,0.5978009112151748,1.0,0.8294980211582687,0.19309988711963982,0.713381279646957,0.24017321677202083,0.42360500000000006,0.7298750742113541
VGB,2020,0.11458283222912906,0.5978009112151748,1.0,0.8294980211582687,0.19309988711963982,0.713381279646957,0.24017321677202083,0.42360500000000006,0.7298750742113541
VGB,2021,0.11458283222912906,0.5978009112151748,1.0,0.8294980211582687,0.19309988711963982,0.713381279646957,0.24017321677202083,0.42360500000000006,0.7298750742113541
VGB,2022,0.11458283222912906,0.5978009112151748,1.0,0.8294980211582687,0.19309988711963982,0.713381279646957,0.24017321677202083,0.42360500000000006,0.7298750742113541
VGB,2023,0.11458283222912906,0.5978009112151748,1.0,0.8294980211582687,0.19309988711963982,0.713381279646957,0.24017321677202083,0.42360500000000006,0.7298750742113541
VIR,2004,0.09319806283232404,0.8496779888590368,1.0,0.8617740027418233,0.41396126906427944,0.7510008163402307,0.5659856716215861,0.27377,0.6194808693746698
VIR,2005,0.47214365141598724,0.8110748340211072,1.0,0.8629995507099966,0.44223033859896577,0.7559912553007081,0.4472482290545067,0.273443,0.5923700292346035
VIR,2006,0.4380884997495462,0.8206405164733667,1.0,0.8647958462269756,0.49448999305944097,0.7611043803077103,0.38187501737987906,0.273326,0.599464011117794
VIR,2007,0.4235126109287413,0.8434096779796644,1.0,0.8661991822573198,0.3948887513136373,0.766855248899322,0.3773318540192589,0.273393,0.6195274064249501
VIR,2008,0.33103120308521994,0.8415180818809512,1.0,0.8687879290525267,0.3459911050454062,0.768533123345195,0.3893781557355669,0.273618,0.6484517080690717
VIR,2009,0.46979627424540454,0.8367616596031284,1.0,0.874174618005211,0.6020595203348937,0.7586206069703142,0.45705145608791115,0.273965,0.5809498614141477
VIR,2010,0.46979627424540443,0.8367616596031284,1.0,0.8769295000183281,0.5942465247669217,0.7595466839534476,0.45705145608791115,0.3122,0.5809498614141477
VIR,2011,0.020345965710967823,0.8618100138365502,1.0,0.8820789051830982,0.5045707962117493,0.7472103332124106,0.5500628135281309,0.35600000000000004,0.5891266452539948
VIR,2012,0.03852652984760256,0.6855658734023498,1.0,0.8882572834122562,0.4467089350136269,0.7240761018780989,0.17560604409082803,0.405479,0.8115099652066077
VIR,2013,0.07543006006299591,0.591866250399573,1.0,0.8927578732955541,0.41911100006563495,0.7148507907853928,0.3745713495085966,0.45299999999999996,0.623261858125306
VIR,2014,0.11649692855619351,0.6264147468801562,1.0,0.8958031814530876,0.40620202145559503,0.7124655853803888,0.37233098633286177,0.5007,0.6392223821363673
VIR,2015,0.20498119944693602,0.5833403983720109,1.0,0.8986453338075968,0.40620202145559503,0.7120761553435885,0.3745713495085966,0.5483910000000001,0.623261858125306
VIR,2016,0.10376648527673264,0.6106455649164465,1.0,0.9011151372006383,0.41911100006563495,0.7146458823281249,0.4360638776529305,0.596083,0.6013242351526503
VIR,2017,0.10994308417437396,0.6127447602686291,1.0,0.9047884683848646,0.5354372820730683,0.7138922275248961,0.3745713495085966,0.643775,0.6265839527281016
VIR,2018,0.15054218170086753,0.5257430877299007,1.0,0.907534955189814,1.0,0.7169727850064552,0.4808097249954417,0.9206326,0.5103110001263137
VIR,2019,0.1425074218603529,0.6309526338470521,1.0,0.9101112250115522,1.0,0.7215853100502804,0.6601690839111403,0.9017294,0.527169412096235
VIR,2020,0.2637872876456926,0.661754726281593,1.0,0.9134385370666385,0.8,0.7197386437632959,0.5794802663168744,0.9120198,0.5025550141601576
VIR,2021,0.030082675368793187,0.6588917213096831,1.0,0.9101293599735736,1.0,0.7255418585800691,0.48930523166907314,0.8888344,0.5215377887192996
VIR,2022,0.2658050750628951,0.6588917213096831,1.0,0.9127425602153365,1.0,0.7242538642072641,0.4835667378272655,0.8100617999999999,0.5081642704479191
VIR,2023,0.13827030677659988,0.6152078804802021,1.0,0.915015380459065,0.06544906695557136,0.7051618070021306,0.31055427290519333,0.40099999999999997,0.764967678037744
VIR,2024,0.17264073151387943,0.6814295780484664,1.0,0.9175124212001311,0.8234146339922166,0.7616086067521229,0.38576177914702864,0.7039685999999999,0.7048710172757089
VNM,2004,0.7429315342297578,0.6366923798435187,0.8923577333070547,0.25178279728154074,0.5146686670277072,0.26015857534602904,0.7346525227069998,0.0764241,0.18578405557077549
VNM,2005,0.7151573193712756,0.6431456710048915,0.9545829641422525,0.2885541462610717,0.5046673877940187,0.2693669374891371,0.7086278709176463,0.127399,0.2849288156107841
VNM,2006,0.7083275335733572,0.6603138890881868,0.9533945794720617,0.32544814736285055,0.5193491871273649,0.27723380923565444,0.7144256601902066,0.172546,0.2873729186360503
VNM,2007,0.707459446085692,0.7200895983057753,0.9183877168796499,0.3337370136914388,0.8472672986208709,0.28466039408183985,0.7134957240136748,0.20755400000000002,0.29032284074405945
VNM,2008,0.727886974998722,0.7128141806817676,0.9269354431866335,0.33528899526175415,0.9128885355600602,0.2899991703432173,0.6948992608733258,0.23920000000000002,0.28370587864008545
VNM,2009,0.7136074314024138,0.7617215226949632,0.9545829641422525,0.3389285057363387,0.7505655336312655,0.29545545793110206,0.698984689858712,0.2655,0.30264618447011093
VNM,2010,0.6639243803317763,0.7319642470619645,0.9699215573476945,0.31984368335722024,0.6377121117199014,0.30282734631581676,0.6382562107128256,0.3065,0.2442867319197095
VNM,2011,0.676462308315815,0.7048443666580808,0.9885240125752848,0.33530618090077713,0.5641808551015455,0.3101748990565,0.6607744800524868,0.3507,0.20665760329775118
VNM,2012,0.6756368928728308,0.6923342246588766,0.9757671209025043,0.35480404060388526,0.5624528936080332,0.31625058955413043,0.6785518861216877,0.368,0.21137748272112367
VNM,2013,0.6615907159740754,0.6981404066095946,0.9827429116469135,0.36511543781233735,0.5550482762728908,0.322380212199482,0.6746459789521999,0.385,0.24245659986671075
VNM,2014,0.6566090096067561,0.7050047893124347,0.9908283634325308,0.3690232681058392,0.5404910383381496,0.32965003867946974,0.6708273245674565,0.41000000000000003,0.2506089837782248
VNM,2015,0.6504392909713338,0.7320772304391627,0.9919788146205688,0.3872387120798204,0.6049879913160162,0.33765119399861343,0.6563171381106543,0.45,0.2772038596976958
VNM,2016,0.6401029204492064,0.7519198949640551,0.9908283634325308,0.38960959157451125,0.6029695640878309,0.34521972822851177,0.6541539924202886,0.53,0.2907542374059986
VNM,2017,0.6253610679657505,0.7631131475664623,1.0,0.40166596203795235,0.6101669992179375,0.3531510367326448,0.6720979252981323,0.5814,0.28517113140675754
VNM,2018,0.6144470272491019,0.7658804364688268,1.0,0.42695533783970907,0.6093076856499428,0.3619906859321368,0.6877774177648655,0.698479,0.27674775716943056
VNM,2019,0.6049019923927931,0.7716190856859639,0.9931281193697661,0.4319503814764345,0.5977750227118288,0.3708901548510629,0.6912587559990493,0.6866160000000001,0.28287688525457577
VNM,2020,0.6206157228145528,0.7865183455912066,0.9977139195282607,0.43912937430884824,0.5806777499219488,0.37364403018679837,0.690467352288199,0.703,0.269703355486532
VNM,2021,0.619700481044941,0.8027619096523033,1.0,0.4633103741795277,0.5621159620835896,0.3760425100754875,0.6990283642625008,0.7421,0.257680232996055
VNM,2022,0.606681605516242,0.8039727466632116,1.0,0.4316134110717824,0.5657817334002575,0.38684202335362305,0.7131229984073164,0.7859,0.2551067925399524
VNM,2023,0.6063364881332572,0.7548727920688789,0.9977139195282607,0.48916290313262145,0.5615253923361184,0.39303800228814756,0.7015125631858148,0.7808,0.2792907174422581
VNM,2024,0.6063702191972545,0.7291182371050372,0.9928913957161086,0.49296801697178205,0.5595645813870838,0.4020644034025199,0.7022929365010206,0.8415,0.28063596734960106
VUT,2004,0.7609577697651004,0.5512379887147827,0.0,0.44468364009202244,0.6377872702788626,0.336416778804126,0.0,0.047466,0.6017229097708796
VUT,2005,0.7477625348337866,0.5712445371588364,0.0,0.4475187817184363,0.5023740861870889,0.34039934500365077,0.0,0.0508233,0.6175992145624671
VUT,2006,0.7341710173094248,0.5653443418644897,0.0,0.4500853392078046,0.9275768355853848,0.348672781664337,0.0,0.058505900000000007,0.6340831012006847
VUT,2007,0.7338914841576547,0.572222468498742,0.0,0.4503226090958745,0.7144707172819649,0.3492335153664238,0.0,0.068,0.6140569563232252
VUT,2008,0.723400657352242,0.6224876651964673,0.0,0.45061140697925106,0.6992816852778655,0.3535021616129702,0.027737796435550743,0.0726912,0.6035283183104876
VUT,2009,0.7162210430474019,0.6585250544640859,0.0,0.454789534547253,0.6369803869468421,0.3541594256329913,0.12213113437779288,0.075,0.5999921799997057
VUT,2010,0.7179919613197172,0.6677154961919582,0.07014345671578504,0.38632611705099595,0.8963753009068345,0.35257499367335543,0.18696461229472594,0.08,0.60987782564996
VUT,2011,0.7328025765822797,0.6734167033433724,0.015150357321191521,0.4103214137076887,0.8004793656222955,0.3539125053930491,0.06999244812642136,0.092,0.6331690043685212
VUT,2012,0.7409473082829424,0.6868787192800421,0.06501754952083605,0.4334091054205631,0.8095436686931379,0.3521823597865511,0.0,0.10598,0.6406637041083889
VUT,2013,0.7399175872403947,0.6835878288364723,0.0,0.45636314158848146,0.7936290262895898,0.3496249425679355,0.0,0.113,0.6347196528563122
VUT,2014,0.7632430980948166,0.6923549828041387,0.19140285236523802,0.47551672654965715,0.39560670994680336,0.35006756584284326,0.0,0.188,0.6165191451241778
VUT,2015,0.7407964117835866,0.674681636934106,0.2628114798329628,0.49804126858451836,0.5497678615013867,0.3524794847932876,0.10336545086748394,0.22351400000000002,0.6035055580106556
VUT,2016,0.7335589976000624,0.666182473125198,0.3760745835453516,0.5218181844417069,0.6414800359770091,0.35420347726639567,0.09157594800321345,0.24,0.623867912487388
VUT,2017,0.7383182819284897,0.6573408999693524,0.47019915820672153,0.542372851644696,0.5666798849825812,0.3570853174315566,0.07793962579664226,0.308,0.5973997377921649
VUT,2018,0.7367002586990373,0.6468791481243354,0.4482998821567916,0.5620964645509638,0.5514141948313891,0.35775796301590745,0.07455835225910867,0.33988999999999997,0.5819508670010674
VUT,2019,0.735636779648782,0.6380576549074155,0.5005281490962643,0.581847927103913,0.651277848299272,0.3590048859008127,0.04692245784537907,0.375081,0.6166092610749421
VUT,2020,0.7537747626000723,0.6422125858162315,0.5488059928158613,0.5606597438311325,0.5785613341340413,0.34819697496385305,0.08284006347125605,0.41391599999999995,0.5917054782137465
VUT,2021,0.7656166512508971,0.6448749999693795,0.5935206165516709,0.55304461102136,0.578850250986957,0.34256246550225755,0.025648020099804603,0.456772,0.6440986424510484
VUT,2022,0.7677099132027706,0.6232445365141821,0.6192225653146446,0.5596272627711745,0.349993063345076,0.3465334358745277,0.0,0.456747,0.570984557915581
VUT,2023,0.7301014621398647,0.6163935854393421,0.4482998821567916,0.5625411324947254,0.33807738239040835,0.34616676125030976,0.33685083433147256,0.45731299999999997,0.5107273229544853
VUT,2024,0.6796886037571367,0.6275407078464776,0.8317079525584745,0.5665271235571803,0.45203345937986095,0.3442284902577769,0.1230364928148425,0.14369238,0.6579284070473056
WLD,2004,0.3479407175972493,0.8030174776077907,0.7448121593380215,0.522216795622735,0.4285066394837592,0.5089064074718433,0.5370119045243162,0.267,0.6525165669520834
WLD,2005,0.340934595627022,0.8045746400559464,0.7554367059590179,0.5285333066475313,0.49589257902554984,0.5128298926846436,0.5458383747525681,0.156,0.6455744115663915
WLD,2006,0.3394169895701663,0.8090883297208802,0.7646059082893641,0.5363164594078316,0.5584248963369403,0.5173403141046918,0.5547959816790424,0.172,0.6360032651332719
WLD,2007,0.34935088232890565,0.8094258070228668,0.77322418952948,0.5409042104219859,0.627454272631627,0.5217791951274883,0.5558690148629151,0.20199999999999999,0.6307458669168144
WLD,2008,0.3580436068419859,0.7950395837492212,0.7828724607721789,0.5474707784115069,0.5263480406485006,0.5229452904422293,0.5615165888189784,0.228,0.6258561809223706
WLD,2009,0.363968781923047,0.8034175215017498,0.7855937665035464,0.5549905714504217,0.4419869580657626,0.5192009614448619,0.5344506429675129,0.253,0.652820108468573
WLD,2010,0.3744906566939928,0.7937905641337868,0.7935604703917765,0.5595400270119235,0.4601294641167115,0.5238572932869904,0.5512850901094737,0.284,0.6342719976486264
WLD,2011,0.3812851017700395,0.7850029679174118,0.8079349896702617,0.5670301868845113,0.48953068975751457,0.5268555351006746,0.5609432170724877,0.309,0.6225302625558187
WLD,2012,0.38292911806514807,0.7866429906352712,0.8137211566939841,0.572505883571806,0.45685728805607584,0.5289388513151537,0.5605630680551874,0.33299999999999996,0.624697046624838
WLD,2013,0.3895557518504974,0.7907413663941116,0.8240675821612129,0.5833281191239212,0.45658929251586666,0.5312833566467968,0.5554158509224423,0.353,0.6277049812574274
WLD,2014,0.38877169712539955,0.7933773313905799,0.8304991553968977,0.5942637142822034,0.4412295859791627,0.5340102091482207,0.5518111732476167,0.374,0.6317696693568324
WLD,2015,0.39028470875607646,0.8014045363254807,0.8400938138532181,0.6047383363967049,0.5197124247234555,0.5367419150146547,0.5358795555321338,0.399,0.6487336597897086
WLD,2016,0.3875055803626903,0.8046730183718103,0.8554755141464359,0.6110708828536824,0.51399963757391,0.5390501652691208,0.5258424993504651,0.436,0.6573459353962954
WLD,2017,0.3858568687570255,0.8062501717893149,0.8661340884048716,0.6168024750546932,0.461413916818748,0.5423340963963869,0.5347785014998825,0.46299999999999997,0.6505720834916682
WLD,2018,0.3778655350698308,0.805090968638412,0.8771821845864594,0.6232983322075056,0.36435562510001435,0.5454419193085552,0.5432726579883211,0.494,0.6470523779475861
WLD,2019,0.384271428379115,0.8131310145848041,0.8811258736547263,0.6293411034807712,0.424810231547494,0.5477641765760969,0.5330292910892196,0.539,0.6555484619488645
WLD,2020,0.39986443308405273,0.8390633436888282,0.8847569825714485,0.6215063512517021,0.371473808164828,0.5420687639936924,0.5218638456408202,0.601,0.6635428550675879
WLD,2021,0.3962620126589797,0.8346069908539839,0.8965405587374002,0.6222647681237055,0.44931627767121063,0.5498810425654305,0.5427831402374736,0.638,0.64572614224303
WLD,2022,0.3944995142806408,0.8277768387325308,0.8959663898209955,0.621569686781815,0.4057797018956138,0.5534787916299321,0.5448671888050636,0.67,0.6211408760212569
WLD,2023,0.3870090025435011,0.8313497078773842,0.8998447664600482,0.626466738706513,0.3403269555998964,0.556349331047194,0.5270058689294566,0.6920000000000001,0.6323119539445266
WLD,2024,0.38335812651782836,0.8416151756785741,0.9591622312562087,0.6311063935683334,0.3714815592123914,0.5590664223696097,0.5149582772491585,0.7120000000000001,0.6430476788456969
WSM,2004,0.6040769113996993,0.5707795261319575,0.8860725557883269,0.558778555059301,0.3236186562043927,0.38351786135431143,0.6283831871847263,0.030755300000000003,0.5438620179109734
WSM,2005,0.6176492757574489,0.5707795261319575,0.8936106690309069,0.5745959365416908,0.33539203331223677,0.3922795049126043,0.6162318088919514,0.033525900000000004,0.5446636656170472
WSM,2006,0.5895228848029354,0.5609270065720473,0.9581407887231839,0.5915119845729442,0.5694737115621351,0.3947749275032252,0.6126113207015329,0.0446917,0.5704521973176777
WSM,2007,0.5830495790887699,0.6391131207106377,0.911010332106331,0.6146743807223003,0.3614261030016409,0.3946735826575368,0.610785852220268,0.0474998,0.5761505041969417
WSM,2008,0.5696997175100523,0.6309018376024755,0.9780970756754845,0.6287417344055375,0.7497754649868682,0.3987073812676526,0.6011648105854694,0.050316200000000005,0.5920729895662391
WSM,2009,0.5944725658256721,0.6303037656825676,0.9757671209025043,0.6426938097041544,0.3862833500457395,0.3968497753338226,0.45149375974818207,0.06,0.6875002342521417
WSM,2010,0.5721138627661797,0.6486183311142331,0.9581407887231839,0.6581349067903277,0.2872396121410821,0.4043369326451861,0.2516846334019538,0.07,0.695932708047486
WSM,2011,0.5402688169004409,0.6541448259960321,0.9616876717453318,0.6712336899999243,0.4168876887172809,0.4085530186771026,0.28225064297509417,0.11,0.726690472597677
WSM,2012,0.5461030434984044,0.6595202375105862,0.9628675462424807,0.6760470086856336,0.45970856664661797,0.40170871343188297,0.29822460656751737,0.129225,0.705334555564209
WSM,2013,0.5549207276990253,0.6684585933399365,0.9652236803006815,0.6784944817868577,0.39653424669958026,0.40056294608491216,0.26331288379538,0.153,0.6975144913320181
WSM,2014,0.5457879109609979,0.6843109789904762,0.9757671209025043,0.6864553787304812,0.47067613086100213,0.4002284130935515,0.2652654221952959,0.212,0.6863338674172752
WSM,2015,0.5296356048122269,0.6820702571423305,0.9792602903180887,0.6899093985065474,0.4961825449620543,0.404450874620805,0.24279037218843835,0.25407,0.7122280165267258
WSM,2016,0.5376929244189673,0.6926541565338695,0.9873701083065667,0.6911449197596258,0.3034592821065017,0.4143686231448974,0.2397762828135468,0.317,0.6902304603885003
WSM,2017,0.5670413937629841,0.6983968818048394,0.9628675462424807,0.6949012961330938,0.35179939719986053,0.41503528805383605,0.19814789244978037,0.394,0.6824643102245571
WSM,2018,0.5498218980843252,0.7092483474340494,0.9977139195282607,0.7017263207733073,0.40784226699345383,0.41262482088161645,0.14332670139225145,0.431336,0.7149482647415786
WSM,2019,0.5488067043311822,0.7138339798792923,0.9908283634325308,0.7034642566998008,0.268489291369116,0.41741741770971397,0.15269982722675057,0.472211,0.7074044415197975
WSM,2020,0.5587865544355174,0.7236115893677553,1.0,0.6953637060429467,0.3171724410690453,0.41134487800677333,0.11910873080249407,0.5169590000000001,0.7133029046401584
WSM,2021,0.5618283953277776,0.7428357224234401,0.9804223329558175,0.6939893233921604,0.3517627887891531,0.4025833036012384,0.12247714152608569,0.5659470000000001,0.7211554105531315
WSM,2022,0.5546848615958339,0.7284666487198939,0.9804223329558175,0.698272194486846,0.31914103986767584,0.40483403820488884,0.10762936514640953,0.573288,0.7477108515647002
WSM,2023,0.5658691661809272,0.6881952943683469,1.0,0.7009469906249723,0.2989433639284444,0.4244697876169089,0.07383914953500126,0.581386,0.7295231539289833
WSM,2024,0.5645682747335368,0.6752880011200018,0.9915106304198613,0.7033452166874428,0.3047281234271586,0.43029706963605474,0.096243260011317,0.5863308,0.7122764605265974
XKX,2008,0.5949346145420767,0.5299039691628422,0.8109393758251203,0.5037761443437864,0.9672062651194211,0.3357261576648817,0.541023577009802,0.5819604,0.3325818426157028
XKX,2009,0.5284095703624265,0.5452127961359012,0.8052060739013738,0.6592345441160744,0.8070929651118197,0.3433526220939863,0.5577336203931125,0.0450256,0.36783615162842187
XKX,2010,0.5569783650669136,0.545099646913852,0.6817013196948281,0.7113647741752975,0.8808120478153003,0.3508303932416187,0.540984104094552,0.06031952,0.3498171821821092
XKX,2011,0.5246902063190254,0.5438904858611617,0.6711837427644181,0.6592345441160744,0.8333903036645873,0.35946317590570354,0.5494101255991501,0.05178309999999999,0.34018465778475937
XKX,2012,0.5060391003404092,0.5405740994337027,0.8070903160359026,0.5724514177564448,0.593491913745176,0.3607028982432049,0.5492981194077631,0.38068544,0.36326132666236566
XKX,2013,0.5323730537993555,0.5335600415718951,0.8088801996289698,0.597875154681259,0.6429730058790597,0.3673732109702975,0.543596908174169,0.1353182,0.3675160308428027
XKX,2014,0.5289890592170804,0.5354167080863474,0.6465775444868864,0.6534899078053301,0.4679048831955298,0.3725794006291011,0.5314920583126519,0.3647872,0.37209750793327023
XKX,2015,0.5124930986726379,0.5370845819258407,0.8088801996289698,0.597875154681259,0.6389397890680738,0.3828963755899123,0.5392235000733887,0.4624732,0.3645592297464155
XKX,2016,0.5257051507581351,0.5465857465272721,0.6842547040958941,0.6919336174781074,0.5214346754151395,0.39163639887491464,0.5376943986176117,0.40627320000000006,0.3383239885349498
XKX,2017,0.5049995747082195,0.5612799847248471,0.9933486118104564,0.6637525145266645,0.5439812519976852,0.39738179489588343,0.5496349658423587,0.8389360000000001,0.34088687183270894
XKX,2018,0.4787177607254341,0.5755289712575442,0.9910534143255134,0.6878305633758577,0.5471419632997498,0.4017525378558807,0.5563054857073026,0.89443,0.35627336770420914
XKX,2019,0.5001279772144256,0.5861767237544298,0.9933486118104564,0.6021822597174411,0.5188770022482796,0.40916004294188213,0.5418299245945342,0.5264532000000001,0.3607071221579661
XKX,2020,0.5036713118707223,0.6083302041413854,0.8099204980900039,0.55044948150527,0.6168136526397636,0.4010931203925002,0.5501793034840874,0.4044532,0.3830538323999968
XKX,2021,0.49082118518803475,0.6047437208996127,0.8099204980900039,0.600705048998259,0.6303379752427258,0.4162361212976128,0.5482503496646007,0.4798532000000001,0.3500843458914189
XKX,2022,0.5045421814846422,0.6132094491519526,0.8080825166994087,0.6411246387095362,0.8156290493939284,0.42378494810178513,0.5446125569033573,0.20327122000000003,0.3464673092454884
XKX,2023,0.4996002177993353,0.6232830048115074,0.8076216465279595,0.6487956891662311,0.8489229902531255,0.43675875053290525,0.5283493989643251,0.3315702000000001,0.3631605072059245
XKX,2024,0.5029057635663654,0.6450885926712613,0.9910497602484121,0.7017645660229583,0.7837532470797804,0.4510731580406807,0.5182640487162322,0.31562142000000004,0.3464346031227432
YEM,2004,0.6163869390158431,0.19058819913867459,0.20285604698710724,0.6267629327110948,0.35140097545926274,0.31372863564462283,0.8197268569056013,0.00881223,0.13398266579261753
YEM,2005,0.591646829956077,0.18437274314147611,0.3156771603719273,0.6384360382051031,0.16653193696104313,0.31713016677386785,0.8567004048433369,0.010486,0.07383354305339207
YEM,2006,0.5838779172524279,0.1836348420219968,0.3361630847694208,0.6505395354602133,0.6667090562424793,0.3169423258246752,0.8608537152452931,0.0124782,0.07259406440629945
YEM,2007,0.577973447862942,0.21702000810894784,0.36424548271673185,0.6597361175058398,0.5597537242880883,0.31700776391784713,0.8641186678014416,0.0501,0.07107290728571103
YEM,2008,0.5732829816464918,0.20500896359728976,0.38778358990618145,0.6673064208317427,0.6599838790904875,0.31754504505410697,0.8666406268302316,0.0689,0.06988966212337466
YEM,2009,0.5694664009147484,0.2057943660071857,0.4108509032446692,0.6734190695854809,0.3174798049445705,0.3184104432063374,0.8686474968023239,0.09960000000000001,0.06894242001735496
YEM,2010,0.5662998866641673,0.1652268057704802,0.4334658870468653,0.681829754301789,0.3237428837600835,0.32462148141679104,0.8702824061256491,0.1235,0.06816719672168636
YEM,2011,0.5636301671605813,0.12414703025816037,0.45564594024321803,0.6841484617691709,0.18104284370852447,0.30046504601458734,0.8716400018018535,0.14905,0.06752103464653203
YEM,2012,0.686356100914719,0.10793902535451622,0.2649732934375644,0.6888651166037496,0.2814033340110944,0.2994887145162902,0.7290017453379487,0.174465,0.214535824393272
YEM,2013,0.6953899386538615,0.14420205002315628,0.6810779894665027,0.6928289596351442,0.2625123782448837,0.3019046894439775,0.719605400673879,0.2,0.21584998960114676
YEM,2014,0.695282578710951,0.3309665582010223,0.5283624344414601,0.6972119709999136,0.24892758467451123,0.2971788907502847,0.7307247460685597,0.2255,0.19605326926234445
YEM,2015,0.7255683557405138,0.36292372196436173,0.5504933774919492,0.7001378538287715,0.2816528449819346,0.24512263662644485,0.6505730675337948,0.240854,0.27171485833918174
YEM,2016,0.7750003708183811,0.2867041852378851,0.5755123026029771,0.7027059086269465,0.16744294944908414,0.22648940157544473,0.5201248556737801,0.245792,0.33347123925732314
YEM,2017,0.7915072761570328,0.3009610163124315,0.7340462006920854,0.7058866684640095,0.21859514243300693,0.21457163275729674,0.5205318394016407,0.267184,0.29603257252274506
YEM,2018,0.8062560333960529,0.3544342543464847,0.45564594024321803,0.7101908283779297,0.1990504431423655,0.21136541979449308,0.5114624503159788,0.297182,0.26930155027652614
YEM,2019,0.5852971394947388,0.43397235349496877,0.6381299923746138,0.7135914265328256,0.5573018897300314,0.40049646254782434,0.3788984110975668,0.46167199999999997,0.5558787239314399
YEM,2020,0.5497182132263315,0.5577160322866699,0.6551936518831001,0.6954763315154486,0.4783538785168678,0.4348735026920666,0.5459938828500037,0.13815200000000002,0.44358369231037376
YEM,2021,0.6379869129063056,0.5507061735593305,0.6704899930813193,0.6897690343164822,0.3815129636337965,0.3618527136853752,0.3737830343792087,0.4808854,0.5531137412529429
YEM,2022,0.5164618429418742,0.4520252699140966,0.6870849156516821,0.6942810868490468,0.4012812773563968,0.4183178808259379,0.4571345551175702,0.4725466,0.5499291013845459
YEM,2023,0.5831168062528638,0.48671883024187873,0.7956462745342856,0.6987760764963573,0.4931589735321003,0.4647468486705998,0.3668408447063693,0.49848099999999995,0.5196556951754032
YEM,2024,0.39681659105899936,0.5961098411439318,0.9691590970828298,0.7029661557567302,0.5714555199718142,0.5154937196353165,0.7616338929656807,0.5380556000000001,0.3616030831349888
ZAF,2004,0.28990517026703494,0.7812545931489605,0.7540053898886976,0.7909315231282261,0.30186581754610076,0.4391454417338997,0.5275749213684424,0.0842512,0.6211916484457856
ZAF,2005,0.2659110505543055,0.7991551356846116,0.7568287137475238,0.8086182470032006,0.43095911768620787,0.4451393534924323,0.5222299894552587,0.0748854,0.6228078913731463
ZAF,2006,0.26325753629705734,0.8276702485493075,0.7554179157485166,0.810371623321783,0.2973704868654244,0.4515698493883026,0.5002299119311806,0.0760714,0.6347006228246777
ZAF,2007,0.2859728351562581,0.8330716406182734,0.7736250380856884,0.8126069412590526,0.4127198181171202,0.4576171967896342,0.5086316448721628,0.0806538,0.6243438273212716
ZAF,2008,0.3008850758748295,0.8057353931539672,0.7722346494659673,0.814643887880055,0.48751645010069544,0.46050265280777924,0.539193313100909,0.0843,0.6071550909809065
ZAF,2009,0.28904956545129534,0.7969834757570777,0.7819323529004123,0.8239852799049827,0.4344965864302368,0.4565201782764484,0.5171391601883064,0.1,0.6365875930955398
ZAF,2010,0.2676567769101855,0.8024234982221607,0.7846882137585593,0.83066730591473,0.3416102959859303,0.45914938612954714,0.5088008342164188,0.24,0.6453607826411529
ZAF,2011,0.26270328614188154,0.7930499081013069,0.7956462745342856,0.8370807782388416,0.34281276116464837,0.46188243315335853,0.4998479509741358,0.3397,0.6462745533470042
ZAF,2012,0.2573813789262043,0.8043395809324625,0.8172549107554259,0.8411272688680405,0.3533258034276371,0.4631787706733069,0.49257478885143846,0.41000000000000003,0.6457601845766274
ZAF,2013,0.25335348131402363,0.8076226282176631,0.8172549107554259,0.83937254730826,0.41766738611608734,0.46434340009708375,0.4942143605308056,0.465,0.6423300053874925
ZAF,2014,0.2690308987966085,0.8107678644713376,0.8265828536220159,0.8429966874656283,0.3828983347438381,0.46396964095675586,0.48933847108211226,0.49,0.6417547464618023
ZAF,2015,0.2771475551481052,0.8079270140741475,0.8185921018853666,0.8315177662071376,0.31257376897786043,0.46295848653082927,0.4778168681147805,0.519191,0.6429990131634158
ZAF,2016,0.2900777367273061,0.8029007036223044,0.7997288530287223,0.8360045284067272,0.3285753515827534,0.4625547603592891,0.47883751946860587,0.54,0.6404045505094942
ZAF,2017,0.29557410910736914,0.8076243989491376,0.8065011990904596,0.8384699837958136,0.3191427931153592,0.4632767567006352,0.4753342716246489,0.561674,0.6461139087491752
ZAF,2018,0.27910999349650273,0.7919451617208642,0.8105456002672922,0.8410071487830808,0.3734594199884212,0.4630770769187357,0.47382969297254807,0.624,0.6450590610384532
ZAF,2019,0.2552581039168404,0.789689490385078,0.8145758683884843,0.8470623063407419,0.369540734600849,0.4610597007453968,0.4755684471846029,0.6969690000000001,0.646344229107402
ZAF,2020,0.30129670761649335,0.7737120117871801,0.8797529387688607,0.8543088871526558,0.3447451241449037,0.44946394312021154,0.4697615718023156,0.721128,0.6499245608372686
ZAF,2021,0.29310944365768654,0.7388343675746125,0.8708468928117483,0.8569546087743425,0.9140561414180535,0.4541137239480627,0.5010363024085434,0.749686,0.6242041998034584
ZAF,2022,0.30309650524606063,0.734929648297614,0.8345186226865859,0.854472404814913,0.431537287722655,0.45501831533076753,0.5026153760320176,0.754556,0.6175700107613786
ZAF,2023,0.29838116859984387,0.732011629300849,0.8502282034193538,0.8590362105178526,0.34992963929079196,0.45425601948535343,0.4944549658768904,0.756592,0.6238690178541315
ZAF,2024,0.3163080876694657,0.7848351515467236,0.886701256137821,0.8576492826670234,0.3218252315624955,0.45321670644492296,0.4894428075307271,0.6238788,0.6276612713051777
ZMB,2004,0.6669032595013646,0.23695139901750148,0.0,0.0003871884440029838,0.664847044587086,0.18428549586238663,0.5162551841608196,0.011000000000000001,0.4042833366867975
ZMB,2005,0.6521868012337105,0.2613032781039712,0.0,0.0,0.56282445386286,0.18962730268450256,0.5375354170280542,0.013000000000000001,0.40692290201850057
ZMB,2006,0.6300459726904234,0.2366920597619052,0.0,0.0,0.5981690061102454,0.19566256313080976,0.5978353620777836,0.016,0.38080715941777665
ZMB,2007,0.6108164018724654,0.53247678692869,0.0,0.0022764971883098006,0.896948738283391,0.20217981738043977,0.6215210492083325,0.019,0.3796892262687752
ZMB,2008,0.598656067132061,0.3526214267762066,0.0,0.0071992525453115075,0.6250716073408777,0.20786447886879966,0.6072720656608588,0.022000000000000002,0.40821083863961727
ZMB,2009,0.6005399642197596,0.265695984149879,0.0,0.08219733268750984,0.5790128689135794,0.21552307909679913,0.5950774577558096,0.025,0.4521052904569829
ZMB,2010,0.5561586161292796,0.4391974048286487,0.0,0.15716737630737,0.8393587320202056,0.22471805309893,0.6265288084653613,0.03,0.4730933507426265
ZMB,2011,0.5612995145466725,0.3223499693683905,0.0,0.2265946129129961,0.5915330156914801,0.22775580232046055,0.6588461100683773,0.035,0.432050147690906
ZMB,2012,0.5538754101153015,0.35317527665019893,0.0,0.2986510384085501,0.7258717852884752,0.2336736025967242,0.6230621410363237,0.040999999999999995,0.4794858196657099
ZMB,2013,0.5271308203195828,0.3526155471050429,0.0,0.2974203408382863,0.7714239094823774,0.23618452704626003,0.6313118376212392,0.048,0.4785642377292363
ZMB,2014,0.4864566418141667,0.36894908542300714,0.0,0.30055809587288307,0.6455664896093839,0.2382359156252506,0.6370907633910814,0.065,0.48471493058223647
ZMB,2015,0.4237576921694672,0.39988375733824816,0.0,0.3065646015764516,0.7686965261629791,0.23788548663998588,0.647549739004496,0.08800000000000001,0.5279398463379223
ZMB,2016,0.468936083024683,0.34756255055635094,0.0,0.3108541001072975,0.48983677554696364,0.2387445038172079,0.6649528969916696,0.10300000000000001,0.4956075657090424
ZMB,2017,0.38220067763098325,0.3401319428913661,0.0,0.3152273178873517,0.5625946562850914,0.23932120385630629,0.6978808293385823,0.122,0.4612073121505329
ZMB,2018,0.34735195168544114,0.3410841037348776,0.0,0.3328209322077522,0.3850454066627139,0.24069804887141244,0.6594282557014128,0.14300000000000002,0.4966093018465636
ZMB,2019,0.31939006483921295,0.35005802978001194,0.04166479447308813,0.39257319999308127,0.4370180559311809,0.23847789775829675,0.6658609017686619,0.187,0.5023877370644838
ZMB,2020,0.3262005175663366,0.3437323168801069,0.0828594313977371,0.36900493547721513,0.37200258533806285,0.23016855899116495,0.7345174883969658,0.245,0.48754528617819437
ZMB,2021,0.3278922228223536,0.28358379073313383,0.13478646868789568,0.36531290319279863,0.40012824842269784,0.234857763966268,0.7540877156399364,0.325,0.4415636628913444
ZMB,2022,0.3333771467465555,0.31112155231272093,0.16108107791186477,0.40413447658901935,0.2694895490002218,0.23821756088364887,0.670622895980352,0.15,0.5171889783254833
ZMB,2023,0.2768629214237204,0.42481643905254796,0.2365486246510402,0.4023494411997235,0.43530869323859656,0.24174920130707955,0.6681761623673839,0.33,0.5371836075744776
ZMB,2024,0.31771244383525893,0.03605629518539608,0.0,0.4118280238297629,0.8908485734939613,0.24310844540747578,0.6701063354610193,0.056742459999999995,0.5428944381828584
ZWE,2004,0.700178915619786,0.3684509006366156,0.0,0.22805598881825517,0.29376864870948705,0.22251089860927198,0.4908686563178606,0.021,0.42239502791398253
ZWE,2005,0.6884539543604687,0.3407306141120003,0.0,0.1940359374284928,0.4002054432882471,0.2126099706788328,0.5308029462446657,0.024,0.40199639919823316
ZWE,2006,0.7143533763999477,0.33255765866407816,0.0,0.16424801796778965,0.3318143894202857,0.2057343320469528,0.6019077721337858,0.024,0.3320794089857908
ZWE,2007,0.7364439086716321,0.33183995044184067,0.0,0.14620469414545423,0.3687084623612809,0.19842635258332597,0.6298848796257794,0.03,0.32334946362935924
ZWE,2008,0.711831262992475,0.2719075135690539,0.0,0.1202440497708488,0.3600307555216424,0.16848969173364747,0.5992295786239528,0.035,0.39954164014338067
ZWE,2009,0.5846538958363452,0.1904935805373939,0.052102216118142586,0.16568494652207622,0.3546811377972443,0.18451852442472105,0.429196760047617,0.04,0.5073738279473923
ZWE,2010,0.5604384983346864,0.3200610585323446,0.0,0.21525347752717083,0.35024000009050593,0.20822504232316408,0.411894647921607,0.064,0.5527088603854429
ZWE,2011,0.5382376267781804,0.3912853538382622,0.0,0.2194711467381476,0.4428340517362625,0.2249038671023772,0.4351281823678219,0.084,0.553667521445981
ZWE,2012,0.5223796097011504,0.4039051903645628,0.06758335084687328,0.23966548945385768,0.41698520218016666,0.244907210625387,0.5093212142152113,0.12,0.5100727150734605
ZWE,2013,0.49740160042148607,0.38844671190715935,0.0,0.23046687916860686,0.4111258179687465,0.24572246622701488,0.47919415736707505,0.155,0.5601618439790976
ZWE,2014,0.5401665996788114,0.39381669880513664,0.0,0.2297883462347996,0.44176969750794515,0.247140359021221,0.47754510906846037,0.163647,0.5490502912601074
ZWE,2015,0.5286329810540373,0.38366824468234956,0.0,0.23616379705341695,0.4140940084533852,0.24775574730271266,0.44907022249517636,0.227428,0.565028201584175
ZWE,2016,0.5178304691163447,0.3690775705610921,0.028483768486296412,0.23679366211617436,0.3926009707017699,0.24683427933806723,0.44380277075395225,0.23120000000000002,0.590932842423121
ZWE,2017,0.500394437485335,0.1499812962823419,0.06758335084687328,0.24081158491980936,0.3231929695170561,0.25145132228267875,0.6231396642091978,0.244,0.5078205217609004
ZWE,2018,0.5024474366830637,0.1506456382843676,0.10291780167712705,0.2540539581580652,0.36290907071046985,0.256384920114319,0.6080131243348328,0.25,0.5242587940439289
ZWE,2019,0.7521393509648773,0.05349409334253069,0.13478646868789568,0.2531576192789644,0.33273137422826327,0.24462737715717597,0.7193604618779803,0.265883,0.10819616472383675
ZWE,2020,0.7326705169682395,0.06407891191224713,0.2714345272573535,0.30894344998935575,0.31463981250688405,0.2304143910640316,0.7373905265300222,0.292986,0.11417649818477349
ZWE,2021,0.7395406115414153,0.11242498171697757,0.189098501507992,0.3810906843440085,0.3214538189081766,0.23970104330857522,0.6927625626321261,0.370967,0.17876924892652157
ZWE,2022,0.6872939671566369,0.1505161550056262,0.21419662233561887,0.4067994329286124,0.33779333511854265,0.24586866525128193,0.805834979586312,0.378861,0.0
ZWE,2023,0.5994372938304192,0.17094542159519394,0.45564594024321803,0.3858383045355991,0.3936360789345531,0.25099719820726596,0.6416848581231975,0.384266,0.4176699117536873
ZWE,2024,0.5387796216222347,0.13927853520547867,0.01657188627954742,0.38999303552280384,0.35694024672199115,0.2509201824570567,0.6665690536465871,0.12677566,0.4358535412953435
