Country,Year,Agri_GDP,Credit_Private,Elec_Access,Emp_Services,FDI_GDP,GDPC_2015,Indus_GDP,Internet_Usage,Serv_GDP
ABW,2004,0.0014283931157615,0.596288247713344,1.0,0.9070760765675656,0.0,0.6936817281669146,0.281120751621256,0.23,0.7964445933283077
ABW,2005,0.0013725025958358,0.6060566281212814,1.0,0.9042974448234712,0.0,0.6893638623592301,0.3022841221524048,0.254,0.7857668186326537
ABW,2006,0.0014146714788744,0.6053131660597237,1.0,0.9042974448234712,0.8645621542230044,0.6883832817561321,0.3409611059803384,0.28,0.7644691640816492
ABW,2007,0.0014922024970244,0.5960339053310313,1.0,0.9042974448234712,0.0,0.6917162367603201,0.3361031259907212,0.309,0.7438669730461179
ABW,2008,0.0012950531477671,0.5912941002201129,1.0,0.903485499776478,0.3272453347778568,0.6932493428092977,0.2988681462324343,0.52,0.7572964867556964
ABW,2009,0.0019762426654786,0.6136336215867098,1.0,0.9070760765675656,0.2569714163405705,0.6742393293643004,0.19565072170616,0.58,0.7884067998034557
ABW,2010,0.0021130286151371,0.6251700175037673,0.917262837141852,0.810200758577176,0.7793862234492419,0.6698824061662246,0.1379838133226214,0.62,0.820331800765515
ABW,2011,0.0020903191556048,0.615083017340632,1.0,0.9083038150821714,1.0,0.6736231150285458,0.1703887081881319,0.6900000000000001,0.8075837125319488
ABW,2012,0.0023411274362732,0.6247254479511758,1.0,0.903485499776478,0.0,0.6699709454476329,0.0742285554704198,0.74,0.8314908435239897
ABW,2013,0.0014872515542577,0.6265708289157017,1.0,0.9070760765675656,0.9331555266871934,0.67685288308794,0.1044323040507292,0.789,0.838617699800797
ABW,2014,0.0007823323818305,0.6306768843473466,1.0,0.9046500244002982,0.7698574119864363,0.6773616739064973,0.1065975318465236,0.8378,0.8391463935243554
ABW,2015,0.0002428957664733,0.616599936351303,1.0,0.9070760765675656,0.2249764997631897,0.6810255463263427,0.1742922196202793,0.886612,0.8270189472477262
ABW,2016,0.0016732618569119,0.6189776317390837,1.0,0.9070760765675656,0.3441153872711471,0.6817060552469191,0.1835141194329223,0.935425,0.8224352898878744
ABW,2017,0.0029123261900334,0.6190754152646842,1.0,0.9042974448234712,0.6259089937500782,0.6866797386443276,0.1714737693893085,0.9717,0.8253234584884397
ABW,2018,0.0025241329003519,0.6139265928300354,1.0,0.9070760765675656,0.5703597042629975,0.6910387451954275,0.1302635610226361,0.7057692,0.833606346703605
ABW,2019,0.0016293819543499,0.6284317122449314,1.0,0.9071392904583512,0.1377326354485889,0.6924136141257696,0.1413469976956304,0.6805064,0.8132456257003455
ABW,2020,0.0023952447631019,0.7013073505889275,1.0,0.9046500244002982,0.7081573889435042,0.6535933659644647,0.1796807902056826,0.7057692,0.8050307448026308
ABW,2021,0.0043240389086475,0.6604452732591326,1.0,0.9055251833380766,0.5856998385931245,0.6747307212158461,0.1155388178453554,0.7057692,0.818816354880844
ABW,2022,0.0052980446469015,0.6317744195087629,0.9987872264286616,0.9046500244002982,0.7698625970128363,0.689929575339027,0.0582711562686899,0.7058032000000001,0.8254996125924011
ABW,2023,0.1552673545605927,0.6169412696803279,1.0,0.903485499776478,0.050736934948293,0.7006400944154832,0.4910527069749513,0.8545598000000002,0.5211798017135575
ABW,2024,0.2907004362159102,0.8039649110805406,0.9992045821570084,0.8776361328603948,0.441547149215162,0.7093469012847121,0.3801927520224898,0.6117466,0.7099030062664695
AFE,2004,0.570172707058236,0.6949986194687414,0.0,0.252455504192993,0.4028510315249486,0.2351095034323774,0.5466649515853768,0.0516,0.4899768606853217
AFE,2005,0.5682794253469683,0.7100993815272967,0.0,0.255943757267259,0.4156064459858157,0.2399426955423528,0.5633735117223242,0.018,0.4703654660109811
AFE,2006,0.574689014239384,0.7332363136648502,0.0,0.2629384530998958,0.3658021402868135,0.2453919541542969,0.5647769415755473,0.019,0.4581250746073233
AFE,2007,0.5931936591172638,0.7307113388328043,0.0,0.269492008033282,0.4426465934687961,0.2508949578472567,0.5877857576238324,0.027,0.4174691927391453
AFE,2008,0.6160274638089319,0.690040268569066,0.0,0.2748946859850809,0.4894736872668994,0.2532423879473912,0.6083732975042979,0.03,0.39054321148261
AFE,2009,0.6207556334386058,0.6942392238264425,0.0,0.2795085626679017,0.4523386373253435,0.250599449486829,0.5431391633409467,0.035,0.479278203891648
AFE,2010,0.5997209765598099,0.7082128377082524,0.0,0.2944205081356865,0.3933618366704742,0.2541350032733137,0.5545269330687943,0.053,0.4873740845843483
AFE,2011,0.5774601981404229,0.6848402010615493,0.0,0.3015151739404322,0.4022031598761878,0.2560380980280122,0.5772114529116809,0.068,0.4860467489887095
AFE,2012,0.5926225379144479,0.6933112094034312,0.0,0.3107566264941991,0.4536437832501431,0.2548571299888272,0.5746779861611487,0.084,0.4829297582372246
AFE,2013,0.5993490672916955,0.682060973975959,0.0,0.306268343448672,0.4259194600861948,0.2570565714798049,0.5631633112393779,0.1,0.4853519700536051
AFE,2014,0.6139071883402293,0.6775432774184993,0.0,0.3192612183800487,0.4636715224474067,0.2587123134510395,0.5516748836577633,0.121,0.4802584569976202
AFE,2015,0.6268152949346488,0.6507779542569493,0.0,0.3290367698454235,0.4887323129210663,0.2589951607203179,0.5083826984205032,0.143,0.4935682931674738
AFE,2016,0.6246167893419327,0.6516165509478694,0.0,0.3395929282399971,0.417087089234049,0.2582219738202108,0.5058041323668369,0.163,0.4893804151755458
AFE,2017,0.6172227844464533,0.6505934573624353,0.0,0.3506769457893468,0.3543783799822048,0.2582223193757308,0.5184674091760907,0.173,0.4909845644196212
AFE,2018,0.6087359332256171,0.6377516445766391,0.0,0.3663500338134896,0.3709207359458761,0.2581280099791766,0.5333451072702313,0.196,0.4869905409683184
AFE,2019,0.6257695598996268,0.6317788639990723,0.0207970758884221,0.3844661621034015,0.3829758536909706,0.2570952514152783,0.5307110912160106,0.216,0.4663181590924147
AFE,2020,0.6544036482907573,0.6131624056540853,0.0707810468456275,0.3569656494851426,0.3763247264537747,0.2490334523459377,0.5126560366985744,0.235,0.4510213462855407
AFE,2021,0.6386581232166938,0.5865004379114319,0.1176416153233687,0.3526652129291623,0.6044968001779147,0.2516845445566406,0.5290005549274044,0.25,0.4186769103523166
AFE,2022,0.6459407935626308,0.5614405442227116,0.134325284489851,0.3676226216349491,0.3976701903034263,0.2532255792271428,0.5361332133524818,0.268,0.3852608948635974
AFE,2023,0.6633117413396644,0.5727423767594618,0.1793658897432746,0.3692281907123538,0.4147386977959754,0.2523459095813393,0.5379209182923591,0.278,0.4174845109357457
AFE,2024,0.6623196347486561,0.175648396574688,0.0,0.3800192547553463,0.4270172239693843,0.2527136843654313,0.5291077069052174,0.288,0.4331454551895624
AFG,2004,0.8139538740011253,0.18873809673856595,0.0,0.1838708623549567,0.5168178018332417,0.0433930202118005,0.5343650587869339,0.00105809,0.249173882699012
AFG,2005,0.8245338960721811,0.20271365969093363,0.0,0.2047915376102508,0.5683328581113136,0.0537042266800601,0.5452465595504049,0.0122415,0.2031655491526131
AFG,2006,0.8053792565895834,0.0868601351698917,0.0,0.2102806691056522,0.5061882567247246,0.0553344599149139,0.5703486268104597,0.0210712,0.221456738290197
AFG,2007,0.8169154896033705,0.1549108338601931,0.0,0.2395093379956426,0.4099958422108753,0.0713448365845219,0.5465351833691962,0.019,0.2315969691014563
AFG,2008,0.7731779890398363,0.22005208388818046,0.0,0.2491703572494141,0.3136556961691443,0.073753587914827,0.5471474047275375,0.0184,0.3364669249791521
AFG,2009,0.8106433799371021,0.24526951706064395,0.1219401186279812,0.2860511567787617,0.3134297851072917,0.0965484084693614,0.4457617851298427,0.0355,0.3332607900750315
AFG,2010,0.7850152500032058,0.2642666460257768,0.0,0.3215077503679082,0.3623195229461114,0.1117398904389025,0.4288230698346964,0.04,0.4012117396876463
AFG,2011,0.7623583333416674,0.0914227642611093,0.0,0.3206972138868874,0.3030909679677508,0.1070077036835176,0.4642614743206841,0.05,0.4158097605606906
AFG,2012,0.7685151860450632,0.0716869069503455,0.5528903196439597,0.3436616640204302,0.3025973850067862,0.1185333942287176,0.4289705461526845,0.0545455,0.4313090173853179
AFG,2013,0.7531932920670547,0.0652356372749535,0.5335265184045285,0.3391763991617267,0.2996271670331367,0.1214769299375145,0.4122327915788571,0.059,0.4672027091074252
AFG,2014,0.7463501119103283,0.048059421250266604,0.8656083420458749,0.3422616723770732,0.2976659002302605,0.1201083506058003,0.4306269259793556,0.07,0.4723423869586089
AFG,2015,0.7303373151649526,0.0499458712557872,0.5941046962128725,0.3698691457278313,0.3415514542962003,0.1176752489753262,0.4508069545516255,0.0825999999999999,0.4763987999357819
AFG,2016,0.7808627076501036,0.0455758847932541,0.9717976704778122,0.3965707753984654,0.3176415432167987,0.1172397055559625,0.0919656865715455,0.11,0.567458866531332
AFG,2017,0.7868496104458683,0.04336651071914539,0.9717976704778122,0.4230916766605728,0.3019046701843414,0.1169560398355242,0.0731100401967153,0.135,0.5570126335207488
AFG,2018,0.7453778809838415,0.027050882764988397,0.917262837141852,0.4266478152978649,0.3270758937553965,0.1144512749650413,0.2080392942053426,0.168,0.574228855139095
AFG,2019,0.781162643636257,0.012094722545975992,0.9717976704778122,0.4348069799466582,0.2921231407969866,0.1156867677141693,0.2313550891035906,0.176,0.5127038676370996
AFG,2020,0.815921223836427,0.00468016675524499,0.9717976704778122,0.4016726223332081,0.2882507674480463,0.1076700738302379,0.1923454214146511,0.170485,0.4653500512707509
AFG,2021,0.8422903273181948,0.0671000207049101,0.9717976704778122,0.3015039001914386,0.293422844703008,0.0705913122354169,0.238626242963121,0.1651429999999999,0.3697176998366081
AFG,2022,0.8430047468662478,0.18965284262294174,0.8074295429152051,0.2867200268618226,0.3834718846013384,0.0591829936035066,0.2949233076149435,0.171917,0.3294752714581936
AFG,2023,0.8500581819613326,0.29220904573877826,0.8074295429152051,0.2881902753340312,0.3823633327146837,0.0593365113890063,0.2102595967529766,0.177089,0.3549394946718336
AFG,2024,0.8209398913856406,0.34306415066767865,0.1948519673355981,0.2882660057285423,0.5138974116193059,0.1418079642887156,0.4731409690943452,0.1348378,0.2336607378241525
AFW,2004,0.7634037005270081,0.20400646810947154,0.0,0.3721676446955982,0.4014379501781827,0.2493265339043525,0.5807975887505609,0.0874,0.2589999229787019
AFW,2005,0.7587626552610954,0.20359050024967854,0.0,0.3813775987183104,0.4747912394891694,0.2533824180600886,0.5910968959267141,0.023,0.2588254416933619
AFW,2006,0.7485055745647207,0.19937314696708855,0.0,0.3904529911113431,0.4329690519495269,0.256756637151953,0.569168028909926,0.034,0.3278933771341725
AFW,2007,0.7454764155390068,0.27773373877554636,0.0,0.4014008697590344,0.4640900713954106,0.260357653024473,0.5500939905671084,0.043,0.3539839169970966
AFW,2008,0.7511110450160627,0.32307192417963587,0.0,0.4125901106758807,0.4689432203495266,0.26499907094827,0.5690353788717816,0.05,0.3303375365320959
AFW,2009,0.7619900311140713,0.33893922020017286,0.0,0.4242318375581791,0.5134861123675057,0.2695943452168193,0.5031584995983768,0.0579999999999999,0.369921368374093
AFW,2010,0.7462994480609857,0.2893214927816403,0.0,0.4385622582899415,0.4891055092869163,0.2753676268818016,0.5548726166180112,0.073,0.3625573084500691
AFW,2011,0.7290686659023309,0.26940810598709486,0.0650607248511666,0.4490826748168919,0.5147327926463962,0.2782428633589567,0.606063147811657,0.087,0.3336396970037514
AFW,2012,0.727057492286751,0.2649511404019658,0.0152725708883607,0.4579685934431753,0.4659643698663473,0.2814653317366339,0.5964035753923459,0.103,0.3537035968432547
AFW,2013,0.7188835490551647,0.28201885800917803,0.0941742009739032,0.4663401957640728,0.4317106895519064,0.2860204978387667,0.5798545949601749,0.126,0.3774591714440997
AFW,2014,0.7139009577624803,0.30470698555062026,0.1086408081731982,0.4757400876384191,0.4035020145948582,0.2900902846819896,0.5548950216775216,0.15,0.4033620949718609
AFW,2015,0.7252606175558335,0.3117942385872197,0.0857089838878709,0.4846972691824907,0.4228554947432471,0.2903678565847772,0.4730632573372464,0.186,0.4776345324182322
AFW,2016,0.729919730645725,0.33212642041776513,0.1882810944529935,0.4887993185931287,0.4294973265999918,0.2867715767041386,0.4372045011060225,0.209,0.4920747161927875
AFW,2017,0.727258374566489,0.3190339552625591,0.1367681797066141,0.4963691340204105,0.4503878633965011,0.2862552092838796,0.499317031410574,0.238,0.4449952880854952
AFW,2018,0.7294009751541664,0.29390307848565334,0.195100462269001,0.5056263958197946,0.4085804250616525,0.2867334810301373,0.5431219313443361,0.257,0.4034557626019273
AFW,2019,0.7596624980670746,0.25485297954670055,0.1940648246955627,0.5171439659683105,0.3638737639950331,0.2878780845643068,0.4769156486336297,0.285,0.4296150285534052
AFW,2020,0.7777921128223918,0.26715759844057435,0.2072097605569466,0.4941567997702057,0.3517587949613699,0.2788959610894032,0.4308533434088704,0.315,0.4254441998390988
AFW,2021,0.7798142326383062,0.28326140902327973,0.2640667188979954,0.4973762694146506,0.3882407297087054,0.2791192337031697,0.4463193446795706,0.347,0.4038454268726967
AFW,2022,0.7775532443929656,0.28286369295061736,0.2928703261736987,0.5011525835258425,0.3795674336319821,0.28208372808808,0.4715662741234931,0.375,0.3922000957251438
AFW,2023,0.7662696951459788,0.35530202697883073,0.3223724456014959,0.5087390896412427,0.4194932250844603,0.2838402764926392,0.4738601533704749,0.385,0.398472873136026
AFW,2024,0.7506232808363741,0.4169610092428558,0.8578925851185559,0.5162882865358485,0.4401083409454792,0.2868654479314468,0.4943129505215014,0.4,0.3839161693835057
AGO,2004,0.5768075640984422,0.386137659910335,0.0,0.7281963974863879,0.8136713820697459,0.3379748271243591,0.8584340452783503,0.00464815,0.2188718939355333
AGO,2005,0.5357309152370764,0.32134598318750557,0.0,0.7077538847920699,0.079044668122665,0.3518939032565852,0.9134715670554436,0.0114337,0.1207438676881691
AGO,2006,0.5326105282471272,0.4733881502115584,0.0,0.6886842627806566,0.2798362954575363,0.3627869532087545,0.8961394422085451,0.015,0.1603236241672684
AGO,2007,0.5369957416673652,0.27094231380729117,0.0,0.6688051732478597,0.2044205413898188,0.3750950504711615,0.9291781215083984,0.017,0.0855550704961568
AGO,2008,0.51634070246218,0.4221191447651218,0.0,0.6489153955251229,0.3946257269454384,0.3844774515464634,0.9142190822768508,0.019,0.0887353477797047
AGO,2009,0.5768611925390921,0.4438705374858044,0.0,0.627392603488601,0.4596770689217564,0.3818281035664913,0.7557880948614476,0.023,0.3602852327934794
AGO,2010,0.571024474445522,0.34174534775622706,0.0,0.5970001191001172,0.0642065764992538,0.3837251266046081,0.840699948735974,0.0279999999999999,0.2340121989523046
AGO,2011,0.559235946817025,0.20110902061316005,0.0,0.5672369077515379,0.1272838205848975,0.3832068308496988,0.8767785362752225,0.047,0.1762809480081384
AGO,2012,0.5623925400634352,0.11376183993248452,0.0,0.5384682608875984,0.2176313449968097,0.3894140835207474,0.88810632734121,0.077,0.1837682715079105
AGO,2013,0.5760921930199903,0.0933169774755546,0.0,0.5104143644572773,0.0,0.3907457287517847,0.8592030206847162,0.13,0.2360806873448611
AGO,2014,0.5991192695555848,0.23969532500208204,0.0,0.4791807327515447,0.4391399938811886,0.3919326375752102,0.7913835329516828,0.213623,0.3098254151014554
AGO,2015,0.6376039902810939,0.4067628469153664,0.0,0.4790273271597682,0.9204687829022948,0.3878042188521172,0.701327793822364,0.22,0.3860062867401725
AGO,2016,0.6534468002630897,0.36688017106589876,0.0,0.4758626162294761,0.2645098055557923,0.380125033060506,0.7102049304592771,0.2319999999999999,0.3615266412662091
AGO,2017,0.6573283181160285,0.31780028283232625,0.0,0.4743923861221711,0.0,0.374769985702612,0.7062533522909633,0.26,0.3595647375970719
AGO,2018,0.6322766069534023,0.29331194698419616,0.0450762943671616,0.4706967110333221,0.0,0.3688935991962873,0.7584242966062215,0.29,0.3079143850736841
AGO,2019,0.6159562669455413,0.29678317569870816,0.0529835004549471,0.4689817634255264,0.0,0.3636799416751249,0.7708346503867988,0.3212939999999999,0.3060199227670349
AGO,2020,0.6587319940073767,0.25935035255781425,0.0892232022761115,0.4462147304157991,0.0776249062121892,0.3529497686477253,0.7010018509734899,0.366347,0.3354859154635259
AGO,2021,0.68060913408006,0.20424401059892114,0.119454239966511,0.4358077387275146,0.0,0.3513530136470731,0.7204659142959849,0.393876,0.2812298802067002
AGO,2022,0.7114773088385543,0.155666104725167,0.1268967845892878,0.4815497857921527,0.0,0.3527845628061145,0.6763146804530835,0.420719,0.3042318321937216
AGO,2023,0.7309475790499772,0.1753941757435829,0.1895712268268369,0.4821337927102472,0.1553022179335625,0.3501359253339685,0.6790957396280167,0.447581,0.263858802400173
AGO,2024,0.7456512190576531,0.1674663376396184,0.8318310599836848,0.4845685118061221,0.2125187026066571,0.3520000744696273,0.6710764963921103,0.4340356799999999,0.2479850714582753
ALB,2004,0.7063404697545839,0.3867073325391993,0.9927052724399016,0.4175377606181842,0.5838966444644289,0.3370718180952582,0.5618579866936435,0.0242039,0.2154737536827232
ALB,2005,0.6881306714108698,0.4672995717427166,0.9927052724399016,0.4156783454226126,0.4909091844815174,0.3450748977493182,0.5690587667485865,0.0604389,0.2338438025139389
ALB,2006,0.6734372404099684,0.4240608088650512,0.9927052724399016,0.4277255600912139,0.5152633694308659,0.3544717651420414,0.574146531503149,0.0960999,0.2295179960856316
ALB,2007,0.6662062985632049,0.5208592922247237,0.9927052724399016,0.4316111007203612,0.665869763948711,0.3647069924241263,0.5767273135127177,0.150361,0.2370277975967471
ALB,2008,0.6646079423349488,0.4807664054503679,1.0,0.4352548243553578,0.8962030244975534,0.3755128041831889,0.5764573266029824,0.2386,0.2484086850246799
ALB,2009,0.6625242598959956,0.5221088701184621,0.9951416808462688,0.4189638683924183,0.993833419482366,0.3803439222229833,0.5589632423351598,0.412,0.2680210506056083
ALB,2010,0.6778324835089103,0.5295738835887377,0.9951416808462688,0.4427856810383365,0.8708738008671053,0.3853161350085633,0.557295830027566,0.45,0.2534774559759404
ALB,2011,0.6827488368739302,0.5427825430318767,0.996358069242556,0.4060099047558519,0.8100791479996865,0.3892382981481773,0.5476119258868091,0.47,0.2729149923249954
ALB,2012,0.6941922474450254,0.5436566846457447,0.9987872264286616,0.4236683457759726,0.7718566944480181,0.3928989447933021,0.5187384551912552,0.494,0.2988492428767841
ALB,2013,0.710709331089699,0.536235058937845,0.9987872264286616,0.4541221706189457,0.9218252733146972,0.3975950868615937,0.5206543228662144,0.518,0.2809737610835188
ALB,2014,0.7144253426220855,0.5324436870125757,1.0,0.4690316160476967,0.8468604622535398,0.4030498037127533,0.4871947412594792,0.543,0.2815659449858167
ALB,2015,0.7085736893511287,0.5194960292115677,1.0,0.471981349057221,0.8454898848751595,0.4084867689722121,0.5004707089609627,0.569,0.2860861205187934
ALB,2016,0.7135924263303093,0.5153593765670466,0.9987872264286616,0.4773476904041195,0.8509608663131902,0.4162911624084929,0.487984310108746,0.596,0.2976832839948224
ALB,2017,0.7003668858501348,0.5020628780994627,0.9987872264286616,0.5075774338365514,0.7860530620930977,0.4232190308649223,0.4688328045579783,0.624,0.3199122368191998
ALB,2018,0.698314380336901,0.4911011902699564,1.0,0.5143135037226588,0.7936659600951932,0.4306914250228068,0.4856453634690353,0.654,0.3166521476785015
ALB,2019,0.7013810500250208,0.4993667883831003,1.0,0.5215669687563461,0.7855390163546319,0.4358940244800172,0.469093057668437,0.685504,0.3373098150081518
ALB,2020,0.709284790363327,0.5245630977594613,1.0,0.5219308740698625,0.7407926248564891,0.4332428187755749,0.4797236211641775,0.722377,0.3424746875160999
ALB,2021,0.6967672687431226,0.5167504051219113,1.0,0.5385468694069294,0.7238239448406212,0.4479491695253589,0.457621971228065,0.7932370000000001,0.333927310468613
ALB,2022,0.6862784600043065,0.4998038943687586,1.0,0.532560390498965,0.777282081782735,0.4570304390201462,0.4703623011270856,0.826137,0.3535120558135138
ALB,2023,0.6766707029799262,0.4908192518091314,1.0,0.5641017186165507,0.7330948670363752,0.4649839633878599,0.4732429475471568,0.831356,0.3790772837441553
ALB,2024,0.6650402871377036,0.5015835395155304,0.9963542043227424,0.5702679063303026,0.6955520326018639,0.4729801781076653,0.4569002005736507,0.7229162,0.3977955811582812
AND,2004,0.0800055211816252,0.8051779583384762,1.0,0.8867915234574187,0.6961392293405534,0.7358326494834347,0.2867567261038847,0.26838,0.7769615441474379
AND,2005,0.0741764307534438,0.8582645871549066,1.0,0.8933868111772884,0.6961392293405534,0.7375398269357375,0.2944855029550693,0.376058,0.7725151310483803
AND,2006,0.0694572608287253,0.82522063468814,1.0,0.900908509256692,0.6961392293405534,0.7403557305393899,0.2984197342324269,0.4893679999999999,0.7689882848458856
AND,2007,0.0721330680815111,0.8582645871549066,1.0,0.8891474063360953,0.6961392293405534,0.7384715838212613,0.2773158195593001,0.7087000000000001,0.774173163164148
AND,2008,0.0786831485912924,0.8100623271524623,1.0,0.88664596012391,0.6961392293405534,0.7273284891997472,0.2760482891213106,0.7004,0.7836878934496391
AND,2009,0.0807101718023962,0.8100623271524623,1.0,0.8934060781815932,0.6961392293405534,0.7187377766426658,0.2548730452461671,0.7853,0.7915504407710797
AND,2010,0.0885747561945138,0.8100623271524623,1.0,0.8977585653177821,0.6961392293405533,0.721455475569709,0.1986514330686564,0.81,0.8026218110231853
AND,2011,0.0924538474158735,0.7734426955459904,1.0,0.8786209973279097,0.6961392293405534,0.7267986204333615,0.1525676203947876,0.81,0.8070316651432684
AND,2012,0.1095217641244467,0.7377863338743748,1.0,0.8995861544602172,0.6961392293405534,0.7211739652713421,0.1182603166742507,0.8270000000000001,0.8007053326434067
AND,2013,0.107186356923532,0.7734426955459904,1.0,0.8920811422588061,0.6961392293405534,0.719062693787088,0.0986779791907238,0.8440000000000001,0.8144082838977867
AND,2014,0.0998661964398818,0.8100623271524623,1.0,0.8983244324282154,0.6961392293405533,0.7254935858547721,0.077794283464195,0.861,0.8169291519076343
AND,2015,0.0960829603076862,0.8100623271524623,1.0,0.8984824570894244,0.6961392293405534,0.7306705371510521,0.0698312113685655,0.8790000000000001,0.8217180150816369
AND,2016,0.0974309079195188,0.8582645871549066,1.0,0.8963481572459564,0.6961392293405534,0.7359438622931552,0.0772090391455342,0.897,0.8153087767529174
AND,2017,0.1032407153058478,0.8563939990211191,1.0,0.8936581057757725,0.6961392293405534,0.7332982692429958,0.0887751310549121,0.915675,0.8126710663096098
AND,2018,0.1012184065910291,0.8064293031993325,1.0,0.8789674327585629,0.9355124897948706,0.7328590562583254,0.1184617544455838,0.7154926,0.8102417208970099
AND,2019,0.0975301525229637,0.6604975199668758,1.0,0.9046500244002982,1.0,0.7332437259420105,0.1442154540057474,0.907187,0.8090960456951306
AND,2020,0.1032260760152666,0.6621474521320357,1.0,0.9058716187687298,0.8978711337887344,0.7143180747324004,0.1815086047397921,0.932056,0.8345662377339812
AND,2021,0.0989683797025204,0.6604975199668758,1.0,0.9040264901227488,1.0,0.7240402122040003,0.1702427867599062,0.938975,0.8297354318948056
AND,2022,0.0919623894286165,0.6533264216038306,1.0,0.9070760765675656,1.0,0.7348365313607109,0.1213768251071271,0.944855,0.8163409888163099
AND,2023,0.0905153228347815,0.6831001569733264,1.0,0.9042974448234712,0.7581899710613818,0.7364579388284588,0.1727477823362295,0.954456,0.8176916622180037
AND,2024,0.0884796497016792,0.5688109125313262,1.0,0.8863045360621107,0.7163236968917787,0.7393420981006279,0.184974767651055,0.4237384,0.8094792587279969
ARB,2004,0.4814242370254595,0.4860483050713663,0.7638117407179792,0.6216145770494336,0.4249048094845836,0.4408899089857857,0.8515871021790714,0.1664,0.2895884672106044
ARB,2005,0.4553062172076834,0.4861263709453007,0.7754762825883313,0.6249231764994099,0.4902019123148684,0.4453157247398965,0.8886353186993976,0.1276,0.2141027105049039
ARB,2006,0.4472176419528255,0.4799398307192316,0.8072081243767318,0.6278545479629375,0.5424661493131043,0.4506403189659821,0.8999206929084168,0.2312512,0.1821011758350511
ARB,2007,0.4474396880334046,0.4930072849517903,0.7834590446617733,0.6299102143098284,0.531545344141104,0.4535175083469837,0.888682132409173,0.2312512,0.2012587129102114
ARB,2008,0.427869989610259,0.4900318749617754,0.7783676699034205,0.6358074430712629,0.4524034346045941,0.4576924816295119,0.913690618177849,0.4068,0.1497621003874939
ARB,2009,0.4662659384999333,0.5254239832734717,0.7911452663781301,0.6435167077390096,0.4286185531948648,0.4550424423776863,0.8320386259720695,0.182,0.3190772229309114
ARB,2010,0.4505106536583488,0.5209138528317067,0.8302195489773851,0.6473587402840354,0.4214656278396834,0.4590075449801928,0.8560785325147895,0.2002,0.2956157506750383
ARB,2011,0.4295101833364355,0.504823320305841,0.8337123708424605,0.6575161218658687,0.3697069437848209,0.4611460695750974,0.8887101821521829,0.2002,0.2362292108285198
ARB,2012,0.4101982675668469,0.501678134255043,0.8291937533692799,0.6660681816979396,0.3848751024920965,0.4654486020127085,0.8958477771949396,0.2002,0.2525676418124796
ARB,2013,0.4149551060104426,0.5139993187856198,0.8583034578207157,0.6719346279227444,0.3653404023223995,0.4655090965190244,0.875211069088414,0.2002,0.2933093945687274
ARB,2014,0.4236993292867642,0.5326754789241138,0.8507290349767216,0.6764150704417902,0.3398980548188418,0.4659152917709585,0.8503728446474749,0.2294,0.3430342121268234
ARB,2015,0.4478647050799615,0.5765070401115151,0.8542140923938167,0.6839552252477777,0.3392310359274467,0.4671313540755112,0.7490919659072914,0.452459,0.4810072344927262
ARB,2016,0.440792185941753,0.61184440032549,0.8613554483894706,0.6880243931616139,0.4078786186158878,0.4688627193794331,0.7202542930548147,0.4689142,0.5110868754862089
ARB,2017,0.4235652791931968,0.603213467467217,0.8770678783646397,0.6870465898217936,0.3626148351024391,0.4678670498282214,0.7532884898552398,0.4909696,0.4779008316443746
ARB,2018,0.4090206206283274,0.5661303051820332,0.8545990578454599,0.6973353592424829,0.3828534605543641,0.4691149247496519,0.7974208610223014,0.2922,0.4125987691644355
ARB,2019,0.4160805503964059,0.5738276901120762,0.8713981435406458,0.6995490507358557,0.3634076502372478,0.4688981851129233,0.7733468371004631,0.3614284,0.4415299828268791
ARB,2020,0.4474451763101884,0.5469174288879562,0.8756022879440614,0.7040514483908481,0.3675572366520373,0.4579408029542223,0.6946980609435693,0.592099,0.5184011207473609
ARB,2021,0.4195193134730843,0.5798333085722317,0.8781801191254012,0.7072790325568962,0.4309387247329896,0.4620363469550593,0.7768221564245105,0.4510156,0.3979992220977218
ARB,2022,0.3963115484015118,0.5148180210204648,0.8811280144343074,0.7148864761055294,0.4192604723363839,0.468532289054531,0.8416044352281282,0.2230799999999999,0.3010897377276734
ARB,2023,0.4232852083654084,0.5514305877058663,0.8942932939599609,0.7213852593995973,0.4441007563101883,0.4676119125617525,0.7983270891371566,0.5076156000000001,0.3804920352474666
ARB,2024,0.4392425872276665,0.606779911913339,0.917332945647646,0.7224819071915907,0.5206451958049413,0.4669345042491722,0.7767082542252544,0.4746362,0.4053167350312627
ARE,2004,0.2310377773388668,0.5258962620747342,1.0,0.7082920006655217,0.7244251206278561,0.7834665417066148,0.872019534710444,0.301313,0.3602677560083266
ARE,2005,0.2055748139626639,0.5048807979070702,1.0,0.7259531505869683,0.6767649184837214,0.7828181411667555,0.909147182763874,0.4,0.287783249628746
ARE,2006,0.1735363088207124,0.5274231401178472,1.0,0.738857952442414,0.6592338495075116,0.7861011570780471,0.9291593048139812,0.52,0.2468624121473306
ARE,2007,0.1597590631049642,0.5555054381239898,1.0,0.7534300281122498,0.6419878747240223,0.773827646030396,0.901840440472461,0.61,0.3124102770407669
ARE,2008,0.141023658824377,0.7991456591669406,1.0,0.7681400671492071,0.3884657177424502,0.7618670603279364,0.930155993240808,0.63,0.2501078924679235
ARE,2009,0.1669145567977889,0.8496557416414495,1.0,0.7709826259869117,0.3131355090960218,0.7450226759103672,0.8755675817903615,0.64,0.3651888553247897
ARE,2010,0.128290099960481,0.6933880853065422,1.0,0.7745069749473745,0.4700538898897889,0.743849985935778,0.8580487198180078,0.68,0.4035327728427732
ARE,2011,0.1167108032723535,0.8441751444167188,1.0,0.7780175473241716,0.410201504010115,0.7484369016781233,0.9101175881176136,0.78,0.3007214523586872
ARE,2012,0.1134432937819929,0.8419777062765212,1.0,0.7823182628373611,0.4425253169253994,0.7493338571438014,0.9065478289909152,0.85,0.3090804949490837
ARE,2013,0.1139666975255898,0.8493042274449818,1.0,0.7843811217359979,0.4391593811221002,0.7504983532984396,0.8845963057707824,0.88,0.3550328724573758
ARE,2014,0.1131335666168015,0.7694963680553958,1.0,0.7852600473782888,0.4535835441945025,0.7503181322522013,0.8628265044229604,0.904,0.3967865096314276
ARE,2015,0.1260773713456654,0.7480421224575157,1.0,0.7837153810621778,0.4297092760954764,0.752443198982533,0.7700493275964847,0.905,0.5385987583119153
ARE,2016,0.1294599001826993,0.7008777315942596,1.0,0.7857806138562126,0.4477746195923157,0.7532752387561726,0.7422340672861936,0.906,0.5728446075552905
ARE,2017,0.131219936899066,0.6900492591511196,1.0,0.7904315939071312,0.4510780068625183,0.7471193086131697,0.7611226781359427,0.948199,0.5494883149469881
ARE,2018,0.1245944060209651,0.6775387614033651,1.0,0.7934489363928894,0.4374327734171487,0.7474032424905329,0.8108742072234415,0.9845,0.4816008060397967
ARE,2019,0.1286125855100234,0.6815298157655717,1.0,0.7959051721135323,0.5521028002551023,0.7477063502577123,0.7853256789055413,0.9915,0.5178666374541375
ARE,2020,0.1580999914862464,0.7193629009244715,1.0,0.8102324593506873,0.646342705482498,0.7351939061941554,0.7477942579556074,1.0,0.5628423395089792
ARE,2021,0.1491114978203281,0.6841818012965376,1.0,0.7963851277095619,0.6024106396393787,0.7389927683028198,0.8068880385621566,1.0,0.4845278651695442
ARE,2022,0.1294726803477543,0.6495985897111675,1.0,0.7983538300648858,0.5733596708875834,0.7421241086672498,0.848722689179151,1.0,0.4198567890547618
ARE,2023,0.1326255699417525,0.7056083791878875,1.0,0.7984736828570258,0.6661585339683559,0.7424638943745206,0.8071036512469382,1.0,0.4862774397967469
ARE,2024,0.1333477084744848,0.5706226042440872,0.9992716138485112,0.8006868072278218,0.8217495154102015,0.7413476774084923,0.7951517276445347,1.0,0.5035693683753866
ARG,2004,0.5306190113478081,0.22651554948611363,0.9568214003049156,0.8075295252379856,0.4470467362848728,0.5387350136360781,0.5808561154603554,0.160367,0.3822456178208341
ARG,2005,0.519575291892161,0.24665124721659334,0.9593302020437828,0.8065229369486296,0.4564401363968932,0.549554510505201,0.5775751881611095,0.177206,0.3941039239092812
ARG,2006,0.4911900644122592,0.27035573557143355,0.9630837915557962,0.8066392027290205,0.4389801760488632,0.5592961712714836,0.5874426139473987,0.2092719999999999,0.3988637580386622
ARG,2007,0.5062337337620301,0.29073480589718853,0.9655798063248302,0.8071443131144096,0.4305345046603177,0.5703764319147141,0.5562224958581645,0.259466,0.4124646751471929
ARG,2008,0.5024403865739581,0.27748205315378116,0.9693143129931838,0.8079785575847757,0.4590788932044283,0.5746789714007238,0.5352224892616857,0.281126,0.4256465621683023
ARG,2009,0.4351540689783461,0.27925297965950807,0.9730374628066976,0.8156084882718179,0.3625356679877625,0.5642852551632013,0.5163399072161639,0.34,0.477568817727897
ARG,2010,0.4970254072814713,0.28393059903171286,0.9853668199780375,0.8165593781590837,0.4581196676788029,0.5767515895926499,0.5158447269805009,0.45,0.4471135143495903
ARG,2011,0.4930804399307092,0.30521436153282944,0.9878178614776724,0.8108924686926956,0.4170868119504276,0.5836692967937406,0.5149461958364078,0.51,0.4525153561721899
ARG,2012,0.4537245828126424,0.32307571542394437,0.9890415445582064,0.8146038543054214,0.4666783090571182,0.5806800804665707,0.4994185446583647,0.5579999999999999,0.4833728093500229
ARG,2013,0.463073517890788,0.33033109573745467,0.991485247605356,0.8129137585646842,0.3998111200099644,0.5826888119521277,0.4908332370403885,0.599,0.4876504334896932
ARG,2014,0.4843974215862061,0.30234456329054177,1.0,0.8105157733150284,0.3466541043811571,0.5774975489773552,0.4963581811637724,0.647,0.4715049960342004
ARG,2015,0.4306675283904385,0.31138492840674487,0.996358069242556,0.8160765787161997,0.4126922826186202,0.5798885717735197,0.4730808119742917,0.680431,0.5181274540925489
ARG,2016,0.4701237676140283,0.29989379781102554,0.9987872264286616,0.8234568742817064,0.3220762589801385,0.5754307337717587,0.4492573651324361,0.7096899999999999,0.5229721782587428
ARG,2017,0.4335523119035394,0.3334834198416313,1.0,0.8288089566168313,0.4004722973705251,0.5781860736090593,0.4431858641506337,0.742949,0.5420686754010962
ARG,2018,0.4054092555555394,0.4552323564206437,1.0,0.8322136917236265,0.4293134367040616,0.5731417647134237,0.4849422614870308,0.777,0.5268550047080739
ARG,2019,0.4368557903936054,0.3123348994106692,1.0,0.8346457171893893,0.3806647633315238,0.5691761928144964,0.4731822947204722,0.79947,0.5121632008320484
ARG,2020,0.4731397469802545,0.33057167361991696,1.0,0.8306151300748148,0.3664228787569358,0.5533401120602374,0.4570701115496371,0.855144,0.5028714548634886
ARG,2021,0.5016458875310261,0.29344223960643145,1.0,0.8345952968169988,0.3730747769186243,0.5673702033252938,0.4803661011382417,0.871507,0.4697299800012521
ARG,2022,0.479046975874719,0.28727068638796344,1.0,0.8307056677335909,0.4401120141966796,0.5755503546467996,0.4929969443705158,0.883754,0.4813334688005514
ARG,2023,0.4560003315109447,0.32512614568517106,1.0,0.8298893165831379,0.5320988115117862,0.572414818868061,0.514155395427848,0.89229,0.475798873512862
ARG,2024,0.4545765069717233,0.32171355024599624,1.0,0.8334988288148122,0.4027325271525374,0.5699503752256719,0.4906432628519142,0.8966719999999999,0.4832625029570324
ARM,2004,0.4785550154703763,0.557291333703321,0.9890415445582064,0.48892266241526,0.7337152393858672,0.2975548599189875,0.5302165873740569,0.0489900999999999,0.5098046716857968
ARM,2005,0.657078686214273,0.539604949108841,0.9975732503052472,0.5108744934900572,0.6719028692517207,0.3172892774159391,0.5846346033280191,0.0525298,0.3216986806881726
ARM,2006,0.5679223899319806,0.573735631619891,0.9890415445582064,0.529121446405572,0.7595787198440642,0.3361725010833368,0.4750928523674267,0.0563179,0.4812411159949452
ARM,2007,0.4379923343210623,0.573735631619891,0.9902640057882316,0.5461938237531981,0.7560004962545336,0.3557204352756565,0.3877990940513917,0.0602125,0.6276765159693181
ARM,2008,0.428990432082857,0.542011257783679,0.9902640057882316,0.548025792927575,0.8106685324802485,0.3663540326883169,0.3772726709921914,0.0621,0.5769332837352752
ARM,2009,0.3644377756976665,0.4310940468547036,0.991485247605356,0.5467910895833243,0.8559864472329213,0.3452942774807394,0.2967148185612588,0.153,0.6941351135155501
ARM,2010,0.5921895558477407,0.4611894294979436,0.9975732503052472,0.5476300807789503,0.6560189005146864,0.349458903941812,0.3706743182240279,0.25,0.514281368071777
ARM,2011,0.500636056231064,0.5100619790025545,0.9939240827149284,0.5582323754385807,0.7031776404502157,0.3569313573975862,0.3892952758409426,0.32,0.5354067216189802
ARM,2012,0.6982781496160186,0.5381485568905331,0.9939240827149284,0.5637753613434633,0.5883809480713073,0.367202774284726,0.5635844773495057,0.375,0.3420436999950453
ARM,2013,0.7047712917263346,0.5508710685241763,0.9927052724399016,0.5899029993463168,0.4865445312125208,0.3720150942104246,0.5433474449057626,0.419,0.3430205355543025
ARM,2014,0.7002788605973452,0.5833578868074533,0.996358069242556,0.5918114037654685,0.5119374731313622,0.3775417959752544,0.5160737292889953,0.546228,0.3744159390958558
ARM,2015,0.6894217529714742,0.5675950462802561,1.0,0.5958014209352598,0.397567919622987,0.3825565317248177,0.5245362534794994,0.591008,0.3891273422475043
ARM,2016,0.6782698062411084,0.5831652496793011,0.9975732503052472,0.6188139523995334,0.4900220919093192,0.3834417829952962,0.5220099202926901,0.64346,0.4195870452757896
ARM,2017,0.6583133254263723,0.5952218532944707,0.996358069242556,0.634811359381234,0.4267129695649365,0.3945640677944925,0.5264640346220737,0.647449,0.4345391568890675
ARM,2018,0.6420908763670193,0.6120373101058236,0.9987872264286616,0.5900584916405223,0.4234247830730042,0.4024283319224241,0.5059653113865188,0.6824509999999999,0.4660906063020668
ARM,2019,0.6000232349843769,0.6303542749135558,1.0,0.6156712452476726,0.3319421387365248,0.413376995041928,0.5102190678257499,0.665439,0.4885344998291923
ARM,2020,0.5966527203613491,0.6719422538814978,1.0,0.638023053629813,0.3141794839090836,0.4025816153777798,0.5453421380521851,0.765077,0.4764966412289263
ARM,2021,0.5965318848563655,0.63603136718422,1.0,0.6464505065805506,0.4558406492282111,0.41072468678577,0.53694314857922,0.786123,0.4737966845797732
ARM,2022,0.572212479818419,0.5996341474213613,1.0,0.6056272791446216,0.6094139389885301,0.4276097369221016,0.5193071695084124,0.770277,0.5149812583378598
ARM,2023,0.5238969722919422,0.6116394486821857,1.0,0.6290513666633918,0.4401857264676436,0.439421555591977,0.4672662222417205,0.7999660000000001,0.5870204890616404
ARM,2024,0.516004305719817,0.6458152604137768,0.9880625980937794,0.6309349463418471,0.3170084644268825,0.4443922327102479,0.4667726053018482,0.6520224,0.610775044489547
ASM,2004,0.4090469563755824,0.4995937894997052,0.9952918092204092,0.8186470410304286,0.5458520155265478,0.5757111111472432,0.5018952044259328,0.77251,0.5514013077140134
ASM,2005,0.4267152652234582,0.5575006425408,0.9952918092204092,0.7787009107317594,0.5256220596799251,0.5756318442624965,0.5557196169861822,0.7725100000000001,0.5388646716516844
ASM,2006,0.4077180228811185,0.5207897548750986,0.9884885609847414,0.740738881961258,0.4140844962182032,0.5701820538472188,0.5452827133792661,0.6307026,0.5388907414738473
ASM,2007,0.3351930899345318,0.4855636762259247,0.8869194302346971,0.6678785595357185,0.5484404105816789,0.5735190085173977,0.5485983258610244,0.5783188000000001,0.4870264845831826
ASM,2008,0.405158566495601,0.5207897548750986,0.9884885609847414,0.740738881961258,0.5392471136905639,0.5703487992258419,0.4789375697796555,0.6307026,0.5761929050518764
ASM,2009,0.368942916214866,0.5565860184738942,0.9848187386443836,0.736163734962215,0.5018427611675882,0.5649533681445905,0.5065658691257295,0.6766548,0.5885562172458053
ASM,2010,0.3500478252197986,0.5773405460218508,0.9894216753644802,0.6907364628404004,0.6230282479934471,0.5661742709319423,0.5450944911471595,0.6999844,0.5843831939912083
ASM,2011,0.3724021678148542,0.5212179522543466,0.9505341559717018,0.7949745130674957,0.4929351774228221,0.5670521073752087,0.6063097169417397,0.6383813999999999,0.472048054006633
ASM,2012,0.3600464199939416,0.5754490350981115,0.9822543349254048,0.7335408170632608,0.6336373090261074,0.561697185164247,0.5220455206427795,0.6130844000000001,0.5901299607072455
ASM,2013,0.3785640364143725,0.54970118520758,0.990429426647651,0.8027468435387539,0.5368136185770682,0.5593146900823222,0.4805560380807625,0.6616148,0.5598636041005766
ASM,2014,0.4133452626200594,0.6585601403383566,0.9858296442354396,0.7390462129776316,0.5517755943728899,0.5633097553893963,0.5335724735545635,0.6989986000000001,0.5708281022644616
ASM,2015,0.4044643276877412,0.5327067884904265,0.9987862639095606,0.7886903993693807,0.5368684443809751,0.5694160276204686,0.443036074205212,0.7207199999999999,0.5776694817412218
ASM,2016,0.3463979601850021,0.685836719146776,0.9368395536763108,0.7880577487079378,0.5612631776936292,0.5687057615701664,0.5104633956482418,0.6784952,0.6510448346294636
ASM,2017,0.4039077051977052,0.7323995756493485,0.9940228382563484,0.7079439936239295,0.5651050938970975,0.5600340582864948,0.5290977128088589,0.6387398000000001,0.5672940847808379
ASM,2018,0.3201187230241425,0.5248527590758678,0.9764277456723722,0.7500933013794578,0.6635407549694878,0.5657806536703712,0.4889515955153053,0.6692531999999999,0.605634775796814
ASM,2019,0.3724021678148542,0.5212179522543466,0.9505341559717018,0.7949745130674957,0.4929351774228221,0.5670776825484808,0.6063097169417397,0.6383813999999999,0.472048054006633
ASM,2020,0.4011158975794269,0.453358355103928,0.9571651736319512,0.7882396223872278,0.5710158017968141,0.5746450671045277,0.5335721589422237,0.3474872999999999,0.4620049154576728
ASM,2021,0.4263192979263445,0.4783987780327538,0.962730691941786,0.7641621416162041,0.4704809284306579,0.5750768051637664,0.4418470949405888,0.636174,0.6067128508086906
ASM,2022,0.3569656019892114,0.4569488460490035,0.963207184446714,0.7598232334396826,0.566410953223223,0.5802009438989185,0.6146384911249764,0.5637118,0.4583791710602375
ASM,2023,0.4832602086474102,0.5350240562334468,0.7377509084852749,0.6173821895359558,0.521044970375395,0.4600931523874124,0.4981522257440442,0.433764261627434,0.4979430980515284
ASM,2024,0.4832602086474102,0.5350240562334468,0.7377509084852749,0.6173821895359558,0.521044970375395,0.4600931523874124,0.4981522257440442,0.433764261627434,0.4979430980515284
ATG,2004,0.1896893679299629,0.6075742436352212,0.9742760009195603,0.8250533557889301,0.94714181310827,0.6065106891431212,0.1623628323414661,0.242665,0.7919647354037267
ATG,2005,0.1988825471560822,0.6055079513030961,0.9016000032171076,0.726694546620046,0.9880961798778228,0.6139802464732657,0.2125352131418903,0.27,0.7843484492365655
ATG,2006,0.1888014497364554,0.6179926121884898,1.0,0.9049964598309512,1.0,0.629545842368772,0.3261470824578804,0.3,0.7379598001428068
ATG,2007,0.1830023777996624,0.6175619505230857,1.0,0.9039632762319636,1.0,0.6405064861916693,0.3029431147674437,0.34,0.7329359502304078
ATG,2008,0.1776167062569482,0.6246080447328984,1.0,0.9049964598309512,0.9256648847860908,0.6383557470308486,0.3397009176755772,0.38,0.7300061546992433
ATG,2009,0.1755529986937781,0.6507610277487038,0.9816810324873144,0.8966001848401356,0.6782081698187314,0.6176704706218016,0.3515421868904982,0.42,0.7369297876218592
ATG,2010,0.1868659327937913,0.6647950951964559,0.9841394566470218,0.8890338109993803,0.7538052823247465,0.603854227650006,0.2571863503013383,0.47,0.7634037834411058
ATG,2011,0.2075352620415942,0.6573333179897738,0.9327278194482108,0.7987067359020612,0.636025843089532,0.5992713037324656,0.202326361421069,0.52,0.7800579848413168
ATG,2012,0.2037370878057889,0.6367848985986208,1.0,0.9039632762319636,0.8793112265094181,0.602534782556054,0.1968003721746972,0.58,0.7515055354965818
ATG,2013,0.2142343446525948,0.6345658873695419,1.0,0.903485499776478,0.7400729523971546,0.600328526295061,0.2546563010748542,0.634,0.7691355663775269
ATG,2014,0.2100930574155358,0.6142034980358663,1.0,0.9070760765675656,0.5023985793282025,0.6023339735667749,0.2739898662054518,0.6778000000000001,0.7668362941090779
ATG,2015,0.2105274483332157,0.5820306211232731,1.0,0.9070760765675656,0.8002481558777703,0.6033336628133451,0.2912391109511061,0.7000000000000001,0.756471190604522
ATG,2016,0.2117741663067377,0.5743580086251727,1.0,0.9070760765675656,0.7096940973653469,0.6082882387362202,0.3439209054184338,0.709743,0.7327255113574334
ATG,2017,0.2306393012930479,0.5605184241674596,1.0,0.903485499776478,0.9254305352222232,0.6113705286171917,0.3715287819573283,0.7196210000000001,0.7219349505530579
ATG,2018,0.2275620034949249,0.5469644864205867,1.0,0.9049964598309512,1.0,0.6200671807272854,0.4171590852053333,0.7296370000000001,0.6913829858818252
ATG,2019,0.229363451481232,0.5485594140579749,1.0,0.9046500244002982,0.788798716015829,0.6239027024046709,0.4271882009884595,0.7397920000000001,0.6982087656982261
ATG,2020,0.2804399058613283,0.6048331232615793,1.0,0.9070760765675656,0.7283629724063866,0.5927872121211403,0.428119998624131,0.750089,0.69040820198647
ATG,2021,0.2655770818550664,0.5666199699445554,1.0,0.9049964598309512,1.0,0.6033976349330238,0.4131527152521274,0.7605280000000001,0.6983316295860078
ATG,2022,0.2556892347624083,0.5272411365898191,1.0,0.9046500244002982,1.0,0.6152803459769688,0.3931190942048945,0.771648,0.697919587747481
ATG,2023,0.2546873593819455,0.5263050580058862,1.0,0.903485499776478,1.0,0.6180193417863401,0.3762240071215245,0.775756,0.7063351016693319
ATG,2024,0.2230820876163882,0.52948897682096,1.0,0.8427259723158332,1.0,0.6225243996848312,0.6499311615685708,0.6801888,0.5935187520557971
AUS,2004,0.3312830565832125,0.7520170581180144,1.0,0.854984657525198,0.7375984078425537,0.7680806319912462,0.4882905849395313,0.6805064,0.6433598026553217
AUS,2005,0.3211401414378475,0.764667102719697,1.0,0.8578534375069844,0.0496600659791495,0.7708232965302876,0.5013114483918052,0.63,0.6450069204652475
AUS,2006,0.3118188003049992,0.7753211743214723,1.0,0.85771810173743,0.5492249108330223,0.7728319704631598,0.5202765414747832,0.66,0.6363216209095033
AUS,2007,0.2755816493694824,0.788840019806719,1.0,0.8592913143742902,0.6216565343647591,0.7755819084719205,0.5219043257315795,0.6945,0.6443481570166484
AUS,2008,0.2858495326502211,0.7910385290674994,1.0,0.8561237740810367,0.5617535764660772,0.7778405060288865,0.5206981957206755,0.7167,0.6461538940676795
AUS,2009,0.2829929006012056,0.7922982660112223,1.0,0.8583531443368422,0.4861057919234338,0.7776592803987009,0.5482810443733337,0.7425,0.6403466150243255
AUS,2010,0.2759849101948183,0.7972794011068083,1.0,0.85998319948634,0.484780623735388,0.778574177445022,0.5129032210214067,0.76,0.6624751643824415
AUS,2011,0.2823173625628795,0.7916916100505835,1.0,0.8650846729129764,0.5882259679590041,0.7799923533133898,0.5387552002079172,0.7948770000000001,0.6476240962479723
AUS,2012,0.2800205089693335,0.7897684612541069,1.0,0.8664462476058411,0.5253201826229901,0.7830850170972231,0.5363627772197879,0.79,0.6548276249931957
AUS,2013,0.2812984706451703,0.7961578716606312,1.0,0.8702391700780798,0.50786276492303,0.7843895326415581,0.5143782760014525,0.834535,0.6688978314087635
AUS,2014,0.276629338119826,0.8029006954723164,1.0,0.8719361519784058,0.56295189967258,0.7859519744720672,0.5218698894415931,0.84,0.6612430468195105
AUS,2015,0.2874412384865897,0.8166976638318983,1.0,0.8806343785416527,0.5089440468112159,0.786971049454002,0.4842488399129378,0.845605,0.6818417949259178
AUS,2016,0.2899950482454204,0.8271248644505752,1.0,0.8813837013256101,0.5148328204748146,0.7886496884354567,0.4549708228402562,0.8654000000000001,0.694639750749154
AUS,2017,0.310596044203569,0.8238735691326268,1.0,0.8860360204398456,0.5197127907316461,0.7895505169218794,0.4792888556552663,0.86545,0.6786132576915181
AUS,2018,0.2940760404391688,0.8228708438399058,1.0,0.8822186389268051,0.5596014385690873,0.7914922254385844,0.4929250548710625,0.9,0.6741076993561158
AUS,2019,0.2689164859028072,0.8164715528514083,1.0,0.8892850714939731,0.4643421893875137,0.792497891918969,0.5157811436919736,0.936099,0.6668448065737583
AUS,2020,0.2604391320179426,0.8264778131634369,1.0,0.886585344990169,0.3717653268383655,0.7905134988985546,0.5186438135809184,0.946935,0.6696149724281878
AUS,2021,0.2823548156403632,0.8209544649899716,1.0,0.8862489670780265,0.4151841474559353,0.7931933918989461,0.5192816806691033,0.969722,0.662530192828428
AUS,2022,0.3074639646783247,0.8130201827902629,1.0,0.8906298014067432,0.5477338202390434,0.7973678390189521,0.555983450606582,0.970424,0.6301451396904536
AUS,2023,0.3008323107254187,0.8012394936701105,1.0,0.8875950465021554,0.4165327928189407,0.7989451205062009,0.5580474606207935,0.970631,0.6339573524126888
AUS,2024,0.2620568793968705,0.8054607898685571,1.0,0.8894997740221163,0.4817876896381861,0.7980309454209601,0.5211159448277198,0.5118387999999999,0.6680808164938711
AUT,2004,0.2151135523951223,0.7183024149577446,1.0,0.7950909704754355,0.3532668742441465,0.7368402123869174,0.5598027377605845,0.5428000000000001,0.5814050573966101
AUT,2005,0.1940507737684622,0.7346439717898157,1.0,0.7934331154834601,1.0,0.7391810068333192,0.5562759463246711,0.58,0.5840200621747588
AUT,2006,0.1987189327875351,0.73498625383542,1.0,0.7882656799433446,0.4886793294235164,0.7431325399492156,0.559375580848168,0.636,0.5856551713478577
AUT,2007,0.2121094810089743,0.7310848166608184,1.0,0.7934027001627753,1.0,0.7480411432274988,0.5625120588822158,0.6937000000000001,0.5808374656882361
AUT,2008,0.2045404249720254,0.7381739507754779,1.0,0.8060738826048381,0.3795576989383934,0.7496811453928506,0.5561678736629941,0.7287,0.5883211571201128
AUT,2009,0.1827285025315887,0.7426481119437235,1.0,0.8164534127366098,0.5170955468639072,0.7439995116791568,0.535320809127768,0.7345,0.6045824360291753
AUT,2010,0.1951442909256121,0.7445114907526074,1.0,0.8178246229761788,0.0,0.7462529731528605,0.5308363837167096,0.7517,0.6057353585261697
AUT,2011,0.2120458472958587,0.7387212263162086,1.0,0.8105734492100124,0.6327262584572638,0.7499521139802575,0.5273706655306882,0.7874,0.6060771743319504
AUT,2012,0.2077815711307294,0.7343325060966035,1.0,0.8124351017244053,0.3675184008523292,0.7501993812770432,0.5302715496958006,0.8003,0.601670066493991
AUT,2013,0.1935754621298219,0.7306890610173997,1.0,0.8148645647510887,0.2643256890613596,0.7489794319390702,0.5295127401076779,0.8061879999999999,0.6050091920299195
AUT,2014,0.1933354205635722,0.718133928438536,1.0,0.8139277836198181,0.3093732312808533,0.7489379390601597,0.5260090813558432,0.8099580000000001,0.6086657220083721
AUT,2015,0.1790939365568299,0.7131069284936619,1.0,0.8165371798495135,0.1666110364578874,0.7491906708480941,0.5208171280239576,0.8394010000000001,0.6132493972314436
AUT,2016,0.1797220504986544,0.7054366950352404,1.0,0.8199447537431427,0.0,0.750662169147256,0.5284245739338966,0.843237,0.6075612481996439
AUT,2017,0.1852728474811316,0.708554890975151,1.0,0.8292328644025088,0.5041076450075095,0.7529153092950717,0.5263264101041297,0.8793559999999999,0.6088709295443748
AUT,2018,0.175223433184327,0.7088944541763162,1.0,0.8268121890183707,0.0,0.7557702706607233,0.5247352926702052,0.8747910000000001,0.6143842209644096
AUT,2019,0.1678197736107343,0.712743472134575,1.0,0.8278389353071592,0.0983775188002816,0.7576501860837442,0.5212247886029936,0.877522,0.61889371540831
AUT,2020,0.1709188396119214,0.7299777111093632,1.0,0.8303074292890019,0.1041849351676794,0.7475735142769667,0.523496774822268,0.875294,0.6224323603744628
AUT,2021,0.1869294548844829,0.730004338726182,1.0,0.8247829145850027,0.5413524913565796,0.7539170249260979,0.5248550063966909,0.925292,0.6152396816493659
AUT,2022,0.2006553075845796,0.720257462667472,1.0,0.8200158484079404,0.4807022022702504,0.7600680104643825,0.5271302701004728,0.936141,0.6171186271138493
AUT,2023,0.1897674351695149,0.7068353415329758,1.0,0.8293541866374853,0.320863396787568,0.7574859127187709,0.531797626826579,0.953347,0.6191561734903239
AUT,2024,0.1870795546647171,0.7003899627732041,1.0,0.8395451575907593,0.4502029891342583,0.7557931493245421,0.5025147160797854,0.949197,0.6385872154892914
AZE,2004,0.5895630047616506,0.5458433057959398,0.9878178614776724,0.5932299707283224,1.0,0.3087082755848834,0.8631114439058548,0.4347374,0.0247421575833975
AZE,2005,0.549818939658814,0.5864190723494254,0.9890415445582064,0.5938365794469275,1.0,0.3430007836495249,0.9367858632170925,0.0803038,0.0
AZE,2006,0.4958163324099388,0.5585572364737061,0.9939240827149284,0.5873977314780661,1.0,0.3843810680453415,0.9870349358747442,0.119922,0.0
AZE,2007,0.4789999473601385,0.5585572364737061,0.9939240827149284,0.5966187877448909,1.0,0.4156559822808917,0.9962748782525388,0.1454,0.0
AZE,2008,0.4461932083298856,0.4263785242354683,0.996358069242556,0.5896598555400081,0.8151433536653239,0.4272190367702814,0.9913623878732578,0.1707999999999999,0.0
AZE,2009,0.465395467221838,0.4028179963269381,0.9987872264286616,0.601401863174515,0.7101277805647404,0.4372041752376502,0.9147029146828723,0.2739999999999999,0.0115683810028202
AZE,2010,0.4452359609582663,0.4775470297393886,0.9987872264286616,0.5868050644817946,0.6964475598249044,0.4422663053125081,0.9470114274865687,0.46,0.0
AZE,2011,0.4275307571129493,0.4434040403933655,0.9987872264286616,0.5866696504086707,0.726595398437972,0.4380741218199019,0.9613947125363704,0.5,0.0
AZE,2012,0.4300114513937161,0.4434040403933655,1.0,0.5868873436410136,0.7784000369281825,0.4393081331238494,0.9429908945678284,0.542,0.0
AZE,2013,0.4386494499260468,0.4813807926896371,1.0,0.592812000411861,0.5138899829712806,0.4456731482338848,0.9217344450017448,0.73,0.0163182444253656
AZE,2014,0.4368878927507315,0.4392998480477711,1.0,0.5980915950403437,0.6672402281725487,0.4478660744899648,0.8902264831101414,0.75,0.0878583583832069
AZE,2015,0.4672532975205595,0.4460218469460066,1.0,0.6060695651416577,0.7803231219850483,0.4476525331715376,0.8014559556968541,0.77,0.2393000365954444
AZE,2016,0.4474317856034882,0.4935848429581913,1.0,0.6030140181772708,1.0,0.4415142716979982,0.8303503379529131,0.782,0.2102058027941694
AZE,2017,0.4475132596529653,0.4050127786041527,1.0,0.602276220485134,0.7406653575283912,0.4403129059699308,0.852453786590083,0.79,0.1830862625671692
AZE,2018,0.4328149029076559,0.391254350811301,1.0,0.5990597593770138,0.4778267191654272,0.4412170015693409,0.877550085358617,0.798,0.1154098476382007
AZE,2019,0.4506684803334126,0.4138811410223405,1.0,0.5978102289444168,0.4871887360029844,0.4435433737030904,0.8435121951784432,0.8109999999999999,0.1562783749543323
AZE,2020,0.4852074135870574,0.4413984945755966,1.0,0.5987453288383138,0.3613293929140238,0.4363243901664694,0.7676434928079464,0.846,0.2753047497142324
AZE,2021,0.4517559084568973,0.4131391242690068,1.0,0.5966544467721813,0.0813150373642039,0.4436147180341706,0.8434598975858973,0.86,0.1733471128695226
AZE,2022,0.4085884386189627,0.36340012408657435,1.0,0.5961718167137737,0.0,0.450243612600761,0.9136724868262484,0.88,0.0321771164985865
AZE,2023,0.4439947866256255,0.4150923096516167,1.0,0.6045316703457714,0.3067392402619194,0.4520217324807501,0.8119332204684849,0.89,0.2199979174076483
AZE,2024,0.4493037927071741,0.4444831365126004,0.9922092535670296,0.6097508945526581,0.3042742151765499,0.4571168071277299,0.7753932124925089,0.7509984000000001,0.2745195191492194
BDI,2004,0.893592216170241,0.3517452679620591,0.0,0.0,0.2843387558889469,0.0040750523151388,0.303039476817277,0.0034906,0.0825603267098133
BDI,2005,0.887658255781849,0.31332034429686156,0.0,0.0,0.2874272792983685,0.0,0.320744043543545,0.00542143,0.1605870672584011
BDI,2006,0.8864561420205491,0.33173509792182854,0.0,0.0,0.2841824506396607,0.0024156642857033,0.2723778206239425,0.00657593,0.1896642116381169
BDI,2007,0.8513284858566277,0.31673260954739185,0.0,0.0,0.2864214978613422,0.0019650054075553,0.3270719604855407,0.0069999999999999,0.2903828724951564
BDI,2008,0.8708805473663174,0.29981933255020465,0.0,0.0,0.2994979911771482,0.0029287778856362,0.2755012506017049,0.0081,0.251736279503241
BDI,2009,0.8637345153900664,0.3153324171840177,0.0,0.0,0.2852980366319843,0.0009782088380642,0.3219784503838155,0.009,0.2308775706659916
BDI,2010,0.8734690289301158,0.3641598399780878,0.0,0.0,0.2865208163454704,0.0013935272714704,0.2745951092351251,0.01,0.2380835132904807
BDI,2011,0.8627947675631921,0.3995418067037806,0.0,0.0,0.2937866594842724,0.0019254194336708,0.2562743540228854,0.0111,0.2627779440707308
BDI,2012,0.8551219532389913,0.3857667484432925,0.0,0.0,0.2857124798059504,0.0030235955566865,0.2870813571957174,0.0122,0.2697303638366042
BDI,2013,0.8730851557369791,0.3761306827287062,0.0,0.0,0.593879405574332,0.0047800125086803,0.2807561968436697,0.0126422,0.1981811456381803
BDI,2014,0.8514853821245352,0.3750318104782807,0.0,0.0,0.5046241769829993,0.0058830741927802,0.2766322956361768,0.0104239,0.2756364289886431
BDI,2015,0.8534002091301442,0.3609991071420183,0.0,0.0,0.3012477685858785,0.0020166558678053,0.2755893978159714,0.02,0.2973229121136072
BDI,2016,0.8554150141207135,0.3516476278159145,0.0,0.0,0.2841579560667127,0.0040817550171216,0.3199833659401537,0.022,0.2306490338009147
BDI,2017,0.8671754204541868,0.31820376275607465,0.0,0.0,0.4341604819160269,0.0061203640985825,0.3220572426239981,0.0266075,0.2158681286833949
BDI,2018,0.8540975662194257,0.34087210858672917,0.0,0.0,0.298906470047064,0.0092808501062546,0.3481300168908671,0.04,0.2453302262359278
BDI,2019,0.8467335953975997,0.36671942146973996,0.0,0.0,0.3526482249824434,0.0108414810321134,0.3379142779482239,0.061,0.2677251695737413
BDI,2020,0.8202634889214717,0.376290407804337,0.0,0.0,0.3267573627393145,0.0070775020763695,0.3033634387428647,0.0917302,0.370043440214102
BDI,2021,0.8392757455264935,0.4606573240552033,0.0,0.0,0.3263611096774515,0.0077449376654642,0.3267571928550368,0.109847,0.3011180637989399
BDI,2022,0.849660740875691,0.5072920799997643,0.0,0.0,0.3247333309426838,0.0071453693376302,0.3207668302016614,0.110009,0.2983528202537295
BDI,2023,0.8411129132253884,0.5225027131237916,0.0,0.0,0.3485123153357518,0.0078326890799905,0.3544895964012932,0.110784,0.3013947163534265
BDI,2024,0.8511612130158567,0.4347808296391783,0.0,0.0,0.3543759788037202,0.0099239325129875,0.3409521691233124,0.079728,0.2931009696294059
BEL,2004,0.1652727664093948,0.636653829915961,1.0,0.8438230800661959,1.0,0.7281009338871977,0.4689751622647273,0.5386,0.6560276879420367
BEL,2005,0.1427573940701955,0.6430295890081416,1.0,0.8474909493027192,0.8519829393687215,0.7306341357187921,0.460661365288283,0.5582,0.6645215948968787
BEL,2006,0.1512364851314372,0.650905047682568,1.0,0.8481481789439085,1.0,0.7333351617298997,0.4511582298492549,0.619819,0.6682017715663742
BEL,2007,0.1487550136213579,0.6597724896463084,1.0,0.8511891154882555,1.0,0.7375107783714457,0.4542886734621992,0.6676040000000001,0.6669317194907909
BEL,2008,0.1255285499062543,0.6400020894256068,1.0,0.8517044932735927,1.0,0.7370113380212592,0.4389766285352592,0.688573,0.6789487058512877
BEL,2009,0.1264100099240937,0.6238703571696219,1.0,0.8622359381232227,1.0,0.7330493357299622,0.4132921471106435,0.745441,0.6958623121739197
BEL,2010,0.1436984643220841,0.6172361188907363,1.0,0.864170066463977,1.0,0.7356049719827754,0.4173361179079999,0.7763979999999999,0.6915386201641333
BEL,2011,0.1274566095536145,0.6100317869036852,1.0,0.8657567777247612,1.0,0.7364929624879079,0.4195014177280565,0.8161,0.6940317741732903
BEL,2012,0.1432665819236965,0.6078555900706505,1.0,0.8788182174515061,0.4382317898884083,0.735905665362455,0.4014085103067146,0.8072,0.7013516415418247
BEL,2013,0.1326927085415474,0.6147165939362385,1.0,0.8777284352806908,0.0,0.73566425175939,0.3994443148281169,0.8217019999999999,0.7029914726323897
BEL,2014,0.1261099427610083,0.620517676268542,1.0,0.8813635333590191,0.1000773963171547,0.7375603110955257,0.3921489093351256,0.850012,0.7092368724162725
BEL,2015,0.1308003675697937,0.6327915267915657,1.0,0.8813684398782733,0.0085637811883688,0.7388434444524287,0.3886063949473802,0.850529,0.7110076299825373
BEL,2016,0.1200138252169708,0.6430952060807094,1.0,0.8821285227776721,1.0,0.7398307156541829,0.3790570951815846,0.865165,0.7130542409095925
BEL,2017,0.1279110103356444,0.649179598734121,1.0,0.8834327542814069,0.0,0.741396206270101,0.3804921276518234,0.8767969999999999,0.7108905646350587
BEL,2018,0.1187900794685056,0.6588531882092407,1.0,0.8879505817444364,0.0,0.7434362076807436,0.3756352131058815,0.8864730000000001,0.7141833665948923
BEL,2019,0.1264252601108829,0.6628060076867406,1.0,0.8846157189134466,0.155649348038979,0.7461551129751692,0.3826995431757207,0.902754,0.7123853736459703
BEL,2020,0.1255953763185958,0.6840549183485043,1.0,0.8885935349697679,0.0,0.7383998351447932,0.3786258279528491,0.915264,0.7225659517209265
BEL,2021,0.1173927637006741,0.6799015713276942,1.0,0.8953425645879675,0.6535059627064679,0.7466085909211401,0.3502186657230399,0.927887,0.7277024172997225
BEL,2022,0.1197628533230995,0.6732330362171624,1.0,0.8899540914395467,0.4286560989144652,0.7510675806875832,0.4015660833736468,0.940078,0.7115624470969438
BEL,2023,0.1340402413345777,0.6625370515223538,1.0,0.8923083798612629,0.2415772196625698,0.7523004558277958,0.3883384945610388,0.946263,0.7215223023572788
BEL,2024,0.1363231422629834,0.658618165870858,1.0,0.897810859940252,0.0,0.7528799358029122,0.3697480587070189,0.957758,0.730668966736047
BEN,2004,0.7877232752588998,0.18176461449364273,0.0,0.4038817308096477,0.2411537335959278,0.1862395335741922,0.413538924586422,0.0118254,0.1544975520489052
BEN,2005,0.7891794454554019,0.21202705069682046,0.0,0.4040810876917858,0.2753119933518322,0.1840326914729818,0.4393872689272692,0.0127103,0.1806871309355332
BEN,2006,0.7886826856094841,0.24023892306895983,0.0,0.4086586445171566,0.2725822715774039,0.1851162605188221,0.4289522277847895,0.0153785,0.2083153904001025
BEN,2007,0.7915927157279092,0.27739922875852646,0.0,0.4183829994925266,0.3949082896363696,0.1892617632640854,0.3894651916633878,0.0179,0.2470168784654
BEN,2008,0.7903539889028702,0.28545492494774977,0.0,0.4276150686167596,0.3160768261689112,0.1918151426171989,0.3410915898552196,0.0185,0.3048198907757639
BEN,2009,0.7916597833963691,0.3218862927558169,0.0,0.4314838544809765,0.2714526771352784,0.1907910578954619,0.3481403613648405,0.0224,0.3105635103444691
BEN,2010,0.781760065588803,0.3317895130038179,0.0,0.4346615617475123,0.3205401054667837,0.1894972970848267,0.3505560075452388,0.0313,0.3196226300632017
BEN,2011,0.781367661987112,0.34173951028197996,0.0,0.4412964977295896,0.3821898166107217,0.18941444215896,0.3539999417038326,0.0414832,0.3663328323112785
BEN,2012,0.7811181547107744,0.32920076962910255,0.0,0.4644918654691589,0.4484811092856884,0.1919250848266174,0.3214191753592909,0.045,0.4010810977530263
BEN,2013,0.7766805396154269,0.34014852590198613,0.0,0.4890538276310331,0.4713618058971341,0.1977193697653217,0.3295319880519542,0.049,0.4109063417605891
BEN,2014,0.7797735603878236,0.34387328706051523,0.0,0.4901097531419937,0.4827880067342857,0.2023725532151844,0.3056481797087685,0.06,0.412824127960927
BEN,2015,0.7866050020769784,0.34385498249347146,0.0,0.4815916659603908,0.3696015384424581,0.2006448301287867,0.3048694793807813,0.11255,0.4076970992989419
BEN,2016,0.7981722193179108,0.35339947842166813,0.0,0.4747951105753233,0.3565771074655517,0.2011676385398629,0.2843643862484236,0.145,0.3889545211685306
BEN,2017,0.8041939459203321,0.34178664131680114,0.0,0.4750944935530499,0.3869578438380065,0.2049894470232632,0.2658230320723043,0.187,0.3925570600629973
BEN,2018,0.8007385839435675,0.3439946932935766,0.0,0.4787006789702024,0.3725772362636617,0.2103101853708276,0.2508161557587042,0.19,0.3997829150215961
BEN,2019,0.7907790346726079,0.3550009843199127,0.0,0.4778658594663735,0.3826953102885859,0.2159733638915936,0.3027305320403775,0.205,0.3857295695509403
BEN,2020,0.7927670011663024,0.32765976144529335,0.0,0.4549090392545498,0.3562167502672698,0.2175889823387239,0.3020796476096063,0.221206,0.3833545564508936
BEN,2021,0.8045166364388557,0.32834396743808053,0.0,0.4510701382638482,0.4113224849266555,0.2238526801154382,0.3072857708047533,0.282047,0.3456142030349637
BEN,2022,0.7909575511803303,0.34856139009190057,0.3103111808197331,0.458855079698968,0.4244437709121399,0.2289549413438115,0.323158184317074,0.300134,0.3647344193441927
BEN,2023,0.7778263858732541,0.36708686171358595,0.3209112021886749,0.4716595482414445,0.4305531612581985,0.2342293353900374,0.3311695147362019,0.322083,0.3801328515373303
BEN,2024,0.7670158735159328,0.3714347618553919,0.0893247203413193,0.4842621047061715,0.4485200621218391,0.2410853605291413,0.3334462134902475,0.1552434,0.4012146758545882
BFA,2004,0.7588418372435823,0.28834019985792847,0.0,0.0425813165113875,0.3011493288195341,0.0921118410710593,0.4625113042605857,0.00400295,0.3568948924835495
BFA,2005,0.7898801767471887,0.2939572367550519,0.0,0.0738337458844665,0.3392180488954724,0.0995872000652122,0.4055386137452456,0.00469914,0.3196630359776748
BFA,2006,0.7762588279053269,0.31531029986794146,0.0,0.1017589455814739,0.3673650076840396,0.1038539163347942,0.4136442857659251,0.00632708,0.3693093535060194
BFA,2007,0.7432636401932426,0.2855219674717833,0.0,0.1189054603010372,0.3025503353561208,0.1052974123333096,0.4601088900386097,0.0075,0.388511530555961
BFA,2008,0.7945005880013969,0.32132951597021897,0.0,0.1316070466835962,0.3068749966676702,0.1092091324281557,0.4146916978976828,0.0092,0.329815373697344
BFA,2009,0.7571084952967584,0.33517782061972284,0.0,0.1447348741445221,0.3230342318670794,0.109208802407387,0.4688872171686854,0.0113,0.3457053275817126
BFA,2010,0.7661795959193813,0.32901903992286835,0.0,0.1666334033172422,0.3090436142902289,0.1167183548028999,0.5311373167692528,0.024,0.2704547601069494
BFA,2011,0.7555151842116647,0.32531369511214814,0.0,0.1863251205899111,0.3615142883296528,0.1217262600623867,0.5731693850969379,0.03,0.237404619840474
BFA,2012,0.7624772316868035,0.34263489105213324,0.0,0.2057952712153069,0.4546247704755103,0.1264155434615849,0.5462648170631654,0.0372503,0.2321216957050159
BFA,2013,0.7613678212134882,0.3918337002168091,0.0,0.2259233938791051,0.5214100543141149,0.1302272963869876,0.4926685939364238,0.05,0.2586778742108949
BFA,2014,0.7618770565077222,0.4177420455391746,0.0,0.2401302935995274,0.4507910330282459,0.1320569717168818,0.5093897060503793,0.06,0.2782349640731287
BFA,2015,0.7515435911112844,0.4327251363735997,0.0,0.2540599396223553,0.4115724264560726,0.1333386453197909,0.4980550814217339,0.0655,0.3099169579892936
BFA,2016,0.741957445281328,0.4394892520612908,0.0,0.2724692931421666,0.4821107592421999,0.1374868982588234,0.5084413457611726,0.0714,0.3048803331951732
BFA,2017,0.7297995552739152,0.4530006133300139,0.0,0.2919244142412669,0.2852078415490139,0.1420753941799085,0.5135300225106202,0.0779,0.3081245372814128
BFA,2018,0.7343066737971649,0.4507758287310981,0.0,0.3111347753279427,0.3939535507595053,0.14743629523452,0.5222468327140014,0.085,0.2997545489007592
BFA,2019,0.7021281564563806,0.4604232897580187,0.0,0.3267490619422845,0.3501730988664554,0.152063887859303,0.5564146956869357,0.0927181,0.3346543447276083
BFA,2020,0.6983094355765748,0.4629803679417792,0.0,0.3062996609224612,0.247753403614926,0.1514196827037549,0.5919318137381024,0.107927,0.3275915688950671
BFA,2021,0.6902980886271747,0.4691989684109699,0.0,0.3019561662071266,0.2576034390784282,0.1577047427015174,0.5759201172685208,0.125631,0.3354840872629276
BFA,2022,0.7302870275578617,0.485096985987838,0.0,0.3065564178241585,0.5180740828653997,0.1566966067613258,0.5309178651873498,0.146238,0.3595779774069905
BFA,2023,0.7116855738516364,0.4869394274508166,0.0,0.3132977045676066,0.319432786610749,0.1576916685940791,0.5254021386874139,0.170226,0.3774212595308164
BFA,2024,0.733602578015153,0.4508373111306494,0.1812328654111014,0.3214360425846016,0.3073638585043471,0.1612321052624998,0.5397429490568105,0.11279344,0.30770804707558
BGD,2004,0.7147691487772456,0.4569713504591762,0.0,0.2820691071405479,0.3288916246814272,0.1491302449517303,0.4651112813598322,0.00199036,0.4692599370931011
BGD,2005,0.7064374671017438,0.4681476838181003,0.0156382793667923,0.3072850337083881,0.360206625315614,0.1564805365179737,0.4761805777004132,0.00241637,0.4704957502307457
BGD,2006,0.6998030401577766,0.4816430608157578,0.1753900471897185,0.3159687098686584,0.3254028044554699,0.164160475910149,0.492659806163938,0.01,0.4682368337945448
BGD,2007,0.6969361098974416,0.4878700336772167,0.0764032440883291,0.3257142873363375,0.3372403454223993,0.1724895688975877,0.5008546789726822,0.018,0.4705634984895447
BGD,2008,0.6942477382124778,0.5014673931997379,0.2625489432117835,0.3344256165264156,0.3783642641179875,0.1795091927291221,0.5053779009502058,0.025,0.4713647745715958
BGD,2009,0.6878662350631187,0.5152422461340364,0.3230202377147943,0.3431446745678168,0.341259681181415,0.1852947148419323,0.516561113901022,0.031,0.4778552262985615
BGD,2010,0.686499853497404,0.5431739660834538,0.2844902978481015,0.351686931310034,0.353589061708553,0.191885975902568,0.5099209123186762,0.037,0.4807430954135225
BGD,2011,0.6839536816413028,0.5513507625152384,0.3745988348226369,0.3600338743508816,0.3480203036226292,0.1996520788573542,0.5116685990498387,0.045,0.47325552680587
BGD,2012,0.6753324660584112,0.5541578689094653,0.4883444605084697,0.3683619275578392,0.3613684438090607,0.2074240658673366,0.5168409486657777,0.05,0.4750115487074253
BGD,2013,0.665639211012091,0.5477259843365676,0.4123948527397105,0.3767031595258541,0.3969550711666543,0.2145322779629263,0.5358713196759533,0.0663,0.4789597908934402
BGD,2014,0.6635823744643408,0.5579945226300674,0.4298989688270579,0.393422056682326,0.3796037155103829,0.2217452208199671,0.5359458158314757,0.119,0.4830053005065455
BGD,2015,0.6551427248988178,0.5614395305091002,0.6356101903245078,0.4092421197548952,0.3784374487726686,0.2296543374626177,0.5456013733004895,0.129,0.4842877238608668
BGD,2016,0.6343461949717818,0.5250366981841325,0.6662393079469304,0.424313633591755,0.3412604099265564,0.2383272813376017,0.6181096993322834,0.181,0.4421838795433563
BGD,2017,0.625829577679779,0.5403304402021357,0.8451461138630243,0.4583414268267594,0.3241323113351692,0.2463505381346681,0.6209595549106568,0.215,0.4452078387473786
BGD,2018,0.61753436260489,0.5379493839519266,0.8299200917028398,0.4614386695018692,0.3330617226568549,0.2554065411001459,0.6324814714987085,0.256,0.4367033736624406
BGD,2019,0.6084342900620001,0.532294007063246,0.9016000032171076,0.4641559362427462,0.3193751396253609,0.2651843753828756,0.6457971095113157,0.304,0.4359957478491633
BGD,2020,0.6088816063939365,0.5330246990986949,0.9530485319257332,0.4504160410990436,0.31056437526076,0.2688888684593417,0.646688208166104,0.361091,0.4473893921064452
BGD,2021,0.6020562146559232,0.5325687187843982,0.9878178614776724,0.4465254128077355,0.3109716608078791,0.2774388647739806,0.6527548887080975,0.389174,0.4437942295545348
BGD,2022,0.5940863664330989,0.5318373968611618,0.9927052724399016,0.4485070730713517,0.306666110465681,0.2859040297033789,0.6616809820694175,0.416165,0.439259729074986
BGD,2023,0.5898745074369843,0.5240966487380604,0.9939240827149284,0.4265011012117196,0.3061065037910801,0.2922772091746483,0.6714640622183384,0.445027,0.440532930497858
BGD,2024,0.5930536488989828,0.5128660618432965,0.9658191503550686,0.4324863647947666,0.3030270340067999,0.2965164503090497,0.6642689318576183,0.3830914,0.4457691908989653
BGR,2004,0.5328926413107774,0.4954618611458786,0.8736984253612241,0.684860903245122,1.0,0.4293820832742893,0.4726644093323493,0.1813,0.4898624116382324
BGR,2005,0.5014273113545646,0.5324614584545743,0.8803995631646636,0.6901174005743642,1.0,0.4403707762779362,0.4954466865967076,0.1997,0.481250070951284
BGR,2006,0.4645351909956479,0.5512453399184528,0.8883928112759634,0.6966059055259888,1.0,0.4510246753941008,0.5180149130889684,0.2709,0.4714978108552491
BGR,2007,0.4102640541815332,0.6238419616088773,0.8950142163835095,0.6915941543891361,1.0,0.4614420204663209,0.5349921458363592,0.3364,0.4877171202109733
BGR,2008,0.456794734730375,0.6546380528903223,0.9029129200401428,0.6823128036978025,1.0,0.4710951026436917,0.5105926090339846,0.3967,0.4760834500977494
BGR,2009,0.3920335073124994,0.6614816875847979,0.9107609906331458,0.6975769586986257,0.7714780733833242,0.4670890478390285,0.5407243679094517,0.45,0.5225195046711664
BGR,2010,0.382590929685304,0.6589638991093477,0.918559073176281,0.7228255498127811,0.5206309617223297,0.4702845088148876,0.4856575286060689,0.4623,0.5745724963873139
BGR,2011,0.4106680695273167,0.6489761670874151,0.9263078004360528,0.7441541630085287,0.5213861450516097,0.4742175727917358,0.5113699771757398,0.4798,0.545763526999926
BGR,2012,0.400724522162428,0.6507306820310392,0.934007793239812,0.7440624256804826,0.4983413434877846,0.4761410283899777,0.5182740784244558,0.519,0.5394783378780958
BGR,2013,0.4044401234788074,0.6521251031938193,0.9416596607742472,0.7537505327028562,0.5159231857565109,0.4782785923660103,0.4805334805086546,0.5306150000000001,0.5549089449437042
BGR,2014,0.4063048195752782,0.6268125345191075,0.949264000874592,0.7548673171845623,0.4087056814363465,0.4814128646121537,0.4792129038193499,0.5549040000000001,0.5630322002281365
BGR,2015,0.3839834389904201,0.6091212378124115,0.958076443797858,0.7529194013623044,0.568793463356768,0.4881071484933411,0.4913292918425925,0.566563,0.5561967360145958
BGR,2016,0.3836498247348606,0.5973142912628249,0.9668259080305232,0.7532241627541624,0.463638339011327,0.4943191725332817,0.5000361452277582,0.598255,0.5458027402981456
BGR,2017,0.3830962499196293,0.5874332429756706,0.976749324629734,0.7587483081320094,0.504806849932246,0.5001725066359325,0.4904937850821141,0.634101,0.5513887572374693
BGR,2018,0.3508141573988053,0.5907654985014981,0.9841394566470218,0.753827158742839,0.4622207762520719,0.5055063470873798,0.4533430949545662,0.64782,0.5957977836085743
BGR,2019,0.339588180186758,0.5875634869690954,0.9902640057882316,0.7610164630329617,0.4950311127521468,0.5129592891492732,0.4382290999173071,0.67947,0.603722859356138
BGR,2020,0.3525070956543681,0.5941649607604799,0.996358069242556,0.7487741549270518,0.5426699522618211,0.5097945184814817,0.4445583479650055,0.7016249999999999,0.6040061311532341
BGR,2021,0.3962389965058345,0.5797894190717101,0.9975732503052472,0.7596296611575881,0.448597175554461,0.5216986131117617,0.4194717158587234,0.752714,0.6170123631671363
BGR,2022,0.3668676702591109,0.5630742608847398,1.0,0.7560536059615377,0.6254690837355588,0.5284527616052187,0.5167196338001872,0.7912690000000001,0.5803905163822161
BGR,2023,0.2975213395761588,0.5660719979059419,1.0,0.7652624979185116,0.6132515310194705,0.5312890769885769,0.4634577762826218,0.803896,0.6170648739899699
BGR,2024,0.2856274248088256,0.5746204772879207,0.9968351861440454,0.7922599037509853,0.4877986594365534,0.5362404660518497,0.4283673091834896,0.82439,0.6357062133162505
BHR,2004,0.1080857952088795,0.5590619590499886,1.0,0.8047826204230021,0.712258988089162,0.6595871861299097,0.2224546187233305,0.214587,0.802005707094687
BHR,2005,0.1057503552016896,0.557726509111142,1.0,0.7955141651933576,0.7113728912802206,0.6580567546228878,0.2868145305433805,0.213037,0.7945265188765777
BHR,2006,0.0540373115535196,0.5638268905915118,1.0,0.7849184585935264,1.0,0.6559065761091681,0.8058092565628904,0.28244,0.480169993789089
BHR,2007,0.0584149763427789,0.60205983126021,1.0,0.7754651957138651,0.8100231359474555,0.6560163399225524,0.8127737356122706,0.3290999999999999,0.4693289019508522
BHR,2008,0.0532931806375843,0.6452248534186097,1.0,0.7649065829528657,0.7381195601842042,0.6561087952202015,0.8595277731793366,0.5195000000000001,0.3908484304670711
BHR,2009,0.0665793224199849,0.6695403151697777,1.0,0.766653617019892,0.3569787532822013,0.6502147328255704,0.7810826872490044,0.53,0.5146686437846849
BHR,2010,0.0571701164845017,0.6477812892350036,1.0,0.7558261526238337,0.3218391356397801,0.6503267011551169,0.790589566593182,0.55,0.5017091687174765
BHR,2011,0.0561163076094594,0.6545913546515241,1.0,0.7603467511118828,0.4538959092626844,0.6571147316553393,0.8380567683145009,0.77,0.4317871584632002
BHR,2012,0.0533629293564856,0.653260428276745,1.0,0.7628106281655994,0.5985286132249921,0.6608487162855908,0.817353219621222,0.88,0.4632159485414609
BHR,2013,0.0531932051904393,0.6548674307688803,1.0,0.762177617845626,1.0,0.6631195055648645,0.8212010758680295,0.9,0.4579614650297531
BHR,2014,0.0576191249112808,0.6347760087822516,1.0,0.7608675578575835,0.5682428357291706,0.6623031025050624,0.806141735099072,0.905031,0.4844046106014454
BHR,2015,0.0601870610317509,0.6666880695545645,1.0,0.7614308753600832,0.2970063071111576,0.6598684414346251,0.7323245250055177,0.934783,0.5777456211808771
BHR,2016,0.0627530057696439,0.7570697239304938,1.0,0.7601891477120296,0.3307595384429703,0.6597535638987587,0.7208725084445943,0.98,0.5923539998962208
BHR,2017,0.0555942029079077,0.6720986487139894,1.0,0.7604541257707309,0.5334720002834428,0.6590886009845388,0.7437156221589503,0.958781,0.5645124904682912
BHR,2018,0.0552275237382333,0.6687594626544451,1.0,0.7617342842791505,0.5561056854432086,0.6618470213529485,0.7618894606077269,0.986447,0.5398530645046287
BHR,2019,0.0540205620364466,0.7121697389674568,1.0,0.7630941606032509,0.4355512090439141,0.6666760280035954,0.7514481142151089,0.997015,0.5273209842836689
BHR,2020,0.0604147735679049,0.6769543153393137,1.0,0.7685024991080361,0.4694806651746472,0.6589658439611362,0.7324433014383099,0.99671,0.5493210648640304
BHR,2021,0.0540114761579129,0.6606693287664547,1.0,0.7628054788062796,0.5675488349534561,0.6620098294632103,0.7938764525032462,1.0,0.4703976382666048
BHR,2022,0.0497510348330604,0.6606693287664547,1.0,0.7624037584996488,0.5573676766307747,0.668766074535953,0.8178921680630096,1.0,0.4077014231125096
BHR,2023,0.0507691873032511,0.5519592338491806,1.0,0.7634612959250634,1.0,0.6693872567579694,0.7849937581676293,1.0,0.4547749707319511
BHR,2024,0.0496252128547134,0.6746221910091156,0.9990293001220988,0.7646815589605238,0.6573795682405179,0.6720536616453593,0.7716063084963178,1.0,0.4755846075371553
BHS,2004,0.18110143596417,0.5786929585379582,1.0,0.8980368205336487,0.480655238929673,0.7052452210188914,0.0864175863178185,0.22,0.8620446324229044
BHS,2005,0.1701179353900089,0.5899708581475271,1.0,0.891633034751182,0.6567955502426076,0.7083468853935447,0.1070116038849503,0.25,0.8606305832570097
BHS,2006,0.1820561643422089,0.6165329041398185,1.0,0.895644513672679,0.7361687015406815,0.7100754810891746,0.145580671414633,0.26,0.8249039599625874
BHS,2007,0.1734391946209,0.6242476833308397,1.0,0.8999298886390851,0.7212323957172606,0.710107870934883,0.0350470104403551,0.27,0.8593810861928324
BHS,2008,0.1676444444222124,0.6376052991670303,1.0,0.9081929380663344,0.8158345459387777,0.7047421396217547,0.088505424836281,0.3154,0.8498411335026717
BHS,2009,0.1515328033569746,0.65175398508485,1.0,0.910089558127414,0.7169049918119785,0.6966623992134829,0.0711706979934215,0.3388,0.8627575139836375
BHS,2010,0.173905659583685,0.6485189089995731,1.0,0.9182074025006504,0.8461137252951447,0.6970231538571047,0.1360970431704767,0.43,0.8491442614923183
BHS,2011,0.1733154000231289,0.6515286487631047,1.0,0.9257790997030354,0.7148208544127097,0.6962409550378675,0.1579406183768963,0.65,0.8350878468761886
BHS,2012,0.1710730494800453,0.6366513090528817,1.0,0.9279106031309948,0.6034404415800306,0.7012049937709378,0.1953224716441506,0.717482,0.8020452921874923
BHS,2013,0.1538015412630941,0.6379336977458052,1.0,0.9317363900442168,0.521501916324294,0.6956475019388134,0.191881889018696,0.72,0.8259105595436527
BHS,2014,0.1424784293292141,0.6223149847717864,1.0,0.933368831820648,0.4308286796216173,0.6970283741104569,0.2007673301184788,0.7692,0.8186321318223903
BHS,2015,0.1394386031077616,0.6061528586741897,1.0,0.9363432491906892,0.3258453149783574,0.6973162893896206,0.1217179967148097,0.78,0.8008485974121174
BHS,2016,0.1474266302634593,0.5969754757083736,1.0,0.9372189482292352,0.4978693601301853,0.6946108724174124,0.2007672347311568,0.8,0.7968319300022232
BHS,2017,0.1334896676242687,0.665577444298912,1.0,0.9364404816949278,0.4432772122567651,0.6985178565343485,0.1913437018169952,0.8059999999999999,0.7789237607455779
BHS,2018,0.1205716469585998,0.6239541864471013,1.0,0.9369781397414146,0.5334941403241718,0.7011302210359552,0.1663782079586305,0.8300000000000001,0.7810354105299264
BHS,2019,0.0994216215708639,0.6976756808561113,1.0,0.9368226265619616,0.5203946512546214,0.699185904194812,0.1936922662877978,0.906933,0.7719115226748549
BHS,2020,0.1342090148741464,0.6238329950921566,1.0,0.9375587378415042,0.5569445840368472,0.6661967473514666,0.1607475969659238,0.924437,0.7965510487477411
BHS,2021,0.0866030367126839,0.708618440387275,1.0,0.9336028038359196,0.4911301928450213,0.6895252573803335,0.1502349857940322,0.943479,0.8047589629536528
BHS,2022,0.0799620174290763,0.6809762453790463,1.0,0.9336849535751824,0.5326516987229979,0.7040880285466035,0.0471154242600953,0.947326,0.8400437849734058
BHS,2023,0.0866055063299012,0.86190296804643,1.0,0.9343288125499708,0.4214379991328176,0.7077538227352506,0.0602328888554298,0.948186,0.8204891527784445
BHS,2024,0.0962930597711984,0.7702975703507856,0.9992716138485112,0.9348754530425688,0.3828979083969156,0.7119089523466028,0.0529864352450736,0.9001722000000001,0.8048615477941955
BIH,2004,0.5361823593675393,0.545600096101127,0.9890415445582064,0.5711193785039008,0.8540448896215433,0.3627291657195736,0.4071714229657234,0.15469,0.5148395847237146
BIH,2005,0.5289547420412907,0.5808961005473529,0.9890415445582064,0.5743513292116008,0.6457627764111611,0.369844815018889,0.4352816712967887,0.2132669999999999,0.4993282454473398
BIH,2006,0.5226375484527749,0.5780012009256812,0.9927052724399016,0.5791099468413352,0.7119702662447975,0.3786778272633527,0.4260130135540646,0.251224,0.465725902878565
BIH,2007,0.5132554188416861,0.6306134742076805,0.996358069242556,0.5661714621608045,1.0,0.3887321622858862,0.4429683133039868,0.2792,0.4648121487187335
BIH,2008,0.4992174998705354,0.6501422532613043,0.991485247605356,0.557974713470374,0.6261765410275515,0.3988240971531688,0.4741039992644479,0.3465999999999999,0.483261100777741
BIH,2009,0.4953905266935593,0.6447094460526639,0.9927052724399016,0.5621216444726652,0.3351977712730135,0.396909389207749,0.4678561162026329,0.3774,0.5153607454922721
BIH,2010,0.4869821592693577,0.6366638394199089,0.9939240827149284,0.5897459360864866,0.4521884854679581,0.4007386425209044,0.45805553828295,0.4275,0.513273801342215
BIH,2011,0.4857859075899525,0.6318391648453824,0.996358069242556,0.6151421149861572,0.4486418305668687,0.4048019491761375,0.4523360257851669,0.438877,0.5181247249739738
BIH,2012,0.4659218266457344,0.6361868425095124,0.996358069242556,0.5855212548852652,0.4321032230047191,0.406411609517057,0.4396045976915564,0.450645,0.5333496860799082
BIH,2013,0.4883431549537209,0.6329106751205703,0.9939240827149284,0.6134011000506575,0.3961779672071457,0.4121446319541121,0.4552046565880345,0.4852129999999999,0.523520486748283
BIH,2014,0.4596046278413963,0.6305866603339155,0.9987872264286616,0.6333915341410211,0.4750885984291739,0.415671536872025,0.4515216492278627,0.499177,0.5333077945448395
BIH,2015,0.4625539807378483,0.6219257380119896,0.996358069242556,0.6296170383203333,0.4360011245752617,0.4236563598253721,0.4419341866982006,0.526,0.5040118475643718
BIH,2016,0.4668527052169812,0.6187757811766897,1.0,0.60716983687864,0.4031009902081138,0.4301777921350059,0.4556579795532127,0.602565,0.4918248713825961
BIH,2017,0.4410636955610982,0.6201739807150449,1.0,0.6172028449029909,0.4649268406351794,0.4366753025486379,0.4724029536034269,0.6489199999999999,0.4962911060161586
BIH,2018,0.4515004764483506,0.6167309527601809,1.0,0.6244157539980321,0.4752129299223453,0.4439039001232175,0.484771783358243,0.701201,0.4845992344669606
BIH,2019,0.4417668691871415,0.6187675231635382,1.0,0.6015586828208503,0.4263251189785034,0.4498208286446551,0.4741543478019404,0.699463,0.4982437361356464
BIH,2020,0.4583451456327799,0.620706907511707,1.0,0.6548786567325273,0.4395217513288183,0.4473950443897733,0.48614067682277,0.7321179999999999,0.4996226757171612
BIH,2021,0.4252870083599379,0.6027913999729708,1.0,0.6217413532151623,0.4950293820059234,0.4601598522516618,0.5068151937470216,0.7567619999999999,0.4867087641507531
BIH,2022,0.4175134093540733,0.579534190788844,1.0,0.627137880499318,0.5305605885791962,0.4679734319680887,0.5041085639402894,0.788455,0.4971267524012172
BIH,2023,0.4103246911954764,0.575949710896269,1.0,0.6330292486815702,0.5503287962801373,0.4717358278553513,0.4849897226992308,0.8337720000000001,0.5196469601400324
BIH,2024,0.4052384634964225,0.580325222508155,0.9934304978144808,0.6383443976722376,0.5046572818317389,0.4769376852920134,0.457446330136629,0.861009,0.5298102954442527
BLR,2004,0.54272893003178,0.3254320386059266,0.8857341895576939,0.6116383065097227,0.3300855064870152,0.3828871428311645,0.6775317187690609,0.1395389,0.2640956348537567
BLR,2005,0.5345619895882288,0.31283120294010736,0.8923699500852781,0.6212451691333404,0.3500698764505517,0.3969162002952823,0.7160928855767461,0.12638786,0.21698743033581
BLR,2006,0.5360637336112333,0.3499475844974894,0.9002856769286112,0.6297161736517477,0.3468964277524342,0.4116367509251969,0.7077028707978881,0.162,0.2432254611628905
BLR,2007,0.529103491986139,0.4306366444134749,0.9068432438655142,0.6383765855650683,0.5438037931701201,0.4242759936492525,0.705559250682567,0.197,0.2354349535511954
BLR,2008,0.5382326847405807,0.4626705249962189,0.914666240579654,0.6447550543685195,0.5183961412924873,0.4388734764205938,0.72891171107745,0.23,0.1800575114775917
BLR,2009,0.5246466181258905,0.5136472820887479,0.9224395671385988,0.6550020797370281,0.5240729349028357,0.439520351608062,0.6928531132246742,0.2743,0.271461328416778
BLR,2010,0.5437357394092418,0.5531599878790577,0.9301638503013714,0.663311475010898,0.4424676310819202,0.4506708757588681,0.6828002472676037,0.318,0.2982048407482029
BLR,2011,0.5212535167386505,0.5259890650072475,0.937839705038271,0.6728064581647228,0.7057581750299315,0.4588503412965522,0.6924961052102894,0.396489,0.3115134563432244
BLR,2012,0.5246477605573687,0.4017632456333572,0.9454677348246712,0.6806364494682303,0.4290302499683344,0.461535450737584,0.6951456557963523,0.4690999999999999,0.294537054280463
BLR,2013,0.4873589606125436,0.4131503308563298,0.9530485319257332,0.6876634659082623,0.4775602485350042,0.4630334797816796,0.6899465359823275,0.5417000000000001,0.3366982412777813
BLR,2014,0.5019842705437769,0.4198853684805965,0.960582677672353,0.6961125037363918,0.4377751465128424,0.4653288193847452,0.6826210964358987,0.590163,0.3411448250276929
BLR,2015,0.4707348747698336,0.4567264024054666,0.9680707427286704,0.703588608906948,0.4744941096913941,0.4594686336166665,0.6433696874322296,0.6223040000000001,0.380491674568588
BLR,2016,0.4899762884491179,0.4386857056262075,0.9755132873514472,0.7103961630185949,0.454058351165112,0.4556274030278485,0.6163399861777805,0.71113,0.3947724086570954
BLR,2017,0.5094129473522464,0.4431394565244939,0.9841394566470218,0.7084516210310883,0.435799123288312,0.4594161042753047,0.6257941663029303,0.744364,0.3785000206959689
BLR,2018,0.4805767448438985,0.4545628921487424,0.991485247605356,0.7034199496376349,0.4386679668233373,0.4642266124016206,0.6212342143806705,0.7912990000000001,0.3817575043675649
BLR,2019,0.4869181299869554,0.4637200981341857,1.0,0.7087109551939058,0.4126745217611929,0.4666037990778265,0.6286563979516906,0.827892,0.3930243685690555
BLR,2020,0.49540936591452,0.4911076705117583,1.0,0.7083959816441877,0.4317585521800172,0.4662387175052892,0.622595140266274,0.850879,0.4035944264563795
BLR,2021,0.4842092247196883,0.4668408680320496,1.0,0.7096175122168896,0.3989781873590804,0.470938053494082,0.6349800265849544,0.8688840000000001,0.3979133404782509
BLR,2022,0.5223089031934763,0.4857309396294251,1.0,0.7129811909818418,0.4257287527082098,0.4651816291078893,0.6484582259759349,0.895073,0.3889426421767518
BLR,2023,0.5004151954683126,0.4857309396294251,1.0,0.7124133491783777,0.4628951039426441,0.4718354948883961,0.6279985134321133,0.915125,0.3998818237626124
BLR,2024,0.489089713757047,0.472450241744517,0.8903819701639076,0.7156108652697174,0.4327921298512339,0.4782656933283634,0.6123183919138273,0.942618,0.4155159101304771
BLZ,2004,0.5764342444780264,0.5387668182180452,0.7685140122684332,0.7387524988715696,0.8022416076336021,0.4692503667698545,0.3374871873217542,0.098,0.6036392660220155
BLZ,2005,0.563353422675406,0.5384102192624268,0.7816237786763294,0.749630486887401,0.8442307191442486,0.4682017659360852,0.3256777829226735,0.17,0.6178708069174367
BLZ,2006,0.5584126767278116,0.5500380380758114,0.8857341895576939,0.7523471765426805,0.7293332670006469,0.4704395329962766,0.3770830453481642,0.24,0.5886250435665413
BLZ,2007,0.5388843696337373,0.5671938430185662,0.8060100705009462,0.7560299404738774,0.8194523478314262,0.4711199509344722,0.4052628318051663,0.246,0.5834198887185719
BLZ,2008,0.529901687857268,0.5856162894895093,0.8187264610863411,0.7575846400944376,0.9191814213623736,0.464744613687308,0.4074180805948356,0.263,0.5871104324481584
BLZ,2009,0.5352402008154418,0.6010196137548125,0.8299200917028398,0.7621830588397667,0.7036433285736008,0.4602117074589086,0.3863098896286285,0.272,0.6055062624455764
BLZ,2010,0.5402104557100343,0.5875730874340372,0.8710076664316317,0.7668722396022992,0.6429100271838313,0.4587541650890311,0.3560458123012365,0.282,0.6053800318188962
BLZ,2011,0.5430677734247857,0.5772723245931991,0.8950142163835095,0.7692988601940834,0.6228138991768941,0.455403498300433,0.3732917546146934,0.307,0.5953627700183528
BLZ,2012,0.577035669212442,0.5717719935011537,0.8844027105573438,0.7726645905029056,0.9432810939269156,0.4578958410279755,0.2966171886923232,0.31,0.6081545429513026
BLZ,2013,0.5707678389127689,0.5637894153856716,0.8870642220841037,0.7750472826011887,0.5790032261545167,0.4605837554017552,0.2876057536283206,0.336,0.6133257507408644
BLZ,2014,0.5729140541418224,0.5629003739719929,0.8923699500852781,0.777449786958518,0.713464873476827,0.4630587035759382,0.288510281817501,0.387,0.6095934982212872
BLZ,2015,0.5605330317265107,0.5688841007941515,0.8963342109266358,0.7873599958501211,0.4594561677674702,0.4639606034182469,0.2479181468088818,0.4159,0.6132593906898693
BLZ,2016,0.5132152149462675,0.5631070325163783,0.9159652272480936,0.7802043394404293,0.3791395479845513,0.4605628554535003,0.2763891554502691,0.4457569999999999,0.6087909612252627
BLZ,2017,0.53563855205263,0.5612834717987947,0.9275945003129228,0.790977600851014,0.3754404752849268,0.4545348200156475,0.2324664153353822,0.488771,0.6187829297419946
BLZ,2018,0.4979735766469757,0.5661015216116958,0.8950142163835095,0.7741452825807518,0.6314718695610229,0.4530168563027036,0.217899750141518,0.5359360000000001,0.6361750726404128
BLZ,2019,0.4795056889374973,0.5692364266040774,0.9081505529274267,0.7960336614838521,0.5406848604225989,0.4569437206700796,0.231070772970239,0.5876520000000001,0.6399573116957543
BLZ,2020,0.5304835606653875,0.6102948995474389,0.960582677672353,0.7883325846365576,0.5262567322836988,0.4339946329359502,0.3002116086123966,0.644359,0.6028035272523801
BLZ,2021,0.5184187460914987,0.5772534440413047,0.9717976704778122,0.7887322819254896,0.6203129338201265,0.4563300022757376,0.3208246753581544,0.706537,0.5979726625834971
BLZ,2022,0.5144475048150758,0.5514388608388302,0.9829108616416083,0.7936354825108052,0.6061678361466709,0.4664839336726126,0.2777287666134408,0.7180960000000001,0.6052846102382285
BLZ,2023,0.524808927843205,0.5490445972529153,0.9951416808462688,0.7992040150349956,0.3182147379196285,0.4642214561055916,0.2431578368936093,0.723595,0.612789729316342
BLZ,2024,0.5198185541666002,0.5449118825046728,0.97579044191803,0.8029884931490439,0.544985652743653,0.4671298347392786,0.2485039257897159,0.6059198,0.6171903891862722
BMU,2004,0.1432127694034192,0.6379007433162409,1.0,0.903485499776478,1.0,0.895630948055489,0.0526384657890808,0.609909,0.9568652490554952
BMU,2005,0.137650968318799,0.8355886333844891,1.0,0.9070760765675656,0.3424413355993253,0.897679557382972,0.0684246586276637,0.654471,0.9705426085022132
BMU,2006,0.3977408585229326,0.6524634389983007,1.0,0.9070760765675656,0.190627817362062,0.9052274523676626,0.2789070042412659,0.698997,0.6812768742379641
BMU,2007,0.330177577972285,0.776210291823925,1.0,0.9070760765675656,0.8775507936267462,0.909597784011454,0.222852474028448,0.743506,0.8067793329134658
BMU,2008,0.0632729636740828,0.8187039350414117,1.0,0.9070760765675656,0.4439507137624377,0.9061970101050963,0.1552879886729749,0.823,0.9198766349379645
BMU,2009,0.0788723931895963,0.7708707571900681,1.0,0.9048384351697424,0.2148466154253546,0.8971840680966475,0.0760379343651839,0.8325,0.9507462802334968
BMU,2010,0.0572723907496554,0.795242456507259,1.0,0.9062241983455568,0.502483128921059,0.8931397226229353,0.0,0.8421,0.930441906025265
BMU,2011,0.0621986974846686,0.7927341043733042,1.0,0.9070760765675656,0.0181781297073309,0.8875842492559248,0.0,0.88336,0.9386364422878892
BMU,2012,0.0563998040561455,0.8994182450165527,1.0,0.9039632762319636,0.3326039076238875,0.879869555326677,0.0,0.912993,0.9479103222968402
BMU,2013,0.0649689364287614,0.8994182450165527,1.0,0.903485499776478,0.3392834763284307,0.8796272678168703,0.0,0.953,0.941848324303618
BMU,2014,0.0429494088665769,0.9018553716690701,1.0,0.9049964598309512,0.2805453494373564,0.874255643751758,0.0,0.968,0.9491657584757166
BMU,2015,0.0462290477176735,0.75153203731333,1.0,0.9049964598309512,0.1440783791617295,0.875525656268387,0.0,0.983236,0.9452032560154542
BMU,2016,0.0611206365928438,0.8381039835776785,1.0,0.9042974448234712,0.2149660214734647,0.8746028206977617,0.0,0.98,0.9424597094533108
BMU,2017,0.0551505586204424,0.75153203731333,1.0,0.9070760765675656,0.0215002371163113,0.8794578839640875,0.0,0.9837,0.9382716940226092
BMU,2018,0.0476030923562281,0.8711044401749287,1.0,0.9062241983455568,0.3699563164037545,0.8782517683043737,0.0,0.7057692,0.9373661802491952
BMU,2019,0.0448798586127564,0.8186056306664996,1.0,0.9042974448234712,0.2878694336971748,0.8780705741331031,0.0,0.6805064,0.9326795870912674
BMU,2020,0.0515281162842865,0.563879446253313,1.0,0.9079512355053444,0.7342897284420686,0.8671837438387714,0.0,0.6805006,0.944447393618248
BMU,2021,0.0581776557803801,0.8735415668274462,1.0,0.9049964598309512,0.3283675113482261,0.8731238759125478,0.0,0.6805064,0.946056687655076
BMU,2022,0.0444072917960822,0.8186056306664996,1.0,0.903485499776478,0.2888920340182644,0.8820062787398063,0.0,0.6805064,0.9468752337251252
BMU,2023,0.0392601789608799,0.834197875464577,1.0,0.9042974448234712,0.3984195248128538,0.8890885484657981,0.0,0.7598404000000001,0.955411681321446
BMU,2024,0.0691765960241628,0.6902247837962153,1.0,0.8000458885231344,0.3670762318219322,0.8976484217788655,0.0515045770008601,0.6197562,0.9314703570290368
BOL,2004,0.6319869794805548,0.5523096108056204,0.6662393079469304,0.520184577990639,0.3325556288179315,0.3079184579930397,0.5457530872347263,0.0443992,0.4084845306831007
BOL,2005,0.6050547541599122,0.5366505235244672,0.5388380010094305,0.4864959668154097,0.1213954184943037,0.3117501173884324,0.5351616978256775,0.0522758,0.3633511088210586
BOL,2006,0.5885569842255773,0.508849613634045,0.671006198408347,0.501429431561928,0.4435760395092109,0.3160752019202372,0.5604720112562199,0.0620067,0.2912680335076997
BOL,2007,0.5692950646819032,0.5034681843232076,0.7328524186088164,0.5181314602792245,0.4657139555039885,0.3200693778005491,0.5717307496006568,0.104992,0.278516594241207
BOL,2008,0.5784556331754392,0.4839993360852946,0.7988879164996509,0.5774915684972899,0.4839855259550594,0.3262778358236017,0.5963980404520615,0.125,0.2359648202585167
BOL,2009,0.5928105831836291,0.5013302208745196,0.8285264719505933,0.5831904656142896,0.4427944705020419,0.3286525738368181,0.5878727502719048,0.168,0.2989017554768544
BOL,2010,0.5773590949460499,0.5142317696896209,0.8451461138630243,0.5915407161213896,0.4900260876920345,0.332134210781397,0.6031328436920919,0.2239999999999999,0.2997871612655476
BOL,2011,0.5640055669967301,0.5187164621124193,0.8492660105836505,0.5944544825172109,0.5172940753639705,0.3371409193460283,0.6068182756334976,0.3,0.2470878921435516
BOL,2012,0.5649463854329695,0.5318966802571072,0.8777235078475191,0.6213503121075387,0.5387135985700566,0.3420683480568925,0.5896557338333449,0.3534,0.2348272400142683
BOL,2013,0.568336492846048,0.5430071755168173,0.8656083420458749,0.6117479433713641,0.6554061608414422,0.3493256291986483,0.5757047075762233,0.3699,0.2297922619440663
BOL,2014,0.5633544336154144,0.5580648507785213,0.8723537851160632,0.5800659778549476,0.4135181593615906,0.3547993882977972,0.559994201304096,0.346016,0.2567011533115672
BOL,2015,0.5741892258617637,0.5948086743552907,0.8923699500852781,0.5953081418885072,0.3934022249513012,0.3594807772973191,0.5147454951044554,0.374868,0.3473636877360381
BOL,2016,0.5931922701105284,0.6197186955388463,0.8963342109266358,0.6004006083899357,0.348324927662117,0.363378256592744,0.5171597381663198,0.3969749999999999,0.4176768352738018
BOL,2017,0.512492246542166,0.5784664203529696,0.8963342109266358,0.6013384524748917,0.3849793495267199,0.3672214009178657,0.6038006700870479,0.4383229999999999,0.4473778193402186
BOL,2018,0.506177306531469,0.5977345680541241,0.9094564675260748,0.5999628373880205,0.3246663517946624,0.369244826846575,0.6070853859559479,0.442861,0.4613030554945499
BOL,2019,0.5112730091474059,0.6095011925840169,0.9391143483810512,0.6283558797296748,0.2552814325607074,0.3693738415302078,0.6083428484718555,0.474748,0.4782166933555549
BOL,2020,0.5492665943329322,0.6629346616989703,0.9655798063248302,0.6346180171469059,0.110302937711789,0.3478416943957966,0.5537048728057189,0.5994010000000001,0.5175420886459169
BOL,2021,0.5417530131013851,0.6403305127265481,0.9829108616416083,0.6344933766663524,0.3633456317563101,0.3602314313928653,0.6145019029415147,0.6597740000000001,0.4651426398814606
BOL,2022,0.5380853973538291,0.6406879851376804,0.9987872264286616,0.6664128540258556,0.284817503882491,0.3638805327046958,0.6330466683588752,0.673612,0.4701358293260392
BOL,2023,0.5536290294327636,0.6306066986689176,0.9975732503052472,0.667865162837522,0.3138803535569853,0.3654940368912832,0.5969896799807546,0.702368,0.4856648844158895
BOL,2024,0.5421474214916228,0.6268749077270486,0.7465332724745564,0.6714172009740045,0.3299163741236632,0.3618635957396211,0.6211305640624377,0.4352264,0.4785019871728843
BRA,2004,0.4495952011159262,0.4683683206829317,0.960582677672353,0.7435636596018292,0.4606167987685114,0.4879098605213344,0.4969494080689405,0.190737,0.5038773760504337
BRA,2005,0.4102380607103909,0.4864433695168288,0.964332435029814,0.7448071412269874,0.3968622315452902,0.4908940085975167,0.4942323701247195,0.210227,0.5222432936577117
BRA,2006,0.3980708495345395,0.5104262249000349,0.9705566213901408,0.7548024330572085,0.3981138351744966,0.4949974295221037,0.4812956958485611,0.281784,0.5388028892429023
BRA,2007,0.4001430925246407,0.5416777424768308,0.976749324629734,0.757949606441471,0.4916789739521499,0.5020809990209826,0.4724942655163874,0.3088,0.5478414917802624
BRA,2008,0.4066963204853817,0.568345665694579,0.9816810324873144,0.7584546024094933,0.4786488730725841,0.5079022728535777,0.4716434933923438,0.3383,0.5336402845323761
BRA,2009,0.402763581220644,0.5766645230181934,0.9865929541017062,0.7677256310479549,0.4069228243442625,0.5064195949316231,0.4453476071550599,0.3922,0.5692799594166444
BRA,2010,0.3865034720781614,0.6005434699703692,0.9829108616416083,0.7761362826540963,0.526769011080253,0.5157341350053791,0.4755092303325557,0.4065,0.5461070345940379
BRA,2011,0.3968238633747513,0.6223579393251806,0.991485247605356,0.7843793860527342,0.5388196391021971,0.5202099167049378,0.4719993093326313,0.4569,0.5454210993467905
BRA,2012,0.3889413791344542,0.6391328196350129,0.9939240827149284,0.7858203483654487,0.5283927387742351,0.5217939695102426,0.4510194082289011,0.4856,0.5631153458145235
BRA,2013,0.4040710249578951,0.6452858718941594,0.9951416808462688,0.7856976681048932,0.481961448913945,0.5249146744226562,0.4305152202865629,0.5104,0.5772135241196273
BRA,2014,0.3960896427878574,0.6515789944649165,0.996358069242556,0.7931344945752665,0.5164434903220416,0.524473976907854,0.4128969438363133,0.54551,0.6001856323273012
BRA,2015,0.3958001765258701,0.6543291290964985,0.996358069242556,0.7998135389563932,0.5177969602534732,0.5180848584837169,0.3856816303489586,0.58328,0.6153043841711413
BRA,2016,0.4201631425863469,0.6379444952102484,0.996358069242556,0.808736634161486,0.5532802802121642,0.5121444487867924,0.3597764628000313,0.6087250000000001,0.6279227879017334
BRA,2017,0.4080943643110652,0.627801006288239,0.9975732503052472,0.8179516624981218,0.501273914579351,0.5129949210055821,0.3553629132137897,0.674713,0.6298087615471654
BRA,2018,0.4002964011555008,0.6305930017668396,0.996358069242556,0.8228001236424054,0.5494542506213628,0.5145690234044752,0.3700938904341553,0.7043429999999999,0.6201917943830678
BRA,2019,0.3906279655869024,0.6401189585908575,0.9975732503052472,0.8254964273999605,0.5243390028961228,0.5153838543343968,0.3702383183245126,0.7391240000000001,0.6260206568264316
BRA,2020,0.4512413512008147,0.6606118856370995,0.996358069242556,0.8229447887439421,0.4527490399010355,0.5097072590116564,0.3893389982879265,0.8134269999999999,0.6030298336976068
BRA,2021,0.479589972665227,0.6609738091745311,0.9939240827149284,0.8171248778890782,0.4649288916594213,0.5158429630558051,0.4507944035813366,0.8068989999999999,0.5353246627744853
BRA,2022,0.4532223383133162,0.6668692039582967,1.0,0.8259934406792754,0.535751292854731,0.5196340149118138,0.4659654636747105,0.805278,0.5533448695414925
BRA,2023,0.4620619096222885,0.6683816290873252,0.9975732503052472,0.8333801472468618,0.4703983555301852,0.5236898051761391,0.4512521476945222,0.841506,0.5697856326362523
BRA,2024,0.4526862222097404,0.6825224389773071,0.9987862639095606,0.8364571489267181,0.5046156095396834,0.5279813181612639,0.4239329507780733,0.844635,0.5696635098093977
BRB,2004,0.2290467684924129,0.655821010503413,0.9987872264286616,0.8604943494630022,0.7154315697987237,0.6456278230686655,0.2651948976564548,0.498,0.7536715606885221
BRB,2005,0.2238848913075216,0.6737426225104356,0.9987872264286616,0.8719245370678925,0.9486386914162994,0.6504961106856254,0.2606544912565243,0.525,0.7424265842371339
BRB,2006,0.2109637922042314,0.6766052262999137,1.0,0.8652970988109348,0.8121915633949117,0.6583522883334162,0.3000855163951988,0.5529999999999999,0.7496681678657102
BRB,2007,0.2007088157910065,0.669044646508204,1.0,0.8650190263826107,0.9471047986340184,0.660649661885837,0.2534731731347529,0.5820000000000001,0.7436233537936615
BRB,2008,0.1954538926229576,0.6822678295880091,1.0,0.8691271259537778,1.0,0.6608052663793017,0.2663604457286052,0.614,0.7489137427995963
BRB,2009,0.2097339861874053,0.7031872468985806,1.0,0.8687112204979662,0.8027112273346555,0.6525853618437881,0.2752775333140157,0.647,0.7654563849368604
BRB,2010,0.225575497256266,0.6462335086142378,1.0,0.8725439331462175,0.7719692801042013,0.6487381573140844,0.2041728204375032,0.6509999999999999,0.7956767575559431
BRB,2011,0.2215941746089007,0.6489017549352251,1.0,0.8764607769371288,0.8121338721123952,0.6478152572896726,0.2351654512179979,0.665,0.7900006879375442
BRB,2012,0.2295596310233493,0.6598551389166886,1.0,0.8788017800159775,0.8804862185205049,0.642353857802931,0.210410247009341,0.7120000000000001,0.7814677675959225
BRB,2013,0.2443467710655081,0.6608711163381611,1.0,0.8796521581906396,0.4035528287758042,0.6393793295564275,0.2220376864907859,0.718,0.785743421928311
BRB,2014,0.2387070760662253,0.6600082532650934,1.0,0.8820823604994158,1.0,0.6401110807403033,0.2193061304178885,0.7190000000000001,0.7848456007458546
BRB,2015,0.2278851103566927,0.6605178944438891,1.0,0.8842489646718165,1.0,0.6380676497271057,0.2159189966297886,0.72,0.7763296578304424
BRB,2016,0.233854704908407,0.6648698803680408,1.0,0.8852680915477621,0.9233954905977504,0.6399078096058463,0.205543780924562,0.7220000000000001,0.7797084670600467
BRB,2017,0.243092918327253,0.6717742688937925,1.0,0.8829234138743948,0.3887800592523595,0.6406352679561186,0.2162525724628027,0.723,0.7610246264601914
BRB,2018,0.2722672518718319,0.6601357577841774,1.0,0.8915216127974327,0.5459862512614602,0.6384916452782151,0.1861014864380398,0.7240000000000001,0.7689580858790356
BRB,2019,0.2791679270781657,0.656180086779173,1.0,0.9039706604439962,0.5114887154472585,0.638565550561147,0.1774813472981029,0.7417910000000001,0.7724201013046599
BRB,2020,0.3332209231671476,0.68333004898172,1.0,0.9067507991174116,0.5994866396267657,0.6158029534954538,0.1994477339717749,0.7600199999999999,0.7623454227390456
BRB,2021,0.2576966162061658,0.659978919954992,1.0,0.9040810146571854,0.545251284564215,0.6154312333475059,0.179097962196161,0.778697,0.7777630854502106
BRB,2022,0.2108333582609967,0.6338045556109849,1.0,0.9094493933507004,0.473071473385646,0.6384136353401045,0.187221305067866,0.794451,0.787660395128242
BRB,2023,0.2298666540788334,0.6287422183985566,1.0,0.9202922683546336,0.486650289828768,0.6425742253153336,0.1673543864832212,0.799923,0.7852843237572711
BRB,2024,0.2228206288999286,0.6477683077055768,0.9987862639095606,0.9210904958238936,0.5470633788957713,0.6460660136199982,0.1700351027947652,0.7677724,0.7856875556053106
BRN,2004,0.1820638723110999,0.8441751444167188,1.0,0.8935530181296472,0.3694978292871391,0.7279937244637374,1.0,0.297156,0.0
BRN,2005,0.159510443855211,0.7047184121769009,1.0,0.8948061782161116,0.3920439765871641,0.7255388606633301,1.0,0.364664,0.0
BRN,2006,0.1313615998625008,0.4854883505387392,1.0,0.8948039455818757,0.3292302840989305,0.7290634695514108,1.0,0.421863,0.0
BRN,2007,0.1274707911795617,0.5025096811207468,1.0,0.8989216074415199,0.4088483707329489,0.7210436957158538,1.0,0.4468,0.0
BRN,2008,0.1227028531923991,0.48594061356892,1.0,0.8997914213670003,0.3748114269122767,0.7125846598846631,1.0,0.46,0.0
BRN,2009,0.1601503587778976,0.5383836731405287,1.0,0.9033369083997728,0.4618876695619789,0.7070748452158983,1.0,0.49,0.0731252015238325
BRN,2010,0.1284367185317001,0.5196633265836914,1.0,0.9042595358621466,0.5122620016957538,0.7082440623542957,1.0,0.53,0.0438206749235522
BRN,2011,0.1052560493831463,0.4586268147092874,1.0,0.902841927890172,0.5268369161826476,0.7109922606987124,1.0,0.56,0.0
BRN,2012,0.1174298342922322,0.4576007998746882,1.0,0.9032622013367908,0.5795190432131099,0.7100871141663351,1.0,0.602731,0.0
BRN,2013,0.1216820490822987,0.4818352034714089,1.0,0.90577098902173,0.5629981293543437,0.7049630811344866,1.0,0.645,0.0094745002387154
BRN,2014,0.1456145152208238,0.4958908145355609,1.0,0.9075082865450518,0.5024680440065519,0.6993309053487532,1.0,0.6877,0.0527022808218551
BRN,2015,0.1745552776032991,0.5457789713797221,1.0,0.9122703761417004,0.370232809724173,0.6968701246040304,0.9583584318327572,0.7120000000000001,0.2126026936145331
BRN,2016,0.1856792486236526,0.5609046781769922,1.0,0.9175619070643146,0.1980773667846232,0.6913994997784864,0.9238007119804784,0.9,0.2880932362919396
BRN,2017,0.1726473351980025,0.5347517876906344,1.0,0.9211601917681635,0.5351106614908103,0.6915581149203641,0.9447061292062736,0.948667,0.243615963761946
BRN,2018,0.1646509245611918,0.5079687881486205,1.0,0.8983390419111161,0.5316404376896725,0.6899540757534465,0.973569434535344,0.95,0.1648700781204243
BRN,2019,0.1608883899969439,0.5122010117852944,1.0,0.880518719081672,0.4643685124888129,0.6938582996846273,0.9677270578174496,0.95,0.1843347160882376
BRN,2020,0.187173025572101,0.5360524684474284,1.0,0.8614904679398298,0.5905837688580889,0.6939536874240962,0.9397367094017728,0.963055,0.256383968808877
BRN,2021,0.1913078034463848,0.5157292654715774,1.0,0.86214055482574,0.379951682143075,0.690232130603342,0.9692249905902794,0.976288,0.1716625703669032
BRN,2022,0.1737543965796857,0.4844319946332916,1.0,0.8783410123648162,0.170816950051952,0.6866811885995884,1.0,0.989704,0.0442799593000492
BRN,2023,0.1823523442300631,0.5207328607487403,1.0,0.8884563430433121,0.2599086632293392,0.6871724726612233,0.9614533404653846,0.990336,0.1993600730122801
BRN,2024,0.182500925247544,0.52450519559041,1.0,0.8887592629013269,0.2963502669641266,0.6917507566933049,0.9609176366683878,0.6151322,0.2019414761161602
BTN,2004,0.716078047733832,0.32165710587221696,0.2082275088997537,0.3265050862113415,0.3624328054989437,0.2641168074190773,0.6711799837223411,0.0315698,0.2444411785683151
BTN,2005,0.6998020150538143,0.34980888901815965,0.3786327588020923,0.3333071811346251,0.3309998691142532,0.2713411543848695,0.6634756451220847,0.0384711,0.2884807193322515
BTN,2006,0.6909631359618297,0.387157147528037,0.376617458231559,0.3401684173590905,0.3262812462938856,0.2773568883911393,0.6857197344654418,0.0451832,0.280711236540771
BTN,2007,0.6569974729318301,0.4070898682272553,0.5991602910918646,0.3503227478898492,0.666775637741811,0.2973346547761298,0.7636447734519937,0.0592,0.2148131755376312
BTN,2008,0.6506390107972616,0.4625242313468206,0.5264085052137782,0.3553403991219576,0.2995509872767065,0.3021228212104451,0.7538745564463748,0.0655,0.240444908620429
BTN,2009,0.6430963957026439,0.4790037158889431,0.5941046962128725,0.3614603038190171,0.3734749009399758,0.3112363166461717,0.7370005250504522,0.0717,0.2841204390038682
BTN,2010,0.6163423621567946,0.5289424287976465,0.6241297796896227,0.367785680670838,0.5706886717760192,0.3260022462869202,0.735303566406317,0.136,0.2886906626530031
BTN,2011,0.6051835651809967,0.5545927227545284,0.7567418559893258,0.3113880915193704,0.3864964410088903,0.3362323886691859,0.7105183838679352,0.144,0.3236653154944257
BTN,2012,0.6009234822596,0.5501753444676281,0.8923699500852781,0.3328881616842698,0.364425200573072,0.3419322632337033,0.7209945274291398,0.156,0.2761034304235734
BTN,2013,0.6061688146743317,0.5500393408117507,0.8368644938731898,0.3508668446895682,0.3524377323207857,0.3428219324447031,0.7291716413514686,0.2239999999999999,0.2774318590831342
BTN,2014,0.6100544012419558,0.543856796532222,0.891045672162595,0.3476759278773872,0.3573377664718094,0.3495490428087332,0.7135333131337662,0.303,0.2894006097931109
BTN,2015,0.6087969154643487,0.5516641611167183,0.942930335325417,0.3444131001616362,0.3032102590292457,0.3574334762504568,0.7243158880730531,0.3979999999999999,0.3036571417243428
BTN,2016,0.608930849463851,0.5600179392913204,0.991485247605356,0.3499290635828628,0.316827598287994,0.3678264465605881,0.7240682719855889,0.465,0.2967409476145825
BTN,2017,0.6253595774458179,0.5805395309211216,0.9717976704778122,0.3531040962972085,0.2424476628382586,0.3695737778393498,0.7316615528894468,0.543,0.2934535638281754
BTN,2018,0.6357617855224551,0.6093419519878216,1.0,0.3554373782849948,0.2906955164489097,0.3735289055876786,0.6810177171584622,0.635,0.3404173550925784
BTN,2019,0.6254307839221124,0.6273762797774832,1.0,0.3643260107254099,0.3149739891926316,0.3806849630258634,0.6494316189419932,0.7417940000000001,0.414578478693919
BTN,2020,0.6686532059707448,0.6567824480625702,1.0,0.3963244178829545,0.2766408450976184,0.3640628786655234,0.6294972064442509,0.7685080000000001,0.4208408335883305
BTN,2021,0.6699588356373278,0.6480858792907146,1.0,0.3841831190201985,0.2999644354160669,0.3693202948507817,0.6268740217721349,0.8563689999999999,0.4243135232792696
BTN,2022,0.653444831768035,0.6578567709913815,1.0,0.4863276213649963,0.3028878852122033,0.3756754177429467,0.6300253356644053,0.8629030000000001,0.4419944816889662
BTN,2023,0.6582961587610529,0.6695607666894425,1.0,0.4882345987737071,0.3060400140757559,0.3812333636808197,0.5908391811128804,0.88426,0.4690081843569097
BTN,2024,0.2682359179347751,0.5967811938025624,0.7611895655741212,0.4933728785827926,0.3622374212804796,0.4682891071627005,0.4969382417462108,0.2028354,0.5407373743879466
BWA,2004,0.2790281871644662,0.4033646999324757,0.0,0.7682372689834925,0.5680180982123206,0.4441520603774288,0.7288822743917229,0.0330489,0.384400052044061
BWA,2005,0.2451932082705678,0.3803348612176581,0.0,0.7676933072144667,0.5601507761064974,0.4480139313257684,0.7782354890544587,0.0326255,0.3340251198902086
BWA,2006,0.2375306047044235,0.3930523184163498,0.0,0.7647058572747772,0.6034851035513201,0.456964859113678,0.8204197937979327,0.0428993,0.3823885925812267
BWA,2007,0.2533400475189423,0.4182739131771518,0.0,0.7710423390872507,0.58864685402902,0.4623245690552789,0.8080254680559005,0.0528,0.390942218768336
BWA,2008,0.2701209452345181,0.4437008686397736,0.0237372823539037,0.7751646502208716,0.5999441359824237,0.4640547507885196,0.7574593850061869,0.0625,0.4517809093148781
BWA,2009,0.287394646355142,0.4682438341013171,0.0,0.7763257099163253,0.4182517431094904,0.4389230407009913,0.6467380619269972,0.0615,0.5561672325406617
BWA,2010,0.2663683965491216,0.4537593689990234,0.2105396811075802,0.7807199199637058,0.3964826722446841,0.4498521803931149,0.708664759772262,0.06,0.5009180509283365
BWA,2011,0.2685096388180641,0.4564915560361821,0.2379504115840647,0.7836631183213791,0.4103020926600792,0.4565951335678365,0.7613631892652318,0.09,0.4507455674928673
BWA,2012,0.2830342936640098,0.4938689997595947,0.2996185816731254,0.7847128697155247,0.3523807533160282,0.4539119363274327,0.7126108180295512,0.16,0.5144279263220128
BWA,2013,0.2587260399695297,0.4957993455180254,0.341839828403891,0.7910118116920846,0.314635626798275,0.4670025064727775,0.7325213985073591,0.3,0.5071366501640536
BWA,2014,0.244451666064516,0.4916278680230804,0.3826534350598969,0.7948790056766248,0.5007491787062619,0.4729333808068022,0.7655117925594476,0.367447,0.4730636207552464
BWA,2015,0.2550514119359303,0.514015060299914,0.4240920259872671,0.7941580218197594,0.4660965470744818,0.4636438196208062,0.7121950794119006,0.373121,0.5347433608070747
BWA,2016,0.2573155216879288,0.4923637874352365,0.4641738460633577,0.7982699579645293,0.3455176937214202,0.47168017473939,0.7480860386919006,0.4225759999999999,0.4910093269769143
BWA,2017,0.2463381494381344,0.5008723790510762,0.5228339192579227,0.8013510951511785,0.3893173714825618,0.4754705059489735,0.7062811545518872,0.478587,0.5361721463317664
BWA,2018,0.2683863520663722,0.5060289092673461,0.5388380010094305,0.8039559710400676,0.3932854710088225,0.4793665822332612,0.674417151613141,0.542022,0.5586341901077516
BWA,2019,0.265780510478394,0.5136568349516676,0.5702318959854341,0.8066622608244303,0.3204430554029258,0.4816367138093745,0.6319273032680494,0.613865,0.599780953046283
BWA,2020,0.2752294989872968,0.5362722057626557,0.5991602910918646,0.7781720226636439,0.2978513174909795,0.4662911517460187,0.5430061320058609,0.69523,0.6650988364333121
BWA,2021,0.2418150557408003,0.5046803345778615,0.6307031904884439,0.7869717121706511,0.1732804293455053,0.4804665820378412,0.6486226375633054,0.78738,0.5856227087215661
BWA,2022,0.2232567081206826,0.4722707438656039,0.6662393079469304,0.7888914192628834,0.5112823092269325,0.4859127551119538,0.7110407538529347,0.8036960000000001,0.5277704373575323
BWA,2023,0.2309710093243104,0.4735439439443997,0.6678303345777977,0.7846912286525106,0.5326327501733336,0.4881150806490321,0.6638881363805906,0.8136,0.5700064544163808
BWA,2024,0.2351883092261143,0.4939881399877907,0.9929451478755305,0.7840701309529683,0.4407546553195766,0.4813357526536007,0.5900781407791622,0.5029504000000001,0.6319809690021406
CAF,2004,0.8639478123375618,0.16418745209802862,0.0,0.0,0.3612556371477026,0.0792574394947108,0.1828551608915578,0.00223401,0.2994549508059156
CAF,2005,0.8722420341849986,0.1566439307005715,0.0,0.0,0.333150781332803,0.077288798054568,0.1810304329866218,0.00268196,0.3050683218498572
CAF,2006,0.8431740294529739,0.1509110233080024,0.0,0.0012795272751769,0.4383663428469685,0.0810718487269976,0.3639616933164529,0.00311159,0.2416800458964505
CAF,2007,0.8460153580385352,0.15328968514555222,0.0,0.0138912186008128,0.501296406449746,0.0848044966924185,0.4144085875606897,0.00375816,0.2243944862241179
CAF,2008,0.7687455799362513,0.1601684260268247,0.0,0.0167037446315181,0.6663552818661993,0.0846600971826265,0.4613698312028066,0.01,0.3578156226666923
CAF,2009,0.8728836722441996,0.15850067791791292,0.0,0.0540583931298506,0.4171153777701846,0.0975480282954147,0.5023199175166336,0.018,0.0
CAF,2010,0.866927826905406,0.19466108368044754,0.0,0.0794995087616924,0.4708835842290695,0.1052640504883165,0.5010428900482096,0.02,0.0
CAF,2011,0.8682013564586721,0.21537395389744754,0.0,0.0912630169334043,0.3825446912425275,0.1089132387923056,0.5420405696103213,0.022,0.0
CAF,2012,0.8634882492941898,0.24899189544395764,0.0,0.1115450625727273,0.4656001266027398,0.1146095271983684,0.558160386567087,0.024,0.0
CAF,2013,0.8328805624435129,0.29845642368804587,0.0,0.0350577188617186,0.2911493197362937,0.0480960150246275,0.4946080000743445,0.025,0.2437173084454287
CAF,2014,0.8449495912304618,0.28563049574936544,0.0,0.0424001566882515,0.2959563285580162,0.0488143631215574,0.3887521299718053,0.027,0.2832643584158715
CAF,2015,0.8275773564182611,0.26683628549049293,0.0,0.0642290314216009,0.2955339012149219,0.0547682908563312,0.4508336985685389,0.0289999999999999,0.2932977480103629
CAF,2016,0.830431005472187,0.27749763795182214,0.0,0.0778979420226345,0.3098960149997518,0.0588731570925683,0.4399445189952674,0.031,0.2836928913647981
CAF,2017,0.8366593645126595,0.2575434158423294,0.0,0.0913868158038884,0.3056542813308673,0.0628517865873038,0.4191664909642986,0.04,0.287436190282571
CAF,2018,0.8254711280849624,0.27800967395715137,0.0,0.09949974075512,0.3367754045107806,0.0656878444120969,0.4148776191768311,0.051,0.2887576167413236
CAF,2019,0.8030008283273246,0.26664655599880854,0.0,0.1098711073973716,0.3590272593333955,0.0681613219851278,0.4138373936630942,0.0750916,0.2279991540015508
CAF,2020,0.8122000348603801,0.26662638069049827,0.0,0.0679920912960214,0.2888804743011246,0.0670792725308252,0.4123182735047587,0.0,0.2030522990126178
CAF,2021,0.8567161464161294,0.26827444559206676,0.0,0.0594401677819648,0.298011842418809,0.0660541549404871,0.4387925539649355,0.0062,0.2775903781891773
CAF,2022,0.8596932743285075,0.289748381724426,0.0,0.0653763396072851,0.3497057731860311,0.067108721850756,0.4289588365025279,0.0,0.2768237281062543
CAF,2023,0.8051787229478804,0.2738891330949074,0.0,0.0719281977354619,0.3826848166177046,0.0665823178322178,0.4184503421047499,0.0,0.2362839481699612
CAF,2024,0.7993716717409178,0.28117189727745207,0.0,0.0684733242337221,0.3795912732440667,0.0638130880481677,0.4023289248098936,0.0,0.269612800935524
CAN,2004,0.2722184195756361,0.7794067095417575,1.0,0.8613223472995736,0.2932275372727927,0.7360297303160551,0.5734975814749111,0.65956,0.6166720938154067
CAN,2005,0.2495315941152466,0.7914469806345698,1.0,0.8634653568830226,0.4257751994131151,0.7392419404340284,0.587607090871002,0.7166,0.6114034961195202
CAN,2006,0.2342065489469024,0.8138385629688654,1.0,0.8677760075440942,0.6012259660667698,0.7415502261574073,0.5813814340915318,0.7240000000000001,0.6211766075019954
CAN,2007,0.2239370289481003,0.794953645556485,1.0,0.8724878136201388,0.8177107949474929,0.7430867548842074,0.5786031342021518,0.7320000000000001,0.6264210586479001
CAN,2008,0.2400712057553234,0.7959997290887296,1.0,0.8746235385211675,0.5778646917788803,0.7429511972080601,0.5897872640488692,0.767,0.6213352928586132
CAN,2009,0.220477237567884,0.8441751444167188,1.0,0.8836061508275919,0.3832109608483205,0.7369951892632215,0.5122716343744629,0.8029999999999999,0.6777808389495381
CAN,2010,0.215119272199642,0.8394100786888741,1.0,0.8859386127395933,0.4035890512021997,0.7398005817196677,0.5366961703072285,0.8029999999999999,0.6626273195397574
CAN,2011,0.2398463623761166,0.7964783232201236,1.0,0.8842733357466595,0.423150489989687,0.7428686124352563,0.5512309290993597,0.8300000000000001,0.6499531328944288
CAN,2012,0.2437527306952863,0.8069433021789926,1.0,0.8830524837950151,0.4597471342837985,0.7438218366847394,0.5419723242483814,0.8300000000000001,0.6549214625491419
CAN,2013,0.2506812049081591,0.7841505751560913,1.0,0.8846333140352216,0.5202474872004628,0.7456302104890301,0.5415753737994989,0.858,0.6549784692937475
CAN,2014,0.2238805560367019,0.7679078611003003,1.0,0.8865368252880066,0.5153078990542296,0.7482888278317278,0.5512055092189725,0.8712000000000001,0.6513685891898451
CAN,2015,0.2486627868833989,0.8249622746631283,1.0,0.8887312968362765,0.5348312302197735,0.7481256233079882,0.4991493982148145,0.9,0.6795251547527308
CAN,2016,0.2480296410770094,0.8274541878187366,1.0,0.890524597310445,0.4296921057583923,0.747982868123619,0.4760849088051996,0.9116,0.6920864871463823
CAN,2017,0.2503318815443799,0.8547330348838621,1.0,0.8920319146687051,0.3840823478368728,0.7505859699446377,0.4912815313643275,0.927014,0.6810514703653537
CAN,2018,0.2341070453755989,0.8197609238706152,1.0,0.8923845903822468,0.4447230371840085,0.7524335302405708,0.5032917298664281,0.9464,0.6777385446379373
CAN,2019,0.2338585453894294,0.8262923600742988,1.0,0.8953942761658683,0.4666844896975628,0.7530558769537808,0.4922945073192232,0.919129,0.688332144987838
CAN,2020,0.2461531036090739,0.8439864700470494,1.0,0.8938144521468261,0.3984942533876241,0.7439777657736341,0.4580033528226185,0.923,0.7126965910837295
CAN,2021,0.2249328460548336,0.8165980044459961,1.0,0.8964920115671721,0.4777100306478758,0.7515641652272081,0.5172644419159262,0.939371,0.6713971983726672
CAN,2022,0.1875360142218797,0.7950425030667153,1.0,0.8966791852820449,0.434846932893579,0.7549024637499179,0.4411801720791957,0.94,0.6298432915863729
CAN,2023,0.150268922167311,0.7963512209670485,1.0,0.8981768682168136,0.4154688347155525,0.7528883917530317,0.6140003995210953,0.939564,0.5534273545696041
CAN,2024,0.5142130079407391,0.8115780934080932,1.0,0.90147007448826,0.4669141418142208,0.7508280605414256,0.3817318903095015,0.7132986,0.5877787000491663
CEB,2004,0.3972421387952732,0.461781058260707,0.9788221966953544,0.6432897081443414,0.6509259843885007,0.5178843452855862,0.5910614636968075,0.3865972,0.4967022957889491
CEB,2005,0.3661207251413243,0.4826637005010877,0.9794728487763972,0.6494900746507649,0.8330893878533374,0.5252374607395774,0.5926196810059545,0.412,0.5020048679841724
CEB,2006,0.3556755960259676,0.5123565672725946,0.9807490052135664,0.6591573388502914,0.8145565610902104,0.5349386843816534,0.6013904110302106,0.412,0.4996173884075486
CEB,2007,0.34678947513688,0.5492850972247774,0.9820211378955904,0.6617505612484275,1.0,0.5444008403498807,0.6034186712290213,0.4261604,0.4964528200226085
CEB,2008,0.3446229771429914,0.580835936650279,0.9837569619060538,0.6632344568662066,0.8717861517720844,0.5505610193717975,0.6022815555203713,0.412,0.5005054579292274
CEB,2009,0.330872677599235,0.5879256235555813,0.986086220593658,0.6822475673908647,0.437700647341964,0.5454844617765561,0.5971580720551332,0.3865972,0.5205024412331433
CEB,2010,0.3254772311607524,0.5966387521807802,0.9873822674917716,0.6905430824721176,0.3889950813224129,0.548226431781771,0.5976569462102749,0.42062,0.5132259428400033
CEB,2011,0.3505004256456422,0.597076425730542,0.9886537537785354,0.69273704477432,0.5078637221319849,0.5537050729410814,0.61018717190466,0.4347374,0.4910142914129108
CEB,2012,0.3368867750588876,0.59271716440878,0.9902986532047776,0.6976978757196897,0.4721806089302712,0.5552574185513851,0.5945588965118708,0.4383324,0.5117481410071529
CEB,2013,0.3508301279753275,0.5894935746611392,0.9915887209741904,0.7037371125723431,0.3561064185793843,0.5567264521249612,0.5740466504052202,0.4537296,0.5246137276412034
CEB,2014,0.3439244052416883,0.5827687141281934,0.9928365900658432,0.7060663771576269,0.5227809152349745,0.5617920561980688,0.5891285599775535,0.4537295999999999,0.5149026431395045
CEB,2015,0.3237758932128241,0.5783385704443411,0.994392648056016,0.7137257380972938,0.4017377629687576,0.5679197801228663,0.5927744644333246,0.4537295999999999,0.5143122416566304
CEB,2016,0.3242091791487105,0.5785086187757206,0.995700321405932,0.7161816891976089,0.8568938519940235,0.5723975372253297,0.5840688101120132,0.4537295999999999,0.5239543823112072
CEB,2017,0.3323560364984166,0.5710506519573848,0.99846790572477,0.7166379291651539,0.4212191600170307,0.5800671155623441,0.566868979543468,0.6469142,0.5360503993845324
CEB,2018,0.3161476892843187,0.5687371697033572,0.9985005440528784,0.7193911961214144,0.2101048575379938,0.587458525697219,0.5633554979990645,0.6469142,0.5426916151490326
CEB,2019,0.3102698777517149,0.563186299181658,0.9993699317011342,0.7232074454303347,0.8778560505564386,0.5934953570097249,0.5581424622758963,0.7058032000000001,0.5509527894671643
CEB,2020,0.3159837087095206,0.5690157862396521,0.9997646214232908,0.7246766729744082,1.0,0.5895499078771843,0.5497510483303377,0.7085888000000001,0.5619510545200226
CEB,2021,0.315327899682099,0.5607246979208106,0.9998425542688888,0.7326092513621953,0.6948720789119057,0.6002449959576531,0.5413112842081953,0.7057692,0.5621237369015272
CEB,2022,0.3236674912528891,0.5418819125712199,1.0,0.7360134029083909,0.5555237419703052,0.606190991719073,0.5555990893261039,0.7598404000000001,0.5657155289867414
CEB,2023,0.3081400201585958,0.5237944195513093,1.0,0.7421343083377286,0.3031749958976927,0.6070520071226241,0.5601948026322684,0.7057692,0.5760882017797706
CEB,2024,0.2920085186202801,0.520109791079006,1.0,0.7534964560910211,0.2744099951966011,0.6102027159789117,0.530946318197042,0.7578064,0.5893804028245105
CHE,2004,0.1546783946497167,0.8280927736061777,1.0,0.8513331518187025,0.3984553278743743,0.8263380489677857,0.5215164549813368,0.6779999999999999,0.7145207882772655
CHE,2005,0.1398874813111837,0.8339317110533025,1.0,0.8516577879013616,0.3254835286183964,0.8293457113155623,0.5267986692962392,0.701,0.7136295399043118
CHE,2006,0.1311652425813143,0.8398354075878837,1.0,0.8497515872547905,1.0,0.8342307391396336,0.5301387221908482,0.757,0.7116678624012212
CHE,2007,0.133851633494522,0.8450148888555566,1.0,0.8485925896572424,0.9297018845528304,0.8385099540888893,0.5287756727582902,0.772,0.7120064666062289
CHE,2008,0.1352422796022517,0.8331306299557196,1.0,0.8505931344743777,0.3183344453031946,0.8406854084674013,0.5290673019760146,0.792,0.7128510087420574
CHE,2009,0.1269405044763764,0.8473769126632981,1.0,0.8574153741355933,0.8436623640893166,0.8354979007636091,0.5056917163509989,0.813,0.7310308564271232
CHE,2010,0.1185485895282875,0.845513386837033,1.0,0.8564181034737391,0.4760563758119246,0.8386193400717629,0.5047317015818864,0.8390000000000001,0.7313368117180971
CHE,2011,0.1205134167191977,0.8490464945696152,1.0,0.8573289061980935,0.4727859644011227,0.8396136662547401,0.511397988565469,0.85193,0.7280823326590223
CHE,2012,0.114447895929615,0.85758120389769,1.0,0.8613822785168108,0.6627263302950837,0.8397741190893034,0.5029239127285623,0.8520000000000001,0.7368978748380037
CHE,2013,0.1184902424520177,0.8601627392281214,1.0,0.8602527630260948,0.0543231137976266,0.8406833907329821,0.5048847290850319,0.8634000000000001,0.7356604373729272
CHE,2014,0.1250461883344652,0.8616485029059843,1.0,0.8648387844156302,0.472156354185229,0.8422839095364488,0.4972988570262159,0.836173,0.7401331809705882
CHE,2015,0.113257382575851,0.8639400732363052,1.0,0.8693091109612544,1.0,0.8429994196948695,0.4948122276677325,0.8747910000000001,0.7436189567212991
CHE,2016,0.1178406103288728,0.8688654105878668,1.0,0.8714461177402523,1.0,0.8443864946096579,0.4925509063121947,0.891347,0.7463958637330863
CHE,2017,0.1139728169736226,0.798924632092364,1.0,0.8732613106306557,1.0,0.8449968053099771,0.4951484659078814,0.896861,0.7443368330018556
CHE,2018,0.1157809470893275,0.6970083942623104,1.0,0.8746890750666148,0.0,0.8480214452556195,0.4993159321170851,0.918,0.7440099328204385
CHE,2019,0.1163597507056377,0.8690757470764674,1.0,0.878622173833781,0.4857019285027122,0.8486343050792992,0.5052617129794847,0.931461,0.7415282405179456
CHE,2020,0.1245712892745304,0.702173722078169,1.0,0.8787671403465835,0.0,0.84443094511931,0.5073807121311019,0.943499,0.7401532111485981
CHE,2021,0.1134216972442301,0.714116693166608,1.0,0.8820161494351161,0.0,0.8511737141876329,0.5231340204677487,0.955694,0.7300002656882926
CHE,2022,0.1117769751339884,0.769969485580642,1.0,0.8838188226446965,0.1865081754163255,0.8543218237042579,0.501713432661093,0.964528,0.745334369305659
CHE,2023,0.1130324096368094,0.702173722078169,1.0,0.885002319560225,0.0,0.8534741198086556,0.5042596959320471,0.973444,0.7452352920914597
CHE,2024,0.1135874927677486,0.6830937249121809,1.0,0.8850669711954716,0.0,0.8534580337662764,0.5053325191501897,0.8848702000000002,0.7435956429316698
CHI,2004,0.0195101081570011,0.5928061780021884,1.0,0.9034864824759709,0.1478343746020778,0.6745650262788916,0.3141903632880229,0.3906,0.7675133636453382
CHI,2005,0.0097075120445932,0.5928061780021884,1.0,0.9052186596292372,0.2654490669555713,0.6728924927413974,0.2435327797284502,0.427351,0.7286987385589041
CHI,2006,0.12623754619319,0.6052915559968781,1.0,0.9069815575133724,0.1478343746020778,0.745282313585254,0.3116154127344788,0.4137399999999999,0.7679692124734596
CHI,2007,0.1392954109861554,0.5632399490332175,1.0,0.9086524004709092,0.2654490669555713,0.6742689665818216,0.2836470387527782,0.389,0.7186126293035622
CHI,2008,0.0123975910825069,0.5943407005018084,1.0,0.9110412827483384,0.1590368215105061,0.695964544687008,0.2795763113925852,0.3630174,0.7949728374609918
CHI,2009,0.3812934344551615,0.877273182365297,1.0,0.9149734530476727,1.0,0.8118426464043226,0.7665026450941205,0.9177272,0.4842144214818178
CHI,2010,0.3832323155067108,0.6744400907455873,1.0,0.917649310618054,0.8,0.805491180535903,0.7533949846585546,0.7690494000000001,0.50119516663259
CHI,2011,0.0309231585953569,0.6744400907455873,1.0,0.919144133295288,1.0,0.80612562724758,0.4993272842703289,0.7589816,0.5302038165970958
CHI,2012,0.2670621877300246,0.7182539036977292,1.0,0.9219601382079408,0.8,0.7965625968522921,0.4887342466797271,0.7459610000000001,0.4979082097368891
CHI,2013,0.2637872876456926,0.7182539036977292,1.0,0.9235602208376618,0.8,0.7963687256320143,0.7599193316513237,0.9091062,0.4989453012450484
CHI,2014,0.0330400053360114,0.7182539036977292,1.0,0.9246558613806162,0.8,0.7990007760753605,0.6582339766287234,0.818449,0.5045952611391231
CHI,2015,0.0310222179188089,0.7551559696379272,1.0,0.9263252198044856,1.0,0.7988952281390219,0.7599193316513237,0.7309012,0.5164561222254228
CHI,2016,0.1341107670799675,0.7241713199786665,1.0,0.9278994496285362,1.0,0.8002649635314966,0.0,0.6494922,0.957807514241066
CHI,2017,0.1384848765002573,0.7241713199786665,1.0,0.9292578730252736,1.0,0.8024781565669751,0.0,0.7064432000000002,0.9540611738200226
CHI,2018,0.1330871962584531,0.7241713199786665,1.0,0.9309344911581764,1.0,0.8035426449589372,0.0,0.7323992000000001,0.95529495863249
CHI,2019,0.1304314235180487,0.7241713199786665,1.0,0.9325679607866876,1.0,0.8052027831303409,0.0,0.6766036000000001,0.9540997241879428
CHI,2020,0.1167891109560521,0.7241713199786665,1.0,0.9360159644959862,1.0,0.791155932077186,0.0,0.6246576000000001,0.9577408451190346
CHI,2021,0.12746845739781,0.7241713199786665,1.0,0.9364522612256848,0.8,0.8044664586422249,0.0149581226557447,0.7081752,0.9452391062172032
CHI,2022,0.1167411296785825,0.7241713199786665,1.0,0.9371036676754412,1.0,0.8116087145755898,0.0,0.7235838,0.9506546582265806
CHI,2023,0.1091803317028963,0.7460442800613998,1.0,0.9387474114793952,1.0,0.816491003721539,0.0,0.783253,0.9527350684226172
CHI,2024,0.0362406020516219,0.7393345755654838,1.0,0.9403355541159348,0.7493965151626208,0.8093144645782342,0.0944210788368983,0.7309905999999999,0.9248108493328542
CHL,2004,0.3692297018624527,0.6859218864425329,0.9693143129931838,0.7786503924743772,0.6104002554325902,0.5291242716979391,0.6442829144566844,0.281779,0.4831629821342059
CHL,2005,0.377307119374394,0.6885403003465116,0.9717976704778122,0.7826459489744192,0.6028272968904083,0.5359179468893612,0.6633662574394914,0.311753,0.458214242288305
CHL,2006,0.3669021346588614,0.6899451969706927,0.9927052724399016,0.7868610874424604,0.485183576062521,0.5430266899343258,0.7271162805979786,0.344978,0.3927684101300172
CHL,2007,0.3585875654110061,0.7067612890371271,0.9755132873514472,0.7908922713126045,0.6818849914612004,0.5489201371137781,0.7111666819277213,0.359,0.4131724189696466
CHL,2008,0.3518845619825736,0.7468699269652151,0.977984115274144,0.793670649283978,0.9645665079660444,0.5528684933533802,0.6324997405199618,0.373,0.4962662865185647
CHL,2009,0.3661460129717249,0.7525520282433389,0.9951416808462688,0.7983852244009634,0.7670790219062653,0.5497721846269158,0.6310273877728922,0.4156,0.5133149851616218
CHL,2010,0.3547693521778717,0.7452699388138561,0.9939240827149284,0.8021761686740445,0.7292602000110839,0.556568456859113,0.6549982659625355,0.45,0.4859103362609769
CHL,2011,0.3625170805573801,0.7507062570519432,0.9951416808462688,0.8023337174179453,0.966692174180012,0.5639003578630252,0.639551012501038,0.5224960000000001,0.4949896841907857
CHL,2012,0.3436882342005184,0.7560514694555733,1.0,0.8003345350111386,1.0,0.5711778294950173,0.6098945470154572,0.5505,0.5257345077391983
CHL,2013,0.3545078091987115,0.7599173406214583,0.9951416808462688,0.8049325228089664,0.7795353722658092,0.5745180403608442,0.5912759042932736,0.58,0.5400818467902456
CHL,2014,0.3784866420311791,0.7663561604603373,1.0,0.8106672244368299,0.9240799417368016,0.5756501441206218,0.5823286295836757,0.6111,0.5390306760338086
CHL,2015,0.3667684579617621,0.7685790953792587,0.996358069242556,0.8100695982227181,0.7609121364011232,0.5772577555895656,0.5645338746740975,0.766296,0.5572496294482682
CHL,2016,0.3903563903491097,0.7710462079774133,1.0,0.8170466436594099,0.5805939867496825,0.578024781569291,0.5446477526160546,0.835586,0.5668515258138089
CHL,2017,0.3940825497471968,0.7756830175975366,0.996358069242556,0.8210033983647874,0.4074426739770362,0.577683116070015,0.5556085412591734,0.823275,0.5562215129124866
CHL,2018,0.3775600538763996,0.7848110591190575,1.0,0.8253149288515497,0.4587347835149316,0.5807706125765936,0.5641951103306956,0.8490000000000001,0.5520374259211235
CHL,2019,0.3804640402089145,0.7974347714749704,1.0,0.8288663407984461,0.6015813240483585,0.579367362184665,0.5508508394504195,0.850176,0.565361207891397
CHL,2020,0.383202607320748,0.7960737304462749,1.0,0.8269165162828416,0.5772766483193095,0.5688631543977017,0.5979424419396661,0.874593,0.5264614591933554
CHL,2021,0.3562333525947186,0.7669078001323641,1.0,0.8231185614947314,0.5972553692311968,0.5837814453628029,0.6147630607533129,0.902328,0.5051235522059652
CHL,2022,0.3414322700758715,0.7737297796281813,1.0,0.8264776317845893,0.6895878726267028,0.5861551491222158,0.6175334124271195,0.935377,0.5111008174996452
CHL,2023,0.3554044039382746,0.7672706381380275,1.0,0.8338984945573696,0.6404825598777414,0.5861266775080406,0.5806176292012359,0.944574,0.5459510879223188
CHL,2024,0.3768295483069419,0.754112959522548,1.0,0.837478275140186,0.5307570187571259,0.5891349785057544,0.6021775640355543,0.8623366000000001,0.5222681149176778
CHN,2004,0.6218946795312851,0.7823060805386477,0.9717976704778122,0.3104901981178029,0.5074389046289964,0.3657304815440997,0.8052490302562335,0.073,0.268737054313912
CHN,2005,0.5992070884018249,0.7689890883211891,0.9742760009195603,0.3261901476394647,0.576370979452806,0.3806192961219495,0.8178057354379731,0.0852326,0.2707637886365815
CHN,2006,0.5791518562981955,0.7633062327263052,0.977984115274144,0.3415229290516122,0.5733000218831268,0.3971270026153274,0.8232282676237977,0.1052319999999999,0.2811562339541756
CHN,2007,0.5710698883948355,0.7559278208954793,0.9816810324873144,0.3452947282826796,0.56616582806632,0.4155754965902812,0.8156808890622872,0.16,0.3031851044521142
CHN,2008,0.5692695405721531,0.7474078081761892,0.9853668199780375,0.3601698756136221,0.5232023126791658,0.4282284986348476,0.8162355273490314,0.226,0.3038328761237256
CHN,2009,0.5573466408460834,0.7926515733897989,0.9890415445582064,0.3764896134642606,0.4483725609395262,0.4405490146494019,0.8046514259259108,0.289,0.3352726750190739
CHN,2010,0.5502641598543672,0.7966054885917393,0.996358069242556,0.3853699512543981,0.5401368796808186,0.4544655051982188,0.810465110644911,0.3429999999999999,0.3309748993507591
CHN,2011,0.5471323753643733,0.7905129598155339,0.9987872264286616,0.404500613675309,0.5216068664067234,0.466792967186494,0.8114891536722081,0.383,0.3317351934800052
CHN,2012,0.5454920046765872,0.8009818085346011,0.9987872264286616,0.4113076706388968,0.4650070289898778,0.4767850559039949,0.7991179017059162,0.423001,0.35453192986773
CHN,2013,0.5411300005339791,0.8100708686805272,1.0,0.450695731908463,0.4783480849782064,0.4866907978933527,0.7844839944708845,0.4579999999999999,0.3819645522475735
CHN,2014,0.5336543874619353,0.8197623433803966,1.0,0.4832334653229058,0.4474724433604363,0.4962212316288806,0.771516060593037,0.479,0.4075892059986782
CHN,2015,0.5270659538358426,0.8389856864686093,1.0,0.5098600508384933,0.4239145085720727,0.505168680458108,0.7443906389196585,0.503,0.4510942138403117
CHN,2016,0.518556656688901,0.8443981350404446,1.0,0.517540275652301,0.3832931904892858,0.5138524074244512,0.7287435210515946,0.532,0.4772742980555164
CHN,2017,0.5027107526864165,0.8427364994834255,1.0,0.52341081219823,0.3702313728977449,0.5226466723911146,0.7328238109274563,0.543,0.4814574219114032
CHN,2018,0.4906356501644806,0.8470826022270319,1.0,0.5310009755776068,0.3922888444842481,0.5314578606334458,0.730879240073019,0.5920000000000001,0.4906878970586078
CHN,2019,0.4933033806427536,0.8575490611649346,1.0,0.5398221389310859,0.3676804151960773,0.5394942871931824,0.715109927872213,0.640809,0.5088273953808381
CHN,2020,0.508698669099373,0.8803498919364672,1.0,0.5500716745915267,0.3938564605543928,0.5425063650376206,0.7037310986106824,0.700528,0.5139028574323377
CHN,2021,0.4957666806473272,0.8731059368827557,1.0,0.5545257454767968,0.4070440684381451,0.5543117268301104,0.7194236593300751,0.7305320000000001,0.5022331622536655
CHN,2022,0.4974858854704426,0.8837699324995376,1.0,0.5462677358439942,0.3516006164176029,0.55881014419451,0.7168266053717794,0.756113,0.5044731204938995
CHN,2023,0.4898022274064534,0.8934679260552341,1.0,0.5568866900993149,0.3023077940728154,0.566615001657457,0.7018511202035808,0.906,0.5263575157799251
CHN,2024,0.4863463034369568,0.8989390470536216,1.0,0.5619533664634112,0.2904637922989517,0.5738442136670777,0.6978147542631037,0.92,0.53276178337678
CIV,2004,0.6816671338886082,0.22215249273749946,0.2197449486856611,0.4624590688103764,0.3623527026615418,0.2543726240023397,0.2789449943849631,0.00849282,0.1888041569639732
CIV,2005,0.6737673728775145,0.20784510903033335,0.3603745026322086,0.467631876811288,0.3785284710797094,0.2523470658304473,0.3001120263226552,0.0103924,0.1988678147329904
CIV,2006,0.6720792107531078,0.23641573766131666,0.3866609503244128,0.4712741397538652,0.3743666717597643,0.2529578735355814,0.3106881331218746,0.015249,0.178983013677861
CIV,2007,0.6668716688457677,0.27470593757006356,0.2844902978481015,0.4757005166638198,0.3844465290950714,0.2511711528569659,0.3077474563582094,0.018,0.1977508881678969
CIV,2008,0.6754423958882524,0.27253354794371937,0.3886597994543788,0.4800629732840654,0.3734677265034329,0.2546483086358281,0.3341416920856465,0.019,0.175163835138383
CIV,2009,0.6620897114473437,0.28408569166082903,0.3272274405497234,0.4864987354601988,0.3603848858196936,0.2565594576771522,0.3507511991515405,0.02,0.1954462002582685
CIV,2010,0.6928745887014873,0.290559583193826,0.3501121221740851,0.492231928260132,0.3507968001085787,0.2629715682992112,0.2927044879890303,0.027,0.1763823799398765
CIV,2011,0.7054073215102431,0.29187472074009563,0.2953152562578479,0.49445399183645,0.3375785876276033,0.2518122829498014,0.3158537620037045,0.0289999999999999,0.0834122129565485
CIV,2012,0.6780596031346179,0.3001433324827437,0.2953152562578479,0.5071880800827219,0.3432263871242396,0.2594357305213949,0.3430571690113992,0.044,0.2182776813888755
CIV,2013,0.6634551951374005,0.30992889707369536,0.4123948527397105,0.5180316434243253,0.3460551755028509,0.2713683021494176,0.3760298105343655,0.066,0.1987926298855036
CIV,2014,0.6619748418207891,0.31549941533555126,0.4202053725003858,0.5045626168942149,0.342562041424003,0.2808468494912736,0.3977379247565782,0.1,0.1643446087188047
CIV,2015,0.7038773849249109,0.34393333727962355,0.4337550186923765,0.4877729114012418,0.3542511749199608,0.2867353929808837,0.4044673399719214,0.3843999999999999,0.4911350996732529
CIV,2016,0.6921778013221661,0.35573020779872533,0.4660501603312246,0.4700572129898969,0.3617103783004718,0.2925770478660739,0.4211276840238959,0.412078,0.4969954881222496
CIV,2017,0.6857011661589681,0.37454554611228685,0.4901841224927112,0.4918026905520862,0.4048567043449074,0.2988544152724935,0.3968294020447983,0.438399,0.5171015802834523
CIV,2018,0.6975194529163088,0.37482327850680114,0.5174523949000828,0.5088300009424933,0.3530046027175232,0.3018034142612672,0.3794025569703813,0.375465,0.5150200496813426
CIV,2019,0.6684408418029039,0.37221549683844496,0.5441265397734713,0.527136089876572,0.3755119884194041,0.3074415728577434,0.4400304460708824,0.36289,0.5051131686070243
CIV,2020,0.6856005115096002,0.3891963488279999,0.566783175901742,0.488537570522494,0.3576334254303145,0.3047821845251558,0.4183415878871206,0.360166,0.5142927498201204
CIV,2021,0.675373965091542,0.3936852872962453,0.5873312636098601,0.4645791818572107,0.4085071342899391,0.311095213859161,0.4503419760004492,0.3595069999999999,0.4906042726053157
CIV,2022,0.6809132086430527,0.3921825002508114,0.6025191267244061,0.449854388733058,0.4307578774761484,0.3164451551254222,0.4707771604521568,0.384133,0.4719213451196833
CIV,2023,0.6720716530071418,0.4030407904653003,0.6092092790013184,0.4606478813535856,0.4842330623115939,0.3220857968104978,0.4886755061315841,0.406528,0.4602970819346229
CIV,2024,0.6708749690758592,0.409171742808488,0.3040369625771799,0.4701977059184311,0.5172318717863033,0.327032442799409,0.4916096489924336,0.2487322,0.4533009562756902
CMR,2004,0.6938018198677968,0.18152652135707062,0.0917711632793278,0.227643050172728,0.3075224300413594,0.2351586132606352,0.5609117418807567,0.00976075,0.387259225435572
CMR,2005,0.6829365316786877,0.19698358605966565,0.0943138325632576,0.2578631745602728,0.3652800189251415,0.2343580535431354,0.5660391450348194,0.0140264999999999,0.3882147831361112
CMR,2006,0.6675371754377782,0.19000368480276075,0.1392013587155129,0.2678949842741428,0.3024215827427988,0.235794396696349,0.5789246664471291,0.0202874,0.3839473631565432
CMR,2007,0.6708480601419478,0.19406622311099084,0.119454239966511,0.2779135784137714,0.3355830093890262,0.2378690080551754,0.5509733569430398,0.0293,0.4052029580025147
CMR,2008,0.6728715195447502,0.21671708849572624,0.177765013637977,0.3034891781346437,0.288951071116397,0.2377896670680624,0.5595391065442673,0.034,0.4140841906220563
CMR,2009,0.6782247845213227,0.22567856361481914,0.2035900229754895,0.3285963812305197,0.4578923952983833,0.2373271894857039,0.5396824377207166,0.0384,0.4320732183859289
CMR,2010,0.6900306164733949,0.24910975501902144,0.2288815195970021,0.3521589451478947,0.4108953835992756,0.2373273873634936,0.5271310961195752,0.043,0.4322370491902081
CMR,2011,0.6824414003636047,0.27769783525681163,0.2491928672612198,0.3778063262295397,0.4228166835801403,0.2380453048341607,0.5258382650824115,0.05,0.4518090770316355
CMR,2012,0.6818998083552982,0.2791807265361013,0.2823137731501461,0.401551567333711,0.397834971394101,0.240524394779335,0.5417909292305647,0.075,0.4344772861743159
CMR,2013,0.6827950986117891,0.28846802115965003,0.3060453408936628,0.4249561225485453,0.3896432341634863,0.2435206934492334,0.5439544801854406,0.1,0.4267360996818079
CMR,2014,0.6841658145646252,0.30084184273205355,0.3166822003320884,0.4476559917474311,0.4138447566290156,0.247199718004012,0.5245190781673521,0.162149,0.4286660604784753
CMR,2015,0.6892423669130471,0.30799922539413904,0.3542274027552348,0.4599457266788728,0.4243093706663699,0.2506417272901541,0.5125750521506832,0.183,0.4133885919960903
CMR,2016,0.6890228810944277,0.31072979357489205,0.3786327588020923,0.4729728991538637,0.4117951472098941,0.2527401632284788,0.4944267537422535,0.206,0.4293405450915612
CMR,2017,0.6823814494233741,0.30605530584857527,0.4005848432819573,0.4856276070825134,0.4308544053612781,0.2536756892653126,0.4960504682213311,0.23203,0.4275279991646823
CMR,2018,0.6797505281676351,0.31537219552039075,0.4260307355296038,0.497792315697787,0.4086393276601393,0.2552843883355008,0.5044868479853417,0.297,0.4289912953077459
CMR,2019,0.6838505248575513,0.30648124862433557,0.4452508291652521,0.5096241724952041,0.45214823585973,0.2562046619278176,0.487157836238839,0.365392,0.4390662686657222
CMR,2020,0.6929770709911055,0.3954943067235069,0.4660501603312246,0.495828021716222,0.3917900883612222,0.2526290564497707,0.4706393328085434,0.4122639999999999,0.4516650766094755
CMR,2021,0.6859431533155579,0.3897820783716604,0.4865020300326145,0.4987043279507812,0.4233314220225281,0.2535420198522341,0.5006944221780071,0.420405,0.4375877541670013
CMR,2022,0.6803950640038453,0.4891555081024538,0.5856320338851064,0.5051372312687799,0.4198650860893731,0.2550500881247636,0.5510676166739742,0.41775,0.4106184285637029
CMR,2023,0.6878004811061169,0.4891555081024537,0.6025191267244061,0.5116810826497347,0.3935498701488453,0.2559934253623265,0.5133466738944813,0.419088,0.4364303021715485
CMR,2024,0.7051045977089683,0.2995820144203463,0.3400754123264585,0.5190491046981703,0.3924797876077935,0.2572284097255067,0.4748155795805964,0.2924103999999999,0.4337388002181247
COD,2004,0.7636624306237471,0.0,0.0,0.1998977228993843,0.5425280928732967,0.0447024876729833,0.629363747042236,0.00196208,0.2289680639248616
COD,2005,0.7214708762295994,0.0,0.0,0.213774005330332,0.3769202337648379,0.0488748471003845,0.6281697447725534,0.00238038,0.320974426102622
COD,2006,0.727583433267115,0.0,0.0,0.2250046912971764,0.3916602205076982,0.051624983069428,0.5889828278469602,0.00296054,0.3275551083200288
COD,2007,0.7026824877400185,0.0,0.0,0.2365395342298204,0.9243763799227036,0.0590953779282199,0.6681344605407267,0.0037,0.3007102189762647
COD,2008,0.70228241234602,0.0662295149832668,0.0,0.2436863036888733,0.7785735755529701,0.0650674782238338,0.6472961824879395,0.0044,0.3180636710301306
COD,2009,0.6893161850257518,0.10473318191888041,0.0,0.2456077696175913,0.1989607397858338,0.0614085444794377,0.6903311613212001,0.0056,0.2691602735370091
COD,2010,0.8071418866683296,0.017174573000450492,0.0,0.2556518223178686,1.0,0.0677259873048512,0.5857408184721168,0.0072,0.1709804694234988
COD,2011,0.6692017486149672,0.0479507187362981,0.0,0.2664445452277054,0.677576860123857,0.0735742656710373,0.7264931833902352,0.012,0.2308783536014912
COD,2012,0.6631684106891761,0.080947002433612,0.0,0.2757953606028788,0.9106905741934012,0.0807786969517838,0.7333676483867848,0.0167995999999999,0.2152269508373526
COD,2013,0.6377682328865413,0.0896601971329456,0.0,0.2919218243170914,0.6006578074977181,0.089161114893334,0.7435675623102804,0.022,0.2463334188455486
COD,2014,0.6176866551078324,0.10625683631621102,0.0,0.3100897785621661,0.5384775695850021,0.0944588697275051,0.7636202415738247,0.03,0.2554948697976139
COD,2015,0.6171090327931432,0.1264109864533858,0.0,0.3247020728710102,0.4728350589810611,0.0986070010972884,0.7504621389467999,0.038,0.2753630454584541
COD,2016,0.614140091186309,0.16280882049483783,0.0,0.3244769317366426,0.4412186467076631,0.0940467408251284,0.7267335601464805,0.1009999999999999,0.3177704500333624
COD,2017,0.6135932022635223,0.11280667061037512,0.0,0.3260082819719595,0.4657116563647145,0.0947665380037594,0.7349037016322761,0.086199,0.331891180819417
COD,2018,0.6143668279347368,0.12593337546611122,0.0,0.3345389153529285,0.4803430717467037,0.0984565901617771,0.7210448259541061,0.1169999999999999,0.3564082667565482
COD,2019,0.6291200834313092,0.14879111922342042,0.0,0.3438906104923211,0.4717050267490509,0.0946673846996185,0.6696928218654602,0.164812,0.4107689575263301
COD,2020,0.6389390952604387,0.180949459419898,0.0,0.3166955645253906,0.4928252974219262,0.0911204883693523,0.679555147600513,0.216422,0.3950585145891262
COD,2021,0.5959934292197743,0.15265782986705842,0.0,0.3132124728879827,0.4688652247365771,0.095456754981682,0.772345408483941,0.284193,0.2839450030351585
COD,2022,0.5762490817977466,0.20034608847097016,0.0,0.3297935814915549,0.4142660142579805,0.1036846143773276,0.7676562240318296,0.294996,0.3039326311441482
COD,2023,0.5770970406524357,0.25889041414497277,0.0,0.3471395104252142,0.5053454568420116,0.110826371443308,0.7375320722152832,0.30548,0.3463308405761096
COD,2024,0.5610176624315754,0.1695507444615174,0.0,0.358235034366073,0.5513617979706023,0.114744112365425,0.742160983922625,0.10561846,0.358686665750255
COG,2004,0.4439514685240913,0.0,0.0,0.4042608361953245,0.4077778573843563,0.3050501629739838,0.9940162976767464,0.010775,0.0
COG,2005,0.4648022765621236,0.0,0.0,0.4200501911527555,1.0,0.3106592745854567,0.9612023352060616,0.0146342,0.0
COG,2006,0.4169765478490514,0.0,0.0,0.4330812851989847,1.0,0.31637509526919,0.9686434043972444,0.0200799,0.0
COG,2007,0.4213121727606768,0.0,0.0,0.4445761531732811,1.0,0.3011373062931896,0.9218754412420368,0.027597,0.1265607082311865
COG,2008,0.3925959879352427,0.01118157678353259,0.0,0.4480708206593412,1.0,0.305238498169419,0.9790911674797186,0.0428751,0.0
COG,2009,0.4353937733413668,0.0880211783438258,0.0,0.4610637563701372,1.0,0.3154132463438955,0.9096389276302044,0.045,0.0787153830877141
COG,2010,0.3828766496676849,0.12801037226640632,0.0,0.4658840876136344,1.0,0.3231412533116832,0.9964183810567616,0.05,0.0
COG,2011,0.3802786712989812,0.16443672180646812,0.0,0.4741648833173254,0.4081822718328213,0.3215906570351404,0.9940882992251638,0.0559999999999999,0.0
COG,2012,0.3712511304597948,0.1712310471009861,0.0,0.4833971941816933,0.2585488309006769,0.3312928814518491,0.9897578166259502,0.061067,0.0
COG,2013,0.3931374672685614,0.20840897681466106,0.0,0.4898438914960755,0.9648912371883108,0.3267281138278451,0.963472552566842,0.066,0.0
COG,2014,0.4062592459384315,0.25649577053115963,0.0,0.499677199332961,1.0,0.3325589537711569,0.9300123981399456,0.0711,0.0275387745192003
COG,2015,0.4547366275430746,0.32328172644711944,0.0183439043798865,0.5080434951907313,1.0,0.3296539251977567,0.8420282376562834,0.0761597,0.2066016052332247
COG,2016,0.485967339046678,0.35905516357459877,0.0450762943671616,0.5167189370219347,0.314150882210012,0.312956774074458,0.7240482353116288,0.0812195,0.3705649151243628
COG,2017,0.5021818492890272,0.33109661371218047,0.0686463343796923,0.5167371249727039,1.0,0.3010772175618302,0.8133112873995098,0.0865,0.2605645084434138
COG,2018,0.486726052789581,0.28917054686061305,0.0892232022761115,0.5183370596716356,1.0,0.2941563838640612,0.897717227836944,0.06895194,0.1010421314808913
COG,2019,0.5032426747018651,0.28308152115166557,0.1069485661650393,0.5257979040407598,0.0,0.2922874798546212,0.8567437645211724,0.220551,0.2037907134355029
COG,2020,0.5835689372753824,0.32792994997936104,0.1318334639400295,0.5113746506629046,0.0,0.2794223080345942,0.6621448880212651,0.2482059999999999,0.4206238988647614
COG,2021,0.5486225654529119,0.3035726118911237,0.1562226134989671,0.5118079045770099,0.1434600034642962,0.2774141719612609,0.7786873408608238,0.333461,0.2804412572817759
COG,2022,0.5223113288020976,0.2852173314636394,0.177765013637977,0.51544138530849,0.5030195520385934,0.2760619589005918,0.8478300381478314,0.3749389999999999,0.164337056708493
COG,2023,0.5451821470756568,0.3018174524950518,0.1942620173166877,0.5222707001142642,0.5501300094657632,0.2752926565965067,0.805147230741167,0.383791,0.2344597906512425
COG,2024,0.5566019642224561,0.5041893551679637,0.8247013339904163,0.5286563052213129,0.5339141420967318,0.2755083343582166,0.7453116948372229,0.0954,0.3288600727240483
COL,2004,0.5188333182798086,0.4060079484621351,0.9416596607742472,0.7256259045542676,0.4571872819955794,0.4123192220394719,0.596219119378984,0.0911869,0.4914599537170815
COL,2005,0.5083377896992333,0.4114660082098518,0.960582677672353,0.722883364972634,0.7415177732746685,0.4171309975578384,0.6064763782127607,0.110073,0.4753255069323102
COL,2006,0.4986210865970818,0.4522479502947706,0.9467344652223652,0.7296113809422567,0.5555584963194957,0.4246421432921293,0.6156199253706837,0.153417,0.4643203576193745
COL,2007,0.4911596051539818,0.477291274389009,0.950526811528223,0.7416802308992498,0.5644283178278624,0.4322673303729804,0.6102305699018352,0.218,0.4717442757912804
COL,2008,0.48361337000412,0.4829144834057242,0.960582677672353,0.7456924403986032,0.5675262111408921,0.4352095985721737,0.6347762448675969,0.256,0.4559034278252081
COL,2009,0.4836864331542286,0.4735383278790535,0.951788320985692,0.742441171407085,0.508953992315562,0.4351635768506338,0.6209396031804849,0.3,0.4804422943358827
COL,2010,0.4720944762067745,0.4900322083828558,0.960582677672353,0.7458491176239623,0.4300816619731004,0.4398957970486438,0.6229081606051137,0.365,0.4791065975449819
COL,2011,0.4643809476686744,0.5074512718739316,0.9593302020437828,0.7437150621043558,0.5685946253322692,0.4480898104127281,0.6525470362047161,0.403509,0.4461706266854138
COL,2012,0.4466208584790804,0.5247155865496538,0.9630837915557962,0.7483094300219024,0.548067519318874,0.4522045783303466,0.6540860519656145,0.4897999999999999,0.455492981161587
COL,2013,0.4396381050435299,0.5348766302581273,0.9730374628066976,0.7642718839152743,0.5601231516463011,0.4580939730832819,0.6442079276363571,0.517,0.4783155137177796
COL,2014,0.4416528176329282,0.5508943575826301,0.9730374628066976,0.7678815843199727,0.5600286551071676,0.4631854560938869,0.6167791171024065,0.5256810000000001,0.4992663017043316
COL,2015,0.4606099233947923,0.5738366548214363,0.977984115274144,0.7710872494375718,0.5416973982396005,0.4661580452421655,0.576938176898405,0.55905,0.5244379294996262
COL,2016,0.4810884163695451,0.5745544784426339,0.9804499667021888,0.7756240223845687,0.6030185495593909,0.467718784034295,0.5611307137192421,0.581365,0.5350956252480995
COL,2017,0.4741949792275559,0.5874402281778713,0.9816810324873144,0.7677446411756754,0.5699279106863006,0.467571798370339,0.5452973205597399,0.622599,0.5460367242976512
COL,2018,0.4688449440776056,0.5687828597855551,0.9816810324873144,0.762388670443611,0.5040447113968899,0.4685774029188808,0.5467777864538299,0.6412640000000001,0.546716001204534
COL,2019,0.4748734888600023,0.5696251002095827,0.9927052724399016,0.7674944722095085,0.5658539276117569,0.4705381876199416,0.5299612364060496,0.650069,0.5540927469976141
COL,2020,0.5078118869782624,0.597222725913242,0.996358069242556,0.7672423509254269,0.4635689571464488,0.4576303646727712,0.4791069232618937,0.6979529999999999,0.5837470120560955
COL,2021,0.5150814979464297,0.5786515394163181,1.0,0.7721094166464322,0.4793743822177402,0.4709254371850498,0.5019523240840332,0.730284,0.5549503117065276
COL,2022,0.5422756575468024,0.560322274021543,1.0,0.7735362115563386,0.6075478125436995,0.4796394721635711,0.5324111499715061,0.727964,0.5036890272128273
COL,2023,0.5417020564386318,0.5469847456692839,0.9841394566470218,0.7790588714864423,0.5823975225928092,0.4790428388850777,0.5046926555117207,0.773369,0.532635509530924
COL,2024,0.5529763656135094,0.5351559415026191,0.9929451478755305,0.7801265803696964,0.4966529850439841,0.479784814717347,0.4711225464235337,0.6730914,0.5541916425773062
COM,2004,0.8112605456395325,0.0582813593480183,0.1318334639400295,0.3000839173286512,0.2910502806547411,0.230453054260295,0.1642218346383807,0.0132733,0.4976546138817004
COM,2005,0.8112625393141355,0.09921258782522842,0.187219074671723,0.321569446591618,0.2895705986023218,0.2354857042848775,0.1642297631103415,0.02,0.4976584286528866
COM,2006,0.811263063025812,0.0924367500011672,0.2379504115840647,0.3434738376062375,0.291378924956084,0.229992729707065,0.1642271981952922,0.022,0.4976541866689029
COM,2007,0.8079455549372522,0.10613993273055712,0.28883177339099,0.3649524189937808,0.3469349449415763,0.2282628507207059,0.1720621272268317,0.025,0.4938378020128498
COM,2008,0.8093919863044043,0.14008195590915562,0.3376826263784339,0.3903469227138408,0.3170745385176393,0.2310203857681295,0.1614773379067134,0.03,0.5176456100370531
COM,2009,0.8163628629009585,0.20616447152651443,0.3846588324290835,0.4118803617510098,0.3835057654107662,0.232761717655859,0.1590448086288154,0.035,0.4811033109844991
COM,2010,0.8192875102712341,0.24313114746216413,0.5633247136579822,0.4343360411600027,0.3438728074474967,0.2352570355197781,0.1472481599761657,0.051,0.4756464122747604
COM,2011,0.8204104317608129,0.24614822709191744,0.5563783414338948,0.4572703224094678,0.4310800226104827,0.2382469219695812,0.1441147722276911,0.055,0.4824507947364876
COM,2012,0.817436806582455,0.2735455522175572,0.5563783414338948,0.4777206086335177,0.3504893501309689,0.2398536450608167,0.1246236027187225,0.059753,0.4896511995257329
COM,2013,0.8221085633434714,0.2858662059471924,0.5581186328714194,0.4989351188710401,0.308692890941014,0.2431252296038059,0.1421334998530352,0.065,0.4734324934656153
COM,2014,0.8161971826331199,0.29928123652641214,0.5991602910918646,0.5179537635159549,0.3105408908979515,0.2429937689287867,0.1406219467251448,0.0698,0.4853757191796234
COM,2015,0.8206698233364449,0.3316133087876633,0.637241496122358,0.5314308099176884,0.3172786428812464,0.2415867677637798,0.0893535151396308,0.0745916,0.5035412399483271
COM,2016,0.8264095816437231,0.3359873657617297,0.6741738452469729,0.5505088405825657,0.30695886304884,0.2433496668701823,0.0638918091425667,0.0793832,0.4918048860154043
COM,2017,0.8302853325965205,0.3402184073623947,0.7100246319734349,0.5725009977171547,0.3076954440824869,0.2458912045077955,0.0289218300290985,0.0847817,0.4922230183425831
COM,2018,0.8431333511170255,0.33285168072724747,0.7448554051438742,0.5937439274852029,0.315344277118293,0.2482484845827558,0.0156006670599755,0.17180378,0.4666607835310462
COM,2019,0.8558372128570753,0.3282622414954565,0.7787226047591419,0.6110167058754469,0.3075828418533407,0.2479895924289649,0.0,0.163838,0.4537998654831419
COM,2020,0.8569889420703135,0.3209261426627105,0.8116781121995533,0.6017342749408271,0.3047172698367357,0.2448596330561218,0.0,0.224204,0.4462788744004435
COM,2021,0.8533555355524776,0.33928221449299195,0.8437697283103551,0.6123914983793385,0.3046091754447976,0.2448656255529565,0.0409851617867754,0.306812,0.4403586422661466
COM,2022,0.852850844870827,0.34807698419625993,0.8710076664316317,0.6155421946212768,0.3060001684596997,0.2457814036869957,0.0536221023670732,0.327685,0.4420197473565056
COM,2023,0.8579290729413599,0.36383388419437473,0.8696600660532473,0.6190114471347845,0.3102755799164847,0.2472725208741818,0.0482559642227055,0.356678,0.4312876877322033
COM,2024,0.8623019290154249,0.3757060729256335,0.8349676355507858,0.6253815768491853,0.3160868045058644,0.2492913796972994,0.0496812671484876,0.2758434,0.4224004121271299
CPV,2004,0.5660751991116973,0.5252803565932698,0.4865020300326145,0.7399404126156712,0.7599305117942103,0.3260673942527597,0.3561509815330997,0.0531883,0.742225133290861
CPV,2005,0.5463549947375903,0.5326772136761083,0.5156532838927811,0.7424567644442892,0.8229606471580815,0.3340374004650731,0.3819247358665926,0.0607409,0.7406138697363226
CPV,2006,0.5295015212635404,0.5637169271517953,0.5476395832747367,0.7443809233034766,1.0,0.3435137351770462,0.3789087312803831,0.0680891,0.7504457298117208
CPV,2007,0.4644814939600015,0.547637786799852,0.5771003281380649,0.7460457158801805,1.0,0.3624036788443551,0.2297704937794744,0.0828322,0.6836947250640903
CPV,2008,0.4367510981363862,0.577718850877854,0.6075401651502202,0.7475621694471851,0.9844395053777985,0.3707721315478299,0.2775635475643449,0.14,0.6726521147997754
CPV,2009,0.4621726444185898,0.602094812910112,0.637241496122358,0.7500678668320822,0.7267202545487084,0.3671948921911822,0.2924898930754422,0.21,0.6756786206195516
CPV,2010,0.4553835981395782,0.6159719732989573,0.7463475379552069,0.7527861771776307,0.6984498174126821,0.3687949061135759,0.2605192163408538,0.3,0.6852910644907387
CPV,2011,0.4398818609870086,0.6295056054421396,0.7641127079951033,0.7545414638052385,0.6091188923468894,0.3739087786900178,0.2484565579828776,0.32,0.6828281804877927
CPV,2012,0.454045852204358,0.624258552516681,0.7772694356625398,0.7565936082446603,0.7194885586970564,0.375328816551887,0.2296090596581413,0.3474,0.7012723975319226
CPV,2013,0.4551914257972186,0.6241602489024703,0.7931602109877052,0.7585989111679923,0.5704529597888832,0.3761667598772494,0.2487292129896607,0.375,0.6931592475480651
CPV,2014,0.452077793230541,0.6206760746352651,0.8074295429152051,0.760863958574001,0.8595904956683995,0.3771456339977949,0.2767616177414406,0.4026,0.6867447648762144
CPV,2015,0.4747951445152027,0.6157319170284458,0.8229360749305092,0.7635704952483938,0.6413244143798047,0.3784784048579327,0.2499629222507562,0.42683,0.6815235984982604
CPV,2016,0.4717253235270245,0.610402161257016,0.8382486600128849,0.766481769791943,0.728414444602145,0.3845159711056735,0.1817591344337413,0.503228,0.7091904931524837
CPV,2017,0.4389889471411202,0.6117178073214178,0.8533720898494177,0.7691658457629154,0.6481220918995783,0.3908790581349927,0.1761870689491645,0.571621,0.7132986531642594
CPV,2018,0.4047577513030206,0.6043690810236287,0.8750415904110872,0.7853506455827974,0.5896324149240739,0.3960137774050126,0.2503820604329002,0.595,0.6851605122351583
CPV,2019,0.401041394966329,0.5956442332381772,0.891045672162595,0.7975407028953833,0.6392185934455933,0.405567322527869,0.2043975901074902,0.6194339999999999,0.7160751521153649
CPV,2020,0.467707616471445,0.6598130937378139,0.92114743528235,0.7950610863270152,0.5256088123809033,0.371553970070502,0.2522752722565322,0.6937340000000001,0.6659852502335714
CPV,2021,0.4603039717408438,0.6568133258293405,0.9441996924325458,0.7942997891414575,0.5741009929198445,0.3808635370545622,0.1762000549721701,0.702825,0.6996187126918759
CPV,2022,0.4226872888880059,0.6217274672832962,0.964332435029814,0.7938588028475095,0.6374130853617573,0.4013409626808909,0.118571469126881,0.7276009999999999,0.7056136281071859
CPV,2023,0.4186806063809392,0.6153999338960028,0.9829108616416083,0.7955680693672496,0.6964936076102187,0.4074163218605483,0.1142648245289754,0.73539,0.7040931285950709
CPV,2024,0.4211419234297003,0.5672175629770349,0.990502904721406,0.7970890583528194,0.5465274479548426,0.4168601950955947,0.1008377407608598,0.5215859,0.7020030495664399
CRI,2004,0.5427811477318795,0.4887606753384987,0.9878178614776724,0.7580436459310785,0.6629882316255109,0.5098881449038198,0.5042244458463375,0.207923,0.5412815403493244
CRI,2005,0.5371443884782955,0.5131742451717518,0.9890415445582064,0.7587403918655611,0.7804771667910848,0.5134498743101056,0.496199068270899,0.2207,0.5488411349955786
CRI,2006,0.5323279701791993,0.5254202065797655,0.9890415445582064,0.769722126063084,0.8000055591350241,0.521679869524385,0.4849479653545673,0.251,0.5547200467900264
CRI,2007,0.5189491002498283,0.55818201324637,0.9902640057882316,0.7727818951759233,0.8266180518553394,0.5311740442697491,0.4885349008597309,0.284,0.5516511472962774
CRI,2008,0.4924304726771054,0.5854967816745543,0.991485247605356,0.7868983481208955,0.7987366778229208,0.5359249619326955,0.4814953582565291,0.3229,0.5734561676799277
CRI,2009,0.4945928878751662,0.577422442470659,0.9927052724399016,0.7915350147044485,0.6257876504736299,0.5327118633062423,0.4808518698161149,0.3433,0.5974229759176866
CRI,2010,0.4772576541277963,0.5609658220086133,0.9878178614776724,0.7893077622223695,0.6135657523175951,0.5384902167615168,0.4766671226590871,0.365,0.6096106903390692
CRI,2011,0.4472425550390639,0.5695191186957217,0.9902640057882316,0.7939379109139617,0.6999924675102936,0.5430383854720463,0.4610104841978995,0.392122,0.6276204755656477
CRI,2012,0.4296644789769919,0.5764593499366932,0.9939240827149284,0.808943815014797,0.6555388667516873,0.5482642465583977,0.4525922234626554,0.475,0.6429363248117995
CRI,2013,0.415751222936836,0.5870960341580368,0.9951416808462688,0.8275543007589234,0.6934553402515902,0.5502250092712223,0.4332738037002117,0.4596,0.6604313886447879
CRI,2014,0.4200226628682449,0.6019759526006772,0.9927052724399016,0.8035319707767784,0.6896585438194464,0.5537170219952566,0.4163150268899999,0.53,0.6715319665930836
CRI,2015,0.4143352788996162,0.6104970728757368,0.9927052724399016,0.7803362503314205,0.624803899698084,0.5573813137059546,0.400731391363255,0.59763,0.683438335510895
CRI,2016,0.4210923325368623,0.6245398214311721,0.9939240827149284,0.7856483548789871,0.5738183606951877,0.5618915179900362,0.3929163620957279,0.658804,0.6855035843641041
CRI,2017,0.412280271976955,0.6285711620300277,0.9951416808462688,0.7898293702035365,0.5985690183012143,0.566433599685006,0.3845369458896335,0.715817,0.6970752615886832
CRI,2018,0.4030705180572606,0.6309183399263832,0.996358069242556,0.7761158259759184,0.5983193401195109,0.5688688938722842,0.3906352930967779,0.7347969999999999,0.7013079986399575
CRI,2019,0.3904921904953422,0.6147904265438916,0.996358069242556,0.7883174763012465,0.5587184448038847,0.5711194063854627,0.3824959525089758,0.812026,0.7081697500488164
CRI,2020,0.3969216611483575,0.6302796868109573,0.9987872264286616,0.7768691943432777,0.5033678501755304,0.5637743282681794,0.4103984132639719,0.805302,0.6956418581942413
CRI,2021,0.3979229163677939,0.6164500276813575,1.0,0.7940013450068761,0.6439591479912019,0.5741206717129462,0.4160637860387542,0.82749,0.6805601637672364
CRI,2022,0.3876342285061865,0.6001019746209013,1.0,0.797773237697069,0.63659220563481,0.5799578953338539,0.4170253170528797,0.82598,0.683242807742924
CRI,2023,0.3713356699299661,0.5933514607138939,1.0,0.7862978820147802,0.6366995640537048,0.586517393155611,0.412582136141886,0.853951,0.6925320812171112
CRI,2024,0.3592079616778947,0.5970582222264117,1.0,0.8157767202642976,0.6456558184939073,0.5919663490016408,0.3943243751650589,0.7679696,0.7027599503152492
CSS,2004,0.3045860543193577,0.5653406994671015,0.8895802093002606,0.7757357396289786,0.6930521609147122,0.5610498784889945,0.6037545311753753,0.7564758000000001,0.5973952844630043
CSS,2005,0.2786899392728221,0.5611322215634399,0.8832803142824337,0.7758417996336409,0.7196651446359525,0.5684038370655929,0.6597642351019538,0.6793846,0.5551076021359823
CSS,2006,0.370951363232868,0.558573920158794,0.8982640914949972,0.7778800163659274,0.7107141945395385,0.5785103996503215,0.6839849225162593,0.447007,0.5102061835457679
CSS,2007,0.3535234220795978,0.5598185263964864,0.9131265274973271,0.7798792793538737,0.6805636020463299,0.5830682379258442,0.6821610548147872,0.5121694000000001,0.5174698058379155
CSS,2008,0.3466796393577505,0.5456195051963718,0.917835027598906,0.7805308470027528,0.8802382234168162,0.5845928635531855,0.748315764147349,0.3391351999999999,0.4479443828312907
CSS,2009,0.3844556635039398,0.5853105370553385,0.9109603870170514,0.7874402173908709,0.6284663958177015,0.5788136848748907,0.629051180253279,0.5221180000000001,0.571465711904592
CSS,2010,0.3765110927953899,0.5518163370434115,0.9273567230214266,0.793818944963539,0.5888948573466971,0.5805637602736552,0.6446766228309943,0.6308092000000001,0.5610133372559685
CSS,2011,0.3594470871386045,0.5407737499945323,0.926664118101846,0.8012895742447741,0.5280631172111401,0.5808819153677064,0.6851989843745735,0.5678365999999999,0.5273930240420928
CSS,2012,0.3670207409683373,0.5481595333308125,0.9410786679458812,0.8034972397809467,0.3256951889004383,0.5856819945151871,0.619280586151736,0.5649253999999999,0.5570710551387915
CSS,2013,0.37101833566181,0.5462372697489429,0.9450080886020134,0.8053139943879429,0.3386782363022972,0.5866643753642381,0.6073713598527564,0.5616327999999999,0.5745991761083711
CSS,2014,0.3658368630002045,0.5446608802652482,0.9485463923244613,0.808208788741257,0.5355274940381016,0.5893973521314838,0.5929832527680571,0.42328,0.5899916160188059
CSS,2015,0.3839625780478802,0.5557871410335254,0.9530509861222148,0.8116350123498731,0.4923094452315799,0.5883176825466175,0.5058402879425652,0.551479,0.6300061754524148
CSS,2016,0.3664579964354987,0.5652291191232022,0.9589001419386208,0.8148861547253058,0.4912704447452254,0.5828661022663159,0.4943987788459729,0.4394,0.6482737772142557
CSS,2017,0.3799584072906768,0.553815639278123,0.96376183884772,0.8185148054095931,0.3817028313566001,0.5809529583106977,0.5149360646705545,0.441,0.6282282001164889
CSS,2018,0.3609002822060079,0.5537632462404561,0.9641805145546312,0.8186758433275806,0.5081814871689212,0.5813262720211482,0.5198784883269161,0.4512306,0.6224125780100593
CSS,2019,0.3459638632455967,0.5587426644879758,0.9676798813478946,0.825776875617824,0.7405583737111012,0.5814273852214079,0.4987621696285673,0.412,0.6412731862512175
CSS,2020,0.3746135276088051,0.5892183554644541,0.9746889319396236,0.8251010655811827,0.7161724807657996,0.5671644150849625,0.4982692671310437,0.3865972,0.6367989088996311
CSS,2021,0.3587866531608603,0.5561640786487189,0.9776718196733856,0.8234343596538253,0.5581718957046328,0.5757033932658385,0.5886813026428794,0.412,0.5728902974278786
CSS,2022,0.3462757560120628,0.5165622293828473,0.9792968395500116,0.8261846543700028,0.2581647408649207,0.5952581468102888,0.6933662083134768,0.412,0.4972851447694866
CSS,2023,0.3564114514839441,0.5312705673269079,0.9898787876424122,0.825673711635929,0.1813195958367602,0.6068241783090579,0.6403284452726546,0.4347374,0.5344054811795889
CSS,2024,0.3513297278316644,0.4980539917071554,1.0,0.8261881300123541,0.979022834013729,0.6243519650404851,0.706851422371266,0.7085888,0.4569902849019187
CUB,2004,0.4426671158631411,0.4981336895121013,0.958076443797858,0.718037712111095,0.6174038989142285,0.4239029801367132,0.4489360082117962,0.0840798,0.7364618513366697
CUB,2005,0.3977868717672337,0.4652349394492246,0.960582677672353,0.7302982530370443,0.4400498889577731,0.4390053709047955,0.4374206375608314,0.0973806,0.7548505824651228
CUB,2006,0.3508357623710047,0.6721880628748688,0.9618338733051676,0.7424939687666342,0.3194051780474037,0.4553326466504387,0.4525891273828264,0.111596,0.7587373698911595
CUB,2007,0.376622586084391,0.6204842790055857,0.964332435029814,0.7561583950802984,0.3194051780474037,0.4653953671829108,0.459645162509282,0.1169,0.7486053298741653
CUB,2008,0.3721569290416853,0.6751835443737044,0.9668259080305232,0.7572847623339956,0.3194051780474037,0.4711930251113204,0.456580763015931,0.1294,0.747194840957083
CUB,2009,0.3777040472943216,0.6823500461151949,0.9705566213901408,0.7607858227378982,0.3194051780474037,0.4732462938989793,0.4613320660400399,0.1433,0.7487879177702762
CUB,2010,0.3619032344411566,0.6822176546432854,0.9730374628066976,0.7667314387180597,0.3194051780474037,0.4766402593830242,0.4675556061343815,0.159,0.7489827060582388
CUB,2011,0.3614159975904158,0.6646010691210439,0.9755132873514472,0.7556045041781009,0.3194051780474037,0.480598112749068,0.4537686348291861,0.1601729999999999,0.7555228679604714
CUB,2012,0.3737878053990746,0.6841375432636886,0.979217661796788,0.739553490982953,0.3194051780474037,0.4848886917112575,0.4775965790724405,0.212,0.7390054301661675
CUB,2013,0.3774384421673838,0.7070626968029996,0.9816810324873144,0.7654166445142447,0.3194051780474037,0.4888871123888908,0.4730226098753698,0.2793,0.7403931232115782
CUB,2014,0.3780565232465999,0.7070626968029996,0.9841394566470218,0.7657332286402636,0.3194051780474037,0.4905589534365085,0.4514267753781296,0.290702,0.7540475655749685
CUB,2015,0.3730815736338236,0.7253952309278718,0.9878178614776724,0.7694132645047397,0.3194051780474037,0.4969997845034209,0.4558652176622649,0.373051,0.7525114443647593
CUB,2016,0.3780870894438758,0.6790217339997311,0.9902640057882316,0.7721682697896457,0.3194051780474037,0.4978639744300023,0.4686078244924815,0.429787,0.7438252537371595
CUB,2017,0.3713209883599063,0.5803643368424494,0.9927052724399016,0.7745630236675489,0.3194051780474036,0.5006965624923848,0.4979592415396811,0.571484,0.7285576419278273
CUB,2018,0.3704347253808586,0.6213695144500032,0.9951416808462688,0.7775915267244641,0.1859868859913428,0.5041906787633569,0.508369964757787,0.626789,0.7209898811098396
CUB,2019,0.3594639262501237,0.6504980024907976,0.9975732503052472,0.7822253266555802,0.3194051780474036,0.5042679016159387,0.5018367594643492,0.679708,0.723399706380275
CUB,2020,0.3132064444743925,0.664328376116021,0.9987872264286616,0.785722988780554,0.5094019402938884,0.4877799750225188,0.4702263266688209,0.711191,0.7616100328151306
CUB,2021,0.1480602735718085,0.5581948801478666,1.0,0.7868643914893749,0.5094019402938884,0.4902948268953703,0.4771837897819903,0.676435,0.7789441921269424
CUB,2022,0.1375226487442784,0.5755651581664095,1.0,0.7901184056756788,0.5094019402938884,0.4936639185988013,0.4862577270556524,0.6825,0.7745983329870455
CUB,2023,0.2066056074870381,0.5882344720930985,1.0,0.7900237273378665,0.5094019402938884,0.4913606486523075,0.5007889607916457,0.7127500000000001,0.7578982492354192
CUB,2024,0.1895529720273844,0.5340643240751556,0.995620484185302,0.7938367769550062,0.3417662692509388,0.4903411407947852,0.4875960928343441,0.7153938000000001,0.7601896915712733
CUW,2004,0.103274631097932,0.601881199452122,0.9975732503052472,0.891825486097542,0.9593815684793484,0.645600465989452,0.2632688155001809,0.5450262,0.8140300542228966
CUW,2005,0.1076830996471004,0.601881199452122,0.996358069242556,0.9020967980200292,0.5526404249693092,0.6428774751016669,0.2753340220968576,0.4537295999999999,0.8141326511195014
CUW,2006,0.1029350138525316,0.6315730499030185,0.996358069242556,0.9086108007615558,0.7093765509173062,0.6415051610043317,0.2961768421505563,0.4537295999999999,0.7918699111913406
CUW,2007,0.1148217767954806,0.6315730499030185,0.996358069242556,0.9065311840249416,0.7093765509173062,0.6421802603986172,0.3051900421360266,0.4537296,0.7793854875872738
CUW,2008,0.1157273550152005,0.6315730499030185,0.996358069242556,0.8993268082117288,0.6913551951695224,0.643495684193197,0.2691924612381532,0.4537296,0.7918660208596335
CUW,2009,0.0872449134527343,0.5737063761444285,0.996358069242556,0.908139067494978,0.7093765509173062,0.6417772347197942,0.3210873117456843,0.4537295999999999,0.7732183805935832
CUW,2010,0.0843909405624156,0.601881199452122,1.0,0.8792698253780148,1.0,0.6400597084782426,0.2630249581245142,0.7877152000000001,0.8030728296781746
CUW,2011,0.061571959106541,0.6419389898258859,1.0,0.9049964598309512,0.4406120700944232,0.6387333927654685,0.2169021326968752,0.6470202,0.7847515207399357
CUW,2012,0.0385476411730315,0.6528988117484683,1.0,0.9042974448234712,0.4345834148736454,0.6370213132875814,0.2220368267876142,0.6805064,0.7840676039614454
CUW,2013,0.0462160097214823,0.6135569293656283,1.0,0.9039632762319636,0.2807850268799656,0.6344500469650179,0.2731195358592093,0.6470202,0.754191946463915
CUW,2014,0.0422021993586452,0.7725145503620539,1.0,0.9049964598309512,0.4314275796510529,0.6315657221618066,0.3040877067688229,0.6805064,0.7439806527005904
CUW,2015,0.0419283946832476,0.7440545543175132,1.0,0.9049964598309512,0.5955829588407238,0.6303137869844567,0.3083448392205529,0.6470202,0.7387949612227969
CUW,2016,0.0346252773348578,0.747060044650639,1.0,0.9049964598309512,0.570366074328654,0.6272165474172747,0.3270034284268909,0.618555,0.7267601622625063
CUW,2017,0.0339545898884711,0.6586139676469431,1.0,0.9042974448234712,0.6544943419501797,0.624888343577677,0.2753357997542181,0.681272,0.7466141585258876
CUW,2018,0.0436694143208795,0.6473220079320835,1.0,0.9046500244002982,0.5551716646571405,0.6225638783505526,0.2432641260908168,0.7598404000000001,0.7617811756099014
CUW,2019,0.0469809324153937,0.6124682503037019,1.0,0.9040264901227488,0.7210874644318499,0.6195705058989088,0.2040192992900504,0.6805006,0.7663555913418829
CUW,2020,0.0539725753867742,0.6195233014547749,1.0,0.9049964598309512,0.6839583197804207,0.5918040586141912,0.1555644971904171,0.6805064,0.780450325440072
CUW,2021,0.0522247801681092,0.6135696236724177,1.0,0.9039632762319636,0.6900277948965187,0.5991923860271092,0.1335076206525068,0.6805064,0.7741890752936588
CUW,2022,0.0535502212688972,0.6195233014547751,1.0,0.903485499776478,0.6556767181941252,0.6094780083133712,0.1232150208384735,0.6470202,0.7600359312363357
CUW,2023,0.0539414241703446,0.6256712909616063,1.0,0.9070760765675656,0.5549419182367222,0.6141961325411393,0.1437280792504199,0.6805064,0.7591886912035847
CUW,2024,0.0559242867853108,0.6473220079320835,1.0,0.9243216268597232,0.5669292758201663,0.620088221838404,0.1634461869945891,0.9153098,0.7468634953590657
CYM,2004,0.114582832229129,0.584709702263375,1.0,0.8221590337060404,0.1930998871196398,0.713381279646957,0.2435327797284502,0.423605,0.7279149108544634
CYM,2005,0.3693093619584299,0.6475342906273164,1.0,0.8470845179596345,0.461369256603713,0.6830714296277338,0.1442020312182396,0.380344,0.8419654338982453
CYM,2006,0.0473938555251537,0.6710194098614832,1.0,0.9049964598309512,1.0,0.8628183722919757,0.0626684520895886,0.445,0.8751175643615307
CYM,2007,0.0504831937301264,0.7638936950949939,1.0,0.903485499776478,1.0,0.8630238918003418,0.0541990210037258,0.52,0.8844557055353046
CYM,2008,0.0528298724294809,0.8034558575478337,1.0,0.9071392904583512,1.0,0.8582889064028508,0.0262492908123724,0.61,0.8904884663621928
CYM,2009,0.0624334903259497,0.8093244756892071,1.0,0.9039632762319636,1.0,0.8433367389341827,0.0,0.645,0.910032263368088
CYM,2010,0.0621820027175154,0.8093244756892071,1.0,0.903485499776478,1.0,0.8353109624964973,0.0,0.66,0.9172541263794372
CYM,2011,0.0651018223981869,0.8820217365993958,1.0,0.9049964598309512,1.0,0.8330098092354762,0.0,0.694659,0.9142429305950224
CYM,2012,0.065390455170862,0.8820217365993958,1.0,0.9049964598309512,1.0,0.8308439222058214,0.0,0.6970000000000001,0.9129901687797574
CYM,2013,0.0672365481297272,0.8948944336563301,1.0,0.9048384351697424,1.0,0.8288804569184421,0.0,0.7140000000000001,0.913069905726677
CYM,2014,0.0702405449028913,0.9135789987026361,1.0,0.9058716187687298,1.0,0.8290059071198342,0.0,0.741,0.9142646401065444
CYM,2015,0.0738512466299669,0.8934517651900532,1.0,0.9070760765675656,1.0,0.8295287046647369,0.0,0.77,0.9155030668775408
CYM,2016,0.0774153969517459,0.8982320092490407,1.0,0.9039632762319636,1.0,0.8307638109945282,0.0,0.79,0.9096453354168348
CYM,2017,0.0806072400414167,0.8993198766332573,1.0,0.9070760765675656,1.0,0.8320495072509829,0.0,0.8106770000000001,0.912114153146684
CYM,2018,0.0789659295356575,0.6367010670814751,1.0,0.9049964598309512,0.4883676009831286,0.8349867491650252,0.0,0.7059092,0.9019958104434852
CYM,2019,0.0799338989250254,0.7947862852643843,1.0,0.9039632762319636,1.0,0.8375427542943114,0.0,0.6770406,0.9025095855590192
CYM,2020,0.0834618260582377,0.8459544142659807,1.0,0.9070760765675656,1.0,0.8272694392373104,0.0,0.7345980000000001,0.908894860092844
CYM,2021,0.08656186698257,0.792734104373304,1.0,0.903485499776478,0.0,0.8311923871654566,0.0,0.6183601999999999,0.892943526387078
CYM,2022,0.0889697504723841,0.792734104373304,1.0,0.9049964598309512,0.0,0.8363045927408886,0.0,0.6772492,0.8963541914027049
CYM,2023,0.08014234477141,0.7947862852643843,1.0,0.903485499776478,1.0,0.8416054133134637,0.0,0.6716378000000001,0.9006216989305438
CYM,2024,0.4832602086474102,0.5350240562334468,0.7377509084852749,0.6173821895359558,0.521044970375395,0.4600931523874124,0.4981522257440442,0.433764261627434,0.4979430980515284
CYP,2004,0.332754036474036,0.835439414474154,1.0,0.8295403377421895,0.7044110330107319,0.6662434507655056,0.3521253345549954,0.3383,0.6771819579096475
CYP,2005,0.3117177037079404,0.8495685075948031,1.0,0.8298122595880373,0.6942590313377011,0.6710317557169522,0.347372571956734,0.3281,0.6760317915096831
CYP,2006,0.2802242135571161,0.8585820049798312,1.0,0.845959893113651,0.8909258666561368,0.6752959674951305,0.3457185550621386,0.3583,0.679418017219132
CYP,2007,0.2611029636097395,0.8823672023142145,1.0,0.8459705956778549,0.9070585067931622,0.6794233970996818,0.3555926026931659,0.4077,0.6675407207770292
CYP,2008,0.266543535691849,0.9194048402433509,1.0,0.8428039908338606,1.0,0.6809779945273645,0.3475213480909586,0.4231,0.6711435374195662
CYP,2009,0.2583494714695331,0.9342739893072189,1.0,0.8556744718103295,1.0,0.6741264239048123,0.2920387125720817,0.4981,0.717988826805889
CYP,2010,0.2637793840274381,0.9421754231658529,1.0,0.8685139382362018,1.0,0.6736063951258427,0.2454622449130967,0.5299,0.7388057402996695
CYP,2011,0.2705191588192689,0.9501906574112733,1.0,0.8641777129153312,1.0,0.6705064734719705,0.1846897745421496,0.5685990000000001,0.7673293587883908
CYP,2012,0.2593415230657844,0.9564507868650857,1.0,0.8775698206205892,1.0,0.6632024200713255,0.1465533168804343,0.6068990000000001,0.7787842278514675
CYP,2013,0.262110523934408,0.9614378685199797,1.0,0.8967503641295833,1.0,0.6534772780162404,0.1044154824546471,0.654548,0.792462996418748
CYP,2014,0.2465798552218486,0.9588546042449457,1.0,0.8945580501209199,1.0,0.6512999083668652,0.0694400979015561,0.693287,0.7891198125590094
CYP,2015,0.2485089053655657,0.9510209379449153,1.0,0.9002421216337567,1.0,0.6558652346878523,0.0795075806579817,0.717157,0.7854916668770009
CYP,2016,0.2704011366018677,0.9237425721298341,1.0,0.8965487530407278,1.0,0.6643484060449586,0.1081999656901893,0.759002,0.7742903024559354
CYP,2017,0.2472291214585917,0.8960967209682446,1.0,0.9052423570746786,1.0,0.6712277780881545,0.1298111346623446,0.807432,0.7691525006505591
CYP,2018,0.235713124882235,0.8158812504801644,1.0,0.9109906328153664,1.0,0.6783805072617942,0.1570490229940243,0.844336,0.7614614530318378
CYP,2019,0.2383363103549836,0.761306656217768,1.0,0.8953604837801693,1.0,0.6847257468399705,0.1863117653122795,0.860636,0.7589078617908338
CYP,2020,0.2449363721740872,0.7608535142738165,1.0,0.8843101199954618,0.0,0.6780208512317497,0.1875891603007522,0.908019,0.774148654140043
CYP,2021,0.2160038775579845,0.715621737556908,1.0,0.8959619073113952,1.0,0.6915208097286291,0.1353012149946611,0.907595,0.7886779127369523
CYP,2022,0.1837695144200474,0.6675174785021408,1.0,0.9055891794936326,0.2952552717091565,0.7003609535938572,0.0878552735857319,0.89601,0.8045179652933782
CYP,2023,0.1803509977721807,0.6319257066113909,1.0,0.9127928136583634,0.0,0.7027213759866816,0.1292492931757541,0.912211,0.7937192370409359
CYP,2024,0.1803696901979608,0.616723934718652,1.0,0.9131623583235808,0.0,0.7060178133755152,0.1209744689139043,0.6668348000000001,0.7966801953049519
CZE,2004,0.2896483175523065,0.4377429254692163,1.0,0.6698431891557021,0.6319564004701703,0.5859159779352255,0.6547831852511963,0.355,0.5004384012296069
CZE,2005,0.2806083457842066,0.4670365785456467,1.0,0.6725921594563443,0.9349954595276287,0.5946856517904794,0.6559597778162529,0.3527,0.49931502075049
CZE,2006,0.2718508284934505,0.5001733549968409,1.0,0.6760388830678326,0.5811021370188223,0.6036012845648274,0.6668808137717795,0.4793,0.4962624498256197
CZE,2007,0.2661889257383537,0.5304171325768631,1.0,0.67971155604807,0.7571399254938518,0.6105104603572616,0.6650037209503686,0.5193,0.4941839437979063
CZE,2008,0.252824694390426,0.5556421428628285,1.0,0.6844503318041223,0.5265951119705031,0.6130496450370221,0.6572894492187142,0.6297,0.5079207870602459
CZE,2009,0.2392591718541618,0.5648294764661843,1.0,0.7061309563664572,0.4497801961757496,0.6050851296414558,0.6478983143738509,0.6443000000000001,0.5165124379444964
CZE,2010,0.2179094836709926,0.568780825444913,1.0,0.7125069688248225,0.5973816156296217,0.6085500792770268,0.644737964300422,0.6881999999999999,0.5255872399133831
CZE,2011,0.2563556499795794,0.5787496025188036,1.0,0.7087371720320991,0.4018114103370281,0.610800104794409,0.6527431168346448,0.7049,0.506984225685427
CZE,2012,0.2769740929740754,0.5839958176071286,1.0,0.7115534762229505,0.5758541632738186,0.6094740204995813,0.6421469786576651,0.7343000000000001,0.5078300333069785
CZE,2013,0.2853801627029569,0.5896367286154763,1.0,0.7181605782203022,0.5087975805919471,0.6093651689213054,0.6385297675923316,0.741104,0.504641105521935
CZE,2014,0.2885720833781089,0.584170300954007,1.0,0.7155963305150987,0.5336081874829295,0.6124352955952471,0.6558688538309798,0.742317,0.4986858122386718
CZE,2015,0.2789799276785937,0.5849441150239599,1.0,0.713893612088476,0.3425219895218948,0.6191749570332633,0.6557125915485,0.756688,0.4943933705466035
CZE,2016,0.2707297262152791,0.5909072307293826,1.0,0.713665064161078,0.6403754927509955,0.6225948842757932,0.6484135207334548,0.764812,0.5030689586706413
CZE,2017,0.2674781056222531,0.589377458065423,1.0,0.7148371992439888,0.6140181021789927,0.6295311030156899,0.6363706575103304,0.787192,0.5156185107384231
CZE,2018,0.2567278398962705,0.5915630469174903,1.0,0.7206714199294844,0.4990143282428398,0.6330969027733898,0.6209063790820322,0.806882,0.53701742950445
CZE,2019,0.2504575154854869,0.5857699602781788,1.0,0.7246549542003904,0.5565133634187485,0.6376110286041466,0.6140759688183343,0.8086690000000001,0.5490503855756654
CZE,2020,0.254745973323958,0.5971537657450103,1.0,0.7252531871428426,0.5047153530171031,0.6293459700725604,0.5953351731333536,0.8133889999999999,0.5757823094408924
CZE,2021,0.2392595490932492,0.5973857433933919,1.0,0.7302449760476458,0.5723432077767148,0.6377095113984915,0.5756737299122794,0.8267059999999999,0.5946227739699771
CZE,2022,0.2652323863323433,0.5820447433129188,1.0,0.7281667754000584,0.4811717683003776,0.6395042265280598,0.5877015938168335,0.845401,0.5781776231727286
CZE,2023,0.2702081724070475,0.5777370296408401,1.0,0.7297862119329053,0.5083013246096262,0.6369860621787159,0.601154299295931,0.85994,0.577492299097147
CZE,2024,0.2510931047011179,0.579199443305436,0.9987862639095606,0.742557013093254,0.5287749648073301,0.6382184102527771,0.5875536906868757,0.8768779999999999,0.5844860196514255
DEU,2004,0.1563817142351864,0.7577122146187696,1.0,0.7863809108640509,0.2374562691698712,0.719076733935179,0.5270188905657724,0.6473000000000001,0.6312611149495073
DEU,2005,0.1274314689004546,0.7549204025039837,1.0,0.799693024114541,0.4186053771540398,0.7204388404906591,0.524121983157743,0.6870999999999999,0.6344802990311323
DEU,2006,0.1261212693703029,0.7472555603139003,1.0,0.7978716193154534,0.4708319365434577,0.7261095528467286,0.5349895795019624,0.7216,0.6261520559691378
DEU,2007,0.1403403751328472,0.735921838084177,1.0,0.7952319099868358,0.3789998834901452,0.730437986370771,0.5387230201963149,0.7515999999999999,0.6142552873290456
DEU,2008,0.1422890204844087,0.7356900007917004,1.0,0.8106461661227412,0.3369206632068945,0.7319971622717288,0.5309048896536338,0.78,0.6194353783775858
DEU,2009,0.1196182406937918,0.739163400042713,1.0,0.8149982576986752,0.3901039103930938,0.7240849028862918,0.4873889774465828,0.79,0.648015514479344
DEU,2010,0.1342307520746653,0.7139797945776908,1.0,0.8158235756583605,0.4455191710704005,0.730188259437116,0.5307891107312526,0.8200000000000001,0.6209364681791751
DEU,2011,0.1533982267701152,0.7045035413416428,1.0,0.8245695995791088,0.4500324284635925,0.7382340463483618,0.5353550714383893,0.8127,0.6115515726662137
DEU,2012,0.1517539565118534,0.7015782451532391,1.0,0.8211760015500228,0.4024426548341072,0.7386328140297286,0.5403103498614932,0.8235,0.6083586925226482
DEU,2013,0.1537066675050004,0.6973484981327386,1.0,0.8263291094186287,0.3988964138693345,0.7388118072182231,0.5277677834294207,0.8417,0.6160629114717936
DEU,2014,0.1522765271947998,0.6890033357602716,1.0,0.8233604873253538,0.3125104321022304,0.7413373821621293,0.5298195863535163,0.8619370000000001,0.6151439072206062
DEU,2015,0.1249952587376058,0.6854197931288212,1.0,0.8277342725523531,0.402622161855777,0.7424748779217089,0.5276871292058611,0.875898,0.619546385658902
DEU,2016,0.1280486236421741,0.683644416715973,1.0,0.8310403917394884,0.390989754907337,0.7444935478924292,0.5333578712318355,0.841652,0.6160351836419947
DEU,2017,0.145253308886027,0.683855972907845,1.0,0.8306802014649586,0.4720456901191597,0.7479566618268464,0.5296208014028909,0.843942,0.6178849204343873
DEU,2018,0.1296854857607147,0.6855311567416745,1.0,0.8312965850820447,0.5443936629451447,0.7491596858489055,0.5272480219127511,0.870371,0.6220657693150902
DEU,2019,0.1417819902497168,0.6895129012056131,1.0,0.8337042835966725,0.4080428854198681,0.750244692548678,0.5213249760169586,0.881345,0.6251641571898099
DEU,2020,0.1277906120859168,0.7060368470946832,1.0,0.8336425942228204,0.5759187008811688,0.7440008711952814,0.5153879611640699,0.898129,0.6372655731511786
DEU,2021,0.1312464902239164,0.7029998587850819,1.0,0.8314858681748649,0.4747058745486311,0.749506956388002,0.5138589016099196,0.914306,0.6326889749437059
DEU,2022,0.1619166790535021,0.6984633609534813,1.0,0.8362101825208288,0.419129824921547,0.7521416363539207,0.5216867312832643,0.916298,0.6317887323973036
DEU,2023,0.1539572837473295,0.6874159059357466,1.0,0.8399814962992165,0.3944873086803039,0.7506828528458224,0.5449475817276571,0.924764,0.6336636865152387
DEU,2024,0.1521260108492586,0.785626513870182,1.0,0.841894739848147,0.3501329465357955,0.7495621702613494,0.5228911929077872,0.935,0.6396228570801294
DJI,2004,0.4934514165335667,0.394898337804078,0.3124385398609078,1.0,0.6606172675110941,0.4974452711580323,0.2017981267205325,0.00781317,0.6477279464042845
DJI,2005,0.3478940277121545,0.3837834464159206,0.3166822003320884,0.9999291703552088,0.4879327509148983,0.5744561035873214,0.3064687225983313,0.00953611,0.647150604014376
DJI,2006,0.4206438402433661,0.3849642719355312,0.28883177339099,0.9995932600529503,1.0,0.462976186742815,0.2247471574366074,0.0127004,0.652613691265729
DJI,2007,0.4214400851062591,0.4092047062775878,0.3251256463508609,0.999049241895484,1.0,0.4638941222021131,0.2247471574366074,0.0162,0.6559566566112216
DJI,2008,0.389788031287052,0.4263978542492362,0.3293256327002075,0.998386480535584,1.0,0.460854965475911,0.3347863366551148,0.0226,0.5916699522560425
DJI,2009,0.5142760541628666,0.4681728524091053,0.3335112600938448,0.998875566769688,0.884872542247019,0.4564393593918131,0.431604974891067,0.04,0.4681680455306807
DJI,2010,0.3693547645025616,0.4952280595990523,0.3397629919089984,0.9990033000035928,0.4944986644640171,0.5129823516121975,0.3690248322166397,0.065,0.5187668527261228
DJI,2011,0.4148094456559018,0.4797873213607026,0.3439131478158215,0.998812654235669,0.6989290291464565,0.4318537811806727,0.2849441113376303,0.07,0.609048707261601
DJI,2012,0.6344161007728555,0.4649763622337367,0.2691727365744809,0.998893341770802,0.8128683370491363,0.3854278892709234,0.2696387001314892,0.094,0.5111393341232815
DJI,2013,0.1846238970397494,0.4054810636061117,0.3542274027552348,0.9987276848433428,1.0,0.3106661108159579,0.1314388736210927,0.127,0.8429668057707054
DJI,2014,0.1878824672264235,0.4053941966325441,0.3603745026322086,0.9980820869481476,0.7324091291106936,0.3181319847738145,0.1407043752137755,0.17,0.8407709520877757
DJI,2015,0.169490164936593,0.4010028363994273,0.3644554891447414,0.9973004549322352,0.670120030265412,0.3258434055321036,0.1317926886407316,0.2289999999999999,0.8397857770284605
DJI,2016,0.1620301533751848,0.3877253739164682,0.3786327588020923,0.9965275520551626,0.6837444747021887,0.3333828324041886,0.1294577762312238,0.308,0.8441717250616441
DJI,2017,0.1952851622631818,0.3955345452508487,0.3866609503244128,0.9957567582376768,0.6725555598035109,0.3387103164635067,0.1719050460219705,0.556814,0.8278204563171669
DJI,2018,0.2076858514981346,0.4002920968738527,0.4298989688270579,0.9949213542473444,0.6637594725854181,0.3431524205867652,0.2290908678908492,0.570617,0.8086789326317002
DJI,2019,0.2176040000768697,0.4075228830400823,0.4735267931560378,0.994263045898684,0.652730233587733,0.3487233211116899,0.2497812534144689,0.584762,0.8025449427840811
DJI,2020,0.2590366112579648,0.3953349258700223,0.4697941841058011,0.994198844770858,0.6115373131440178,0.3482773437649812,0.2476579791009015,0.599257,0.8058049502923426
DJI,2021,0.3282640640163726,0.36695140486725814,0.4865020300326145,0.9929878290240044,0.6038764403148404,0.3524421589209162,0.2752136183740572,0.614112,0.7807431537378209
DJI,2022,0.3047600117956436,0.381123851186173,0.4791044557424534,0.9926127526851788,0.6256437890382602,0.357715460204565,0.2633807171133422,0.632573,0.7956551975106991
DJI,2023,0.2961347131049159,0.4022258751399267,0.4828088301877931,0.9916509548724566,0.5127410876355458,0.3652635977459585,0.243915146036541,0.650248,0.8040492056048892
DJI,2024,0.2968095645055756,0.4148497701751101,0.8838330613296516,0.990630376152547,0.3903202549804936,0.3730830386269262,0.2908119138684414,0.4486218,0.7921233106752075
DMA,2004,0.600284138271945,0.5492278261788981,0.8031661788153401,0.7081501965875998,0.7068696115104527,0.4892051960171676,0.3177180512929575,0.303196,0.5735984556343812
DMA,2005,0.6073175303839294,0.5654979348257856,0.8173200337976688,0.6913191119266531,0.5984109115894867,0.4903480137894401,0.2957426562717886,0.385436,0.5642339985970644
DMA,2006,0.588806129032349,0.5753408299751853,0.831312126895618,0.6458733097433782,0.6928755434770135,0.4964468745549476,0.3073077748304633,0.393982,0.5618786924354552
DMA,2007,0.5896662740493371,0.5720922828694569,0.8465209537830791,0.7060647422344648,0.8751101145554627,0.5039359008856176,0.2980655994875906,0.402745,0.5428860898535851
DMA,2008,0.6153638353646806,0.5729957513728502,0.8844027105573438,0.6797279639309244,1.0,0.5139058563848157,0.2494231718954528,0.4115999999999999,0.542020076412295
DMA,2009,0.631483904803654,0.5713735309255374,0.8750415904110872,0.6809848964466382,1.0,0.5122268643523883,0.2000509343636267,0.4202,0.5550539413568835
DMA,2010,0.6119330086942087,0.5903283309168291,0.8897199602624543,0.7208191653964041,0.999162698143672,0.5120840339801948,0.2135422877095947,0.4745,0.56672130118366
DMA,2011,0.6289288298457107,0.5988337434678753,0.8736984253612241,0.6533362547418382,0.9013089027633768,0.5117377061061176,0.2554637257715876,0.486,0.5468652448866083
DMA,2012,0.6183888621273241,0.6108490788123063,0.918559073176281,0.6577549111543698,0.98839441805114,0.511372519945433,0.2630904550812538,0.498,0.5568943090380737
DMA,2013,0.6441372095888611,0.6000566569879533,0.9327278194482108,0.740803686503233,0.7456415994186643,0.5101307712196684,0.210157391594437,0.51,0.5535360469859124
DMA,2014,0.636255609397717,0.5828777344191812,0.9467344652223652,0.8211163435671889,0.4244362759939031,0.5121177265551601,0.2134761319897063,0.5750000000000001,0.5562517909896857
DMA,2015,0.6356055437873304,0.5770371769969717,0.9593302020437828,0.8243543407814496,0.3639271568234907,0.5070606783924198,0.1538636669221845,0.65,0.5809281104051814
DMA,2016,0.6349326418915768,0.5601292759307122,0.9730374628066976,0.8900669945983679,0.7329418673862935,0.5108131238007955,0.1758871399964884,0.6703,0.567003960073415
DMA,2017,0.6041408338225642,0.5753726598845011,0.9865929541017062,0.903485499776478,0.5459915177926549,0.5017611152543479,0.1421156188290618,0.696197,0.6055904258447443
DMA,2018,0.5612914010873095,0.5469627844976532,0.9951416808462688,0.9070760765675656,1.0,0.5066845865568944,0.3061104239898993,0.4537295999999999,0.5056044690904234
DMA,2019,0.5715697765123771,0.5283380650120599,0.9987872264286616,0.9046500244002982,0.9208158162368874,0.5129320749238057,0.3067122561774899,0.733819,0.5081861347543796
DMA,2020,0.6134818315976965,0.5917229492690823,1.0,0.9039632762319636,0.5650020306681532,0.488790247323157,0.1617905847917511,0.756567,0.5764337065196845
DMA,2021,0.6432497196025591,0.5854949432580393,1.0,0.9070760765675656,0.6116525857898618,0.4971949315042204,0.1955646949543585,0.826979,0.5290344726112021
DMA,2022,0.6255995796095608,0.5686753559428874,1.0,0.903485499776478,0.460776527415204,0.5123655933055572,0.1795054109661096,0.8331010000000001,0.5618832239687493
DMA,2023,0.6108914508797563,0.5476083312032981,1.0,0.9070760765675656,0.7579757342550146,0.5182600508112506,0.1848668017183277,0.8382550000000001,0.5568606294574542
DMA,2024,0.6129668846653007,0.5343187539801444,0.7944405749682535,0.7347367899120022,0.8504953538698077,0.5218764705903233,0.225128627326572,0.4719702,0.535760107584549
DNK,2004,0.2248259397992612,0.8322256055327872,1.0,0.8454645818915765,0.0566385161130504,0.7707767679273768,0.4510957451309736,0.8093000000000001,0.6115775196249875
DNK,2005,0.1776362241098158,0.8502458772458811,1.0,0.84452540799765,0.5993445709433264,0.7737622696343608,0.4505374292346055,0.8273999999999999,0.6076672707268249
DNK,2006,0.1794474257960948,0.8666399024389936,1.0,0.8500718093212999,0.3387982789796411,0.7787220709364236,0.4630808837893535,0.8665,0.5985731155617571
DNK,2007,0.1820516623276898,0.8866044332560993,1.0,0.8496396551194036,0.5240346069165018,0.7795042828781259,0.4493505777317613,0.8503000000000001,0.6061354206737315
DNK,2008,0.1428924574609654,0.8943286602972599,1.0,0.8539212243134241,0.3241933404203206,0.7780445698339232,0.4614250529622905,0.8502,0.6171965398069726
DNK,2009,0.1383519811573304,0.9062155351432171,1.0,0.8755737021996258,0.3602571430322264,0.7698611885897456,0.3977480248201144,0.8684000000000001,0.6614853769368924
DNK,2010,0.1840271473550347,0.8973491465039787,1.0,0.8829776703613378,0.0518204755501011,0.771496112239847,0.3858798845111437,0.8872,0.6632336728612797
DNK,2011,0.1925766079884886,0.8903683333716945,1.0,0.8828197997444622,0.5402999958177712,0.7727888200053717,0.3977471321566828,0.8981,0.6549487102984519
DNK,2012,0.2267245136651812,0.8844143949536895,1.0,0.8830074077050011,0.0,0.7722347432243707,0.3978629158431244,0.9226,0.6508985404420754
DNK,2013,0.1913448096599036,0.8769499666310684,1.0,0.8843734441667449,0.2968684159521396,0.7736372116615483,0.3950018060240764,0.946297,0.6604121968296105
DNK,2014,0.2013586179556225,0.8729092742442358,1.0,0.8874334898094657,0.4053396486334351,0.7747445520969022,0.3867961719760765,0.959935,0.6660639890836322
DNK,2015,0.1513675566718668,0.8689964478558532,1.0,0.8869116915194312,0.3237684438532971,0.7767421569901697,0.3907920360924448,0.963305,0.6697941685083192
DNK,2016,0.1539129236713094,0.8643292951723697,1.0,0.8911372730460287,0.4467092448711713,0.7800029714405033,0.4071345494814634,0.969678,0.6605827332115717
DNK,2017,0.1916845631960712,0.8573341458302651,1.0,0.8937645909585529,0.3548149833719199,0.7834393801486045,0.4117320331838886,0.970994,0.6563033415975903
DNK,2018,0.1622042044806353,0.8571980279056911,1.0,0.8933510570386841,0.4445530818230785,0.7853947870369046,0.4153475102827978,0.973192,0.6548364881705029
DNK,2019,0.189710595540622,0.8571105994533984,1.0,0.8959604896635269,0.2123896583017946,0.7873381586279214,0.4168783373733551,0.980464,0.6548279244711683
DNK,2020,0.199741434753343,0.8594264079039657,1.0,0.89423756348584,0.3077018220604125,0.7843075610776061,0.3905584202026575,0.965491,0.6660257671092756
DNK,2021,0.1720271406531846,0.8474351103218201,1.0,0.8909996960007147,0.5564047323557642,0.792820114203214,0.3865115214133107,0.988659,0.6747434226352622
DNK,2022,0.1628291011851564,0.8292207427997753,1.0,0.8926434055176374,0.7333875491217394,0.7923198214705521,0.4175548879554289,0.978601,0.6719500551662483
DNK,2023,0.1670296843497773,0.8356633478274627,1.0,0.8919621457393294,0.4279856442676472,0.792118895422144,0.4827851602068681,0.987756,0.6377197436081407
DNK,2024,0.153779921470975,0.830319407480487,1.0,0.8967410787923108,0.5682513758637574,0.7963500804011466,0.4936049451031307,0.997692,0.6327475365067639
DOM,2004,0.4937276271578705,0.4199614288549858,0.8763832834989554,0.749414623927058,0.5564634604974816,0.4089171113086199,0.6298398296900376,0.0886555,0.5074211897153551
DOM,2005,0.4993529455611537,0.3790606819327656,0.8736984253612241,0.760402255188229,0.4874588908775973,0.420095202813506,0.6051888890235667,0.114832,0.517385371912927
DOM,2006,0.4888695161048449,0.36807967754954585,0.8736984253612241,0.7628766256695116,0.5466602718950258,0.4310141217596696,0.6187587272874256,0.148449,0.5147214607629197
DOM,2007,0.4780966860589948,0.3906344529830344,0.9618338733051676,0.7687035771915948,0.6175055646492541,0.4396322349109914,0.6097104614315989,0.1766,0.504081343637015
DOM,2008,0.4703345986048404,0.3909737430727797,0.9705566213901408,0.7798203013491399,0.6532414516218328,0.4425075194266469,0.5903515189819962,0.2082,0.5446924411283707
DOM,2009,0.4616253410608708,0.3996082345565282,0.9742760009195603,0.8067107893114008,0.5128076699797368,0.4421166899147272,0.5551579629774394,0.2772,0.5776452151873062
DOM,2010,0.4569787992449012,0.4112942276398637,0.976749324629734,0.8092711641404351,0.5041989114242946,0.4519665753768537,0.5536551308290919,0.314,0.5836974532385025
DOM,2011,0.4404166215794133,0.4132589851796599,0.9742760009195603,0.8151945267652936,0.5308145993666267,0.4546845894578631,0.558522181259338,0.38,0.5922806258409983
DOM,2012,0.4299787310038466,0.409358414660594,0.9742760009195603,0.8165039007562984,0.6510944589386217,0.4568484722916924,0.5552817849685379,0.4232,0.5996886397452761
DOM,2013,0.4242861399549958,0.4180408909481832,0.9804499667021888,0.8332010292129293,0.4504669822296059,0.4620715126939455,0.5673986525270056,0.459,0.5883791410665186
DOM,2014,0.4179857994407909,0.4347464989307408,0.9816810324873144,0.8262110200739089,0.5156648381903461,0.4703197395278436,0.5734084703763223,0.4958,0.5884486434791992
DOM,2015,0.426847200072547,0.441460621234148,0.9829108616416083,0.8292753401237748,0.4882742683022474,0.4784540710671888,0.5474943042661589,0.542158,0.5969886573629927
DOM,2016,0.4255928975643127,0.4487665400601802,0.9865929541017062,0.8302059888267892,0.5007525612757467,0.4862805891926484,0.5277984386640465,0.638709,0.611112832896078
DOM,2017,0.4179778878029293,0.4543093639894,1.0,0.821085911089015,0.5801502226007882,0.4903018492631014,0.5259766737568143,0.6757120000000001,0.6128031788297634
DOM,2018,0.4068513888481672,0.4527525247034657,0.9865929541017062,0.8219164491840357,0.4941648287128901,0.4986949514775655,0.5472209930501754,0.74822,0.597535215199682
DOM,2019,0.3960676590513455,0.4584428165140626,0.9878178614776724,0.8336249809194107,0.4905621378762064,0.5041301659361977,0.5551627632600246,0.7971550000000001,0.5960547986306788
DOM,2020,0.4047473771670072,0.4777385465032034,1.0,0.8328929507598016,0.487893496930614,0.4906254998993632,0.5809829920529096,0.816173,0.5829180468761551
DOM,2021,0.3911158997147919,0.4558207905984857,0.976749324629734,0.834366774632026,0.513853108585413,0.5081484456026203,0.614906049813413,0.85243,0.5490737918727661
DOM,2022,0.3882664421699613,0.4573877331217132,0.976749324629734,0.8432122846733985,0.5162884944715854,0.5141657722580469,0.6142086044338975,0.8151269999999999,0.556873604287335
DOM,2023,0.3946814879483052,0.4793019548151936,0.9951416808462688,0.8488561545280757,0.5406793774860883,0.516019929329505,0.5892248738622454,0.846161,0.5759159900072435
DOM,2024,0.4017692936802547,0.487008838131291,0.9958635223132992,0.8514962520666544,0.5183989232482381,0.5218091047725354,0.5792659665297254,0.910022,0.5791861580445418
DZA,2004,0.5137266672598061,0.23767776200591084,0.9829108616416083,0.6339469275339398,0.3466658333824373,0.4038070723173937,0.8024598817266105,0.0463448,0.2535899604517216
DZA,2005,0.4796060214639934,0.26288661469292046,0.9829108616416083,0.6442270293418545,0.3543007515058964,0.4093159735426178,0.8402526615035719,0.0584394,0.2146652772197372
DZA,2006,0.4734302664417641,0.26326637035946737,0.9841394566470218,0.6557159531599848,0.3813621882563706,0.4112279834779268,0.8643191304188753,0.0737598,0.1887249737466025
DZA,2007,0.472132395013317,0.27734065782249057,0.9841394566470218,0.667391380444994,0.3610634956556541,0.413236330493219,0.859169922464653,0.0945119,0.2188864406860327
DZA,2008,0.4454247933345994,0.27426537794820355,0.991485247605356,0.6782429488382657,0.3792178186730055,0.4141802547166374,0.8714153360960425,0.1018,0.2157760507219236
DZA,2009,0.5215005209977496,0.31780200008460235,0.9853668199780375,0.6906281260037944,0.4029490093567145,0.4131309387363505,0.7683166608804051,0.1123,0.3504373751272066
DZA,2010,0.5084621630946139,0.30181878812075613,0.9865929541017062,0.6987232404601008,0.3682278919690808,0.4171093402925513,0.8053636791938843,0.125,0.3007938840877687
DZA,2011,0.4955948447840924,0.28180758196385036,0.9878178614776724,0.7067547286787766,0.36066358991941,0.4185591575258399,0.8025213195844604,0.149,0.3216681527396888
DZA,2012,0.521917037136662,0.28759612629219417,0.9853668199780375,0.7139403552734653,0.3270094953011621,0.4191089716245743,0.7821876931957742,0.182,0.3267719418089224
DZA,2013,0.5491728069481906,0.32095981170150745,0.9902640057882316,0.7205948839550099,0.3319560142877846,0.4199031821840234,0.740590961797414,0.225,0.3628471066524219
DZA,2014,0.5558409956709045,0.33971999124739743,0.991485247605356,0.7194754282316826,0.3249358621861844,0.4227772051213138,0.7255240868482455,0.295,0.3834697042966588
DZA,2015,0.5803317889070566,0.3742004820310381,0.9927052724399016,0.7238481455403666,0.2653540254557743,0.4243643757765699,0.6443435209047715,0.382,0.4575763643842239
DZA,2016,0.5911547811489787,0.3857228771014677,0.9927052724399016,0.7249869771870394,0.3430027471008627,0.4269334488438699,0.6359187686409496,0.429455,0.4623592653695974
DZA,2017,0.5904338547001933,0.4026033789224593,0.9939240827149284,0.7118725621811992,0.3261862855822475,0.4261451863902575,0.6551435878630507,0.476911,0.4424304298832877
DZA,2018,0.5945977283388453,0.4078761179733068,0.9951416808462688,0.7108096869022525,0.333063476842288,0.4253505734097839,0.6821175214307303,0.490385,0.4110022220408538
DZA,2019,0.5991376900445982,0.413021317334203,0.9939240827149284,0.7110447247221073,0.3304844482196734,0.4239799056778869,0.6565902039025986,0.557907,0.4295779733845181
DZA,2020,0.6237170621559041,0.4421268270472302,0.996358069242556,0.7057542001912577,0.3291743099620544,0.4140512690499222,0.6011518612754352,0.634727,0.4692320119798874
DZA,2021,0.5944341677115635,0.4105606754550224,0.9975732503052472,0.7051566586814306,0.3143955243191961,0.4171137886518755,0.6957056642683649,0.722124,0.3941368100511437
DZA,2022,0.5826828696128704,0.3626952363161807,1.0,0.7033916225291014,0.2909967303114978,0.4199425460037357,0.7805305422548555,0.7483190000000001,0.2833893888679247
DZA,2023,0.6327658892666675,0.36988357958216456,1.0,0.7048540635879895,0.3158982574808586,0.4235986595022966,0.7122435933242938,0.769081,0.339130349324629
DZA,2024,0.6423682965511908,0.37205849377520406,0.886724543552769,0.7050879300866286,0.3136563655594113,0.4268420454967226,0.693978279073153,0.6978386,0.3628775144485643
EAP,2004,0.6257684482546092,0.7698948557366245,0.9155246100658164,0.3428616423142123,0.4839863547554537,0.3514774065251161,0.7930654686183882,0.0887999999999999,0.2905602868660834
EAP,2005,0.6054177313198275,0.7569100640743456,0.9100475934489624,0.3533784163411747,0.5523083938768991,0.3642086310035007,0.8038729853094388,0.083,0.2906822368425661
EAP,2006,0.590816985107716,0.7517354414909867,0.925553880532104,0.3702499821103747,0.5471242078983007,0.3782917977333503,0.8090929594713819,0.1009999999999999,0.2953008463494652
EAP,2007,0.5871936058670647,0.7470304321690179,0.9256818370075448,0.3760879383625339,0.5474702979974133,0.3941757155177984,0.8028601124138892,0.143,0.3102174245648763
EAP,2008,0.5889284238010635,0.7392762583997395,0.9336486530953136,0.3881681206149795,0.5114941545622034,0.4050808652230152,0.8050926696750049,0.192,0.303707973974258
EAP,2009,0.5798478996355427,0.767389113241455,0.9305184326625892,0.4024673172030089,0.4384455235150098,0.4151775802566692,0.7942259963617292,0.237,0.3319846752292938
EAP,2010,0.573297184284392,0.7680483670678049,0.9385456473744288,0.4110794725863645,0.526850442228065,0.4277987414291894,0.7938440266568576,0.289,0.3299561730920571
EAP,2011,0.5710596557234554,0.7656062067977987,0.9452355471017666,0.4259505209606895,0.5087603642608166,0.4386163483256106,0.7960329765988027,0.3229999999999999,0.3298344886568651
EAP,2012,0.5665666181923907,0.7776305122150465,0.9479387389897616,0.4321755747842796,0.4659566565645389,0.447950976974364,0.7861583992029251,0.357,0.3508928205671203
EAP,2013,0.5605530637482293,0.7889713042957798,0.951698210539532,0.4624801993293119,0.4796249288617173,0.4569559605453276,0.7732280524424625,0.382,0.3768022712490262
EAP,2014,0.5522281499853773,0.7995614165041576,0.9539815041117784,0.4882012160426379,0.4491357399774529,0.4656260484639692,0.7624715843180039,0.406,0.4001123020039667
EAP,2015,0.5440753008468195,0.8193114129925292,0.95835018699935,0.5101813114323809,0.4311657604391714,0.4738757575311695,0.7374774440248695,0.435,0.4413718654165731
EAP,2016,0.5371408256533189,0.8236080807294903,0.9595373771983284,0.5201709888620073,0.3876283436153472,0.4819441349287404,0.7231227754747283,0.496,0.4643266532096478
EAP,2017,0.5234756415421689,0.8223863943933882,0.9686343273267366,0.5268256381855828,0.3873436323396549,0.4902118664019149,0.7271663557848117,0.539,0.4677388242878118
EAP,2018,0.5107495467923259,0.827938911970832,0.9682248022608564,0.5350159328228853,0.4039214628777487,0.4984697721628567,0.7264061681295866,0.5910000000000001,0.4768424252777051
EAP,2019,0.5121895150250133,0.8367912455459187,0.9711784953613478,0.5442692982804114,0.3811227535122559,0.5059720782978151,0.7118121478000843,0.64,0.4939870758614756
EAP,2020,0.527448687379211,0.8605188410100416,0.9701242543524436,0.5514190480531478,0.3948909586503125,0.5072550275943793,0.7006334302933659,0.7220000000000001,0.4990863741471904
EAP,2021,0.5153199760424139,0.8561728650748038,0.9750175453496914,0.5560236508938354,0.4183213222955519,0.5175916999484648,0.7171560249806564,0.7759999999999999,0.4866851749656779
EAP,2022,0.515321630021522,0.8639377901011254,0.975851740634634,0.551093958215497,0.36822335509677,0.5223113571810952,0.7171519200909313,0.816,0.4857853827241404
EAP,2023,0.5094077555960338,0.8735306510332081,0.978448547098234,0.5626241014819263,0.3226822953177931,0.5294758584761302,0.7016651504257431,0.8420000000000001,0.5077898134521591
EAP,2024,0.5069912921545379,0.8789549215840181,0.9891394163555912,0.5681653471288641,0.3167677610769258,0.5362604028290036,0.6968732953616531,0.861,0.5146443376798887
EAR,2004,0.5693630080260028,0.4938261211225256,0.5875251649865396,0.3970969943112701,0.3826534295802329,0.3219058065615173,0.6779029936261635,0.08287642,0.5012113282334495
EAR,2005,0.5601463333292019,0.5072578823427323,0.6150462819828267,0.4024057835338737,0.4209697408985171,0.3278824756777051,0.6956926288845795,0.0941841,0.490140277994519
EAR,2006,0.5529409005772971,0.5221318440840895,0.6323407631355982,0.4118166680601376,0.4493353898271965,0.3341201604918328,0.7110046524395917,0.1162,0.4802173243308755
EAR,2007,0.5590358428744145,0.5323687833384655,0.6623331443878091,0.4180453484170981,0.4569333663373643,0.3398883223010932,0.706657826433007,0.1162,0.481091478032764
EAR,2008,0.5560935645073611,0.5199711705761297,0.6899024704555631,0.4233122587566869,0.4598665892339508,0.3425520294616125,0.7242201848102107,0.1162,0.4736821414379891
EAR,2009,0.5757030785422677,0.5280472648760438,0.703685850426822,0.4314383508014207,0.4058479128991022,0.3412041483050426,0.679278108772897,0.06461924,0.5078232218666022
EAR,2010,0.5771118181077028,0.5348670051008143,0.7205811898984482,0.4366697785586382,0.4053398006246947,0.3479356063258801,0.6882504877063,0.0784351399999999,0.4870820021407698
EAR,2011,0.5718101919250494,0.5368577585085759,0.747092667578209,0.4465689065122544,0.4051620792557695,0.3526993192888704,0.7008155847335269,0.0974751399999999,0.4775703595352768
EAR,2012,0.5666583980314767,0.5418541706437123,0.7604691407382553,0.4571885177140622,0.3972326324209733,0.3565421677721,0.6964684408450571,0.10707514,0.4840593497794332
EAR,2013,0.5709535024685161,0.5493823145746849,0.7859527651556445,0.4653815941862134,0.4184554495929669,0.3601662584507407,0.6862203274623228,0.09083514,0.5048913712217953
EAR,2014,0.5755655838230576,0.5577564447969962,0.7996306800941486,0.4734748132736525,0.3967706043293264,0.3638354369942244,0.6747851713353558,0.0657861999999999,0.5185580662142925
EAR,2015,0.5816111609623454,0.5678477192013993,0.8289050588530695,0.4849188160118782,0.4218341475556337,0.3678722548740062,0.6394599903231506,0.03869138,0.5535232586040695
EAR,2016,0.5867412992406618,0.5696080401569855,0.8499437522270072,0.4961899152255608,0.417739600989633,0.3718237996940715,0.6319410356849358,0.04043134,0.5548153811981605
EAR,2017,0.5841122356418574,0.5674196263021812,0.8791783066517682,0.5066963994419198,0.4072524833360481,0.3763635873704593,0.640705170422277,0.1451562,0.5496687851244298
EAR,2018,0.5777132452841297,0.575127854181181,0.8988739776092955,0.5185016833080098,0.4154595633184668,0.3797368980591414,0.6565739279301396,0.1451562,0.5426072993167735
EAR,2019,0.5860110617647364,0.5677394822029035,0.9094258637061748,0.5275267883249286,0.4036134632129069,0.3812198187359553,0.6417451143861602,0.1451562,0.5590552446612975
EAR,2020,0.6093668490464216,0.5826334060976855,0.91798606054601,0.5051904997616219,0.4031682204857199,0.3730728888703324,0.6250322015612875,0.1451562,0.5594016575790536
EAR,2021,0.597477660966473,0.5685309841207736,0.9409263121953052,0.5071131222673172,0.4269942546210012,0.382052276119433,0.6578446623084291,0.3572,0.5303978137369305
EAR,2022,0.5864073515719174,0.5781625840810213,0.9398476163252104,0.5075512594032301,0.4130167631657352,0.3889134677984619,0.6777357592279077,0.4155999999999999,0.5185697299777697
EAR,2023,0.5838849886723387,0.5781625840810213,0.9467906536765764,0.5111208996106342,0.386152700608563,0.3937304735405816,0.6584615277893738,0.352,0.534969880669037
EAR,2024,0.5860484414852788,0.5725056817881874,0.9263684103898124,0.5189997623766834,0.3968243533736568,0.3972884807511864,0.6389177402259444,0.3742,0.5490237923538948
EAS,2004,0.4142098578711253,0.828133812089909,0.9244567089030928,0.4077590165848003,0.4158728673866342,0.4570881383973085,0.6564760083718676,0.2136,0.5860428319521801
EAS,2005,0.4077191444624206,0.8226736575022353,0.9195322442645733,0.4172728447193365,0.4015442988437973,0.4644057382310745,0.6647062352805121,0.147,0.5797250587595723
EAS,2006,0.4139838200972617,0.816788079430743,0.9333315924410446,0.4312755116117565,0.4529381423375806,0.4724267804237864,0.6749648777390824,0.166,0.5639298696428463
EAS,2007,0.4268472040160757,0.8061530954936307,0.9334260878203612,0.4364821312141811,0.4915085685083273,0.4818021385755512,0.680787190282332,0.208,0.5517603694284683
EAS,2008,0.4411140380924896,0.8020062427359563,0.9405287173898308,0.4469171904721527,0.4599207333954834,0.4870019179982104,0.6832222333373085,0.252,0.5453368011944992
EAS,2009,0.4420732064467919,0.8137914431764662,0.9376270681774604,0.4589615014546168,0.4109996938482795,0.4897231319310492,0.6755715866010872,0.295,0.5576390675096353
EAS,2010,0.4435979971671341,0.8066305171550723,0.9447937115878252,0.4664797000042817,0.4719875810075342,0.4993738337723677,0.6865348348226464,0.342,0.5408388903217971
EAS,2011,0.4499148715316552,0.8033733967947193,0.9507659345448648,0.4791876759545285,0.4668483594010564,0.5060187939183639,0.6871448571809711,0.373,0.5365346038854851
EAS,2012,0.4528048250247561,0.8071027501215559,0.953164982816588,0.4847477822018523,0.4414301508372672,0.5122060167886869,0.6846745470221209,0.4039999999999999,0.5385331897142347
EAS,2013,0.4616907876348403,0.8112233195819013,0.9565155608740172,0.5105428093735198,0.4618295389119454,0.5185161446225589,0.6867318263180543,0.432,0.5318545685911734
EAS,2014,0.4602655139621263,0.8172269644111169,0.9585475006503116,0.5325405361444373,0.4678411244338281,0.5242145537270634,0.6885588722002974,0.455,0.5303057916538952
EAS,2015,0.4604376438244805,0.8277632059328278,0.9624597414175466,0.5516335281292344,0.4643633476573654,0.5298649558629979,0.6786778065136715,0.483,0.5416701864703649
EAS,2016,0.4527119823684332,0.8324233837159771,0.9635134259443772,0.5608626193455832,0.4332533336478569,0.5354494872769325,0.6673448451487654,0.539,0.5577148429135136
EAS,2017,0.4453157409465983,0.8328056985013548,0.97169267592107,0.5669612297311272,0.4322204818227761,0.5415934166504176,0.6741551503300128,0.578,0.5528489714809298
EAS,2018,0.4367811819067864,0.8357389169964302,0.9713133650909443,0.5743249122501201,0.4300264277364072,0.5475169327411554,0.6762447262177601,0.625,0.5545160794829229
EAS,2019,0.4390362543469231,0.8448696022937434,0.973969551063331,0.5830203652495078,0.4106214130986823,0.5525182197652226,0.6656304812351125,0.6709999999999999,0.5657151896404924
EAS,2020,0.4543250926109,0.8672764388306403,0.9730077753014889,0.5895589689501743,0.4246364424625747,0.5518418548117013,0.6609140282695422,0.7390000000000001,0.5654127305813006
EAS,2021,0.4500217674455376,0.8640351222512318,0.9774089188418404,0.5931962893612458,0.4539136788586794,0.5604223666887508,0.676693351296928,0.788,0.550129520087057
EAS,2022,0.4541774296885842,0.8682470535512702,0.9781557257860364,0.5897769943293686,0.4335519479449841,0.5644375602366968,0.6762219592642983,0.8240000000000001,0.5482168196287122
EAS,2023,0.4486713182111832,0.8738112484463036,0.9805049293563208,0.5997421887034409,0.3814589766088704,0.5701232222998459,0.6648883927565661,0.8490000000000001,0.5628997454329652
EAS,2024,0.4471322874365041,0.8778184893959546,0.9961009858712642,0.6052404275528446,0.3836701877813734,0.5752869969954201,0.6653338432014034,0.866,0.5780967377374402
ECA,2004,0.5700650100957588,0.639081244873623,0.9894759581158664,0.5868410976742324,0.4803830709871795,0.3995810508640852,0.5516470684445531,0.4349921999999999,0.4418705552889702
ECA,2005,0.5583858220217353,0.5534311571865466,0.9909902657319368,0.5964237912775769,0.5209570577178047,0.410850927440915,0.564754978216617,0.089,0.4351955108623228
ECA,2006,0.5315568390829954,0.5506677867718378,0.9904998981514106,0.6036248057860951,0.5998257831870046,0.4216641406215297,0.5864062943527556,0.1159999999999999,0.4357017956572631
ECA,2007,0.5145690995649099,0.5625552210659552,0.9919610900551395,0.6086983912168293,0.6430357696372736,0.4313394077681803,0.5917824230644598,0.163,0.4549560639031131
ECA,2008,0.5103956809205685,0.5502087298033789,0.9924321813129492,0.611443251508149,0.5993171126493404,0.4347923436002757,0.6014987239340159,0.206,0.4509381135884256
ECA,2009,0.5248618309429542,0.5580157692718334,0.9932973045819462,0.6240393295381202,0.5411648143556567,0.4285248243161329,0.5666644555391064,0.25,0.4839878454233929
ECA,2010,0.5449316682466828,0.5777580470162911,0.9952466110078706,0.6213773995924905,0.4726158860613155,0.4373399692783354,0.5754636764536647,0.301,0.4516043770907336
ECA,2011,0.5377560559892041,0.5881787330654802,0.9953543370260544,0.6204944992132342,0.5391793189679416,0.447767540183802,0.5993578729937297,0.349,0.4228710408898535
ECA,2012,0.5279178060841025,0.5932631568981245,0.996292805557958,0.6266952171480482,0.4889945362729546,0.4523687452303221,0.5959610045797825,0.394,0.4384514388259046
ECA,2013,0.514765026811881,0.609243951335289,0.9967063724873292,0.6325972419668954,0.4419035185811125,0.4602777430557784,0.5961913125980746,0.432,0.4429707289640914
ECA,2014,0.5204250436755865,0.6164885732131593,0.9973882853712096,0.6365025207669343,0.4345449993094034,0.4635421412214019,0.5998808587825801,0.486,0.4444601196781502
ECA,2015,0.5342533250937477,0.6087117299756896,0.9971803803948288,0.6486865779223677,0.4745709955468445,0.4671520520315263,0.5787414485283717,0.519,0.454605237269267
ECA,2016,0.5283646506533634,0.6125945727228077,0.99837412444961,0.6563424657505997,0.5196892811515668,0.4698487970049302,0.5807089822515159,0.562,0.4522589883486177
ECA,2017,0.5117815693739233,0.6071421226342277,0.9990091634757186,0.6608530511598623,0.4390466873894759,0.4770663646290479,0.5913788461025687,0.606,0.4563707553719326
ECA,2018,0.503456579820961,0.5916965969023238,0.9992975979335724,0.6667955761197866,0.4268041404842246,0.4811885760445623,0.5989991198363003,0.658,0.4601241563084197
ECA,2019,0.5106949095641172,0.5817852334727958,0.9995850570579524,0.6750852802059928,0.4383955567792327,0.4836121671528287,0.5758953082730787,0.703,0.4843002362796741
ECA,2020,0.5231077061218208,0.6116270654834836,0.9997263844081844,0.6728771244215458,0.4034864865003875,0.4829798672721227,0.5718719057544527,0.745,0.4768611186434672
ECA,2021,0.5083513696952318,0.5953370649895836,0.9995350007003369,0.6728210007753448,0.4354599994625711,0.4949842118654525,0.608650652829315,0.7909999999999999,0.4502205308497461
ECA,2022,0.511870945074844,0.5524231693203887,0.9998980222686727,0.6663627438812753,0.4032019072217654,0.5001677669381052,0.6148024299876973,0.8200000000000001,0.4488710321418649
ECA,2023,0.4947526158684726,0.5403937471361671,1.0,0.6754190623722507,0.4050182616759224,0.5083426343932865,0.5732299686077582,0.846,0.4903478801394199
ECA,2024,0.4797953587874323,0.5368564225038868,0.8170584669574331,0.6793012903698133,0.3857112268638331,0.5131031301474213,0.5422535982489985,0.858,0.5250485611042205
ECS,2004,0.2748123160372575,0.7352265666594963,0.9907405247843142,0.7357308430193064,0.4666325841277688,0.6348663224263792,0.4924672462191587,0.4383324,0.6308244726422209
ECS,2005,0.2610937018309633,0.7442774889040744,0.9912398811117272,0.740874277309745,0.6805747357570597,0.6383535630194114,0.4957180398451268,0.347,0.6277805754096076
ECS,2006,0.2535504503637802,0.7528542457032522,0.991501841738887,0.7452352327018722,0.7452694814823542,0.6434562024548861,0.5018936393132313,0.38,0.6219953156669492
ECS,2007,0.256328323472923,0.763004865144543,0.9922549851782771,0.7495127560721988,0.8615045471770231,0.6483060756026718,0.5011946678947935,0.436,0.6222173220826235
ECS,2008,0.2586949676571682,0.7620456644117397,0.9928039941869852,0.7560996910440263,0.6307679695943558,0.6491990474965587,0.5031965146475782,0.481,0.624118894529594
ECS,2009,0.2514570522708801,0.7687451246833247,0.9935118776454764,0.7681799223338527,0.526349624293049,0.642043411986058,0.4689253536824964,0.527,0.654647008265682
ECS,2010,0.2644106247036126,0.7607654485534858,0.9959378526191662,0.7703221902496247,0.4970704249257762,0.6452846065715762,0.477635650614209,0.5700000000000001,0.6406934417016442
ECS,2011,0.2697265838942726,0.7521769958098227,0.9959191260347038,0.7730941697753414,0.5894751643985312,0.648298094050536,0.4834065886662216,0.6020000000000001,0.6322555793476132
ECS,2012,0.2679345233987375,0.7469470981037484,0.9979156117352828,0.7754602334342723,0.52292601992791,0.6481862213146982,0.4806513410657593,0.638,0.6343318395039027
ECS,2013,0.2689983888318329,0.7406463336563067,0.9981745784003908,0.779672866214269,0.492992002319005,0.6488871106240975,0.4736785372804373,0.6609999999999999,0.638534386279248
ECS,2014,0.2686997064033977,0.7349012513248377,0.9984976459428924,0.7825621183066228,0.4539714522754774,0.6510737428675658,0.46768346287135,0.6890000000000001,0.6422388782963256
ECS,2015,0.2664276887385293,0.7320862993611634,0.9898702652191274,0.7870412922881151,0.6485451462393885,0.6534204114122663,0.4677200846180453,0.6990000000000001,0.6457483800679685
ECS,2016,0.2620764029325249,0.7305730130183986,0.9979253085329816,0.7903480452290664,0.712041795048086,0.6555138358143396,0.4637626614771661,0.723,0.6478304852149606
ECS,2017,0.2638138540837869,0.7199381901073139,0.9995653430863988,0.7928222975610676,0.5601834752863756,0.6591862052941965,0.4692237849558051,0.745,0.6441948768141937
ECS,2018,0.253691122447959,0.7174937658464869,0.9996457929057724,0.7953193505885569,0.2342573172582409,0.6617131462922016,0.4734173210048616,0.7809999999999999,0.642708699211748
ECS,2019,0.2564031864174057,0.7149890149395087,0.9994356321944928,0.7979031182930906,0.4750338331772353,0.6638245507328838,0.469486235691647,0.8029999999999999,0.6463746675852884
ECS,2020,0.262550893069625,0.7368165028750062,0.99970937645796,0.799271797433222,0.312608735694523,0.6555234158711493,0.4604757406440625,0.8340000000000001,0.6560174317436936
ECS,2021,0.2577116033990469,0.7238571836690468,0.9998568717784966,0.8001112208778829,0.4572374728405181,0.6649598153124158,0.4738122881796698,0.863,0.6440064587066135
ECS,2022,0.2674433301270379,0.7158408004605452,0.9999725021881852,0.80621753334389,0.361646539985771,0.6698232714184872,0.4942335573504748,0.8790000000000001,0.6384899339017847
ECS,2023,0.2601754123299611,0.7005565359115465,1.0,0.8112252256584612,0.2047870970022705,0.6712496156542761,0.4867110358754304,0.8959999999999999,0.6496258379609996
ECS,2024,0.2569077199406033,0.6946300691069158,0.999446098303798,0.8135833740030372,0.3237574838790683,0.6729587715231661,0.4684142610200018,0.909,0.6576467843006532
ECU,2004,0.5203786232416867,0.3888484401936364,0.9352864302439208,0.6232870698307704,0.4387811703116001,0.416247954351176,0.5951831934622754,0.0483444,0.5141951520286359
ECU,2005,0.5138401356506886,0.4038545829728267,0.94799988633776,0.6287931718110215,0.3637432637139248,0.4213681958343641,0.6346740416596582,0.0599426,0.4960340615880778
ECU,2006,0.5136584379234755,0.4073219186481591,0.9543074470188202,0.6325267006875726,0.3226819793117026,0.4250418618171926,0.6743174061692336,0.072,0.463173345426341
ECU,2007,0.5117010712363865,0.4175034274410465,0.960582677672353,0.6457054319348869,0.3093318858525549,0.4252982594906499,0.6834105351330088,0.108,0.4541391177936084
ECU,2008,0.5033107688186398,0.4229860286819816,0.9655798063248302,0.6504194998941267,0.3965760267627033,0.4320515379596442,0.7301423861211493,0.188,0.4244953247738389
ECU,2009,0.53689690686738,0.4314045716362822,0.9568214003049156,0.6431666414074616,0.3174439678722485,0.4311507542084553,0.6184680341949758,0.246,0.5004230640370473
ECU,2010,0.5297955569142841,0.4502376375984878,0.9693143129931838,0.6542325049411708,0.2998626168551918,0.4344496013405022,0.6614772222283216,0.2903,0.481733325929267
ECU,2011,0.518767910472905,0.4543804567889939,0.9618338733051676,0.6600429691877717,0.3372539878257444,0.4438823794901595,0.7103561332982935,0.313668,0.4472107811980483
ECU,2012,0.4931015248529825,0.4611832053929788,0.9655798063248302,0.6665425314153854,0.3261105918116513,0.4497313546007219,0.7061568741633548,0.351351,0.4513296094002806
ECU,2013,0.4920190491536388,0.4620295089259466,0.9755132873514472,0.6642444805928477,0.3330196902728923,0.4576640216669886,0.7026602913598436,0.402791,0.4560283908982085
ECU,2014,0.5048770418215358,0.4671125939623172,0.9878178614776724,0.6702595340398599,0.332957872887569,0.4615930938194218,0.6872819869492742,0.455904,0.469732739193708
ECU,2015,0.521745927109701,0.4726229862216904,0.9853668199780375,0.6633873576761523,0.372572961389213,0.4596898953590765,0.5682298637049588,0.489404,0.5460106212781685
ECU,2016,0.5231068226061044,0.484069280902729,0.9841394566470218,0.6660915395366661,0.3350888868731913,0.4565717437739139,0.5583556460660554,0.540629,0.5606139565693584
ECU,2017,0.5185987197761145,0.5026443979320965,0.9902640057882316,0.6582760572548534,0.3234123897478544,0.4627683693423671,0.5748341985732153,0.5579999999999999,0.5528582954739902
ECU,2018,0.511609122551883,0.5282290819501906,0.9841394566470218,0.6456486867640394,0.3681969177987311,0.4617860146400646,0.5669039898860194,0.5750000000000001,0.5633264147756363
ECU,2019,0.5154859591588407,0.5525262737820653,0.9890415445582064,0.64953754245869,0.343572683940275,0.45957399767225,0.5422646380840648,0.5920000000000001,0.5736300771180478
ECU,2020,0.531210739083151,0.5839993306495517,0.9865929541017062,0.639259647743731,0.3600046043986998,0.4437803086784907,0.4903266882950224,0.7070000000000001,0.6011977137132675
ECU,2021,0.5233136905410524,0.5872031068230541,1.0,0.6232709353705185,0.3235576361892053,0.4557246037542591,0.5550374117810486,0.691148,0.5589774679883556
ECU,2022,0.5045545250594945,0.5988813807881912,1.0,0.6250097821576792,0.3334469156695746,0.4628449665049404,0.593844252543214,0.697181,0.5551053634535251
ECU,2023,0.5210835537636518,0.6078739294547254,0.9841394566470218,0.641747640747018,0.3098594180429899,0.4644360742586763,0.55909849586208,0.726943,0.561429773504672
ECU,2024,0.5574173282022986,0.6148001794153974,0.9946456812714952,0.6206396084540153,0.3071480259760591,0.4602530680385653,0.5397085206957969,0.771727,0.5390888641273166
EGY,2004,0.647262619984448,0.6059818494016701,0.9730374628066976,0.5700489628343575,0.3875521015488167,0.3374740126730652,0.6725214599617176,0.1192,0.3302777587376146
EGY,2005,0.642718448108516,0.5935544961150485,0.9927052724399016,0.5615218194156599,0.6742072833867465,0.3408875299281216,0.6650190426262172,0.1275,0.3464618388471366
EGY,2006,0.6305645872757777,0.585084664934002,0.9878178614776724,0.5497556279038902,0.892422810054895,0.3476595515760258,0.6934148234970308,0.1366,0.3224289222295596
EGY,2007,0.6336087425663215,0.5670207473195411,0.9804499667021888,0.5420116413256283,0.8616901513479622,0.354857562279148,0.678190955434309,0.1603,0.364735983555235
EGY,2008,0.6201759146551278,0.5530867575740058,0.9975732503052472,0.5466518476695759,0.663527487462979,0.3621776392054784,0.6942102961581881,0.1801,0.3604939873245307
EGY,2009,0.6265233942824906,0.5146295325671748,0.9865929541017062,0.5585352663214866,0.5149465642739691,0.3660657032797326,0.6887354760359524,0.2,0.3585658968026737
EGY,2010,0.6322927126389497,0.4949709535535251,0.9927052724399016,0.5587223674053166,0.4737944262949312,0.3705660187429375,0.6882916242919054,0.216,0.352250347399163
EGY,2011,0.6409197738495329,0.4815654906218026,0.9927052724399016,0.5701895960485773,0.2707093965533982,0.3700504542514532,0.6906117434090342,0.256,0.3423723084087423
EGY,2012,0.5951605777831522,0.452730480549644,0.996358069242556,0.5818701624541073,0.3492530009781882,0.3699880887206631,0.7343687637765772,0.264,0.4518301669210243
EGY,2013,0.5951913580298686,0.4430232183660565,0.9987872264286616,0.5798356329308962,0.3786100239883724,0.3697800841203126,0.7423846322662686,0.294,0.4607895006950429
EGY,2014,0.5964190521829494,0.4377277670003904,0.9975732503052472,0.5812380067100185,0.3822425257642144,0.3706475436028019,0.7424267914881352,0.3389459999999999,0.46113056256285
EGY,2015,0.5975057174237928,0.4438206650679336,0.991485247605356,0.5951122402455242,0.420856312353625,0.3738114095787398,0.6999201349019898,0.378194,0.4753260154153705
EGY,2016,0.6046180892568874,0.5020786715028444,1.0,0.5978552993751362,0.4427218829508299,0.3770332377875119,0.639768185836464,0.412481,0.4968289602616043
EGY,2017,0.5895304138067964,0.4501180333753669,1.0,0.5909895464313722,0.4781546959094608,0.3800778196556323,0.6686044253462788,0.449502,0.4753161930805285
EGY,2018,0.5864040216140738,0.4260291388073652,1.0,0.628989057979097,0.485794092286919,0.3848620236337839,0.6819290897804546,0.469243,0.4496258422822015
EGY,2019,0.5837057852409135,0.4123996876902686,1.0,0.6141662229648903,0.4680226959251516,0.3901567297798737,0.6888602236208015,0.572829,0.4344783253795951
EGY,2020,0.5930932901782251,0.4393124542221605,1.0,0.6249634818872019,0.3832433906551089,0.3928612980261788,0.6384436102548144,0.719142,0.4561673947995208
EGY,2021,0.5983290690524741,0.4594979058333139,1.0,0.6396343738117286,0.3625187071853977,0.3953963935774794,0.6199963834315524,0.72056,0.4637594374862868
EGY,2022,0.5887208301624997,0.4793383868840264,1.0,0.6404302132103017,0.4396382790737726,0.4024985394650436,0.6436600155373865,0.721981,0.4459780894075396
EGY,2023,0.5817237783177303,0.4674907069261362,1.0,0.6414788270680386,0.4457741984975866,0.405405354771417,0.6440096027010901,0.726899,0.4497371658586379
EGY,2024,0.638388769875811,0.454199697496067,1.0,0.6449678806777968,1.0,0.4063306779701253,0.6413945463190792,0.7054190000000001,0.4021668624718414
EMU,2004,0.2472301070172035,0.722770815998159,0.999885556792954,0.7924878447880981,0.4569232912978052,0.7040569200837662,0.4850837951590619,0.7059092,0.6412896150079234
EMU,2005,0.2289995843636606,0.7340283337903698,0.9998680850760386,0.7976529686859389,0.6741047738887167,0.7058399779708483,0.4810533252585938,0.7598404000000001,0.6443928709967893
EMU,2006,0.2188114688705634,0.7425722820801728,0.9998464787092112,0.7996313657586526,0.7589526434529685,0.7098925807890274,0.4845834384240545,0.7057692,0.6402489184133808
EMU,2007,0.2237455839732487,0.7494053085558311,0.999875610566646,0.8025651205356438,0.9288783315662504,0.7134294769780206,0.4842055349243547,0.7057692,0.6405996963394813
EMU,2008,0.2174708804635942,0.7535137982516134,0.999908018047558,0.8136957331091054,0.5843593973812429,0.7132963091430683,0.4762015122308302,0.7059092,0.6520161906362204
EMU,2009,0.2047685889058553,0.758985379479108,0.999943639009164,0.8234147514855739,0.5565814818222159,0.7061437130839433,0.4427977955141989,0.7057692,0.6774997860525472
EMU,2010,0.2164071750604026,0.7528723259352282,0.9999520565665908,0.8283168860456454,0.527277664173589,0.7088172717372908,0.4475889915649648,0.7598404000000001,0.6694921874825163
EMU,2011,0.2204840530630548,0.7484656419584013,0.9999529756518556,0.8348368522444547,0.6822859943425901,0.7116455810222094,0.447238739406955,0.7598404000000001,0.6668714688634444
EMU,2012,0.2209822333296496,0.7438962077456436,1.0,0.8371514091353662,0.5700636469615433,0.7099903086220304,0.4430472639756297,0.7059092,0.6685490466088014
EMU,2013,0.2222009874451548,0.7368057952826614,1.0,0.8421093615372747,0.5766062627331208,0.7095189557520779,0.435663960702297,0.7057692,0.6715311810573729
EMU,2014,0.2203987236411827,0.7266591002249803,1.0,0.8447386494636984,0.4843329881683486,0.7113669700442095,0.432544194924691,0.7598404000000001,0.6722374628919742
EMU,2015,0.217021893327375,0.7198242768255989,1.0,0.8460883040973757,0.7349535760432478,0.7140425538889837,0.4404184907269675,0.7057692,0.6680692619022796
EMU,2016,0.2123746472712353,0.7173376851862465,1.0,0.848385297978147,0.6059745976542048,0.7162320751910317,0.4403713428425412,0.7059092,0.6673614039901079
EMU,2017,0.2201027413691779,0.7145661486315078,1.0,0.8487012419364985,0.5597842182020225,0.7197045741184026,0.4398377408467019,0.7057692,0.6660605041368998
EMU,2018,0.2144362463568609,0.7113460502598221,1.0,0.850006558970832,0.3558931939465086,0.7218222981598493,0.440155791696848,0.7059092,0.6665274591299227
EMU,2019,0.2124849705976206,0.7094306638016107,1.0,0.8506950696209922,0.4912216654541398,0.7238937696985236,0.4389884872445689,0.7598404000000001,0.6678947526170663
EMU,2020,0.2143314381930507,0.7317749050297496,1.0,0.8513658160296182,0.262738606600366,0.7146195162659484,0.4378046242894612,0.7598404000000001,0.6738910174090532
EMU,2021,0.2131770024147262,0.7201103238872661,1.0,0.8514661356629553,0.5071620977026962,0.7235826153014696,0.4424693296239315,0.7598404000000001,0.6660720137855511
EMU,2022,0.2235662142665399,0.7095392031263967,1.0,0.853626956881858,0.3254081468210753,0.7283848318967802,0.4552771389682643,0.7057692,0.6660793790848814
EMU,2023,0.2187378453524565,0.6948607541623133,1.0,0.8567901987522757,0.1712122319896915,0.7284204491717269,0.4631778511726233,0.7057692,0.669714056974605
EMU,2024,0.2189568261809756,0.6879768982874837,0.9992716138485112,0.8582787488652567,0.3909097721308396,0.729158616866958,0.4422862486066655,0.3388582,0.6767160498208746
ERI,2004,0.5825847930950769,0.4490656916530534,0.0,0.3406962889969679,0.4254621222678869,0.1694876077871772,0.3919921190789206,0.0678,0.5059752854368492
ERI,2005,0.7510742440898878,0.4541511731787652,0.0,0.3260107702515306,0.292502657311444,0.169703214747121,0.4126568383472932,0.025021872,0.4255915130928342
ERI,2006,0.7704710797415295,0.4410236330750366,0.0,0.3176826857736596,0.3666391594382797,0.1660055541639961,0.3544130123858509,0.08567086,0.4102747720060685
ERI,2007,0.7673394019792188,0.3909272832411805,0.0,0.3182917319184518,0.3196056426581197,0.1659449849366361,0.3815228764546322,0.0040999999999999,0.4395935479247106
ERI,2008,0.6835023371418374,0.4046254180931138,0.0,0.2876542820000253,0.4679166758012512,0.1472077916202593,0.5284666454746998,0.0047,0.3148553719431911
ERI,2009,0.6449763619339173,0.34427697944892827,0.0,0.2991619855208018,0.6029882715454269,0.1490837341917262,0.4440209029592858,0.0054,0.3166751163111406
ERI,2010,0.7434011667775156,0.396656924068735,0.0,0.2907690821047559,0.6566031728750201,0.1493819173248238,0.4573782270280641,0.0061,0.3265174009772954
ERI,2011,0.7419564915128439,0.3544281935813595,0.0,0.31524448172471,0.4069316727820578,0.158848014874685,0.5352734890548003,0.0069999999999999,0.3186005486330689
ERI,2012,0.7148755926772945,0.3362135373271363,0.0,0.3208429513896937,0.4350378960080659,0.2084085772794046,0.4945424554786868,0.008,0.3416555477676333
ERI,2013,0.5750454586665789,0.5011012831783679,0.0,0.2851432567719956,0.6154461137155397,0.3230111362744332,0.5330416847436434,0.009,0.3777300307624042
ERI,2014,0.5018584481537559,0.6025853787682496,0.0264250876489277,0.3383571325318116,0.7221121282995012,0.4251947899930056,0.4838993934726746,0.0099,0.4320210160431592
ERI,2015,0.7429944544404588,0.36998741227014365,0.0582267411033547,0.2943193062052194,0.3464587613944526,0.1782703035004307,0.4728977352137143,0.0108373,0.3629160567482523
ERI,2016,0.7181708408140055,0.35436024152191625,0.0866699274817615,0.3164513797569961,0.3835678101738313,0.20957039940684,0.5167175525186761,0.0117711999999999,0.3604968692013037
ERI,2017,0.7710697493331258,0.18674384619750012,0.1144672887936366,0.283525540553436,0.3209375233397238,0.1934912241524275,0.4043105936924479,0.025,0.359532785985014
ERI,2018,0.7382127527401702,0.4031538169823107,0.141647503026072,0.319546048893554,0.3852027955090503,0.1954717862984406,0.5118079202871695,0.053,0.3169380805803204
ERI,2019,0.7487455154834143,0.4329399118954106,0.1706262481047571,0.3288507919935559,0.432825945629668,0.214430768078675,0.5349692299244594,0.1119999999999999,0.2976681728543013
ERI,2020,0.7542734202279568,0.4030943006077294,0.1966006900816034,0.307246750820981,0.4306349290128682,0.1862660788355488,0.5353674895960472,0.1434939999999999,0.2948689670908447
ERI,2021,0.8373891059627769,0.3914752080697037,0.2220354915804558,0.3003458213404365,0.4166195564784271,0.168058710300048,0.4424742285964796,0.183844,0.1914860592156369
ERI,2022,0.7843983266981285,0.4360951595736599,0.2424597898685834,0.3110051621057673,0.4502624835737624,0.1930879923281866,0.4950574074983014,0.187092,0.2647908981788595
ERI,2023,0.8008526303226992,0.4537746600046448,0.2647608585743333,0.3191584655047502,0.4186033916854644,0.1999924868473645,0.4904309407758291,0.200104,0.2350612636929623
ERI,2024,0.6536418247735603,0.29765857225256087,0.1783608925573035,0.3250828964064108,0.4749616152603929,0.1794639016632751,0.5845055342111498,0.179721,0.3674978341294503
ESP,2004,0.3347589524784468,0.7803687564518731,1.0,0.7666542869143037,0.4400116148495874,0.6721259625934707,0.5480962800932193,0.4401,0.5838116218362993
ESP,2005,0.3129796599585389,0.8168176917964411,1.0,0.7745076943197707,0.4434284107390938,0.6747391646219499,0.5510934154573456,0.4788,0.5799557307496893
ESP,2006,0.2891377685180737,0.8494279010866875,1.0,0.7813234903960213,0.4668834061514434,0.6780392460309702,0.5468343805987695,0.5037,0.5831636045939321
ESP,2007,0.2956329886125196,0.8651220245931757,1.0,0.7876342435069149,0.5937946640053059,0.6803928386684978,0.5351188485312421,0.5511,0.601623199532788
ESP,2008,0.2858134762600278,0.8693476623468451,1.0,0.805443037761447,0.5678180674964667,0.6791864582269621,0.5336158962884642,0.596,0.6338265720862902
ESP,2009,0.2782967200718847,0.8728775015809253,1.0,0.8320271337820015,0.3169061926771319,0.6723253798380103,0.5064734048659987,0.624,0.675336892976864
ESP,2010,0.2903027213141567,0.8701308144469289,1.0,0.8426647880813648,0.4479474872986433,0.671793630637676,0.4695289487090851,0.658,0.6726664692910526
ESP,2011,0.2864416538012733,0.8642848921957368,1.0,0.85964283526076,0.3972193180738852,0.670345971160231,0.4455393786336595,0.6709,0.69156665443076
ESP,2012,0.288928228697682,0.8506789680162152,1.0,0.8628985959304992,0.3781468383503195,0.6660321152787093,0.4206247925944832,0.6981,0.702950355178374
ESP,2013,0.3033402168533072,0.8329626069853447,1.0,0.8664277448032914,0.5092523992604895,0.6644703334596834,0.4021948157523821,0.71635,0.7027376588915291
ESP,2014,0.297827813225239,0.8055347453938937,1.0,0.8745381502582301,0.4347730186902639,0.6671083188768355,0.3983278329846335,0.7618670000000001,0.7017438282050005
ESP,2015,0.3107425727920449,0.7848550549597908,1.0,0.8677284515940504,0.4123136691570214,0.6730064689327465,0.3996367490997579,0.786896,0.6956207534439238
ESP,2016,0.3165598112590034,0.7701989625562154,1.0,0.871176227739432,0.5194288376534462,0.6770654715459247,0.3964644766566819,0.805613,0.6948116387591498
ESP,2017,0.3158228046074829,0.75800076074554,1.0,0.8672827845042254,0.4493489046038481,0.680856603960336,0.3991880599646484,0.8460219999999999,0.6924160020189619
ESP,2018,0.3093302247787676,0.7437777198324241,1.0,0.867351913955524,0.5747635116735941,0.6836372101274603,0.3951057837914046,0.8610720000000001,0.6941928846515916
ESP,2019,0.2973421988742218,0.7333005520325938,1.0,0.8653993289662456,0.4246271899117586,0.6854160949819664,0.4009759843090775,0.907187,0.6961336765267597
ESP,2020,0.3146433667148291,0.7632082768204499,1.0,0.8642839014043691,0.474161686085707,0.6678579291936687,0.4044148966043711,0.932056,0.6977508083881307
ESP,2021,0.3136058929029845,0.7428385498277155,1.0,0.8640043831900722,0.5718508004621746,0.6769900398571992,0.4091692664691824,0.938975,0.685499807946701
ESP,2022,0.2869461269528193,0.7174919598775741,1.0,0.8662410765109787,0.5870378878608338,0.6849108886336505,0.4304845906553563,0.944855,0.6874225517822465
ESP,2023,0.3031261763304257,0.6906356543179567,1.0,0.8739992381865105,0.4727400753448734,0.6867292608989625,0.4004786723087283,0.954456,0.7015475357910296
ESP,2024,0.3126393611722219,0.6782627231412932,1.0,0.8736719308286156,0.4453513634922312,0.6901777212411467,0.3880308618618684,0.957575,0.7042926380581526
EST,2004,0.3621310177382509,0.5394864077116249,1.0,0.7338211991853388,0.8662667805570357,0.5763321711100046,0.5190943826893053,0.532,0.5757010174963999
EST,2005,0.3443428436963456,0.6163870782684001,1.0,0.7312682446765103,1.0,0.5903664433951298,0.5349003522921881,0.6145,0.5683520124449453
EST,2006,0.3362604382418852,0.6843524675518309,1.0,0.7379744457938905,0.9560708138668446,0.6047431536486972,0.5476508895982479,0.6351,0.5501133088606316
EST,2007,0.3774587046681038,0.7058682215162249,1.0,0.72475097522229,1.0,0.6159985904104045,0.5458002464128338,0.6619,0.5376877678933785
EST,2008,0.3506325207391759,0.7214996730245472,1.0,0.7322701638602482,0.8126333214123722,0.6087508345516232,0.5325797379089715,0.7058,0.5753576646850415
EST,2009,0.294016364645922,0.7496226692637897,1.0,0.7685263939924173,0.9026321498367113,0.5860707985929557,0.4756815380529843,0.725,0.5943869113560503
EST,2010,0.3378153018399943,0.7293683667213136,1.0,0.7776854641799641,1.0,0.5899148151242449,0.4914194143846211,0.741,0.5808334510030194
EST,2011,0.3645436592848775,0.6888132087631521,1.0,0.7554367404156308,0.5965599609765182,0.6009973138624697,0.5175543737876024,0.765,0.5588618788843661
EST,2012,0.3442113851989364,0.672078342660132,1.0,0.767562531633956,0.7845915956892244,0.606751370433989,0.5034788281758037,0.783899,0.5699537541004895
EST,2013,0.3306482555494589,0.6601886127163259,1.0,0.7776756256772809,0.564770799681097,0.6097954197287104,0.5044026432541912,0.8000430000000001,0.5777010802209184
EST,2014,0.3345939914153046,0.6522547063770534,1.0,0.7826579035069376,0.7125782791997259,0.6149208161647101,0.4928779015477005,0.842415,0.5804809302639825
EST,2015,0.3160092285736955,0.6573541591850801,1.0,0.770425972903539,0.0842845765936184,0.6174695734257157,0.4722843865030824,0.884097,0.5924533122346405
EST,2016,0.2648637795215576,0.6596676586749797,1.0,0.7816300495311536,0.5293214553443083,0.6218489006178717,0.474793330515615,0.872402,0.5940720221627307
EST,2017,0.2847577098910571,0.6403692951506376,1.0,0.7845968275689804,0.6952547844850179,0.6296299685344561,0.4736694409829587,0.8810250000000001,0.5987808763940243
EST,2018,0.263133095410591,0.6326458045495535,1.0,0.7865583634825039,0.549556406439491,0.6343980739925966,0.4759450689161151,0.89357,0.6055711301433664
EST,2019,0.2794713488096305,0.622988042491287,1.0,0.794648457944425,0.9197319634594538,0.6391697750679527,0.4549789000581367,0.902289,0.6155005991854916
EST,2020,0.2537577194413174,0.6389440006596879,1.0,0.7939019324016949,1.0,0.6346354999187486,0.4429519223542649,0.890583,0.6383122185426031
EST,2021,0.254709224864901,0.6270724985204074,1.0,0.8038841373159246,1.0,0.6459950286902066,0.4662114241940948,0.909797,0.6210847409771814
EST,2022,0.2923176318730379,0.6189985292608395,1.0,0.8083128422929555,0.5788243950042804,0.6422641218233315,0.4717597682045391,0.915202,0.6208620352730447
EST,2023,0.2354887196619763,0.6207169123174161,1.0,0.8194524297959057,1.0,0.6359353564903266,0.4332872424091073,0.931834,0.6545470975769064
EST,2024,0.2399483675961303,0.6317886886555305,0.9992716138485112,0.8233782409540897,0.0,0.6355870740919277,0.4051113865380453,0.92238,0.6621386349123629
ETH,2004,0.8749713402822414,0.34114407370498107,0.0,0.0,0.6341767556998779,0.0095049379160307,0.1824583225321526,0.00155335,0.2267773944075161
ETH,2005,0.8895107196128417,0.37010606179241406,0.0,0.0,0.4231483963558101,0.021372749560899,0.147788832446626,0.0021966,0.2062391063694991
ETH,2006,0.8970220455191594,0.3878570409478794,0.0,0.0,0.5162406148801347,0.0320064271439511,0.139866462969326,0.00310593,0.1933444294219021
ETH,2007,0.8955979901645419,0.36610205422360126,0.0,0.0,0.3573313559925883,0.0434621532811723,0.1397519054268372,0.0037,0.2055489646764361
ETH,2008,0.9111690456769512,0.35623444858556674,0.0,0.0,0.3101177489427569,0.0541025970023008,0.0802342986735896,0.0045,0.1779519198766495
ETH,2009,0.9147465312616948,0.2826547894800364,0.0,0.0,0.3284527943938976,0.0622053763888195,0.0557662739795698,0.0054,0.1978305638634018
ETH,2010,0.8910454437720272,0.23881578178315416,0.0,0.0,0.3466947124809214,0.0752202584428147,0.0437331210223505,0.0075,0.262807247402937
ETH,2011,0.8899370102257701,0.19822682909515124,0.0,0.0288794544920756,0.412055934822049,0.0864489407824902,0.0548633784678274,0.011,0.2559544647783486
ETH,2012,0.9067206136290528,0.23881578178315416,0.0,0.0438713676270066,0.3258784718025939,0.0944016628389997,0.0457397389431469,0.0289999999999999,0.1935460444569666
ETH,2013,0.8898779784076993,0.20592294691753013,0.0,0.0701886318048564,0.46757227999675,0.1050359200332332,0.1128485546931293,0.046,0.2179103521143485
ETH,2014,0.8740120919209707,0.031275569889676294,0.0,0.1190057431589743,0.5011067135714466,0.1152968870819064,0.2110203009048747,0.077,0.2227970154542373
ETH,2015,0.8586650799020284,0.26265297334039006,0.0,0.1674373060682669,0.5592602002787432,0.125733835773563,0.3022939565718051,0.138552,0.2151595267603342
ETH,2016,0.849749168267512,0.27116896629325093,0.0,0.210234893067069,0.6777670840887815,0.134874038334534,0.4465530085423235,0.153669,0.1503951499420245
ETH,2017,0.8435390844560248,0.32608124895184476,0.0183439043798865,0.2540982436397861,0.6263660116768668,0.1441630060890252,0.482084761430799,0.156,0.1482280960094433
ETH,2018,0.8253044810365439,0.348031923694792,0.0317830604025032,0.2879579618736114,0.5464406448352861,0.1498119869132119,0.5542467000536178,0.159,0.1428688143442414
ETH,2019,0.8425362878816788,0.33518694205206984,0.1144672887936366,0.3242399300269165,0.4646408928589857,0.1575549729515806,0.5072707386920495,0.16,0.1604715711908282
ETH,2020,0.8554342835540887,0.24556355653636425,0.1895712268268369,0.2932727557749799,0.4420296398604653,0.1621537935845298,0.4720044939114525,0.160696,0.1528554222783069
ETH,2021,0.8682637348673975,0.24556355653636425,0.2603330243803318,0.3030171179575308,0.5381705705127515,0.1662357826964855,0.4447084267192062,0.166981,0.1458886269898889
ETH,2022,0.868653505235689,0.2570127957013523,0.2866629600334721,0.3126442346117499,0.4779801294066222,0.1699505988826471,0.4637715116107848,0.1814596,0.1463137618938221
ETH,2023,0.8569181510819006,0.33547737708176756,0.2866629600334721,0.3274341810410037,0.4403074507929123,0.1754344162002798,0.5005163439284442,0.1802026,0.1564453027306759
ETH,2024,0.8502617732252946,0.26431189474379735,0.1122486388036375,0.3485892820856227,0.4588133235090914,0.18232654381621,0.5177154610955801,0.06858,0.168012121436565
EUU,2004,0.2583727275764125,0.7177546008564826,0.994847435435082,0.7683922581995156,0.462626604284202,0.6832683344087324,0.4913333496156196,0.4537296,0.6326465266694193
EUU,2005,0.2382341859432981,0.7285848611291388,0.9950366587347186,0.7735983730124895,0.6828245963980331,0.6855868889794051,0.4886722087663073,0.4537295999999999,0.6348510652657038
EUU,2006,0.2292172156172593,0.7373368724294782,0.9953709365425942,0.7767929380011417,0.7500802265371511,0.6901848009111177,0.493178424278469,0.4537295999999999,0.6303454467439665
EUU,2007,0.2336790518311352,0.7449643096754073,0.995706326891836,0.7794309311028083,0.9350944044677464,0.694167451898159,0.4938078949056836,0.4537295999999999,0.6295941138728867
EUU,2008,0.2282052674221651,0.7495555857142253,0.996145658153956,0.7883040979360958,0.612297967408008,0.6945747120885065,0.4875946016372427,0.4537295999999999,0.6394761885183893
EUU,2009,0.2147186599962072,0.7561026655947618,0.9967106879554511,0.7996126551441586,0.5407121279893634,0.6878083915433136,0.4559626725932686,0.4537295999999999,0.6654688121920155
EUU,2010,0.2256645307940644,0.750246926355165,0.9970313951762432,0.8047596438578065,0.497428299200617,0.6907114235233488,0.4616144125121404,0.5055894000000001,0.6564896600150155
EUU,2011,0.2328047947376538,0.7462575267458811,0.9973317420136288,0.8105660137246229,0.6544804036199307,0.6937513701511248,0.4631281837315804,0.4931324,0.6523799799206624
EUU,2012,0.2315102110896491,0.7422721605126407,0.9977261403585644,0.8129926177851273,0.5413076303182733,0.6924220236292381,0.4572925004550797,0.5196234000000001,0.6556900298459055
EUU,2013,0.2336906889037243,0.7361194564863424,0.998036128120886,0.8178825347963644,0.5433076211844333,0.6922572395419194,0.4479670747714632,0.5450262,0.6599990096437103
EUU,2014,0.2313979152447828,0.7266659259018108,0.9983333761307278,0.8202564551429488,0.4774291144535443,0.6944457609685671,0.4465104562429916,0.6469142,0.6603554708234488
EUU,2015,0.2255389473302746,0.7198686474246687,0.9987012146124146,0.8227672295628364,0.6890415189809741,0.697562980290641,0.454669293007802,0.6469142,0.6560575729467271
EUU,2016,0.2218398266780209,0.7177747675210138,0.9990088136796724,0.8250012964233158,0.6232459988688926,0.7000348740368739,0.4538526154957852,0.7344716,0.6558810669153451
EUU,2017,0.2308219610458205,0.7145960067409822,0.9996480850089996,0.8252317275455145,0.542852977259833,0.7038587685046477,0.452225832381588,0.7059092,0.6550408868420318
EUU,2018,0.2234884168801413,0.7111316409336795,0.9996572412137432,0.8269026503080549,0.3382056620974439,0.7064708346240637,0.4527031953128153,0.7057692,0.6555731735388961
EUU,2019,0.2220956480563575,0.7086056792191883,0.9998564170970226,0.8283209476710753,0.5236807338261802,0.7089789872791293,0.4515178700760113,0.7057692,0.6572663327247943
EUU,2020,0.2243038098730184,0.7290390255481884,0.9999466909845536,0.8291061027145722,0.3589978950110682,0.7006590279996233,0.4486363476568605,0.7598404000000001,0.6637278727716754
EUU,2021,0.2226798042034562,0.7179942543324025,0.999964645426114,0.830953753171052,0.538638269688144,0.709842742488289,0.4523416450348458,0.7057692,0.6566648040762049
EUU,2022,0.2325994098112074,0.7063216132473291,1.0,0.8335462778328663,0.3753038828371627,0.7146057301977494,0.4669591593679184,0.6470202,0.6559256552840794
EUU,2023,0.2280966094467099,0.6909943644313546,1.0,0.8372618922108701,0.1945418698369362,0.7147146212511309,0.475057875750794,0.6470202,0.659506884342402
EUU,2024,0.2264168682279971,0.6824251927022186,0.9992716138485112,0.8408064408879161,0.3836617852258723,0.7158220906201483,0.4540781978070058,0.557518,0.6668205601207502
FCS,2004,0.7127288592349117,0.26667719042001536,0.0,0.3820053991084733,0.4192589484530808,0.2508861470769411,0.6624069276404344,0.1398,0.2900505318928089
FCS,2005,0.7012533985210119,0.2595619729607894,0.0,0.3885970961018538,0.4903105719127871,0.2561764647620564,0.6318638223884935,0.023,0.3222784248428816
FCS,2006,0.6919949305735369,0.26863282572448144,0.0137418573161423,0.39543250475973,0.444440503206088,0.2613713214225029,0.6312876431295251,0.031,0.3265533964260848
FCS,2007,0.6883307660876243,0.31809220318044495,0.034770964472347,0.4018000517519843,0.5044426711557903,0.2668146281725826,0.5659066436584345,0.043,0.3500319014406529
FCS,2008,0.6841469553106525,0.4305964922970337,0.0277786692972278,0.4084303621124212,0.4744374486847954,0.2704873122854346,0.4364269770887765,0.053,0.4473288162047948
FCS,2009,0.7031870298567094,0.4280295195408198,0.0550729521002425,0.4149780937230616,0.4374988479031073,0.2701847106096736,0.5370155365336269,0.067,0.3794091096638852
FCS,2010,0.6888172080775994,0.3924184308694038,0.0632520491393463,0.4244770872168834,0.4290500972749907,0.2752830821873649,0.5649213158630543,0.0819999999999999,0.3687556614968942
FCS,2011,0.6847133870556605,0.3867637625905981,0.111241203148752,0.4325841345797057,0.4536925632146654,0.2723816280597512,0.5413694605745435,0.0969999999999999,0.3880640273634361
FCS,2012,0.6750040110230696,0.390638286780066,0.1365275431885319,0.4377804820687657,0.4434307965088035,0.2767805258204282,0.5326540585679908,0.1159999999999999,0.4048651372429158
FCS,2013,0.6882192975046525,0.4047168262762591,0.177617330120086,0.444194807118945,0.3989999775616016,0.2780019426762822,0.5747169456341698,0.135,0.3622916911085576
FCS,2014,0.7034679873613435,0.3959974958061446,0.1630550372904752,0.4548673785921794,0.3468916608531205,0.2770554703620703,0.583195662555393,0.156,0.361962042349492
FCS,2015,0.7236057146484338,0.3856161308657516,0.1644827936592218,0.4663133178609513,0.3838835220463746,0.2740831927022608,0.5596575584410932,0.179,0.3797045665936772
FCS,2016,0.7197223406753771,0.3982926217737975,0.2597955451146967,0.4747737830484704,0.3885460735205533,0.2715538930050284,0.5389059009179382,0.204,0.3615325585260374
FCS,2017,0.7062555320989372,0.379973922069749,0.267801233078236,0.4812840758959205,0.3997344477177186,0.270219108607944,0.4831978348360211,0.225,0.4090811662005687
FCS,2018,0.7056222816459593,0.31026500916762967,0.2673099661476616,0.4888819947057059,0.3811970139844203,0.2691367968228894,0.5251329784068388,0.25,0.4095293835500365
FCS,2019,0.7492616046926416,0.28312111531338935,0.2877785661861481,0.496567999907195,0.363102042166175,0.2671215812719402,0.4472741375956435,0.266,0.4253208790934715
FCS,2020,0.7784159175842403,0.31015344396186434,0.3060677551210738,0.4756940811781659,0.341142133970301,0.2527243752490257,0.3944372313944762,0.296,0.4186352387110219
FCS,2021,0.7727600747549118,0.2885468730991451,0.3383742323807627,0.4756678727058768,0.393228291631585,0.2517547146155882,0.4120323192280711,0.3229999999999999,0.3843080253181312
FCS,2022,0.7553646804844624,0.27413836676866377,0.3407160875731966,0.4683481101855042,0.3495597327244391,0.2513339482443931,0.4780039467229673,0.348,0.3942256241766991
FCS,2023,0.7473077702441867,0.3493551557490133,0.3613982575106579,0.4725753247414255,0.3557937620662659,0.2515522771223833,0.5013749456769535,0.361,0.3881632179449251
FCS,2024,0.7151725202365069,0.393259592672022,0.9858335468684608,0.4789462592980297,0.3557590626074491,0.2510794499328036,0.4328818878173003,0.37,0.4700619555718665
FIN,2004,0.2876765276050943,0.6435127027839918,1.0,0.8095352392496648,0.5073852950452706,0.7410562210093784,0.5903624739864418,0.7239,0.5181759203436404
FIN,2005,0.2804116211545955,0.662459459520908,1.0,0.8119544660844604,0.6292692641759887,0.7445359347772272,0.5883278000529895,0.7448,0.5187591782418941
FIN,2006,0.25936759133571,0.6757714216313427,1.0,0.8146003181581999,0.423124818483639,0.7496993670699045,0.6048299118152358,0.7966,0.5042482046278215
FIN,2007,0.2877156711619142,0.6845271902176204,1.0,0.8123837385442139,0.842018339961355,0.7565959008296012,0.6117367087546427,0.8078000000000001,0.5001550611681768
FIN,2008,0.2750288988213629,0.6957007879493148,1.0,0.82330514410163,0.7260877973617959,0.7570543412349938,0.5935340460722031,0.8367,0.524539858852083
FIN,2009,0.2786068744748023,0.7127589591348201,1.0,0.8368348073303834,0.0574105731353477,0.7441366058285216,0.5236426948430513,0.8249,0.576103754455723
FIN,2010,0.2867426931625089,0.7175459993816534,1.0,0.8313190081372104,0.6028852600438752,0.748000185472851,0.5335863022425194,0.8689,0.5666282082944634
FIN,2011,0.278984383916593,0.7211545720924546,1.0,0.8406154292093545,0.1418832047775269,0.7507563197132557,0.5115464797134969,0.8871,0.5721446925418082
FIN,2012,0.2737603424143757,0.7275629329846885,1.0,0.8471834410582705,0.4086565524068963,0.74783811556377,0.4774213836313011,0.8987999999999999,0.5935341896130324
FIN,2013,0.2755085981480306,0.7306210338637329,1.0,0.8501843122486566,0.164606627870207,0.7457401537797371,0.4761445316831576,0.915144,0.5902351486197337
FIN,2014,0.2759354081588183,0.7307505466222038,1.0,0.8444033210887215,0.7015315646438989,0.7444442202122447,0.4711455788239796,0.8653040000000001,0.5948495083185851
FIN,2015,0.2640004586781634,0.734687440859352,1.0,0.8580670974285939,0.7745920129430333,0.744641685935496,0.476266624801828,0.864221,0.5956951451282315
FIN,2016,0.2662707230672032,0.734203001648295,1.0,0.8520036951025933,0.4265142338857334,0.7479106352524102,0.4798882587540134,0.8770359999999999,0.5888340197437227
FIN,2017,0.2645870763787691,0.7323772168167519,1.0,0.8570346124863001,0.7175405645068288,0.7522876008250491,0.5002544818723162,0.874689,0.5796947697208861
FIN,2018,0.2681504084584559,0.734437645239249,1.0,0.8585292589098692,0.0338177929231753,0.7538165171232875,0.49297395070653,0.8889,0.5806275348849634
FIN,2019,0.2738656086307273,0.7369295118819957,1.0,0.8590144400926224,0.6808168488456052,0.7556027153638575,0.4937042350062058,0.896074,0.5820923065507322
FIN,2020,0.2776201210164067,0.7504242977452578,1.0,0.8632487840423194,0.2229037325140075,0.7517324684532903,0.4953416908198253,0.921703,0.5826326289642921
FIN,2021,0.2715597296429686,0.7467960810746844,1.0,0.855060872579075,0.8055736850956119,0.7552654280677592,0.4954508920904735,0.928081,0.5842934059544871
FIN,2022,0.2776899995726768,0.737593422915494,1.0,0.8635822142900109,0.587742122126351,0.7559740915115561,0.5143238407919734,0.929888,0.5734963035878828
FIN,2023,0.2846916958403613,0.7305060706718346,1.0,0.8620509155026875,0.281488603719027,0.753879861593049,0.4797471965814774,0.935139,0.6076933908680316
FIN,2024,0.2937628092143635,0.7274608609634379,1.0,0.8656867203598698,0.4744875570885812,0.7535498712210552,0.4652079519573375,0.3258756,0.6139789750808128
FJI,2004,0.6152204025159139,0.6339527455074061,0.7388686214775774,0.6164388557575868,0.8862493950247872,0.4107177999053059,0.3956741915304806,0.0741294,0.4707633978173529
FJI,2005,0.6102468735564776,0.6622513236480531,0.7537810448240325,0.6222742473832658,0.6616764239805775,0.4104062118790276,0.3068031074516984,0.0845364,0.5418268098942292
FJI,2006,0.6156265930790691,0.6927176661011193,0.7685140122684332,0.6188916672733935,1.0,0.4117625028260249,0.2982590364628705,0.0960004,0.5336546880180242
FJI,2007,0.6067299264685957,0.6917994523141586,0.8574644440335418,0.6120446770746745,1.0,0.4093106641625824,0.2775424105138542,0.108978,0.5533389306011776
FJI,2008,0.5837131158477716,0.7117033676747777,0.8201312745739847,0.6049686500871273,1.0,0.4099047598191371,0.295994141791133,0.13,0.5438715028145138
FJI,2009,0.5709629271470736,0.7213380159090517,0.8116781121995533,0.5977330055110625,0.9831323959554727,0.407263607220646,0.3134116012582092,0.17,0.5593524172458303
FJI,2010,0.5552634339199982,0.7050856400492804,0.9042244304174648,0.590286561395185,0.6531145808881387,0.4109817032982262,0.3218718520455899,0.2,0.5441909931664963
FJI,2011,0.5514623992358536,0.6818317178417042,0.9055345373591228,0.5849015657508719,0.657957699285165,0.4144463536458377,0.3342668501377573,0.28,0.5543934649873734
FJI,2012,0.5619194816859296,0.6860744598486498,0.9068432438655142,0.579160150536006,0.738385512825317,0.4161739423876814,0.3147167537780115,0.337424,0.551951086856617
FJI,2013,0.5714926909345621,0.6803138178642036,0.8963342109266358,0.5733569778753398,0.6626707766672194,0.4226597086404861,0.3034585274086516,0.352,0.5346847630826602
FJI,2014,0.5237996236576452,0.6732164709907811,0.9120641252108342,0.565767746377012,0.7903230177914913,0.4303773017426994,0.2628025384143618,0.374,0.5138301996836656
FJI,2015,0.5177777730232246,0.6918466106438569,0.914666240579654,0.5789712583663871,0.5694599880483789,0.4366102615663109,0.2678417338001417,0.425,0.512138047806841
FJI,2016,0.5830361710123292,0.7077112522766946,0.917262837141852,0.5894208826771681,0.8009658099891139,0.4400241319533585,0.2994733159956169,0.4942,0.4976712615065161
FJI,2017,0.5803118910044291,0.71248852248845,0.950526811528223,0.5977380928579475,0.755211767869313,0.4476571441466185,0.2841186833113322,0.536474,0.4968788371527868
FJI,2018,0.5879372801399645,0.7293485663595151,0.9391143483810512,0.6054116404787667,0.8307151567521769,0.4533370003670852,0.2792929298204811,0.582364,0.4877444669933004
FJI,2019,0.6161228344808672,0.7557152494124256,0.951788320985692,0.610321224932188,0.6764331363914151,0.4528513179621575,0.3237073516564026,0.632179,0.5122216732007053
FJI,2020,0.6684926772870896,0.8067598346023607,0.964332435029814,0.5997624977843298,0.652513310212561,0.4254772566538497,0.3691269534231458,0.6862560000000001,0.4913352240631065
FJI,2021,0.6898211963466184,0.8223197947641491,0.9002856769286112,0.6011732753723588,0.9254401488099384,0.4187518073358,0.3533767061159162,0.744958,0.4807802579585096
FJI,2022,0.6460565275448897,0.7851750954165443,0.8989699381451771,0.6113150651459847,0.4194417236437728,0.4420307954033285,0.3447302980238041,0.782433,0.5053636029921408
FJI,2023,0.6235519094315668,0.7757146041376901,0.991485247605356,0.6192518184610024,0.3916457935127522,0.4543825048810989,0.330537532436082,0.793485,0.5246347979301235
FJI,2024,0.6297731749309996,0.7792138555962268,0.9936681990790492,0.6268702591677268,0.5060475027313351,0.4586919437236695,0.3071831393749014,0.6592542,0.4982058993651088
FRA,2004,0.235892672912661,0.6865890247926871,1.0,0.8361347492785579,0.3938608150006206,0.7144041304212959,0.3933789604737278,0.3915,0.6970452446844749
FRA,2005,0.2235259162068768,0.6963249184589034,1.0,0.8396918709218509,0.5367729556490901,0.7160285384699986,0.385560674480059,0.4286999999999999,0.7018362802340529
FRA,2006,0.2087051764521104,0.7075273147334624,1.0,0.8384015390071803,0.5057124076805132,0.7189048984306873,0.3770367290379005,0.4687,0.7043259894225303
FRA,2007,0.2173554272726559,0.7197198176541338,1.0,0.8455229656522418,0.4893144948645234,0.7216349722873735,0.3739608966482375,0.6609,0.7077889488605755
FRA,2008,0.2080403673935951,0.728951974301638,1.0,0.8533765386432636,0.4352184696327441,0.7213757648776985,0.3670922930599331,0.7068000000000001,0.7153469083259899
FRA,2009,0.1887712562575076,0.7349563396459347,1.0,0.8566749203671987,0.3284255992789464,0.7164715399066474,0.3508458084655894,0.7158,0.7285416472119629
FRA,2010,0.2158492460395366,0.7367569314971707,1.0,0.8603034251365491,0.3796631774892252,0.7186309052814303,0.3392780179678638,0.7728,0.7272258483922658
FRA,2011,0.2206155495618298,0.7386658231769663,1.0,0.8609638180735152,0.3842471434996248,0.7214261615609322,0.3416227082945981,0.7782,0.7217743445823547
FRA,2012,0.2182271365234664,0.7384983226841482,1.0,0.8642842886725481,0.3639323749501977,0.7209906193677816,0.3357953068342389,0.8144,0.7232702953881919
FRA,2013,0.2021651971624616,0.7368281802912536,1.0,0.8670226794144192,0.3613508807657913,0.7213706434284729,0.3386008963645484,0.819198,0.7234487454875883
FRA,2014,0.2120690507456221,0.7320948922989783,1.0,0.875182719747553,0.2955384049283355,0.7221226158318049,0.3322702736164483,0.837511,0.7236822815436178
FRA,2015,0.2161085191411667,0.7345918333971573,1.0,0.8772641944111628,0.398949223723831,0.723146752861766,0.3293281433539661,0.78006,0.7221819767032253
FRA,2016,0.1997888277084591,0.7406513087865346,1.0,0.8769031036672658,0.3778660985101361,0.7240067886049596,0.3210393284558101,0.792698,0.7258766593309762
FRA,2017,0.2094796659257435,0.7501528505387056,1.0,0.8781049832777184,0.3939588412539903,0.7265789813993749,0.3154475636284305,0.805025,0.7231407276212981
FRA,2018,0.2187134634998564,0.7568358847592752,1.0,0.8804162377534531,0.4653292036277354,0.7284283106243922,0.3147835806067561,0.820432,0.7200093746247349
FRA,2019,0.2068530142115416,0.7617981005623079,1.0,0.8789858206778377,0.4118940682323451,0.7308591305832178,0.3200017839629401,0.8333969999999999,0.7196742494759637
FRA,2020,0.211961332749176,0.7983919272826216,1.0,0.8837350413270745,0.3316249304215904,0.7191644287362643,0.3015498092219529,0.847064,0.7305553713216311
FRA,2021,0.212243296006031,0.7896679970066658,1.0,0.8860082924801511,0.499047723192848,0.7283078004908271,0.2960431028539751,0.860955,0.7267613942605522
FRA,2022,0.2358914276830947,0.7869298129822558,1.0,0.8872977197651499,0.5455132392759754,0.7314696113976237,0.2864151424909492,0.853333,0.7402413035554912
FRA,2023,0.2143070550008299,0.7736184523265923,1.0,0.8882194718777141,0.32245998374157,0.7331445317812991,0.3532919888005575,0.868364,0.720958217397917
FRA,2024,0.1958616732892909,0.7632298849988575,0.9992716138485112,0.8867610610004706,0.3912073458340557,0.7344820757823819,0.3285899916612667,0.886538,0.7297710847569995
FRO,2004,0.6066430580091894,0.7685865212198806,1.0,0.8963742467925144,0.4302037952455183,0.7020502491193954,0.3535136288289557,0.665336,0.5297438925169708
FRO,2005,0.6003661513794935,0.7221363070001655,1.0,0.9166727660878689,0.3021749377366404,0.7355097537818847,0.3293649131291641,0.6790260000000001,0.5455854276294407
FRO,2006,0.6394568354311885,0.7787954382578677,1.0,0.9106319003435092,0.3455126037068345,0.710860812056679,0.3209959354240767,0.6935939999999999,0.5096882747550348
FRO,2007,0.6158508233556267,0.7725863921649335,1.0,0.9014120754477608,0.3690230526329855,0.6615549875904729,0.3188894868684749,0.7598,0.5205132343678521
FRO,2008,0.5583536776138577,0.8582645871549066,1.0,0.8945706028054136,0.6961392293405534,0.7515116010355959,0.3317661364324796,0.7556999999999999,0.5683153330401411
FRO,2009,0.5691079511193893,0.8582645871549066,1.0,0.8909166176349861,0.6961392293405534,0.7440191766283749,0.292302527300655,0.7518000000000001,0.5980240809382262
FRO,2010,0.6556063457211687,0.8582645871549066,1.0,0.8865207632452511,0.6961392293405534,0.7438660024222695,0.2373537486545579,0.752,0.5551190966727897
FRO,2011,0.6496790040111831,0.8582645871549066,1.0,0.9010089303284544,0.6961392293405534,0.7492931808697355,0.2396018444334144,0.8073220000000001,0.5667181742180342
FRO,2012,0.6129182769640701,0.8582645871549066,1.0,0.8873194704496228,0.6961392293405534,0.7599804015074493,0.2359498272402844,0.853352,0.6022169278635536
FRO,2013,0.6554236485395635,0.8676370304345352,1.0,0.9005620738260388,0.6961392293405534,0.7683768147101092,0.2229733178772963,0.9,0.5854369157143902
FRO,2014,0.6582876858653337,0.8761615230175874,1.0,0.8941236153921124,0.6961392293405534,0.7755087587993715,0.2833254039357409,0.933,0.5521498888857833
FRO,2015,0.6681000986804091,0.868835001849127,1.0,0.89402319432035,0.6961392293405534,0.7754878029003424,0.307816616332387,0.942,0.5354150322049616
FRO,2016,0.7164520548479626,0.8550569413689516,1.0,0.883080260096984,0.6961392293405534,0.7758189184222909,0.2812512875440454,0.951087,0.4926954664827858
FRO,2017,0.6991110429570235,0.8361451111006173,1.0,0.8855000886140137,0.6961392293405534,0.7787432956726273,0.3312897590922656,0.97582,0.4859818601627048
FRO,2018,0.6773015882393578,0.8870665321381777,1.0,0.8928586696965296,0.948369815777784,0.7803591183552582,0.3472859050872948,0.7338370000000001,0.4984432510829893
FRO,2019,0.6871642237077162,0.8792672595102927,1.0,0.8858340150769166,0.948369815777784,0.7845537452317165,0.3794449136989289,0.7355690000000001,0.469557494971944
FRO,2020,0.6384919827007445,0.8761615230175874,1.0,0.903485499776478,0.9018927045736318,0.7800068621929205,0.4250545528821629,0.7039974000000001,0.4803696594648057
FRO,2021,0.6464006557109649,0.8792672595102927,1.0,0.8842199079566423,1.0,0.7851761384963188,0.3863995925005132,0.7020122000000002,0.4875019719572487
FRO,2022,0.7084368340024412,0.8792672595102927,1.0,0.8765413805912952,1.0,0.7890070920272455,0.3430233593035548,0.6820122000000001,0.4504910293220378
FRO,2023,0.6962864138677743,0.8792672595102927,1.0,0.8930844185578364,0.948369815777784,0.7921759646611913,0.3973095246984758,0.6920122,0.4495599721913199
FRO,2024,0.6737884401135644,0.8805064147482182,1.0,0.9183293396741335,0.4099266359199863,0.792685029264545,0.358322201919622,0.5963092,0.4861418092302195
FSM,2004,0.7488377345649486,0.36378745644711985,0.2447082658360229,0.3089595291074039,0.3665092033969743,0.3469355591722208,0.0,0.110179,0.655403942650459
FSM,2005,0.7531948836381119,0.3842308529597004,0.2823137731501461,0.4082563108938425,0.5799045431238572,0.3509219412958925,0.0,0.1188139999999999,0.649172240003841
FSM,2006,0.752818958879413,0.3946511052652287,0.3209112021886749,0.4799633991677198,0.5196903489531485,0.3515252364687115,0.0,0.127503,0.6721187693779225
FSM,2007,0.7781802646608824,0.3978437110261539,0.3562798673099522,0.6548590114014285,0.5196903489531486,0.3501191054054823,0.0,0.136211,0.6546827815382502
FSM,2008,0.7892253220097138,0.3857372402192245,0.3926477339907097,0.6016882760431508,0.4638318334487315,0.3475729968989017,0.0,0.1449,0.6414282960841677
FSM,2009,0.778872955025365,0.3991249486108122,0.4260307355296038,0.7222316104855925,0.4638318334487315,0.3504682642100766,0.0,0.1535,0.600051009795502
FSM,2010,0.7770683684557173,0.3940961373076302,0.4697941841058011,0.5858400189172784,0.4646234660403136,0.3539975592380792,0.0,0.2,0.5887011923196187
FSM,2011,0.7910720848179918,0.3805706346179248,0.5029849317754227,0.625990924481775,0.4466059938823653,0.3591738163957633,0.0,0.228,0.5561037315371358
FSM,2012,0.8056925179451756,0.3784980242021548,0.5299726847911416,0.659957447181085,0.4179577823710496,0.3564357590912826,0.0,0.259744,0.5296588281269812
FSM,2013,0.7914112151868176,0.3821674457446317,0.5581186328714194,0.6754752459695385,0.4258922339913666,0.3506899618828801,0.0,0.278,0.5702152641856738
FSM,2014,0.7776577739234601,0.3991655163315055,0.5890281381991062,0.6527368068730794,0.7028871921043671,0.3465197319671876,0.0,0.2965,0.6319374514230904
FSM,2015,0.7890983587010639,0.4166898442199915,0.6191764560610795,0.6411748771065846,0.4213495246212976,0.3523870647680761,0.0,0.315011,0.6011551456765472
FSM,2016,0.7932563742769776,0.4151857280439152,0.6486001776522278,0.6411748771065846,0.414419767375941,0.3532702606643466,0.0,0.333522,0.5963968621779615
FSM,2017,0.7971442538141061,0.4162496390932732,0.6757546005603808,0.6411748771065846,0.414419767375941,0.35585452938642,0.0,0.353041,0.5923405460888783
FSM,2018,0.7501854120769608,0.3864866714558243,0.7038646450403048,0.6380842664469693,0.4048062448661397,0.3552883429363557,0.0,0.366,0.6763966861315716
FSM,2019,0.7575970656384359,0.4125794318882346,0.7313437371854288,0.6380842664469693,0.4048062448661397,0.3606019748239061,0.0,0.38,0.6680505094616942
FSM,2020,0.745432106364532,0.4248785505926618,0.7582195807555132,0.6310079080818652,0.3364949012838257,0.3573219394767665,0.0,0.393833,0.6791439086475126
FSM,2021,0.7468389190450153,0.4179482701177537,0.783071791642467,0.6599166540429008,0.3157686808278678,0.3608283516051672,0.0,0.3777222,0.6712635382272824
FSM,2022,0.7573275552599976,0.4514620851735914,0.8074295429152051,0.6160258606344813,0.3556833057958762,0.355913449041216,0.0,0.325314,0.7065795396514422
FSM,2023,0.7591371868995715,0.5061823046218964,0.8299200917028398,0.6160258606344813,0.3556833057958762,0.3559031530811342,0.0,0.325314,0.7135856980603397
FSM,2024,0.7529839806030241,0.4354535471628425,0.9761033523115076,0.6070788452126521,0.4578125265204968,0.3562615124791189,0.0,0.2374425,0.6914758082188163
GAB,2004,0.4424037088808339,0.21742194443514473,0.7176812849471429,0.6088954197512774,0.5469880964841274,0.4856977316570888,0.8702897731784945,0.0297907,0.1398674860484721
GAB,2005,0.4239092275999799,0.19847426779376784,0.7537810448240325,0.6114532674422911,0.5055277254160659,0.4853163173704892,0.946403319486421,0.0489326,0.0
GAB,2006,0.4209650791139381,0.22369271174446365,0.7373673400875564,0.6079372467801681,0.4527791471689188,0.4768042042455774,0.9425593103334146,0.054892,0.0003896242616907
GAB,2007,0.4228387081253958,0.23228666488209804,0.7493263589384919,0.6142133389072142,0.6261593649613294,0.480734942342175,0.92321093735098,0.05767,0.0123262359759119
GAB,2008,0.3917626671669942,0.20325612498510753,0.7596955240568131,0.6117783251788393,0.57387062305762,0.4711773227063226,0.96145997784042,0.075,0.0
GAB,2009,0.4262694455853559,0.23520322362207313,0.7699776045768097,0.6119671968267751,0.6255312564893851,0.4665366537943335,0.8599166413317703,0.095,0.1526213253267494
GAB,2010,0.3769310207362368,0.19218682824569555,0.8628997240823172,0.6221411334557324,0.5212627428505865,0.4714712096149914,0.9050573935923508,0.13,0.0
GAB,2011,0.3523076582379401,0.22313602674030994,0.8547377283849372,0.6315794704011333,0.6855486858315717,0.4762668751832709,0.9543925484196898,0.18,0.0
GAB,2012,0.3480416073552865,0.25918752715553206,0.8628997240823172,0.6386427117264747,0.5407423644868221,0.4785025838531344,0.9371008263661748,0.24,0.0
GAB,2013,0.3466895146565844,0.3202028782683449,0.8229360749305092,0.6457111066399394,0.403867739964699,0.4813551191284447,0.9177907549087024,0.30538,0.0
GAB,2014,0.3622603348625177,0.313291407312052,0.8327025811281544,0.6505608426375045,0.7355859699452473,0.4826120705973266,0.8820583541581801,0.380712,0.0485246607664497
GAB,2015,0.3954628101743098,0.3129101801800174,0.8354787610482246,0.6541063850191848,0.3028925924563321,0.4836148535673777,0.8369017269778717,0.457845,0.2036459044603743
GAB,2016,0.4234505173013468,0.30242605649204696,0.8465209537830791,0.6556424607750957,0.8611576533822916,0.4824610093304385,0.8030868723765305,0.480523,0.2625496662603936
GAB,2017,0.4348551889231382,0.23932429369486893,0.8215344779598558,0.6553857077682673,0.8568244160842375,0.4792862576700852,0.8078371005593348,0.516049,0.2814039926458208
GAB,2018,0.4412454564573297,0.29047448276782795,0.8669604071420459,0.6551543833367811,0.8161118104028615,0.476815312641012,0.8257920977200266,0.554202,0.249329579553618
GAB,2019,0.4455951103206045,0.2952532208653286,0.8763832834989554,0.6556470934297679,0.8830208202056007,0.4788082363593789,0.831624183806279,0.595176,0.235409646129371
GAB,2020,0.4813949752256701,0.3799646382826761,0.8870642220841037,0.646931728700149,1.0,0.4726483954129438,0.7645143416253726,0.639179,0.3249071432007439
GAB,2021,0.4861568421288632,0.34729518300280143,0.8963342109266358,0.6466029642717825,0.795831528770272,0.4714164015127006,0.8561337756296348,0.686436,0.193419936295932
GAB,2022,0.4779250624167766,0.4551250768336611,0.918559073176281,0.6436236092868673,0.6357049240685061,0.4724973291843061,0.9135203114926436,0.7070690000000001,0.0685403382719167
GAB,2023,0.4830556538897456,0.459650434875869,0.9263078004360528,0.6402225909648614,0.6702801321408351,0.4728032194255579,0.8928713999832264,0.719256,0.1758544181190459
GAB,2024,0.4796020156785293,0.36879778329248614,0.981615764409953,0.637345261109226,0.6404953499361876,0.4745178181194617,0.883750636142223,0.5370352,0.1527091390019143
GBR,2004,0.1295473727070254,0.8181594767700034,1.0,0.8714155320063702,0.5172036146216393,0.7442129339081275,0.4068420103667408,0.6561,0.7055479042901541
GBR,2005,0.1013403304203396,0.8280291953583631,1.0,0.8738344387355134,0.9284848050340258,0.7472116269533059,0.4079189867454307,0.7000000000000001,0.7093063151828778
GBR,2006,0.1056037496290858,0.8448160017986291,1.0,0.8751322013166397,0.7713278580214876,0.749289041527745,0.4062345487955783,0.6881999999999999,0.7099600929792075
GBR,2007,0.102287753071171,0.8677795142231342,1.0,0.8739772397216508,0.7231992741570652,0.7523520434404206,0.3947190350246162,0.7509,0.7153490636369151
GBR,2008,0.1195332661948717,0.8941226477997447,1.0,0.8796357694763617,0.844065265863043,0.7511378593961401,0.4033261800412808,0.7839,0.7156882025728732
GBR,2009,0.121110094716927,0.8953100848277364,1.0,0.8965974001101124,0.3229909970130482,0.743223334432528,0.3696873238346212,0.8356,0.7394837300474525
GBR,2010,0.1041828091433863,0.8862606912110157,1.0,0.8988244713020257,0.4579703112932788,0.7453302783934622,0.3650859988527516,0.85,0.7308700997123473
GBR,2011,0.124394663425421,0.8678236407694717,1.0,0.8990998972702744,0.3497237133362805,0.7454265571242645,0.3583540985646532,0.8538,0.7222944713053234
GBR,2012,0.1130139317773959,0.8544124385755758,1.0,0.9001934407787477,0.3958902642163948,0.746594232932989,0.3578686748037459,0.8748,0.724772072837844
GBR,2013,0.1153657332946929,0.837872714444848,1.0,0.902631511600367,0.4107715487575065,0.7480956508198008,0.366027825924139,0.898441,0.7190526762937707
GBR,2014,0.1290683372370448,0.8146665612066463,1.0,0.9003783629367801,0.4082388692106505,0.7515273779354318,0.3595934080056443,0.916133,0.7202238071630086
GBR,2015,0.1142969917624424,0.8068161911442071,1.0,0.9036025894028168,0.3841808473725302,0.7535540701238003,0.3540610554608531,0.920003,0.7241850301868146
GBR,2016,0.1079276875014658,0.809270455303918,1.0,0.9050492951427768,1.0,0.7555693135709586,0.3412881982756149,0.947758,0.7298043107648171
GBR,2017,0.1102608686863372,0.8107561747560662,1.0,0.9068385040395608,0.5862793820193557,0.7591006020816732,0.3454840311359605,0.904246,0.7284650195995525
GBR,2018,0.1037842949251744,0.8115362024941025,1.0,0.9085011239999542,0.2277357052566244,0.7606261709096888,0.3503760044004822,0.90692,0.727723094372579
GBR,2019,0.1058850609185156,0.8092057336568492,1.0,0.9072839878332746,0.3288091047238985,0.7616914535311646,0.3468983914735878,0.925166,0.730543454154127
GBR,2020,0.1215154582732965,0.8326667151569107,1.0,0.9159987416284842,0.659556274960411,0.746074282859735,0.3365504982395609,0.948182,0.7445767110642566
GBR,2021,0.1235530705759142,0.8173081430898463,1.0,0.918648635876376,0.4926949715474624,0.7574529144560928,0.3213801961967262,0.961965,0.7453014422184518
GBR,2022,0.1211392207095301,0.7997229193931699,1.0,0.921395183666658,0.4738164086770897,0.7634046250606606,0.3175060320043759,0.962989,0.7491590482703873
GBR,2023,0.1164227391060915,0.7843915035493577,1.0,0.9263466402567736,0.3102556918925627,0.7619041266929804,0.3413870800983012,0.962988,0.748419907339607
GBR,2024,0.1149555680520376,0.7738109183997696,1.0,0.9248268116496428,0.2611477040562351,0.7619827579544293,0.326182416881931,0.6827342,0.7487018078186946
GEO,2004,0.6783327021264269,0.530930339601785,0.9987872264286616,0.4421009775848088,0.9096721137051144,0.3082644660678139,0.4942971972805946,0.0388622,0.4504955141560228
GEO,2005,0.6549453920390599,0.5087914152721831,0.9742760009195603,0.4288430925478375,0.7439879933750863,0.3224750253694929,0.4857376971920307,0.0607946,0.4401377529070943
GEO,2006,0.5937186751964617,0.5321549597027626,1.0,0.4192135797803871,1.0,0.3363644338880681,0.441663779426526,0.0752688,0.508746195299569
GEO,2007,0.5509482260735638,0.5321549597027626,1.0,0.4296394675732458,1.0,0.354310072159233,0.4229963800070519,0.0825999999999999,0.5342430278446221
GEO,2008,0.524665668973918,0.5040561539231541,1.0,0.4392362984520473,1.0,0.3582230822969833,0.3751126343599959,0.1001,0.59238010528426
GEO,2009,0.52387242513713,0.4925326695610709,1.0,0.4463836314037435,0.6834361744477864,0.3541151501260234,0.3746672352047811,0.2007,0.5915541212094801
GEO,2010,0.543109537516283,0.4865299916143189,1.0,0.4600389597708487,0.7663043676685819,0.3639662100425246,0.319169921001696,0.269,0.6172638239827858
GEO,2011,0.5633245499137144,0.4936548688474594,1.0,0.4470874236888447,0.7760888444459849,0.376210323234493,0.3416235822345745,0.3152,0.5996885911058055
GEO,2012,0.5357381960510295,0.5111311159776568,1.0,0.4714435290645283,0.6569844183299693,0.3865254823373151,0.3726183694981231,0.3694,0.6033158388543319
GEO,2013,0.5513940428118069,0.5372705679534886,1.0,0.4678968980612978,0.6728282717765179,0.3942263400774904,0.3512194669887221,0.433,0.6075078665896675
GEO,2014,0.5511476392174453,0.564182768157855,1.0,0.4831553644979296,0.949407890372181,0.3999762804129795,0.3549037655749654,0.491025,0.5987110821558225
GEO,2015,0.5351491993197256,0.5801498748399301,1.0,0.5134413553410163,1.0,0.404531208452204,0.395877790579377,0.475698,0.5877078985579658
GEO,2016,0.5212902164614168,0.6057739492266858,1.0,0.5049957321553483,0.9834316844664166,0.409367128917805,0.3796690306160205,0.584593,0.5923866471733457
GEO,2017,0.490679812670255,0.6102548689791758,1.0,0.4969256819024383,1.0,0.416649355950126,0.4314967199913908,0.597055,0.5569737672560541
GEO,2018,0.5092956618186667,0.6279021003263197,0.9987872264286616,0.5401419252683093,0.7580627055389555,0.42524746434613,0.4230831015422235,0.627179,0.5573237871654327
GEO,2019,0.5029137704060733,0.6480538598247186,1.0,0.5523049905861894,0.7997926115574707,0.4331027214390465,0.4016940730019246,0.688467,0.5834222584595422
GEO,2020,0.5294461495082358,0.6926356193888996,1.0,0.5536105157011105,0.5104963619606901,0.4235738627229858,0.4269613065384787,0.725316,0.5503211837813535
GEO,2021,0.4997991768136451,0.6741435462136165,1.0,0.5652212471636313,0.7294004330332491,0.4388048774953251,0.4268826297131552,0.7644270000000001,0.5625888276802106
GEO,2022,0.4819003048331021,0.6410690771141082,1.0,0.5874013992552128,0.8721152179137155,0.453744670936424,0.4329258421943333,0.787113,0.5678482269387211
GEO,2023,0.4618151126503235,0.6516778017993085,1.0,0.5894905577937707,0.7305991364725521,0.4645723938174629,0.3734737283728456,0.818843,0.6117232743479863
GEO,2024,0.4430720255827233,0.6585619867554304,0.9929451478755305,0.597315911965448,0.5891391616239051,0.4786059592770518,0.3912718748447406,0.582042,0.6107068824354916
GHA,2004,0.8705600102070779,0.2919456172031846,0.1825011697190616,0.1723197286025855,0.3860727938090132,0.2152074754815233,0.5051741322651916,0.017168,0.0
GHA,2005,0.8674830547703349,0.32775698523330365,0.0,0.1844405746202801,0.3718290888527311,0.219717626891572,0.5132402619839237,0.018312,0.0
GHA,2006,0.8029298198050209,0.25066970451384785,0.2801333721817598,0.1948457619400369,0.4822075122824513,0.2249444375150399,0.3862354098577207,0.0272318,0.3376435551871475
GHA,2007,0.7943307008740275,0.31249636049719354,0.3187985272551825,0.2521881402023942,0.64659220088333,0.2273775808847092,0.3890067815618074,0.0385,0.3698692419589539
GHA,2008,0.811512213657253,0.28263165612900565,0.3926477339907097,0.3059083179316734,0.9000938709563366,0.2363954782517193,0.3866737176018535,0.0426999999999999,0.3511312487799848
GHA,2009,0.8236302780409066,0.35656604550422627,0.4045341848361611,0.3581311299294395,0.8767724095925942,0.2396380797021154,0.3639708190603225,0.0544,0.3840682384910156
GHA,2010,0.8005248872841342,0.34287504966470267,0.4641738460633577,0.4095495289482037,0.7948629767146422,0.2471376189850233,0.3507144930411634,0.078,0.3885521903380566
GHA,2011,0.7615865368658512,0.34977608575425323,0.4622946518031601,0.4226673633850857,0.8213110464666438,0.2627160629721984,0.4879152247435951,0.09,0.3448459053683096
GHA,2012,0.7462894362278729,0.36066447477069913,0.3103111808197331,0.4345002183722029,0.8035205994543722,0.2720964526973278,0.5511798928661236,0.106,0.3775620826417493
GHA,2013,0.7274042970014695,0.3242086769855179,0.5805201482950463,0.4465777372777796,0.6181919357774321,0.2788398812239018,0.6641617518972293,0.15,0.2379650117049443
GHA,2014,0.7184677652589622,0.34082305307432154,0.7038646450403048,0.4537782129330494,0.684339563421778,0.2794945046275104,0.6613603669635384,0.19,0.166651227885554
GHA,2015,0.7230443008778541,0.35898185380033387,0.6356101903245078,0.462091666241854,0.7042649974503692,0.2791919561390924,0.6189103556095626,0.23,0.2363811371230857
GHA,2016,0.7326404109974824,0.35281349952117463,0.7192068861665494,0.4717832543532086,0.6880243991297998,0.2807030844951853,0.5612036845214313,0.28,0.3070843363252284
GHA,2017,0.7182120401759696,0.3354001591120138,0.7146243674534738,0.4814004051762401,0.6348238181787834,0.2888566275904399,0.5999736972142647,0.378842,0.2983837699629051
GHA,2018,0.7010840905024146,0.30062655027608803,0.7358642155032228,0.5231931409588444,0.5732379448756231,0.2945733658959343,0.619839131787469,0.43,0.3023252347357925
GHA,2019,0.6907281101781579,0.30410905596456345,0.7816237786763294,0.5634380598267261,0.6534262539665119,0.3008077248042636,0.6187246797326802,0.220732,0.3312528304298937
GHA,2020,0.7098577057965572,0.29007699812810617,0.8088473714699037,0.5780653425941823,0.4583938266803685,0.2986615882101372,0.5987248726724252,0.6251760000000001,0.3321677020943093
GHA,2021,0.7193200115871082,0.2900095254540048,0.8215344779598558,0.6069429529566698,0.4913864622495933,0.3030037599297935,0.573739386132807,0.6859999999999999,0.3347659941133615
GHA,2022,0.7176539103367656,0.29383286736695613,0.8045889504108512,0.5595592135110843,0.4097810486231256,0.3056356436409483,0.6244655491121143,0.693607,0.2839995178517094
GHA,2023,0.7337162058289207,0.22133778793053854,0.8656083420458749,0.5646971296622688,0.3906177386550997,0.3073523602898121,0.5918838848827603,0.6994450000000001,0.2908809989035824
GHA,2024,0.7331033714039482,0.4223737512044806,0.9316090915773164,0.5722999655296386,0.4236203574135371,0.3125246109288465,0.6252483225291391,0.4627706199999999,0.2454567345592272
GIB,2004,0.1056824317526095,0.7960408939981165,0.996358069242556,0.8055603225136481,0.4940539252480439,0.6140465446658648,0.2933961358734556,0.328861,0.7900944902702666
GIB,2005,0.1056824317526095,0.7960408939981165,0.996358069242556,0.8055603225136481,0.4940539252480439,0.6588611026984798,0.2933961358734556,0.3907009999999999,0.7900944902702666
GIB,2006,0.1056824317526095,0.7960408939981165,0.996358069242556,0.8055603225136481,0.4940539252480439,0.6306563974140145,0.2933961358734556,0.452986,0.7900944902702666
GIB,2007,0.1056824317526095,0.7960408939981165,0.996358069242556,0.8055603225136481,0.4940539252480439,0.631000087308695,0.2933961358734556,0.5161,0.7900944902702666
GIB,2008,0.1056824317526095,0.7126740823734139,0.996358069242556,0.7600882549414226,0.483654867853337,0.6140641986645782,0.3625450907468817,0.58,0.7900944902702666
GIB,2009,0.0847158203654539,0.6878980927543256,1.0,0.701903929803463,0.4734088188635423,0.7140148620888247,0.1337683433188546,0.6507,0.7981014164171462
GIB,2010,0.3154384110343241,0.7075519776045506,1.0,0.9095512052540742,0.5125593717429334,0.7454687719827887,0.2240474758021704,0.65,0.786020297523371
GIB,2011,0.2591586110752205,0.7443115740868833,0.9975732503052472,0.8312320848949609,0.6589852904170116,0.5188351322267368,0.2753424052050284,0.65,0.7489741852369128
GIB,2012,0.3133103317727488,0.7266358303613625,0.9987872264286616,0.7299173353090515,0.5070446430212713,0.480139902123293,0.3225107242717712,0.65017,0.622772470685978
GIB,2013,0.4999644185947115,0.5441433659967602,0.9987872264286616,0.6262886367564316,0.4709998366793687,0.4849084374738251,0.5471024344150476,0.610087,0.4360733277626199
GIB,2014,0.4999644185947115,0.5441433659967602,0.9987872264286616,0.6262886367564316,0.4709998366793687,0.4849084374738251,0.5471024344150476,0.610087,0.4360733277626199
GIB,2015,0.114582832229129,0.584709702263375,1.0,0.8221590337060404,0.1930998871196398,0.713381279646957,0.2435327797284502,0.423605,0.7279149108544634
GIB,2016,0.1290180137199194,0.659301481338901,1.0,0.7041094493732468,0.5549627978525826,0.7285689118229022,0.042988740055752,0.944445,0.855627863396352
GIB,2017,0.114582832229129,0.584709702263375,1.0,0.8221590337060404,0.1930998871196398,0.713381279646957,0.2435327797284502,0.423605,0.7279149108544634
GIB,2018,0.114582832229129,0.584709702263375,1.0,0.8221590337060404,0.1930998871196398,0.713381279646957,0.2435327797284502,0.423605,0.7279149108544634
GIB,2019,0.114582832229129,0.584709702263375,1.0,0.8221590337060404,0.1930998871196398,0.713381279646957,0.2435327797284502,0.423605,0.7279149108544634
GIB,2020,0.114582832229129,0.584709702263375,1.0,0.8221590337060404,0.1930998871196398,0.713381279646957,0.2435327797284502,0.423605,0.7279149108544634
GIB,2021,0.114582832229129,0.584709702263375,1.0,0.8221590337060404,0.1930998871196398,0.713381279646957,0.2435327797284502,0.423605,0.7279149108544634
GIB,2022,0.114582832229129,0.584709702263375,1.0,0.8221590337060404,0.1930998871196398,0.713381279646957,0.2435327797284502,0.423605,0.7279149108544634
GIB,2023,0.114582832229129,0.584709702263375,1.0,0.8221590337060404,0.1930998871196398,0.713381279646957,0.2435327797284502,0.423605,0.7279149108544634
GIB,2024,0.4832602086474102,0.5350240562334468,0.7377509084852749,0.6173821895359558,0.521044970375395,0.4600931523874124,0.4981522257440442,0.433764261627434,0.4979430980515284
GIN,2004,0.6727105389823512,0.0,0.0,0.2038924961426846,0.404216797566043,0.1367613975409722,0.4235352513621225,0.00508819,0.0
GIN,2005,0.6625526415445379,0.045141524258512894,0.0,0.2202271876147088,0.4435870558219786,0.1381423825549966,0.4477872414132743,0.00542254,0.0
GIN,2006,0.6669553308331181,0.0772309300074514,0.0,0.2314492865767523,0.4767916584407705,0.1368263408348053,0.6668602120275096,0.0063749199999999,0.3266730534975259
GIN,2007,0.6840837951402591,0.013876131461352793,0.0,0.2569031920751926,0.6838073234376614,0.1430300665161185,0.6132569331559868,0.00780025,0.3394474617596946
GIN,2008,0.6725741833599622,0.012612547438363892,0.0,0.2737826283428521,0.6408846868772076,0.1453938822452442,0.6470090277189418,0.0092,0.3030272030936387
GIN,2009,0.6778600745728879,0.0,0.0,0.281817510596826,0.3722193936326738,0.1402184815599356,0.6372046036190016,0.0094,0.3143393364759231
GIN,2010,0.692823426589068,0.0481364593961524,0.0,0.3004919140345988,0.5947378571230095,0.1434678635902182,0.6375903742816044,0.01,0.2967944461289577
GIN,2011,0.6738311407704554,0.1542578188528135,0.0,0.3244044781058741,1.0,0.1477921760932402,0.6421853788529128,0.02,0.3062960168804305
GIN,2012,0.6842438743023279,0.12597333967307442,0.0,0.343583947537515,0.7999862232267345,0.152565272426588,0.6261440711636831,0.031,0.2725827604438364
GIN,2013,0.6936002977010662,0.1692712287707114,0.0,0.3626868019515566,0.2841685961043535,0.1546311425561644,0.5947989080047099,0.045,0.2992430617393511
GIN,2014,0.6933242641303168,0.23193715985651625,0.0,0.3781939617919158,0.2293396416689934,0.1562977560878359,0.5956905785413537,0.064,0.2957661533201845
GIN,2015,0.7053041501552934,0.2687472092147408,0.0,0.3875986802271569,0.3234441715655061,0.1580707277075087,0.5362004131613977,0.092,0.3383302194514568
GIN,2016,0.6941740197729691,0.24899815679567894,0.0,0.4054758845049438,1.0,0.1692444502776806,0.6024737299764439,0.131,0.266459472033585
GIN,2017,0.7291677985482635,0.21389662143256405,0.0,0.4196000533327336,0.6480944337862047,0.1797515251641231,0.6273554576037554,0.187,0.1789066529815346
GIN,2018,0.7544851151107947,0.22584768338239014,0.0371176867955345,0.430332054839518,0.477640374625518,0.1850013883145156,0.6531260762272402,0.2183,0.1102161281985047
GIN,2019,0.7869111513779374,0.23935575166909215,0.0,0.4355603833486763,0.3055159439700386,0.1892120145833598,0.5906090672663803,0.2262549999999999,0.1134190116856682
GIN,2020,0.7858306709719723,0.23377940165962105,0.0291070050853596,0.4131696547764821,0.3654820658532722,0.1921786687469122,0.5756021182803784,0.234499,0.1511607022394824
GIN,2021,0.7924475084931476,0.21339020748109283,0.0841113166860514,0.4124508518177044,0.3593640573738646,0.1964216412433809,0.5809273024562605,0.243044,0.1370460377399701
GIN,2022,0.8033268176882135,0.29172483047807235,0.1069485661650393,0.4202335481455788,0.4991941805849502,0.198470728371552,0.5395276389092494,0.246954,0.169126809828276
GIN,2023,0.8120084107007786,0.4190027214210201,0.1895712268268369,0.4266559279182542,0.6659234296050291,0.2027220777973427,0.5249563314395884,0.265014,0.1619939121992401
GIN,2024,0.8233856235650905,0.0,0.0,0.4382981306757955,0.6488169777761319,0.2068056886090027,0.5130629904159513,0.0912028,0.1411980781905546
GMB,2004,0.8273957585905345,0.09425617263499152,0.0,0.6466744085957077,0.6596975614859801,0.147242163134763,0.1341199762397208,0.03308,0.4396086707602344
GMB,2005,0.8316710641555215,0.12374327167048901,0.0,0.6426440533429963,0.6237640762798092,0.1397614078452064,0.1358597046546565,0.03799,0.4341131321240873
GMB,2006,0.7796102247178293,0.16566682300280003,0.0,0.643878810204968,0.7915643054275929,0.1348194866174777,0.1610197122886574,0.0523769,0.514790415296328
GMB,2007,0.7606419580552344,0.1749362066360475,0.0,0.6470051682422415,0.6811745625003092,0.1349590445835079,0.151404580151741,0.0620504,0.5421828369354732
GMB,2008,0.814377633979744,0.20496360263565386,0.0,0.6499153786581122,0.5790167259313256,0.1395410579773429,0.1220801977046829,0.0688,0.4723048240898177
GMB,2009,0.8290888798697044,0.21505515436580255,0.0,0.6554733345604321,0.4610532903487178,0.1446846701918778,0.080423860630338,0.0763,0.4403347796941642
GMB,2010,0.8530414486299187,0.22233015866580413,0.0841113166860514,0.6602982251248385,0.4406415531704955,0.1487911461423788,0.0626482841056881,0.092,0.4069753975864028
GMB,2011,0.7935566926642941,0.24171429821008844,0.1219401186279812,0.6511648946155398,0.4505741043375779,0.1322627589725942,0.1366199646863462,0.108703,0.5035517967628557
GMB,2012,0.7951674083402751,0.23496396918168844,0.1610426780719558,0.6535859694124968,0.4734342358473441,0.135397493078786,0.154526241558941,0.1244919999999999,0.4963097732721565
GMB,2013,0.7851208590653704,0.23289389684156914,0.1989349039824899,0.6534639502785943,0.6073370763528492,0.1352573950898826,0.1520062595427317,0.14,0.5071766865201945
GMB,2014,0.7496436987924665,0.20729369419641425,0.2334243627319419,0.646997609230459,0.4058425778207164,0.1290803023339922,0.2018714506453965,0.1556,0.5279341534945328
GMB,2015,0.7470893934567919,0.14682359599632533,0.2713727278585602,0.6466651809974185,0.6239033202635396,0.1308826120039409,0.3267128211960541,0.176,0.4538387919330381
GMB,2016,0.743492087897697,0.28571745411246297,0.3081801188018563,0.6433776039982825,0.5901364576276964,0.1298630877450211,0.4238140060043302,0.1989999999999999,0.3997460465609078
GMB,2017,0.734354596440919,0.13171040942151202,0.3039068341138663,0.6475358238619983,0.5622523678618925,0.1330283945839757,0.3474164340744265,0.225,0.4795403856253266
GMB,2018,0.7217789120246131,0.1610945846906798,0.3886597994543788,0.6546861644813989,0.6026859460617014,0.1396406711258716,0.3313994588079299,0.283,0.5036090823511783
GMB,2019,0.7232873157530371,0.19199011424967494,0.4240920259872671,0.6599725480735118,0.5390967725393278,0.1449745557401935,0.3306214349558152,0.311183,0.5015257681580143
GMB,2020,0.7369641824728884,0.19073035577820224,0.4260307355296038,0.642790881176874,0.9648375181599352,0.142396067529767,0.3184762233565764,0.342172,0.488216239823304
GMB,2021,0.7607687939036324,0.20833345534133493,0.4547488971298685,0.6355292131833947,1.0,0.146389029588686,0.2898500675805764,0.376247,0.4790088777157485
GMB,2022,0.7536912472548739,0.22516183023912845,0.4865020300326145,0.6393605119639313,0.967330755116045,0.1507775457835524,0.2808883139505373,0.440389,0.5151928608858135
GMB,2023,0.7453229254433588,0.20478767225667455,0.5138515251862062,0.6394099579710645,0.8455282244389744,0.1557745259818561,0.3059666790514804,0.459137,0.505559779669866
GMB,2024,0.7281142493743992,0.26708489053943396,0.5904749751287777,0.6471815327473273,0.9128120190409492,0.1603052620100914,0.2729416927370077,0.3512194,0.5334065594605242
GNB,2004,0.8644720224827589,0.0,0.0,0.2103370624994191,0.3054354909965692,0.1194467857636512,0.1732129149204295,0.0180814,0.2889712558876117
GNB,2005,0.8850785606075174,0.0,0.0,0.2184194185358558,0.3724430325707376,0.1252556776380075,0.1731998076341503,0.0190137,0.2037785326601206
GNB,2006,0.8797349318167119,0.0,0.0,0.2220694376213256,0.467404974151261,0.1255750026324772,0.1597908207818943,0.020572,0.2135626253638223
GNB,2007,0.8718840513509066,0.01124166923745829,0.0,0.2239393492611704,0.4462107553196972,0.1256295547194672,0.1792136654545341,0.022063,0.2324103144190604
GNB,2008,0.8724325435471061,0.09765921595939692,0.0,0.2258576110883502,0.3293130814933219,0.1283868408314566,0.1709597251000909,0.0235489,0.2581611277063396
GNB,2009,0.8778065710095275,0.069960473702976,0.0,0.2301281974716759,0.422126207089439,0.1282066957744105,0.185100501013646,0.0230328,0.2266919299988256
GNB,2010,0.8705640676976629,0.1402738597203417,0.0,0.235862972724143,0.4656698714882795,0.1323646007664997,0.2207616498284448,0.0245,0.2424559505860652
GNB,2011,0.8681665276607712,0.20386462355652504,0.0,0.246601014208115,0.4247688256711635,0.1398223894198677,0.1661310805501094,0.02672,0.2735385592495529
GNB,2012,0.8713719577368862,0.27590827561827425,0.0,0.2385252627962678,0.3251056516071587,0.1334636843289861,0.1579645128364449,0.0289399,0.2633748942770336
GNB,2013,0.8748621036897987,0.27171842021074694,0.0,0.2428442872349801,0.3992021610286513,0.1342490630635999,0.199696521191058,0.031,0.266406718009863
GNB,2014,0.8506083176718916,0.29617583021549754,0.0,0.24429580137291,0.4494229001691796,0.1318324753073053,0.2521329493431137,0.0332,0.3039934617101596
GNB,2015,0.8528076826924098,0.1811192491579232,0.0,0.2473935868832346,0.3889241652446633,0.136735335070668,0.1914003062594947,0.061,0.3306441237038515
GNB,2016,0.8605352975005264,0.1597568690168555,0.0,0.255564815033921,0.4094609530752218,0.1407627622242748,0.1570594846565189,0.138,0.336786848674787
GNB,2017,0.8605973917121292,0.26672019485297915,0.0,0.2592665417178929,0.3534899000662897,0.1438383100721713,0.144460129617398,0.148,0.330126527064875
GNB,2018,0.8349412132326306,0.30280857254219645,0.0,0.262675492716573,0.370132423020019,0.1457492801725816,0.3044419216860749,0.157,0.3274739070000014
GNB,2019,0.8265349158120108,0.29478148525719383,0.0,0.2217630771883405,0.5761801503730143,0.1498796785811,0.2824466609451286,0.179215,0.3768320828354091
GNB,2020,0.8623924732465207,0.29898284672447106,0.0,0.2027802440974979,0.3641358418449974,0.150693517250511,0.1714669802378873,0.204573,0.3697168314351301
GNB,2021,0.8830114872386862,0.29381285276953906,0.0,0.2195700726271946,0.3472206053160898,0.1545902097018456,0.1484424761926057,0.233519,0.2888385746462424
GNB,2022,0.8802970014610856,0.31353764960729263,0.0,0.2505998488435855,0.3598165853023213,0.159142182302495,0.1822780766528913,0.275672,0.2978731538493009
GNB,2023,0.8739447699452365,0.27692492945879693,0.0,0.2595106410364863,0.3608963126366321,0.1640983779119748,0.2651144713060232,0.324661,0.2709377576940684
GNB,2024,0.8950595855092683,0.24609844666508654,0.1059594568916893,0.2697232137897192,0.3622029588047611,0.1667912532809569,0.2816713253038467,0.13756726,0.17759820480928
GNQ,2004,0.1857668315685277,0.0,0.4772480568725162,0.3768816163163999,0.7870314618942065,0.5224433537949572,1.0,0.0084393,0.0
GNQ,2005,0.2007941680796535,0.0,0.4791044557424534,0.3829567010517132,0.893167199612628,0.5374615811544782,0.8465068743546998,0.0114979,0.1268067839001688
GNQ,2006,0.2175001475347117,0.0,0.480958044014994,0.3825137871689076,0.5869527919956397,0.5417957185058447,1.0,0.0127919,0.0
GNQ,2007,0.2033218840010865,0.0,0.480958044014994,0.3883524949824227,0.9027349506281694,0.5558893957119758,1.0,0.0155712,0.0
GNQ,2008,0.1494075180353563,0.0555714192661255,0.4828088301877931,0.3933143854705509,0.0224248239053812,0.5730276941705427,1.0,0.0182,0.0
GNQ,2009,0.1693966042735802,0.10493815483211692,0.4865020300326145,0.387021270721012,0.9926057049602796,0.5682762697699787,1.0,0.0213,0.0
GNQ,2010,0.1697637502752939,0.13125532970893292,0.4993411945020403,0.3669760646169636,1.0,0.5480372089617586,1.0,0.06,0.0
GNQ,2011,0.1688517717579665,0.1417456233107456,0.4993411945020403,0.3637704923992549,0.8858391812915296,0.5509101841289218,1.0,0.115,0.0
GNQ,2012,0.1691018416109153,0.0864316464249714,0.4920210242928942,0.3648771043407405,0.5704208063359669,0.556586272384432,1.0,0.139432,0.0
GNQ,2013,0.1844137824262433,0.15559399616442862,0.4956865803848458,0.3634315935535373,0.4568689705514345,0.5446592833646514,1.0,0.1639999999999999,0.0
GNQ,2014,0.1952859750053633,0.18962141379289474,0.4975152511059333,0.3658824866390024,0.3342164173121444,0.5395924555095658,1.0,0.1886,0.0
GNQ,2015,0.2501995209594285,0.28114369553841684,0.4993411945020403,0.3645901886880962,0.870233849594582,0.5202246083697134,0.9394555144257852,0.2132,0.2057303873568862
GNQ,2016,0.284284694946723,0.31924746902660306,0.5011644186962532,0.3611855361392878,1.0,0.5015100743330699,0.8783117855730802,0.2378,0.3320226762072904
GNQ,2017,0.2830812130116061,0.30694610891498686,0.5048027417903787,0.3547197023627525,0.4892910534381469,0.4879164257811464,0.9200380149817432,0.2623999999999999,0.2446642194456213
GNQ,2018,0.2789106986879057,0.307966556491421,0.5066178567561396,0.3743597963810409,0.21223524125805,0.4736361407369366,0.923850893309582,0.3537348,0.2355810541412845
GNQ,2019,0.2917267260618447,0.32345647129425553,0.5084302846521318,0.3728955408270141,0.7544247205106911,0.4607053994681315,0.8758612132971789,0.4913369999999999,0.3343071645568058
GNQ,2020,0.3367061769707682,0.28696702037233257,0.5102400334223927,0.3696872627825939,0.2780532654181832,0.449611817272267,0.8071551577199011,0.550013,0.4436131696032739
GNQ,2021,0.3172555561673176,0.24266038164062526,0.5120471109757863,0.3775562282801377,0.5832091926637877,0.4473202506308437,0.8574748885425827,0.5871730000000001,0.3658324566691682
GNQ,2022,0.2952998887845953,0.18894584422879954,0.5156532838927811,0.3809424968037418,0.9440548099133496,0.4482775695620781,0.9142474542722488,0.593433,0.2462827188258738
GNQ,2023,0.3333418847914666,0.12563336042979323,0.5138515251862062,0.3826502535417445,0.3588093747863126,0.4371981045006409,0.8191233256156988,0.603661,0.4277379558317018
GNQ,2024,0.3365623496068973,0.015872442643591993,0.5683222826624688,0.3880908649215473,0.3798689704784128,0.4350188362652573,0.8109690447970594,0.2676746599999999,0.4402847802235766
GRC,2004,0.405917935483189,0.644029841574393,1.0,0.7794404864547382,0.3435097482385244,0.6467831643046901,0.4130128432767564,0.2142,0.6519583988348686
GRC,2005,0.4027813053179307,0.6765275403836003,1.0,0.780811750925232,0.3025118776789709,0.6480653277921379,0.360989075063544,0.24,0.674708257051558
GRC,2006,0.3442811590510259,0.6882778135566903,1.0,0.7870078330410889,0.4149043814744936,0.6566933131318683,0.4135854003464379,0.3225,0.6477048726186672
GRC,2007,0.3368881303112289,0.7114024381936719,1.0,0.7867595649134909,0.3245550685185703,0.6613266981206168,0.3700186507381193,0.3588,0.668038590328705
GRC,2008,0.3214981551691073,0.7236301388154947,1.0,0.7917836150713451,0.3902893446378699,0.661024774737173,0.3132184297755536,0.382,0.7008293658162758
GRC,2009,0.3233741602308726,0.7203623353702363,1.0,0.7974666559193351,0.3391047408761477,0.6545369962500739,0.296215255597598,0.424,0.7214443867535401
GRC,2010,0.3226677101944559,0.7741211374509722,1.0,0.804621174395729,0.295721607402474,0.6458405661375218,0.2644854730212343,0.444,0.721000468316712
GRC,2011,0.3314960406383043,0.7867585337896045,1.0,0.8227535006008335,0.3091171768413747,0.6309603990741491,0.2421506385234041,0.5165,0.7209296790615115
GRC,2012,0.3515960455967361,0.788574006691229,1.0,0.8276984340481351,0.3293097943708515,0.6191187946337101,0.2559534175157504,0.5507,0.716702036905812
GRC,2013,0.3479191367187467,0.7878895607690113,1.0,0.8294740667009041,0.3650492121858235,0.6168352358224242,0.2644468601529404,0.5986630000000001,0.7205125250208982
GRC,2014,0.3576893108933418,0.7842293921759093,1.0,0.8350069486920009,0.3590672836073597,0.6189475286169958,0.234274353432758,0.632073,0.7252912418938098
GRC,2015,0.3723795459232433,0.7753766819814792,1.0,0.8404698487238953,0.3264649524744069,0.6195721206843711,0.2441881815199764,0.66835,0.7182933327482713
GRC,2016,0.3536937501893368,0.7654455389215276,1.0,0.8426761576030687,0.3749702037976988,0.6201296734899181,0.2396862399229332,0.690879,0.7103720453709528
GRC,2017,0.3689290557849467,0.7479539057876606,1.0,0.8435355847822483,0.3957169548431495,0.6225394552267335,0.2135793877260317,0.69893,0.7178376748037646
GRC,2018,0.3572823756651966,0.7253929732817052,1.0,0.8429774815798555,0.406841545815468,0.6258003673301259,0.218358991920585,0.722384,0.7121473953592027
GRC,2019,0.3643315060031012,0.6960056870139527,1.0,0.8496482986872079,0.4409750940565122,0.6292216091739969,0.208988203006364,0.756712,0.7147588659619882
GRC,2020,0.3773854661169835,0.6990035442150505,1.0,0.8593776744587908,0.39637313240386,0.6155302370058763,0.2393607747550088,0.7811579999999999,0.7139976686847935
GRC,2021,0.3575985008534461,0.6148682533681505,1.0,0.8482219520373351,0.4803352945521143,0.6293446219928601,0.2550258235675556,0.784943,0.7046842164059317
GRC,2022,0.3705610559477734,0.5992141122472008,1.0,0.847577338197287,0.5245869323972239,0.6389753052376607,0.3146343715044678,0.831707,0.6889570075658583
GRC,2023,0.3684242520597133,0.5847381371350652,1.0,0.8415102715368081,0.4105142710464578,0.6424543206300747,0.2575034217060562,0.850102,0.7012409826396856
GRC,2024,0.3695925782531393,0.5816070752574434,0.9987862639095606,0.8422382291119419,0.4552620365541777,0.6454828354832546,0.2623472595307107,0.862697,0.6927586495415746
GRD,2004,0.4250895233485194,0.6358251128281921,0.8340914579874278,0.7754136940980394,1.0,0.4873993629343417,0.3143952500632729,0.195706,0.67151814705027
GRD,2005,0.3256864642795457,0.6218581827474196,0.8382486600128849,0.7214048454948987,1.0,0.5049480007012045,0.466574903429552,0.204878,0.6046375025699934
GRD,2006,0.3757685879674857,0.6475670671664545,0.8437697283103551,0.7793058714208502,1.0,0.4985006033518183,0.387252344628256,0.21396,0.6367545403707403
GRD,2007,0.3589285100953758,0.6609350127460935,0.8478942515380112,0.7793058714208502,1.0,0.5066177605568637,0.3718908515429543,0.2229,0.652525152864623
GRD,2008,0.3696835984572812,0.6651528156826494,0.8723537851160632,0.7832012073842114,1.0,0.5074962559327968,0.3381873419542194,0.2318,0.6753188554044329
GRD,2009,0.4091916889343279,0.6936132956287505,0.858825527909305,0.7899763986080147,1.0,0.4970976023155508,0.2535533435333175,0.2405,0.7132469850854791
GRD,2010,0.4043378391022608,0.7065018545952715,0.8642547821289508,0.7660258271524023,0.7537854511521188,0.4959213258936651,0.2530149639856578,0.27,0.6973715825312395
GRD,2011,0.4014795717677931,0.7089296478756173,0.8561018453173163,0.7918675321427675,1.0,0.49638726993123,0.2064648026627987,0.3,0.7074058183360888
GRD,2012,0.4177567214475938,0.7032789393237091,0.8750415904110872,0.7680824143657576,0.6893139205385073,0.4938028250684524,0.1685320981233208,0.32,0.7241684187714209
GRD,2013,0.4178898979350915,0.6783779552257418,0.8803995631646636,0.789507565908508,1.0,0.4962622963287121,0.2084154604253998,0.35,0.7149852421840868
GRD,2014,0.4647235219788627,0.6487224402924285,0.8857341895576939,0.7364882855408268,0.8818913530049173,0.5057232399288257,0.1871060876754056,0.516,0.6962073066445545
GRD,2015,0.5055605975389205,0.6193728278257825,0.891045672162595,0.7220699102299943,1.0,0.5140988167767918,0.1687725264733838,0.525,0.6763733802663643
GRD,2016,0.4682044306428566,0.6046317933480754,0.8963342109266358,0.7220699102299943,0.9547537430643704,0.5188541407606849,0.1622382856850303,0.533,0.6786186029011582
GRD,2017,0.4388470856003261,0.5931169244259202,0.9016000032171076,0.7220699102299943,1.0,0.5247700109986305,0.1835911086295206,0.542,0.6798054431996242
GRD,2018,0.4325483252998406,0.591236947504948,0.9029129200401428,0.7843691369762494,1.0,0.5306485476248662,0.2096699169975228,0.614,0.6665481948159272
GRD,2019,0.4114310059776897,0.5862602446492525,0.9120641252108342,0.7719521544511991,1.0,0.5312637937741077,0.2170104022627635,0.6431279999999999,0.6777267232907334
GRD,2020,0.4206372055314838,0.6274673131799305,0.917262837141852,0.781200151978542,1.0,0.5093329109939947,0.1975098339581372,0.6736369999999999,0.6770331035848671
GRD,2021,0.4376860157214451,0.6193517023973033,0.92114743528235,0.781200151978542,1.0,0.5155638189647532,0.2462827368106504,0.7055939999999999,0.6561586598316113
GRD,2022,0.3867031792140462,0.6042392876774617,0.9275945003129228,0.7800902344880873,1.0,0.5255247822841879,0.2976165593444901,0.742689,0.6437394170915981
GRD,2023,0.334179150946618,0.5927612982185875,0.9301638503013714,0.7813502765802564,1.0,0.5317421525032201,0.2554270112672858,0.741201,0.6536398179671105
GRD,2024,0.3246533472007234,0.6093565751202868,1.0,0.6651941419591825,1.0,0.5372275997429273,0.267558824551392,0.6966036000000001,0.6623133201465659
GRL,2004,0.6790813375423714,0.8100623271524623,1.0,0.8903690007045272,0.6961392293405534,0.7160945612911723,0.2846275343198434,0.56099,0.6569852606481524
GRL,2005,0.6857633825266103,0.8100623271524623,1.0,0.8999387340370443,0.6961392293405534,0.7230651514291665,0.3007103417082692,0.577034,0.6352252248089596
GRL,2006,0.6762701996595705,0.8100623271524623,1.0,0.9049964598309512,0.6961392293405534,0.731322102633344,0.3146950230747384,0.593617,0.6375763770307599
GRL,2007,0.6482192774964283,0.8582645871549066,1.0,0.889122529571933,0.6961392293405534,0.7352608701647677,0.3164785824896469,0.6107,0.6583794247868161
GRL,2008,0.6543282006748408,0.8582645871549066,1.0,0.8909925349820761,0.6961392293405534,0.7445301874933549,0.356127717323119,0.6282,0.6331231740409284
GRL,2009,0.6011720554534412,0.8582645871549066,1.0,0.8789674327585629,0.6961392293405534,0.7457946601404467,0.3498348141109147,0.6283,0.683332890313722
GRL,2010,0.6332460623968459,0.8582645871549066,1.0,0.8998753256577043,0.6961392293405534,0.7477499475030615,0.352575670443298,0.63,0.6611013092673722
GRL,2011,0.6520682587598016,0.8582645871549066,1.0,0.8951939425944081,0.6961392293405534,0.7461162073696072,0.3519392381577962,0.64,0.64532152242238
GRL,2012,0.6755452935184599,0.8582645871549066,1.0,0.898774209413224,0.6961392293405534,0.7483302800778616,0.3742922008057565,0.64896,0.6058930506887594
GRL,2013,0.6588012761514764,0.8582645871549066,1.0,0.900908509256692,0.6961392293405534,0.7472713292292822,0.3538870670224565,0.658,0.6376647330066901
GRL,2014,0.6908889035743881,0.8582645871549066,1.0,0.9005371970618768,0.6961392293405534,0.7544806439126758,0.2841844388457318,0.667,0.6328268257730517
GRL,2015,0.6869842977497885,0.8582645871549066,1.0,0.8948226303995928,0.6961392293405534,0.751229369106644,0.3239776814459656,0.6760039999999999,0.6241678649574754
GRL,2016,0.7044886334625791,0.8582645871549066,1.0,0.8865332722130015,0.6961392293405534,0.7576851718887408,0.3418253941573179,0.685009,0.5882889932173874
GRL,2017,0.7122845158829866,0.8582645871549066,1.0,0.8862995246932566,0.6961392293405534,0.7577978649148901,0.322951612042586,0.694825,0.5899696071666519
GRL,2018,0.7047146773881072,0.844661860652112,1.0,0.9002851694676974,0.8374051943685024,0.7590850430391388,0.3560158235021958,0.7355690000000001,0.572493953747232
GRL,2019,0.7052812170484457,0.844661860652112,1.0,0.8851789469559169,0.588387845083421,0.7626165913743564,0.3266782841991731,0.7744522000000001,0.5897833676697976
GRL,2020,0.6690602900552838,0.844661860652112,1.0,0.893423823869711,0.7967867628478507,0.7626140329680665,0.417233025216519,0.6616378,0.5806593665129474
GRL,2021,0.6619021189411053,0.844661860652112,1.0,0.8796541809268973,0.7967867628478507,0.7642322292129097,0.3760656492495259,0.7334234000000001,0.6129480265377659
GRL,2022,0.6732177255607331,0.8538589699543598,1.0,0.8871441030342456,0.8096440888307642,0.7670927329503417,0.3894829447667116,0.7942975999999999,0.5898573775125038
GRL,2023,0.6805551743759276,0.8538589699543598,1.0,0.8906212227872606,0.8374051943685024,0.7678226541205341,0.3622031736680393,0.7338370000000001,0.5963789585190162
GRL,2024,0.4832602086474102,0.5350240562334468,0.7377509084852749,0.6173821895359558,0.521044970375395,0.4600931523874124,0.4981522257440442,0.433764261627434,0.4979430980515284
GTM,2004,0.6278076893070199,0.4464697940659585,0.6867631059970003,0.5177517529665117,0.3727360290405423,0.371298260113366,0.5645819605197205,0.051,0.5046102885352833
GTM,2005,0.6194703399217111,0.439113395638433,0.7038646450403048,0.5202519442478818,0.4152330186784302,0.3728351848836969,0.5592007366687574,0.057,0.52485072086327
GTM,2006,0.5985616283962243,0.4641831141486187,0.784518094019941,0.5224880996777668,0.423023071855674,0.3773302574911413,0.5713682741576761,0.065,0.5323974744660184
GTM,2007,0.602145846288317,0.4627238872293007,0.7403680641881564,0.5269724054135164,0.4505984218756078,0.3831907897002423,0.564599827373255,0.073,0.5368772185659411
GTM,2008,0.5963408808179267,0.4557510267866521,0.7582195807555132,0.531747502900871,0.407641283429112,0.3849144299478279,0.5687005075239131,0.083,0.5526192198457796
GTM,2009,0.6060941780275606,0.4390261820826864,0.7758145396860336,0.5350797810928986,0.3716363462268297,0.3827133992024628,0.5582123834581223,0.093,0.5661726326530845
GTM,2010,0.5944091652478678,0.4253215045818833,0.7931602109877052,0.5394381238483398,0.4604069159851621,0.3839640470208308,0.5575995942622717,0.105,0.574112656693672
GTM,2011,0.594887976105802,0.4229773331515536,0.7888467779169788,0.5140568332714447,0.405744884342654,0.3869908117621589,0.5656483100318319,0.123,0.5667660905596544
GTM,2012,0.5842273696090091,0.4887736119932983,0.8285264719505933,0.5909462365782241,0.4677124950473925,0.3883548598003,0.5688168278515052,0.16,0.5749776762655188
GTM,2013,0.5766529642801544,0.4953691085451843,0.8465209537830791,0.5948333700508552,0.4709404405395367,0.390785064146477,0.4688248435814864,0.197,0.5942259078523638
GTM,2014,0.5706624957289249,0.497832412305049,0.8102635599680691,0.5989164642790592,0.4423612370699136,0.3943448555636016,0.4739201396172385,0.2339999999999999,0.595087904979671
GTM,2015,0.5683370031782069,0.5093884170035139,0.8790622666688919,0.6016965664269089,0.4099558986116126,0.3975058660815017,0.4642023816128677,0.288059,0.6030379773837158
GTM,2016,0.5615979917897794,0.5121839607534099,0.8963342109266358,0.6064317797900096,0.3673528270111021,0.3986668834994425,0.4615430285160723,0.345093,0.6093121919465619
GTM,2017,0.562377022327132,0.5087839367993142,0.9159652272480936,0.601546596182798,0.3746958131363241,0.4004295877995255,0.4459355684820409,0.379,0.617659868158773
GTM,2018,0.5564916039289646,0.5080229722148271,0.9275945003129228,0.5859122416734697,0.3658847615883633,0.4028736424252822,0.4351355273412494,0.415,0.6258971249781268
GTM,2019,0.5558787829871223,0.5016986811910333,0.942930335325417,0.6095395166577128,0.3827514692800571,0.4063837276917496,0.4467691681053469,0.44401,0.6183454192632235
GTM,2020,0.56745079311698,0.5131146389143288,0.958076443797858,0.5994823057457868,0.3681237090815262,0.4016336744092893,0.4553315838272846,0.475123,0.6113303043250385
GTM,2021,0.5504280589707315,0.5119230096393147,0.9742760009195603,0.5957742835150167,0.5569967972640634,0.4108549247556098,0.4534111241465186,0.508416,0.610349779011036
GTM,2022,0.5482763973442424,0.5177416990740151,0.9890415445582064,0.62159556544706,0.3826918909772205,0.414763358128959,0.4618943226094163,0.554086,0.6072543832750352
GTM,2023,0.5621634582370322,0.5210259102165576,1.0,0.5819689127657137,0.3869269531003871,0.4175676826376345,0.4548264467859125,0.560535,0.6023787831579257
GTM,2024,0.5642345210350572,0.5189001857540128,0.9909882546603564,0.586373305682549,0.3902647745297214,0.4205362556279729,0.4421204897940393,0.4547335999999999,0.6086409912643034
GUM,2004,0.0934859320078637,0.6445697798587615,1.0,0.864165720816612,0.3329877305778398,0.7008840981678434,0.3036941298554606,0.361618,0.7438592861904567
GUM,2005,0.1099224161108298,0.6445697798587614,1.0,0.8656115928428647,0.5373117699225499,0.7055861868025209,0.2436751196919681,0.385599,0.7808116959487196
GUM,2006,0.0934859320078637,0.6445697798587615,1.0,0.8684135437074759,0.3329877305778399,0.6997670567261322,0.3036941298554606,0.438514,0.7438592861904567
GUM,2007,0.0934859320078637,0.6445697798587615,1.0,0.8701367124888427,0.4560240959787961,0.7004280168694169,0.3036941298554606,0.461505,0.7438592861904567
GUM,2008,0.1099224161108298,0.6283309157555447,1.0,0.8716222139550397,0.5942465247669217,0.7029780339805948,0.2436751196919681,0.484187,0.7569292184733493
GUM,2009,0.1099224161108298,0.6164736188968342,1.0,0.8740028367460246,0.395922397135945,0.7031935205834686,0.2436751196919681,0.5064200000000001,0.7569292184733493
GUM,2010,0.1099224161108298,0.6031158379708935,1.0,0.8754883379441241,0.4565397495288131,0.7061376180400921,0.2436751196919681,0.5404,0.7808116959487196
GUM,2011,0.1099224161108298,0.6305465916385049,1.0,0.8774871575792522,0.4282693141751598,0.7062319911032423,0.2436751196919681,0.5770000000000001,0.7808116959487196
GUM,2012,0.1099224161108298,0.5897349588277493,1.0,0.8791418862280128,0.4514725178436407,0.7094817326745578,0.2680155162581771,0.615342,0.7530472887969127
GUM,2013,0.2064671806875323,0.6241082975536921,1.0,0.8809399941655587,0.406202021455595,0.7122338558136082,0.2680155162581771,0.654,0.7530472887969127
GUM,2014,0.2143753946453693,0.6377992385978274,1.0,0.8824925195244521,0.4191110000656349,0.715233964346149,0.2411603585644918,0.6927,0.7239170115505602
GUM,2015,0.0939600319921903,0.7169120350042468,1.0,0.884240157120092,0.4191110000656349,0.7169381133922549,0.1768187220087634,0.7314,0.8051067163059522
GUM,2016,0.2049602812153304,0.7135214333076313,1.0,0.8860733978448672,0.4191110000656349,0.7177947704087361,0.1768187220087634,0.7701000000000001,0.8051067163059522
GUM,2017,0.1005280322627186,0.7187987913678626,1.0,0.8877416840233737,0.4701184391431538,0.7197392885025674,0.2230070350770694,0.805055,0.7855745779448565
GUM,2018,0.1415639088657242,0.664529277743473,1.0,0.8894949299872775,1.0,0.7192538948982851,0.6813875063653417,0.7976622000000002,0.480927464586117
GUM,2019,0.0320215564203423,0.6383203670232572,1.0,0.890699555291958,0.8,0.7236509037508235,0.5004222635306997,0.9162282,0.5104441565559709
GUM,2020,0.0330400053360114,0.6194872538534874,1.0,0.893808987887729,1.0,0.7072041611029366,0.4882489527394563,0.7081752,0.5045952611391231
GUM,2021,0.3834102811958161,0.6194872538534874,1.0,0.8917558094861433,1.0,0.7087610166135735,0.7600698860299459,0.7723126,0.498375375027737
GUM,2022,0.1485841902351826,0.5638403480615704,1.0,0.8920965597358625,1.0,0.7147013853954874,0.7538854699015198,0.7120530000000002,0.5154764826697741
GUM,2023,0.0141114175570301,0.6015330987148519,1.0,0.8930883987928993,0.0654490669555713,0.6812733834253223,0.2435327797284502,0.401565,0.7584857236616374
GUM,2024,0.1801954103346133,0.779558959777847,1.0,0.8944377606375664,0.4798609214297272,0.7204571910005602,0.5319011400006156,0.5987392,0.445886262210798
GUY,2004,0.8273305564325821,0.6024145102312604,0.6804846572623648,0.6340947098428016,0.5318446630678713,0.3991222876825741,0.3258795428530412,0.037,0.1049385055301702
GUY,2005,0.8073815196569283,0.6185817303516711,0.6914509029948568,0.6311207913492806,0.8899414308201412,0.3965495591711973,0.3131621360138266,0.057,0.178477113156528
GUY,2006,0.8450493881048446,0.4105427746839046,0.6257764441209794,0.6414825324181331,0.5640491154427025,0.4041812550473017,0.4496495931222665,0.089,0.2309777076850465
GUY,2007,0.819050313090206,0.4075803253308903,0.7069485127165751,0.6523510557790595,0.6471937168759576,0.4146625670402238,0.4836854159527598,0.138,0.2379042462664506
GUY,2008,0.8290403533430188,0.4023907857741284,0.716153780294656,0.6543081033373512,0.6669454937667055,0.4176208425021802,0.5056183356007086,0.182,0.2146451071196425
GUY,2009,0.8116378223649605,0.4171954489004641,0.6930095216905984,0.662512265847631,0.6211720962764228,0.4232537045138608,0.5022462464407245,0.239,0.2463713706834164
GUY,2010,0.8045124510213122,0.4280200392552243,0.7787226047591419,0.6705767661078212,0.6593809096515292,0.4296875838546486,0.5088604225437123,0.299,0.2587971020790107
GUY,2011,0.7803564507503886,0.44484199026024,0.7917240878668437,0.6813514732221859,0.7191332669341532,0.4376419230315717,0.5386143657603571,0.3,0.2844861859555482
GUY,2012,0.7781696569238955,0.4637117937760795,0.8045889504108512,0.6892139884946334,0.7291576198325518,0.4450782158809022,0.5411029850497152,0.305,0.2886163149154854
GUY,2013,0.7800342799679988,0.4873827555936741,0.8173200337976688,0.6957792721900213,0.597190381778465,0.4495618210624944,0.5229893940353261,0.31,0.2877449549471689
GUY,2014,0.7704159934222271,0.5181417291751277,0.8299200917028398,0.6993256971012665,0.6588749687947413,0.4511771028760781,0.4986750305226673,0.32,0.3242614408096658
GUY,2015,0.7781977351030888,0.5171709077684263,0.8451461138630243,0.7016948474476246,0.493409006246525,0.4512980537168108,0.5052135700481964,0.34,0.310856082899593
GUY,2016,0.7275983529974842,0.5074046325496739,0.858825527909305,0.706330828985861,0.3682252346012895,0.4558124823730646,0.5904765439032422,0.3566,0.3147694441701164
GUY,2017,0.7526655933907,0.5016469442807944,0.8723537851160632,0.7106968454281054,0.5749240456474904,0.4601995649979625,0.5339966942892084,0.427,0.3151862850298661
GUY,2018,0.7179101402638093,0.5175914423377027,0.8844027105573438,0.714897569662454,1.0,0.4622117346251603,0.5349842743108144,0.485989,0.3469398615992451
GUY,2019,0.6942431372308641,0.5207869273816207,0.893692797129321,0.7266044087149272,1.0,0.4668558795018932,0.5786604159701051,0.553127,0.3228862518468773
GUY,2020,0.6845022020403663,0.5331091636546516,0.9029129200401428,0.7226513323373556,1.0,0.5192885214016868,0.7285497501377398,0.62954,0.201193615500294
GUY,2021,0.6341879041574353,0.4792047884509436,0.9107609906331458,0.7297785980697523,1.0,0.544393293262479,0.8593485022899535,0.716509,0.0
GUY,2022,0.5696992480882442,0.3850150973529841,0.9120641252108342,0.7174869152738592,0.0,0.6145172049066466,1.0,0.783924,0.0
GUY,2023,0.5634299773784837,0.3821685185943582,0.9865929541017062,0.7082444610487901,0.0,0.6559463912706095,1.0,0.817221,0.0
GUY,2024,0.5109869765285736,0.31931020744354244,1.0,0.6919513308672517,1.0,0.707865087402845,1.0,0.7085888000000001,0.0
HIC,2004,0.2290294784530566,0.8181815709638265,0.9942065413173806,0.8049551688026195,0.4248469932573812,0.7045661413142951,0.5097142980246394,0.4537295999999999,0.6875330622616945
HIC,2005,0.2138874550809711,0.8226804893985963,0.9943288605185456,0.8086234343721653,0.499897767904798,0.7080739183293255,0.5145109522860521,0.529,0.6843740362131692
HIC,2006,0.205548524236268,0.8297517968128153,0.9949521123961164,0.8107755665811411,0.5773470205386255,0.711832168176518,0.5189661268386877,0.557,0.6782517581088057
HIC,2007,0.2087615744872681,0.8327977202314123,0.9950740918371488,0.8136432311702733,0.6611836422976606,0.7149967485687941,0.5161930580994237,0.613,0.67655196948956
HIC,2008,0.2087330615019059,0.82176656254555,0.9954471665262584,0.8189517445517982,0.5344685922705001,0.7149862611304919,0.5136143066880717,0.64,0.6782173119255929
HIC,2009,0.2004893846625387,0.8310687455677044,0.9960229107850412,0.8291912978626683,0.442238117101225,0.7091543524506015,0.4778867885291909,0.664,0.709809763826274
HIC,2010,0.2051576757782104,0.823285487456109,0.9973527974841228,0.8322485641559652,0.4523072253148144,0.7128643561509277,0.4901770818454901,0.6900000000000001,0.6992618535229405
HIC,2011,0.2151806691159629,0.8135466540075915,0.9973840968019664,0.8347950682816465,0.494093614301555,0.7151462567295853,0.4956397664866491,0.7040000000000001,0.6906978739175688
HIC,2012,0.2112609765756031,0.813826158434073,0.9987283119540156,0.8363648454178961,0.4581155629830883,0.7164296386670429,0.4929531321336989,0.737,0.6945510244985902
HIC,2013,0.2190638848780774,0.8167868956712067,0.9987719191288328,0.8385685327821791,0.4565581805036433,0.7179212379462986,0.4868256246510459,0.751,0.6950383464881631
HIC,2014,0.2123625328304965,0.8164441198137868,0.9989959993119312,0.8399662984672618,0.4437739268877727,0.7202315859491905,0.4844591034084842,0.77,0.6963614077907024
HIC,2015,0.204818967516746,0.8217090922004009,0.9932082519536328,0.8419641242952225,0.5619317614902823,0.722687257969776,0.4677184849553595,0.783,0.7114725336644019
HIC,2016,0.2012424145908044,0.8244261966559431,0.9984831161041354,0.8439316217666972,0.5641345830217,0.7244663265480403,0.4587963412189967,0.8250000000000001,0.7181077499904683
HIC,2017,0.2059738269695188,0.8274096052425589,0.9995116607157252,0.8453413193704618,0.4924258988345662,0.7274104114426937,0.4672335250041836,0.8420000000000001,0.7115622634475455
HIC,2018,0.198166793254435,0.8208447261181135,0.9995471825846178,0.8464076717818525,0.3389305737578827,0.730326242016223,0.4749393010330962,0.863,0.7061202877617623
HIC,2019,0.1937508437223188,0.8319525343639432,0.9993890296693726,0.8483054874866415,0.4403472790452123,0.7325623566551246,0.4661381904877393,0.875,0.7137091425732996
HIC,2020,0.2015426457377737,0.8574479085901644,0.9996157532939028,0.8503918292125195,0.3573137963985333,0.7264153267534715,0.4510699366686189,0.8840000000000001,0.7250444424857737
HIC,2021,0.2003891470055792,0.8538692888382213,0.9997562190622136,0.8528355670556,0.4667795763441195,0.7348457430640233,0.4663834146848782,0.9,0.711695037670143
HIC,2022,0.1986470793166777,0.8362910590615246,0.9997551135080872,0.8549821881089783,0.4158537122182526,0.7385564310153291,0.4669638287460586,0.91,0.722467358577913
HIC,2023,0.1940141571780073,0.8363378738769592,0.9998593824420884,0.8563336578557766,0.332806949322836,0.7401309525029854,0.4520561721279394,0.919,0.7284769160060527
HIC,2024,0.0112192506365954,0.8485996290236122,1.0,0.8590067940556685,0.3797012805618102,0.741942778272867,0.5806371246052937,0.93,0.5889088270313175
HKG,2004,0.0141043419842079,0.8313839210125138,1.0,0.9287409879163044,1.0,0.6953415044896137,0.0307150008839514,0.563999,0.924748449004523
HKG,2005,0.0128485764376437,0.8287742560743063,1.0,0.9323582471088436,1.0,0.705054128005495,0.0,0.569,0.9318154492838387
HKG,2006,0.0118425359812785,0.8183834521292452,1.0,0.9350247623830916,1.0,0.7139872750566988,0.0,0.608,0.940739059644596
HKG,2007,0.0115045551851304,0.8181808393058804,1.0,0.9394811534380044,1.0,0.7218327281311897,0.0,0.648,0.9440169933032414
HKG,2008,0.009855916237829,0.8241648338573331,1.0,0.9441104315316312,1.0,0.7240207612931985,0.0,0.667,0.9193889255870664
HKG,2009,0.0124474122318305,0.8477265428361119,1.0,0.9458218442665084,1.0,0.720093895014222,0.0,0.6940000000000001,0.9251958228331232
HKG,2010,0.0096738092844489,0.8885283191420055,1.0,0.9467153976539924,1.0,0.7285334451083082,0.0,0.72,0.9501226567621088
HKG,2011,0.0086373954188023,0.9083814880677897,1.0,0.9466554851432,1.0,0.7343830738308507,0.0,0.7220000000000001,0.9559188969447756
HKG,2012,0.0099720403300552,0.9040591503930885,1.0,0.946223648827628,1.0,0.7352279708473431,0.0,0.7290000000000001,0.9599214733482808
HKG,2013,0.0105595195559707,0.9257766678426549,1.0,0.9454853287996052,1.0,0.7390781574391271,0.0,0.742,0.9520810046264356
HKG,2014,0.0125597120796632,0.9411493680676425,1.0,0.9452971102877636,1.0,0.7420141029496613,0.0,0.798663,0.945834724088119
HKG,2015,0.0129554220750807,0.9146782309789933,1.0,0.9475112024307054,1.0,0.7442038381583903,0.0,0.8494840000000001,0.939544931938098
HKG,2016,0.0147884152231342,0.9216636277768225,1.0,0.9444299656281434,1.0,0.7464287282779635,0.0,0.874794,0.9364766275048416
HKG,2017,0.0123534574165555,0.9312160047637389,1.0,0.9449290637611284,1.0,0.7507215116711939,0.0,0.8941589999999999,0.9275868003463396
HKG,2018,0.0116517129839382,0.9276150982641701,1.0,0.9457041426270376,1.0,0.7536347591128295,0.0,0.905074,0.9282059937320446
HKG,2019,0.0139216590730059,0.9446108496206905,1.0,0.9476388747370088,1.0,0.7501134091933531,0.0,0.917434,0.9412233216996658
HKG,2020,0.019777503798012,0.9652401346081745,1.0,0.9493469844952596,1.0,0.7408089716104044,0.0,0.924131,0.9354877939180208
HKG,2021,0.014652526505545,0.9654903692635657,1.0,0.947975055389682,1.0,0.7512116739796447,0.0,0.930872,0.9379489044687858
HKG,2022,0.0095682008275282,0.9701211993229917,1.0,0.945420464249224,1.0,0.7470812977951199,0.0,0.956136,0.9516216754994468
HKG,2023,0.0061485035667297,0.9558856823600677,1.0,0.9452816427261458,1.0,0.7479804925772092,0.0,0.959778,0.9545789317777342
HKG,2024,0.006042350158057,0.9389917149873701,1.0,0.9446703212835216,1.0,0.751803210925884,0.0,0.6766036000000001,0.95827099650598
HND,2004,0.6119980742790257,0.5251304891517274,0.5174523949000828,0.5933020222894224,0.7184971345405691,0.294076864296959,0.5401765813169213,0.0559999999999999,0.5214512088758324
HND,2005,0.6173724099594126,0.5311771834451554,0.549392332063943,0.5976788753166155,0.684930253997617,0.2990779743675408,0.5346140616599115,0.065,0.5272804227512929
HND,2006,0.6062420658959397,0.5630769908637524,0.5907226641722525,0.5858927626599376,0.7117815002675222,0.3048845249291191,0.5447456849181204,0.078,0.535927451594979
HND,2007,0.6072501497157119,0.5984059839206889,0.6274208967794325,0.6032923291269271,0.7930894420057897,0.310262685338648,0.5330457851338873,0.094,0.5572139691647916
HND,2008,0.6116260264701059,0.5941146333874409,0.6741738452469729,0.6076623162216268,0.8469735292499425,0.313020424652494,0.5291332868607966,0.096,0.5766378171237585
HND,2009,0.5862990357370371,0.5898548348861814,0.7038646450403048,0.6094301438481307,0.5046327890294555,0.3062729188331236,0.5305017223527749,0.098,0.5974903423352681
HND,2010,0.6012689849018977,0.5765115398874758,0.7448554051438742,0.6197923203231933,0.5335759218298837,0.3085033381278065,0.5222023336856699,0.1109,0.5912618329473842
HND,2011,0.6464761656847847,0.5757795913487647,0.7626420834096849,0.6247383090383893,0.667133003868494,0.3109657974290017,0.5265534026987967,0.159,0.5551532219202189
HND,2012,0.6360135901644033,0.5940429874275188,0.783071791642467,0.6021741289362258,0.6638331843820454,0.313901375448767,0.5322332418402528,0.1812,0.5613808527055502
HND,2013,0.612367551426943,0.6088227415192432,0.8340914579874278,0.64337342395855,0.6600918345371819,0.315024649036092,0.5187693640056318,0.178,0.5961755740373657
HND,2014,0.6185629335873429,0.6103307818400805,0.8547377283849372,0.6669517125339485,0.8455933980765269,0.3165851132337066,0.5010600296371758,0.23,0.5842187656685951
HND,2015,0.6128163394210119,0.6082859406538733,0.8723537851160632,0.6725337876420608,0.6924574039217606,0.3192904889238467,0.5234100922235183,0.271395,0.5646094474047632
HND,2016,0.6098009034837848,0.6214036258308302,0.893692797129321,0.6883406051375475,0.6277438847497526,0.3221076256998078,0.5268143686421917,0.295282,0.5577892836248413
HND,2017,0.6208664235255731,0.6212257266529434,0.8243360691598521,0.6518262712499697,0.5512329987800431,0.3262853643874722,0.540196710262057,0.317358,0.5343335306237053
HND,2018,0.6016273972205732,0.6402076706192457,0.893692797129321,0.6571895780831329,0.674099590696045,0.3291046339012892,0.5411903012879817,0.360401,0.5419003047515548
HND,2019,0.5824979181235066,0.6461092192039728,0.8870642220841037,0.6563818054405203,0.5338270210589577,0.3301447040378112,0.5436292760017754,0.3938839999999999,0.5531130138919611
HND,2020,0.6123122164112128,0.6688785904345445,0.9133658742118916,0.6456404527589795,0.3497958645786955,0.3139701739470463,0.5177714716845101,0.452483,0.5665792329277154
HND,2021,0.5876665242108752,0.6573710215843251,0.9263078004360528,0.6395120345884936,0.4690824436372632,0.3287238652428793,0.52666678387998,0.519516,0.5524661957857991
HND,2022,0.6174139731297285,0.6651759799937349,0.9301638503013714,0.6632263414836136,0.441053317803254,0.3321819685168367,0.528347685433225,0.5638960000000001,0.5385651505387715
HND,2023,0.6084980816167928,0.6825660758253377,0.9454677348246712,0.6726117729575162,0.4897615365738519,0.3347918335841101,0.526755664928012,0.582789,0.545477011472919
HND,2024,0.5941069106590067,0.6902671284684305,0.7361121693784412,0.6765996528772996,0.5136896357255959,0.3374147158391701,0.532466554671023,0.33447764,0.5582220290903129
HPC,2004,0.7610239644699,0.2577196899927747,0.0,0.1649174084427382,0.4775662965493229,0.1524151893801179,0.4642303764977051,0.0492,0.2350858545574566
HPC,2005,0.7643832440259225,0.26570682233858534,0.0,0.1706864000778996,0.4683496890090516,0.1561013561748346,0.4756379747548424,0.05,0.2135697969891579
HPC,2006,0.7567059942576938,0.2770766039149398,0.0,0.1822798918524878,0.4824089366415368,0.1600291387206468,0.4918148774973502,0.0487999999999999,0.2337836736308127
HPC,2007,0.760383122126147,0.28859788002136827,0.0,0.1961832461849356,0.5233889939209886,0.1637627999056683,0.5009447248820431,0.0475,0.2103605362803061
HPC,2008,0.7663687102144195,0.29201074640293284,0.0,0.2116876776619682,0.5466176413519144,0.1676567981470029,0.5079436427257957,0.0475,0.2242757679589331
HPC,2009,0.7752143046373883,0.31168817474588045,0.0,0.2251902127369568,0.4982949702481306,0.1685076028954133,0.4811538709117309,0.0572,0.2841960816614207
HPC,2010,0.77022214523782,0.31209325849176417,0.0,0.2496146075747927,0.5893987836791795,0.1731676636664052,0.4828722803469062,0.0945999999999999,0.2869679314292994
HPC,2011,0.7492566656684575,0.3144881140401912,0.0,0.2611325031183941,0.6032341699396309,0.1756210264687899,0.5163816428692186,0.08409966,0.2949884371220826
HPC,2012,0.7532969340705435,0.33159243732828936,0.0,0.2752380813987253,0.6479062000003767,0.1773390312539909,0.5161545368925801,0.07771966,0.3059297178505519
HPC,2013,0.7425418196025114,0.3384181669975617,0.0,0.2783329660326299,0.626734297702861,0.1813991891814854,0.5290551380008702,0.07771966,0.3001428691542462
HPC,2014,0.7417509918383485,0.34936330436528806,0.0,0.2921435639338813,0.5545898011304425,0.1849623085021923,0.5178362715587171,0.0301999999999999,0.3014667544890517
HPC,2015,0.7446726771592269,0.36750411428569785,0.0,0.3049720694694458,0.5722150558358733,0.1877765096190206,0.4963088197099869,0.0454,0.3414700615576217
HPC,2016,0.7414036067951684,0.3772074834788849,0.0,0.3167527902397468,0.5230232113475681,0.1897446539719214,0.4908661702311086,0.0454,0.3509206185988937
HPC,2017,0.7362469510434663,0.3744756995835972,0.0,0.3299962022187145,0.5492850876488706,0.1926362843818859,0.5083652114057924,0.0454,0.345307459232701
HPC,2018,0.7303143338298973,0.3731311250180073,0.0096118566668297,0.3482377419896332,0.5211856285685139,0.1944430561406757,0.5352132120123227,0.069,0.3406498803906574
HPC,2019,0.7311387309185386,0.37487138657637387,0.0377152345684378,0.370339022270638,0.4826865950005529,0.1963810972086861,0.5298635630071907,0.1072,0.3340895521251957
HPC,2020,0.7467812141120677,0.3882270121149199,0.0722878301055869,0.3381500171081349,0.4325595588492372,0.1923487781665268,0.5119840987945912,0.05995424,0.3259888046273712
HPC,2021,0.7367091196320086,0.3865854913387775,0.1149654309736164,0.3332058898476003,0.5114803388824841,0.1946720135126758,0.5275905632053969,0.04875424,0.2792734160391781
HPC,2022,0.7332835037032309,0.3953265031034939,0.1322553105676042,0.3381116221889363,0.4645450458404397,0.197796873052756,0.5425288314798968,0.10315424,0.2454975699369675
HPC,2023,0.7431696955850025,0.4111762250095845,0.1761294583954249,0.3387281813839511,0.4975544428235482,0.1989863424510419,0.5549270544594599,0.1922988,0.2934860227119362
HPC,2024,0.7398683481782646,0.25568290693433104,0.0024905108903746,0.3506591426383262,0.5712031541006646,0.2024993176687129,0.5590452124465464,0.04758,0.300184093272581
HRV,2004,0.4001758334214089,0.5346769779244318,0.9987872264286616,0.6517518633517716,0.4884521409858235,0.5490219290473756,0.4937492197887518,0.3091,0.5151714091264876
HRV,2005,0.3745929640374944,0.5462006331898004,0.9987872264286616,0.6595240547716764,0.5463933293613867,0.554983671675041,0.4860561311908935,0.3314,0.531008987326752
HRV,2006,0.3800032034081653,0.5446620271265395,0.9975732503052472,0.6856372733775196,0.7232724590074384,0.5621268321147407,0.4784082870630414,0.3797999999999999,0.5307621162981676
HRV,2007,0.3658067250410033,0.5496634325343288,0.9975732503052472,0.6921100409738433,0.7939628524768865,0.5693085269241568,0.468581844589419,0.4144,0.5484376916698084
HRV,2008,0.375284862957796,0.5693225102149567,1.0,0.6847717789062058,0.7829685340691261,0.5721615093535198,0.4646504829714014,0.4424,0.5488045370642998
HRV,2009,0.3803689959854783,0.6129238025075289,1.0,0.699261120904691,0.6045944591664083,0.5620729792947591,0.4632078501925826,0.5058,0.5633008548941604
HRV,2010,0.3634588047725391,0.6294672552890267,1.0,0.7059424649159485,0.4545187281165628,0.5604498756475292,0.4338015419451264,0.5655,0.5795399251641908
HRV,2011,0.3624403109265006,0.627056597147731,1.0,0.6970458171953431,0.413269626307885,0.5607899543380065,0.4369109299491759,0.5779,0.5848061678367639
HRV,2012,0.3441884311127549,0.6623916203217343,1.0,0.7299937870170868,0.4497053834588392,0.5581938677736437,0.4262354206937873,0.6194,0.5793082463289307
HRV,2013,0.3525972632451083,0.6579990411334902,1.0,0.7472654296391752,0.3877540746366706,0.5589035651941073,0.4137319904369592,0.6674760000000001,0.5727570329605589
HRV,2014,0.3241604546049544,0.6540470968709942,1.0,0.761280843331908,0.6320628030980447,0.5592042099551283,0.4171720622896808,0.6856789999999999,0.574966227323517
HRV,2015,0.3256716401994368,0.64152705662341,1.0,0.7658660528530535,0.3463783616404095,0.5642664163596082,0.4104531480214969,0.69845,0.5715659387502972
HRV,2016,0.3313763828023004,0.6259087017724897,1.0,0.7813047169591913,0.4786338111972409,0.5707895605392422,0.4082171838478257,0.726973,0.5706844277474818
HRV,2017,0.3212011414823423,0.6140014109730805,1.0,0.791239736013326,0.4948916994418735,0.5778118564036069,0.3959342543614385,0.670962,0.5771237451686221
HRV,2018,0.3248904541149804,0.6069507840476637,1.0,0.7877238586421,0.4577266843363512,0.583879713127963,0.3839178890759707,0.752946,0.5747445125106301
HRV,2019,0.3191477794672362,0.6012346939321311,1.0,0.7853542244249703,0.7052728407602131,0.5897535527635792,0.3910868693574768,0.7907980000000001,0.5696112528450685
HRV,2020,0.3353849441182041,0.6265099404620992,1.0,0.7798816701162321,0.4492751564728555,0.5784582431579349,0.4038600537099024,0.7832089999999999,0.5751523475941593
HRV,2021,0.3483719392914002,0.6010186804913669,1.0,0.7709168362911627,0.7674032937235652,0.5970372598609109,0.3913134284744189,0.81254,0.567840197186275
HRV,2022,0.3501966624894131,0.5907784999161096,1.0,0.7869509256856467,0.6430180878570941,0.6081329852455316,0.4031143069503667,0.820716,0.5792351810511054
HRV,2023,0.3082112054951749,0.5715763293183362,1.0,0.8002644705500941,0.5380273131418238,0.61334072396454,0.428891510478057,0.832412,0.5793957218760661
HRV,2024,0.3215490123524638,0.5736217853095205,1.0,0.8089133870400235,0.601466750175508,0.6185471453098491,0.3814310213759472,0.8363240000000001,0.5941999810421764
HTI,2004,0.670748876227186,0.19397365223784305,0.0,0.4663563034998038,0.2903286433219717,0.2368774030630346,0.5226973750994264,0.0540126,0.5120403549605252
HTI,2005,0.70004090027395,0.20803450856372424,0.0,0.4709393507659727,0.3080897693627158,0.238828811425935,0.511499668784481,0.063762,0.4937996545339441
HTI,2006,0.695789281019551,0.19863528215633505,0.0,0.4751777905909153,0.4208471970286824,0.2389072019393873,0.5393743944127043,0.06796,0.466656681920875
HTI,2007,0.7125011590924493,0.18844160460737294,0.0,0.4818751222690051,0.3365578427781229,0.2431323546845855,0.5165754933305318,0.072,0.4574298061062165
HTI,2008,0.7047449516701717,0.20375675489473905,0.0,0.4875548351688165,0.3026098971131008,0.244520820096295,0.5432025581892419,0.076,0.441366118145393
HTI,2009,0.7091321663453507,0.19221417879587543,0.0,0.495836766729508,0.3151494568903392,0.2504259202203064,0.5343415968981465,0.081,0.4497858844171906
HTI,2010,0.7258690422441786,0.18156915176907082,0.0,0.4988464369774421,0.3817010448835267,0.240294961469052,0.4810715124733826,0.0837,0.4641480008037784
HTI,2011,0.7237304824670922,0.19981945790274794,0.0,0.5056534262261002,0.343553873002033,0.2458656562167972,0.5026978587115869,0.09,0.4426346887979007
HTI,2012,0.7171449984581267,0.24983623502623956,0.0,0.5108581140745302,0.3580780699851994,0.2443444343373678,0.5180707829374289,0.098,0.4387951398847658
HTI,2013,0.715480371217741,0.24878705591660036,0.0,0.5195606292991836,0.3547313915848682,0.2483043189437043,0.5241764008947288,0.106,0.439965906098856
HTI,2014,0.6972304235450654,0.26130633938575915,0.0,0.5254347716496842,0.3265570511973396,0.2503100457551354,0.5405998144165881,0.114,0.4525265264648052
HTI,2015,0.6893796020105116,0.24891294903415526,0.0,0.5321618760396842,0.3303360853129263,0.2502441168941006,0.5311399433839187,0.142,0.4631452365700664
HTI,2016,0.6991695262923199,0.24268055895138743,0.0,0.538539947945964,0.332544148841414,0.2508208869607847,0.4998131346111902,0.228,0.4757663470708554
HTI,2017,0.7095294589932888,0.22961041194902904,0.0,0.5444673869731051,0.4456534867227308,0.2524421805495959,0.4846486271058421,0.272,0.4811393984711784
HTI,2018,0.7080763255155469,0.257378753297309,0.0210435632910887,0.5496190242823623,0.3256780372959365,0.2529152888416931,0.4935397383940699,0.3247359999999999,0.4806269446442453
HTI,2019,0.713831297659372,0.24092468613208975,0.0477177081644762,0.553583060235709,0.3165259554215692,0.2485165945979058,0.4779141669260077,0.39262,0.4948973203733559
HTI,2020,0.7273222831932068,0.20201094311281084,0.0712374354953239,0.5353125410924954,0.2952352574357154,0.2418404859255122,0.4767630353551797,0.3454712,0.4876721198102962
HTI,2021,0.730894045146177,0.19474306238126005,0.0943138325632576,0.5315423290266229,0.2999609209449714,0.23753153849164,0.5211480488105888,0.3568712,0.4513156505437514
HTI,2022,0.7263475817144699,0.19291581193369614,0.1465251780841092,0.5316430664073074,0.2966854199795388,0.2334351238792505,0.5897724013618255,0.22569008,0.3883020807389565
HTI,2023,0.6924642802433428,0.09939855435855571,0.1942620173166877,0.5355716172698944,0.2917738970189766,0.229028964715969,0.6324998938898978,0.302,0.3769277381995424
HTI,2024,0.6708852421941226,0.0560333683886286,0.3021123820553504,0.5379341574683627,0.2891813866741204,0.221176862620685,0.653393032104762,0.26115,0.3909556101498251
HUN,2004,0.3974836290068518,0.531799904567569,1.0,0.7430512466070327,0.5679579778928536,0.5453991528009993,0.5464550121487839,0.2774,0.4947594331777373
HUN,2005,0.3675639648780913,0.5554893956611359,0.9987872264286616,0.7515538363039261,1.0,0.551799123419369,0.5524949262530993,0.3897,0.5089344956932798
HUN,2006,0.357967125573045,0.5756355645836342,0.9987872264286616,0.7541072361855446,1.0,0.5576257405722437,0.5526186142988292,0.4706,0.5221465917542516
HUN,2007,0.3552789907900552,0.6024015880511415,1.0,0.7541890901794915,1.0,0.5583322073408422,0.5434026946400012,0.533,0.5180593185347209
HUN,2008,0.3547621515829774,0.6273259250283416,1.0,0.7584526470124013,1.0,0.5600212088173754,0.5257998390668378,0.61,0.5275236045367755
HUN,2009,0.3275557870765936,0.6293970574701139,1.0,0.765934470526572,0.1354567496640659,0.5501174814639048,0.5134688893742427,0.62,0.5344702047822807
HUN,2010,0.3282608910964081,0.6309804682984623,1.0,0.7709371059217535,0.0,0.5519874311172991,0.5152193690109554,0.65,0.5308730224739189
HUN,2011,0.3797559022158905,0.6237971833750007,1.0,0.7663310880841042,0.7691523940800592,0.5551544748005243,0.5134454936705488,0.6802,0.5204802919740987
HUN,2012,0.3756687413599685,0.5902082085738641,1.0,0.7746432122084044,0.8245402220551383,0.5539466943135484,0.511758280332577,0.7058,0.5083462492228451
HUN,2013,0.3773228827240426,0.5698970460306318,1.0,0.7763804375155122,0.1050606965053285,0.5575653354086864,0.5118811152097149,0.7264390000000001,0.5126080323985155
HUN,2014,0.378422891364442,0.551679503408062,1.0,0.7715690508636134,0.8779708873003278,0.56430887671792,0.5241278908367213,0.756532,0.5031288346541576
HUN,2015,0.3693844827047462,0.508335851004361,1.0,0.7710826489524377,0.0,0.5700479540253797,0.537453994528214,0.728347,0.4907709456817974
HUN,2016,0.3746528934659486,0.496641812537946,1.0,0.768703502508931,1.0,0.5741092241031468,0.5195298550380618,0.792594,0.5140623848085785
HUN,2017,0.3687622356693621,0.490295076272957,1.0,0.7582389698379028,0.0,0.5804669520341309,0.5138923087989062,0.767505,0.519883735605867
HUN,2018,0.3544146139285877,0.4894208683209356,1.0,0.7502540592954915,0.0,0.5886800594631404,0.5101824617812278,0.760744,0.522200019648847
HUN,2019,0.3464674612238805,0.4956479683107064,1.0,0.7552036435016878,1.0,0.5960503365949982,0.5035199327100445,0.803717,0.5303042045735537
HUN,2020,0.3485257745765522,0.5240261153187199,1.0,0.7574780913933401,1.0,0.5899777552009923,0.4980209712111194,0.8477119999999999,0.5334467042053107
HUN,2021,0.3536632490678003,0.5286704745540275,1.0,0.7659357210520066,1.0,0.6006945196076278,0.4886150968234165,0.886408,0.5423389222366619
HUN,2022,0.3362189959795835,0.5143131650905425,1.0,0.7671735019305645,0.2135237410552946,0.6069902601783489,0.4954605943196065,0.891428,0.5461478675966088
HUN,2023,0.323222135747413,0.493616381393434,1.0,0.7688772993893603,0.0,0.6059942314328376,0.5174212943855194,0.914501,0.556199682509541
HUN,2024,0.309963233555126,0.4906261550160094,1.0,0.772737947926633,0.0,0.607261507093464,0.4844100783298518,0.93779,0.5749076530768527
IBD,2004,0.5559679878458289,0.6194225841652217,0.8273893653869931,0.4294070532632627,0.4659452936616149,0.3711578702551658,0.6907220810980181,0.1464,0.4300273234800036
IBD,2005,0.5362633499104379,0.613903187870054,0.8414721622639687,0.4377363210705828,0.4877760994667404,0.3797468596003804,0.6988852309578185,0.087,0.4279606151401725
IBD,2006,0.5230717094485543,0.6212960475709087,0.8474561878339385,0.4496442442005322,0.5111463563553382,0.3898263382392731,0.7073516925577845,0.105,0.427078521864659
IBD,2007,0.5221456119192024,0.6329789674868106,0.8632279505881828,0.45530258303694,0.5365687431861218,0.4008096105597597,0.7032954577324856,0.1369999999999999,0.4337240819067951
IBD,2008,0.5201944832322545,0.6318204556112179,0.8745921890685642,0.4631324153813529,0.5229272635713678,0.4077002027633568,0.7112988305645137,0.171,0.4285870399953428
IBD,2009,0.5294554983422486,0.6660779691939355,0.8813772216521587,0.4737982588197659,0.4505506438843396,0.4101895676669255,0.694348929510493,0.207,0.4568656812634868
IBD,2010,0.5249916811661707,0.6701564117839469,0.8917617168124577,0.4793284861417701,0.4852279843508897,0.4195579757301552,0.7007138101121518,0.25,0.4433220512605402
IBD,2011,0.521746989217183,0.6736386952089763,0.9056457744504977,0.4911146820026905,0.4846082680880844,0.4269792300023859,0.7052872922178164,0.285,0.4396846126458985
IBD,2012,0.5178256148910981,0.6870608285506352,0.9090537345592534,0.4984508762916618,0.4580914884145721,0.4331212693405285,0.7012896252954914,0.315,0.451941824073685
IBD,2013,0.5204956090046637,0.7018206428336494,0.9222074496854216,0.5164294753022888,0.4594917708738815,0.4389104432127036,0.6922538579854005,0.34,0.4722853685297286
IBD,2014,0.5212004419588453,0.7171801726416358,0.930470161078466,0.5327153543003132,0.4397464655693287,0.4441547460089742,0.6861435190512359,0.364,0.4863716029734407
IBD,2015,0.5256603028926036,0.7395649452402604,0.9400924422941894,0.5479777300289497,0.437000699808581,0.4488493017433107,0.6733921980523125,0.391,0.5114381122411406
IBD,2016,0.5262650860435246,0.7432211212784068,0.9484598160407204,0.5562930140693381,0.421691154637124,0.4537741761112742,0.6616007272337447,0.432,0.5245169864086198
IBD,2017,0.5169883190853978,0.7422043468081185,0.958127360528726,0.5627894112426676,0.4029630776332773,0.4597272355537082,0.6655770448745768,0.466,0.5250520532748538
IBD,2018,0.5075731941131832,0.7542935969752977,0.9724157935317268,0.5707422428488106,0.4119250435780575,0.4653661332408093,0.675110957862986,0.503,0.5251030220558541
IBD,2019,0.5127732853829884,0.7595253487788026,0.9739937163950247,0.5783873020594604,0.4034704312526785,0.4699001037145728,0.6621143729197961,0.563,0.5403609662915683
IBD,2020,0.5342633867617603,0.7883111862091627,0.976218884762321,0.5702564892277088,0.4003448825064969,0.4670355480726668,0.6555920935734155,0.654,0.5417031880587523
IBD,2021,0.5240507463932242,0.7821697668051251,0.9891567132639694,0.572026896686212,0.4289749717785824,0.4769032010005364,0.679382882895087,0.703,0.5205414460158154
IBD,2022,0.5191232003439574,0.8036793194480256,0.9874340762096008,0.5683197804434547,0.38711363222827,0.4815959024568407,0.6807048057469214,0.7440000000000001,0.5208932349645465
IBD,2023,0.5142022797965524,0.8069875903466437,0.9889018866847628,0.5762943116845681,0.3529460544928762,0.4877194303542546,0.6605947509689486,0.773,0.5402709285134718
IBD,2024,0.5131210153529873,0.8124970917755532,0.993400380023984,0.5817273231099799,0.3515260334674565,0.4931067989784469,0.6498580308383314,0.799,0.5483033499486218
IBT,2004,0.5807360716944104,0.6041271823812846,0.6701249854941232,0.4066439443623644,0.4610767361068326,0.3459814022647279,0.6771343535452052,0.1162,0.4239151948232465
IBT,2005,0.5633871147308815,0.5992442856195084,0.6845656864958889,0.4147632970193914,0.4831460532325687,0.3540161796040363,0.6861130993638173,0.072,0.4218672559245346
IBT,2006,0.551275420906008,0.6064303078067401,0.6969785604012164,0.4255402720032373,0.5061877278780413,0.3633863353757766,0.6941561762612966,0.087,0.4220246479050735
IBT,2007,0.549108743035431,0.6195502295672817,0.7086717946747286,0.4314481502982206,0.5322635200953467,0.3735594237432996,0.6907249726638054,0.113,0.4286306386587671
IBT,2008,0.548217787606154,0.6197552157793023,0.721542236884293,0.4391033957773619,0.5202204641115867,0.3798785890767874,0.6989608979935602,0.14,0.423540767253639
IBT,2009,0.5569393383639812,0.65387801739425,0.7290795246567795,0.4491035866418362,0.4508558609420449,0.3821548433675418,0.6811588871236091,0.1689999999999999,0.4516940174440824
IBT,2010,0.5507726339722359,0.6582896860148428,0.7396055730230299,0.4557021767049307,0.4831533040238833,0.3908847811785106,0.6888907181875383,0.203,0.4387306704813163
IBT,2011,0.5455857169004142,0.6616801399517691,0.7584988224606933,0.4661897854748743,0.4835664341588441,0.3976198740780224,0.6951604396517823,0.2319999999999999,0.4347843733070884
IBT,2012,0.5421625864736939,0.6753733467970721,0.7661053819248724,0.4736216668921107,0.4585799033415399,0.4031288508920047,0.6906822695990079,0.257,0.4473761728436332
IBT,2013,0.5437281532625429,0.688909479395942,0.7795840483933983,0.4886345358079657,0.4590844313645661,0.40856645491222,0.6814277349339919,0.278,0.4672776309026692
IBT,2014,0.5447562494062446,0.703960776380209,0.7879751883107154,0.5036012213777926,0.4386926405962992,0.4134954128539448,0.6750327541047695,0.301,0.4805453461913075
IBT,2015,0.549536557688973,0.7261188693357803,0.8003455288687523,0.5175252247080508,0.436940777664325,0.4176886501632723,0.6606999284315187,0.3279999999999999,0.5058980648242564
IBT,2016,0.5488111388827027,0.730143243896973,0.820102774855506,0.5254119677016694,0.4217688048089082,0.4220467946267697,0.6496641542577773,0.364,0.5180186494163721
IBT,2017,0.5389473325620533,0.7295691896433577,0.8337869400918714,0.5330113686393427,0.4052190237308396,0.4274172585282302,0.6554656487814032,0.395,0.5175659559801882
IBT,2018,0.5304697024747186,0.7412975313794063,0.8479350694576194,0.5417197536066523,0.4117677333057511,0.4325051962585305,0.665834325277419,0.429,0.5166899321944615
IBT,2019,0.5391881763743402,0.7452117264760849,0.8529864881799407,0.5495670564750224,0.4027735654858157,0.4364920223402865,0.6520575682109846,0.478,0.5305160071928597
IBT,2020,0.5591232221680288,0.7743605483780497,0.8576229212517364,0.5383798285611338,0.3983184969588645,0.432979457855981,0.6450064714591379,0.551,0.5313298901299068
IBT,2021,0.5485076891472397,0.7697849512662999,0.8726224794032961,0.5398877032861363,0.4270908589873812,0.4418429957548523,0.668600801921134,0.593,0.5105636590360555
IBT,2022,0.5439196082118879,0.7887097139749728,0.8718340846147696,0.5377531760594886,0.3866007498383897,0.4459604553322834,0.6706053188446323,0.63,0.5099956949003107
IBT,2023,0.5376625653645107,0.7966910624060375,0.8765793814160405,0.5447189911602709,0.3565702235683458,0.4512540637979542,0.652737096817278,0.655,0.52982545808405
IBT,2024,0.5339122637651968,0.8037723952561261,0.9363976552735496,0.550641518561464,0.3572374225511228,0.4560062702245929,0.6433875022354052,0.677,0.537798465681942
IDA,2004,0.7569050692110411,0.32595227279083233,0.0,0.3058486624852226,0.4063421718009578,0.2008712501284771,0.4952747118965196,0.0198,0.3518509394172744
IDA,2005,0.753920357989809,0.32905103900628124,0.0,0.3139194183186731,0.4297324147011986,0.2061303560072248,0.5121649184150112,0.022,0.347465673814622
IDA,2006,0.7457078724414634,0.33084406554183543,0.0093699607524115,0.3205010272587657,0.4493948740743811,0.2111628761882803,0.5146138952049987,0.0279999999999999,0.3616201297111306
IDA,2007,0.7457135747348581,0.35444658323030115,0.0159338937358927,0.3288854995134489,0.4798752954791665,0.2160150520168112,0.5092542367646206,0.037,0.3645532516813822
IDA,2008,0.7506218438228015,0.375540561557912,0.0507925685223262,0.3373195465263036,0.4871826692846876,0.2196789502957373,0.5201657896766075,0.042,0.3596928898385199
IDA,2009,0.7563339519178888,0.3801156749145289,0.074606434139787,0.3464875653832585,0.4545606482681397,0.2233667646641225,0.4882721884591611,0.049,0.3864333943616761
IDA,2010,0.7491318332505146,0.36559144755597767,0.0972462776111053,0.3597291670220194,0.4565188607259584,0.2286789818501707,0.5094386036924207,0.059,0.3788798091338191
IDA,2011,0.7405296299852867,0.3575304094733022,0.155307412034023,0.3658904695413604,0.4696468588090047,0.2313222369636663,0.5375231863342657,0.068,0.3687921353972967
IDA,2012,0.7406709650252977,0.35810103428047463,0.1947055286245174,0.3743099731471022,0.4652740115126109,0.2329867617853774,0.5230420132391623,0.079,0.3857698451817127
IDA,2013,0.7320181082324609,0.35919401833125414,0.2170303888008746,0.3783958928706194,0.453753802724597,0.2374270910601491,0.5158429162051703,0.094,0.4007642316335648
IDA,2014,0.7287294519990708,0.3789124287600627,0.2334374775455342,0.3884984793030627,0.425558193718745,0.2419897246013164,0.5125014370714049,0.1159999999999999,0.405010338767189
IDA,2015,0.7310597483059991,0.3939449563899768,0.2674628028783316,0.3978325067623985,0.4362178876593091,0.2438534964805666,0.4772059957473703,0.142,0.4353228744965138
IDA,2016,0.725353203887178,0.4092314670584083,0.3500065088937713,0.4057495680708985,0.4227179111698332,0.24536568231526,0.4764017343928092,0.1689999999999999,0.4346415619937311
IDA,2017,0.7183226392686155,0.412920363325344,0.3890179590131108,0.4197963072438234,0.4341280274458796,0.2479120226988816,0.5050832798293086,0.192,0.4181880678423045
IDA,2018,0.7151327909291761,0.4154105019014026,0.4095403671013425,0.4332498948824368,0.409743723987984,0.250949661852775,0.5289742765958986,0.22,0.4042181462164929
IDA,2019,0.7288047895137045,0.4007841037463021,0.4370163104444278,0.4434482751994826,0.3945375836098249,0.2533464804518984,0.5158707409107774,0.242,0.4071274589336524
IDA,2020,0.7405817076300625,0.4092547137556118,0.4592267709969662,0.4241952855557898,0.3746205288115529,0.2474954927827731,0.5018709289424882,0.27,0.4018053254586905
IDA,2021,0.7389206198027879,0.4155174705232755,0.4901512508869095,0.4238908682154697,0.4031198077721915,0.2499945233308907,0.5091432353977372,0.298,0.3776683653300618
IDA,2022,0.7338900684667178,0.4187081219514541,0.5003790209785864,0.4312351709172431,0.3801241618017274,0.2533727742521586,0.5250940919219608,0.3279999999999999,0.3659140540969534
IDA,2023,0.7316924779683022,0.4608704357347983,0.5246492147963024,0.4334652264363663,0.4062952232156257,0.2546654466004631,0.5329798348208218,0.345,0.3816815923843579
IDA,2024,0.7198017084650681,0.4194616571547564,0.9858335468684608,0.4420345252337993,0.4415598555745021,0.2577318297979053,0.5409918703140295,0.364,0.3805756261393413
IDB,2004,0.7556209856355806,0.32505696601854966,0.3653367099684252,0.438592390740145,0.3645836540515158,0.2544620842156261,0.4879482782840159,0.2892,0.3806273331112929
IDB,2005,0.7507601985485569,0.32031575407328255,0.3871451968349721,0.4440102513443621,0.4294922279620731,0.2592616737640768,0.5064804893959869,0.044,0.3866373885969048
IDB,2006,0.7404322914965933,0.31663553007907524,0.4050660287973614,0.4456669742155027,0.4419618116690608,0.2637300548401854,0.4948204923079679,0.054,0.407971293053017
IDB,2007,0.7383984695601084,0.35671896971970213,0.4280498310698284,0.4481664320946623,0.4586967658248534,0.2676155374790313,0.4759320230181785,0.061,0.4307657521420677
IDB,2008,0.743090223263221,0.3883295943282486,0.4477452975885356,0.4522584524716599,0.4510029736900467,0.2697477814272088,0.4945987910383749,0.068,0.4212653171958763
IDB,2009,0.7465705578987057,0.3789605100009188,0.4436391471133171,0.4613624822764942,0.4343260470093512,0.2742928088974162,0.4494556651784738,0.077,0.4365350328619427
IDB,2010,0.743665869551835,0.34049476327492956,0.4595599488166692,0.4660003334333756,0.3936414489628151,0.2789661379261653,0.488942739770251,0.091,0.4219883633120361
IDB,2011,0.741777289954019,0.31845523552383254,0.534410684260192,0.4694072959329209,0.400418682435842,0.2813889561250108,0.5180829163397358,0.103,0.4011392159455392
IDB,2012,0.7374019338842434,0.3091929533347502,0.5291436611257816,0.4762298034310537,0.3662106460115859,0.2844733072567643,0.5129450404526812,0.118,0.4134213226404015
IDB,2013,0.7308689161379189,0.30953933547705315,0.5546579813567053,0.4805955447033633,0.3638163321918017,0.2893910326071857,0.4943570222149029,0.139,0.4357327244121339
IDB,2014,0.7267681634090644,0.32686166777957565,0.5419255833999126,0.4860368416169022,0.3608945193412227,0.2944831962657527,0.4843270179301723,0.161,0.4466742312666906
IDB,2015,0.7348016040329546,0.3310888663964097,0.5474086029011207,0.4907532199536998,0.3626674417470462,0.2970069253651889,0.4234987563432191,0.19,0.4912546324177237
IDB,2016,0.734175847364194,0.34743570210648345,0.611642687265056,0.4899472315520919,0.3528632360317634,0.2974174999304814,0.3905177473586299,0.206,0.5001271347244867
IDB,2017,0.7236466880544756,0.33739784038376097,0.5965780366597487,0.5032252938009466,0.3781243842179057,0.2985231718242779,0.4416484693016592,0.223,0.4780609253766676
IDB,2018,0.7242426905054098,0.33492486560087775,0.62168663398839,0.5169009995238967,0.3509939412856777,0.3011190230922708,0.4748617793196686,0.241,0.4530916053580598
IDB,2019,0.7502626252177328,0.30371933554029673,0.6341223202846304,0.5208372432878675,0.3290216059914823,0.3025606441009579,0.4497074581109323,0.269,0.4548509747106208
IDB,2020,0.7673025597507847,0.32155639450743934,0.6436228317894577,0.5080128097934378,0.3162624264356493,0.2947948725611194,0.4112507770594573,0.287,0.4506175456817274
IDB,2021,0.7695398861000249,0.33027129410076783,0.675278807577697,0.5130354134584411,0.3371817881216765,0.2979703267970676,0.421844915433138,0.324,0.4320956426924658
IDB,2022,0.7626008836245846,0.3279725551480506,0.6847595810610018,0.52374481210795,0.3288640071627907,0.3019157297722797,0.4533783354901261,0.365,0.4256679277203083
IDB,2023,0.7544388901359745,0.4354730381609752,0.6979858937473247,0.5297189721857607,0.3457660666130728,0.3032028313995035,0.4492951334430091,0.383,0.437629151761498
IDB,2024,0.7365536105102363,0.4437529809881639,0.7586911406150066,0.535974127731847,0.3615889311990371,0.3062536207474319,0.45132248259842,0.412,0.441067847881968
IDN,2004,0.6482886076623571,0.527425715512422,0.858825527909305,0.4708711668908731,0.3320656680135608,0.3055301294272826,0.798507707266653,0.0260029,0.2475881844523218
IDN,2005,0.6287052593983842,0.5273769630252271,0.8003156657228612,0.4485448374802785,0.4738008208706619,0.3117003867341913,0.819524342220471,0.0360202,0.2324150909333097
IDN,2006,0.6261117565722648,0.527425715512422,0.8803995631646636,0.4817930010686794,0.3717446658553393,0.3175473278746729,0.8238374610792252,0.0476481,0.2269737268360896
IDN,2007,0.638462831236405,0.527425715512422,0.8870642220841037,0.4908923858383329,0.3883444069113996,0.3245570061763364,0.8222940906957691,0.0578627,0.2137956022331222
IDN,2008,0.6505473462846755,0.527425715512422,0.9081505529274267,0.492402236242638,0.4028779018174233,0.3311481753932231,0.8356219355265667,0.0791748,0.1676753279935535
IDN,2009,0.6626842507604838,0.4549235015586018,0.9198539382574834,0.5040542896683705,0.3428477737316315,0.3358755681608764,0.8313430640532997,0.0692,0.1582909709949641
IDN,2010,0.6418817514684502,0.4516238492124681,0.9275945003129228,0.518092815082056,0.4158190054399149,0.3428077152404677,0.7773120703303075,0.1092,0.2396356240963093
IDN,2011,0.6351278553888076,0.4737122642911289,0.9352864302439208,0.5268659329701788,0.4338984774503781,0.3496426732894165,0.7904365581796433,0.1227999999999999,0.2378797845943966
IDN,2012,0.6328443546639271,0.4974162025568993,0.950526811528223,0.5295683618546301,0.434340760609795,0.3562733565336896,0.7867821700928529,0.1452,0.2440943227489775
IDN,2013,0.63255760639222,0.5144136980647955,0.9568214003049156,0.5359894153201051,0.4500624520175562,0.3623216008257161,0.7756710962218389,0.1494,0.2577829701454162
IDN,2014,0.6322261245638032,0.5166847115452093,0.9630837915557962,0.5395149134112851,0.4675439147256471,0.3677053644985409,0.7673101753506226,0.171432,0.2729807396950701
IDN,2015,0.6348048764932926,0.5327810172088661,0.9693143129931838,0.5478028688023742,0.4335491361992566,0.3729858861486615,0.744394031316349,0.220627,0.2948685787220038
IDN,2016,0.6345761501253891,0.5344115467298092,0.9705566213901408,0.568355777447048,0.3157390288308755,0.3785526387870827,0.7350943615746087,0.254474,0.3015857247354719
IDN,2017,0.6292113117578465,0.5305407248443939,0.976749324629734,0.5778062131965895,0.4154487054347233,0.384245868320603,0.7359910379749144,0.323358,0.3010284581950005
IDN,2018,0.6232741641896823,0.5309661617261595,0.9816810324873144,0.5882828876685634,0.4020943924651046,0.3901597457087292,0.7404136737517023,0.399046,0.2968072225315854
IDN,2019,0.6216124430133939,0.5284360925042115,0.9865929541017062,0.6005192303080557,0.4293674831666141,0.3959091929506481,0.7305472778715502,0.476906,0.3131581867970299
IDN,2020,0.6381666435310699,0.5302328847583228,0.9630837915557962,0.5995310070145119,0.4018532219046679,0.3916470111607536,0.7213297494348555,0.537265,0.3169767409415857
IDN,2021,0.6312831234185289,0.5201668303218581,0.9902640057882316,0.6019681050691577,0.4003740654807615,0.3959011112414413,0.741857146226733,0.6210450000000001,0.2849588453338147
IDN,2022,0.6161074246169943,0.5095557604164671,1.0,0.5968934118497874,0.4058918712651411,0.4023230239466743,0.7613276075725021,0.664846,0.263559960488619
IDN,2023,0.618405622151833,0.5141309054786923,0.9927052724399016,0.6021912125525036,0.3862720334368374,0.4082485586307686,0.7464813712443459,0.692084,0.2861165536367795
IDN,2024,0.6197981929015001,0.5164923234446848,0.9914803869138518,0.6082188734901133,0.3970326028942762,0.4141901327791194,0.735221795652899,0.727808,0.3042004283151113
IDX,2004,0.7580291154265131,0.32690542203285144,0.0,0.2201909207936933,0.4492655551031446,0.1609931334615222,0.5011550371789827,0.012079254,0.3212142839498082
IDX,2005,0.7569907034961468,0.33814633087909807,0.0,0.2303313586375364,0.429983715493713,0.1666492347373933,0.5163774610181266,0.01,0.3049740651019144
IDX,2006,0.751361974831749,0.34575865840984776,0.0,0.24059268326055,0.4576467666040591,0.1722068677644518,0.5340500900928233,0.015,0.308473445939857
IDX,2007,0.7532431888381992,0.3519616811770823,0.0,0.252790512569251,0.5027631633273137,0.1779312855032355,0.5421865280002383,0.023,0.2878167573567963
IDX,2008,0.7580600167656394,0.36162654389026505,0.0,0.2639584728509526,0.5246682489997658,0.1830031480334917,0.5447832729492947,0.0279999999999999,0.2924574593027569
IDX,2009,0.7652475063170658,0.3812821890170675,0.0,0.2726141114311116,0.4738479207863869,0.1856897500967215,0.5221828614097664,0.034,0.3371301457474991
IDX,2010,0.7543268748799554,0.388464350396917,0.0,0.2920051243280792,0.5181962946782761,0.1915022106635521,0.5282491591048021,0.042,0.3359761774766301
IDX,2011,0.7393621940578727,0.3893997147744928,0.0,0.3002587115311025,0.5379561464970608,0.1942791656273308,0.5556671898593112,0.05,0.3365568535013989
IDX,2012,0.7441283162144703,0.4027535203645921,0.0,0.309547721144363,0.5765932718183635,0.1944826164720524,0.533444828698194,0.0579999999999999,0.3553306531254595
IDX,2013,0.733246268962511,0.4064528865430611,0.0,0.3133361248001981,0.5525725421470993,0.1983999709375862,0.537792219638941,0.069,0.3616873722221824
IDX,2014,0.7308505107840708,0.4311955395459652,0.0240573518444057,0.3262530912080947,0.4978875593838568,0.2024273564685977,0.5415147255707995,0.09,0.3570499028353209
IDX,2015,0.7270939393368834,0.4524035691842391,0.0817012960814422,0.3385034401508593,0.514274838797374,0.203654322490559,0.5276952748360467,0.1159999999999999,0.3730791138063669
IDX,2016,0.7169109396151805,0.4605372708801568,0.1791931526231689,0.3524518270966255,0.4886013155902167,0.2064156476583277,0.5449964835981684,0.149,0.3694529280102044
IDX,2017,0.7135954399661201,0.4701524638240557,0.2590620280301217,0.3677587017493977,0.4846043829502406,0.2105334028972766,0.5553734258604464,0.175,0.3618892050526917
IDX,2018,0.7069314661371365,0.4744267624618047,0.2766645136534223,0.3816400231998488,0.4623082667757421,0.2141239096255874,0.5721339556152617,0.209,0.3593627922599722
IDX,2019,0.7049884031104271,0.4770600663623507,0.3152966455816992,0.3961863892705621,0.4630830703169734,0.2175936383897118,0.574798574335828,0.228,0.3564557030717937
IDX,2020,0.7128125590264656,0.4777712362343944,0.3467379628887697,0.3728135037661051,0.430247048128613,0.2136983222592013,0.5735664638269391,0.26,0.3543062687051716
IDX,2021,0.7068074685654667,0.4858411561583702,0.3774473590239277,0.3678651698100406,0.4653589523942333,0.2156500357439316,0.5780471195409338,0.284,0.3248011247347642
IDX,2022,0.7046606221130383,0.4919694188129912,0.3884627755798528,0.3724415600384052,0.428371376190354,0.2185786004527855,0.5821010748315079,0.307,0.3086559619844244
IDX,2023,0.7136511163302921,0.4975168195925808,0.4205983317922674,0.3698489837899359,0.4547979626854915,0.2200028550864653,0.5896590211504728,0.325,0.3379597989639992
IDX,2024,0.7104148525206697,0.15717657946825522,0.150045272168028,0.3793090562140634,0.4957225954660543,0.2232210599917193,0.5902513258166354,0.3389999999999999,0.342542590492619
IMN,2004,0.0280982094461106,0.8762641376486829,1.0,0.844449196174535,0.8,0.7830812898053118,0.5308927589342852,0.7378138000000001,0.589227916555824
IMN,2005,0.2176282795851911,0.7584434737965925,1.0,0.8425476269757349,0.9593815684793484,0.7900747874120505,0.5137459369806077,0.628,0.5391114515462881
IMN,2006,0.229879509889346,0.7922216488842776,1.0,0.8530126183497015,1.0,0.7994292252564993,0.7599193316513236,0.7039144,0.564065375343488
IMN,2007,0.2654436631858858,0.8153197637213562,1.0,0.8681535946363574,1.0,0.8083932659646565,0.7564000927464839,0.453,0.5045952611391231
IMN,2008,0.4580606325439101,0.6927016503360013,1.0,0.8427275133024775,0.8628717103986936,0.8137680477512576,0.5945126563562227,0.7026612,0.6750422921892625
IMN,2009,0.463541121264778,0.6927016503360012,1.0,0.8826540725128952,0.7776191184462278,0.8151833481093042,0.5009093840856164,0.6114986000000001,0.5332879087812089
IMN,2010,0.2138303297645498,0.6421237567713489,1.0,0.8517598969023745,0.7776191184462278,0.818411168155431,0.4729997528202486,0.5798694,0.5442384833960207
IMN,2011,0.3180236375436619,0.6986672921978878,1.0,0.889999803862006,0.9776191184462276,0.8204074365552981,0.4754493590678652,0.6078370000000001,0.5163233061580239
IMN,2012,0.1156222520154951,0.7716062319603678,1.0,0.8894566981634404,0.8096440888307642,0.8307212805543961,0.0338163708620932,0.7118518,0.970269887642264
IMN,2013,0.1088410124515296,0.729029904251018,1.0,0.9005620738260388,0.948369815777784,0.8369467108115224,0.022558123071637,0.6818518,0.9714117264193336
IMN,2014,0.085232147283075,0.729029904251018,1.0,0.9049964598309512,1.0,0.8446735422314245,0.0,0.6966036000000002,0.9770395062369336
IMN,2015,0.0895178228147725,0.729029904251018,1.0,0.8854875796462633,0.843263874052003,0.8446306243596539,0.0067171771824763,0.7139974,0.9757128212541192
IMN,2016,0.1078684013625942,0.6973515316277168,1.0,0.8948226303995928,0.8374051943685024,0.8546079122149611,0.0,0.7355690000000001,0.9764433435995666
IMN,2017,0.077594000865087,0.6675965981920673,1.0,0.891825486097542,0.948369815777784,0.8584213439062008,0.0,0.7085888,0.9765895382502562
IMN,2018,0.0793631525428114,0.6675965981920673,1.0,0.8978591173004297,0.9593815684793484,0.8612593730608887,0.0,0.6787288,0.9742393428962488
IMN,2019,0.0628750952519803,0.6675965981920673,1.0,0.8929962343716003,0.7857750101462864,0.8613658396917482,0.0,0.6820122000000002,0.97916180119563
IMN,2020,0.0728005948563888,0.729029904251018,1.0,0.8824949314936915,0.7606267395456827,0.8477509164109539,0.0159967678199028,0.6570406000000001,0.9584744996695436
IMN,2021,0.0666613159255085,0.729029904251018,1.0,0.885758339858431,0.7451565786256348,0.8531451562591791,0.0431955142718454,0.7039974000000001,0.958875263595784
IMN,2022,0.0727715578503274,0.6675965981920673,1.0,0.8969714970349509,0.9018927045736318,0.8469242789014023,0.0,0.6820122000000001,0.9905900821069462
IMN,2023,0.114582832229129,0.584709702263375,1.0,0.8221590337060404,0.1930998871196398,0.713381279646957,0.2435327797284502,0.423605,0.7279149108544634
IMN,2024,0.4832602086474102,0.5350240562334468,0.7377509084852749,0.6173821895359558,0.521044970375395,0.4600931523874124,0.4981522257440442,0.433764261627434,0.4979430980515284
IND,2004,0.6970394710423506,0.5152470149504615,0.4679236034208192,0.2018282263377992,0.3338457845640902,0.183818622895366,0.5877106217185581,0.0197614,0.31105292925774
IND,2005,0.6945618371904296,0.5381932271917562,0.5476395832747367,0.2111258822735384,0.3416879859535278,0.1925097923511763,0.5930100891119956,0.0238807,0.317559763067769
IND,2006,0.6839463892909421,0.5574331598311877,0.531750891087989,0.216339506033408,0.4226516748691364,0.2014834784476803,0.6158407794828661,0.028055,0.3096261021682757
IND,2007,0.6831508000339689,0.5675800666313778,0.6075401651502202,0.2187859513931591,0.4189568160920918,0.2100043080591976,0.6154560368499198,0.0395,0.3089264798279448
IND,2008,0.6836985686227811,0.5863165653762162,0.637241496122358,0.2201685298678191,0.5196434990170901,0.212326542977619,0.6191864672186653,0.0438,0.3455677868325296
IND,2009,0.6830722053110968,0.5796527454775777,0.6518262528262899,0.2229783098185709,0.456585649229016,0.2212055716788786,0.6189420927328529,0.0512,0.3475258307351532
IND,2010,0.6868351175659054,0.5908317848607277,0.6725910462932878,0.2246676597745584,0.3904284877210133,0.2309249376925061,0.6125910839658887,0.075,0.3291600903421977
IND,2011,0.689013852474176,0.5941031271250011,0.7222523972398747,0.2428937314476291,0.4143146440517323,0.2362796741759799,0.6034241395892742,0.1007,0.3370919919918478
IND,2012,0.6844270359078326,0.5967406561836159,0.7283207854763956,0.2612775499917027,0.3694663490018244,0.241992732612115,0.5907391597360033,0.111,0.3535504082507669
IND,2013,0.688442340257505,0.5989063576445922,0.7758145396860336,0.2779071380676509,0.382699778510706,0.2490391844323604,0.5737373834242405,0.123,0.3610668499769209
IND,2014,0.6837118659700281,0.5967129955502893,0.8045889504108512,0.2953761741277545,0.394373975979553,0.2575792408793212,0.5605461722297591,0.135,0.3819775759541152
IND,2015,0.6752900535063847,0.5966488092159661,0.8451461138630243,0.3138999625950157,0.4201751838240665,0.2670082557662999,0.554999542538857,0.149,0.3812660842719737
IND,2016,0.6779037987707408,0.5842097158739752,0.8669604071420459,0.3301701789091074,0.4101040312370571,0.2767883537545764,0.5416821674542297,0.165,0.3806335903933122
IND,2017,0.6805603542253169,0.5827861616256675,0.8963342109266358,0.3465570447418342,0.382116623254617,0.2846400532927061,0.5394734420665293,0.182,0.3791861361290082
IND,2018,0.6732980562019517,0.589854575976561,0.9467344652223652,0.3627188395664853,0.3854291145842952,0.2921217121054434,0.5378351176958609,0.200813,0.3931129132631097
IND,2019,0.6832239828587101,0.5916701686830462,0.949264000874592,0.3764373815304989,0.4001769201139651,0.2961236914246811,0.5026757700443663,0.2952349999999999,0.4226589553790755
IND,2020,0.7076224155766394,0.6079179890269174,0.9568214003049156,0.3304629196029952,0.4406159332689543,0.2860769415297454,0.5131907138339536,0.434054,0.3840036586293155
IND,2021,0.6913692215047923,0.5889692220579935,0.9951416808462688,0.3271694664849555,0.375924628035562,0.2983014275505834,0.5388499761130923,0.4537296,0.382433806026743
IND,2022,0.6803945907954939,0.6056541495474537,0.9902640057882316,0.3187548206886218,0.3811516494151088,0.3077954524217937,0.5182887154326304,0.559,0.4163127724418876
IND,2023,0.6755492816916759,0.6020414669373824,0.9939240827149284,0.3273026779343154,0.3342572365108095,0.3192714830187954,0.5167043707653652,0.4537296,0.412444353563428
IND,2024,0.6768251824133563,0.5540364905495488,0.6353200604751807,0.3429256353279452,0.3291949492106887,0.32710953119491,0.5034154725639002,0.4863799999999999,0.4189505797748446
INX,2004,0.4832602086474102,0.5350240562334468,0.7377509084852749,0.6173821895359558,0.521044970375395,0.4600931523874124,0.4981522257440442,0.433764261627434,0.4979430980515284
INX,2005,0.4832602086474102,0.5350240562334468,0.7377509084852749,0.6173821895359558,0.521044970375395,0.4600931523874124,0.4981522257440442,0.433764261627434,0.4979430980515284
INX,2006,0.4832602086474102,0.5350240562334468,0.7377509084852749,0.6173821895359558,0.521044970375395,0.4600931523874124,0.4981522257440442,0.433764261627434,0.4979430980515284
INX,2007,0.4832602086474102,0.5350240562334468,0.7377509084852749,0.6173821895359558,0.521044970375395,0.4600931523874124,0.4981522257440442,0.433764261627434,0.4979430980515284
INX,2008,0.4832602086474102,0.5350240562334468,0.7377509084852749,0.6173821895359558,0.521044970375395,0.4600931523874124,0.4981522257440442,0.433764261627434,0.4979430980515284
INX,2009,0.4832602086474102,0.5350240562334468,0.7377509084852749,0.6173821895359558,0.521044970375395,0.4600931523874124,0.4981522257440442,0.433764261627434,0.4979430980515284
INX,2010,0.4832602086474102,0.5350240562334468,0.7377509084852749,0.6173821895359558,0.521044970375395,0.4600931523874124,0.4981522257440442,0.433764261627434,0.4979430980515284
INX,2011,0.4832602086474102,0.5350240562334468,0.7377509084852749,0.6173821895359558,0.521044970375395,0.4600931523874124,0.4981522257440442,0.433764261627434,0.4979430980515284
INX,2012,0.4832602086474102,0.5350240562334468,0.7377509084852749,0.6173821895359558,0.521044970375395,0.4600931523874124,0.4981522257440442,0.433764261627434,0.4979430980515284
INX,2013,0.4832602086474102,0.5350240562334468,0.7377509084852749,0.6173821895359558,0.521044970375395,0.4600931523874124,0.4981522257440442,0.433764261627434,0.4979430980515284
INX,2014,0.4832602086474102,0.5350240562334468,0.7377509084852749,0.6173821895359558,0.521044970375395,0.4600931523874124,0.4981522257440442,0.433764261627434,0.4979430980515284
INX,2015,0.4832602086474102,0.5350240562334468,0.7377509084852749,0.6173821895359558,0.521044970375395,0.4600931523874124,0.4981522257440442,0.433764261627434,0.4979430980515284
INX,2016,0.4832602086474102,0.5350240562334468,0.7377509084852749,0.6173821895359558,0.521044970375395,0.4600931523874124,0.4981522257440442,0.433764261627434,0.4979430980515284
INX,2017,0.4832602086474102,0.5350240562334468,0.7377509084852749,0.6173821895359558,0.521044970375395,0.4600931523874124,0.4981522257440442,0.433764261627434,0.4979430980515284
INX,2018,0.4832602086474102,0.5350240562334468,0.7377509084852749,0.6173821895359558,0.521044970375395,0.4600931523874124,0.4981522257440442,0.433764261627434,0.4979430980515284
INX,2019,0.4832602086474102,0.5350240562334468,0.7377509084852749,0.6173821895359558,0.521044970375395,0.4600931523874124,0.4981522257440442,0.433764261627434,0.4979430980515284
INX,2020,0.4832602086474102,0.5350240562334468,0.7377509084852749,0.6173821895359558,0.521044970375395,0.4600931523874124,0.4981522257440442,0.433764261627434,0.4979430980515284
INX,2021,0.4832602086474102,0.5350240562334468,0.7377509084852749,0.6173821895359558,0.521044970375395,0.4600931523874124,0.4981522257440442,0.433764261627434,0.4979430980515284
INX,2022,0.4832602086474102,0.5350240562334468,0.7377509084852749,0.6173821895359558,0.521044970375395,0.4600931523874124,0.4981522257440442,0.433764261627434,0.4979430980515284
INX,2023,0.4832602086474102,0.5350240562334468,0.7377509084852749,0.6173821895359558,0.521044970375395,0.4600931523874124,0.4981522257440442,0.433764261627434,0.4979430980515284
INX,2024,0.4832602086474102,0.5350240562334468,0.7377509084852749,0.6173821895359558,0.521044970375395,0.4600931523874124,0.4981522257440442,0.433764261627434,0.4979430980515284
IRL,2004,0.2227290387619887,0.757438812365392,1.0,0.7830088739130269,0.0,0.764667825038225,0.6132520479693155,0.3699,0.5148652819550691
IRL,2005,0.1665235619614518,0.7970014753296311,1.0,0.7854288648151673,1.0,0.7696066901306832,0.6013268246531652,0.4161,0.5324508264932575
IRL,2006,0.1529659138580365,0.8310802700060832,1.0,0.7892892901755036,0.9026397368119532,0.7727587222801579,0.6020875487832622,0.5482,0.5354011971772303
IRL,2007,0.1676551313124596,0.851648118982499,1.0,0.8083546291653326,1.0,0.7760726507078083,0.5758499170281327,0.611583,0.5710670392948575
IRL,2008,0.1439705778990422,0.8633124696804476,1.0,0.8316584582863137,0.8342367166992435,0.7664538358540981,0.5286731705443773,0.6534000000000001,0.6190595188650856
IRL,2009,0.1029986834272213,0.8673298920266551,1.0,0.8582411878695219,1.0,0.757387441931136,0.5226758885524465,0.6738,0.6347478389831851
IRL,2010,0.157182829759393,0.8126466366851399,1.0,0.8714777690006926,1.0,0.7590191396122831,0.4774140973761025,0.6985,0.6763208234373436
IRL,2011,0.1858044176903794,0.7780075552820883,1.0,0.876821944318296,0.9240628347291322,0.7607029591330751,0.4968546363306447,0.7489,0.6651378566484081
IRL,2012,0.1609160281341387,0.7696491575785677,1.0,0.8801027027309418,1.0,0.7594987326164412,0.4920200244365525,0.7692,0.6710902102383328
IRL,2013,0.1707604067562566,0.7519208083583876,1.0,0.8781824167726342,1.0,0.7618832216983121,0.4874214350653087,0.782477,0.6865907369412572
IRL,2014,0.187153875092471,0.6906873487166459,1.0,0.8803082200202414,1.0,0.7738443933032796,0.4994142594483021,0.8349169999999999,0.68164604819473
IRL,2015,0.1463643782190865,0.593999367883922,1.0,0.8747184611939086,1.0,0.8044268035662966,0.7239538317414536,0.834948,0.4925606105019381
IRL,2016,0.1535595274111477,0.5761511281200387,1.0,0.8715350587731431,1.0,0.8043270023091694,0.6984092602455249,0.835,0.5165833227191309
IRL,2017,0.1764302814419073,0.5521612707688054,1.0,0.8710559123917481,1.0,0.8163463700888037,0.6947842139197313,0.8411400000000001,0.5147873499859201
IRL,2018,0.1538351720816045,0.5362118392760741,1.0,0.8735585655043202,1.0,0.824992055314017,0.7028794502008495,0.870001,0.5247490586930482
IRL,2019,0.1569957755711886,0.5143957889229848,1.0,0.8766409459673099,0.7834864768305614,0.8297308274531677,0.6896304752175033,0.870001,0.5439699749891531
IRL,2020,0.1636241234049035,0.4899439755803756,1.0,0.8757969485646314,0.810740680709152,0.8379259688275628,0.7073456878270183,0.919999,0.5173986536048457
IRL,2021,0.1664736913885828,0.4452285544960663,1.0,0.8706460239838405,1.0,0.8577671559177523,0.7188232636518868,0.964235,0.5078221758690731
IRL,2022,0.1823186646946054,0.4362904656632773,1.0,0.8764339310611672,0.0,0.8654046083971884,0.7531500414891015,0.966206,0.4809616771186717
IRL,2023,0.1435683693632801,0.4343619021427198,1.0,0.8869662722558485,0.0,0.858952497357052,0.6629046023945149,0.964974,0.5863366626870745
IRL,2024,0.1650645018471488,0.4213080293374664,1.0,0.8830126403396824,0.3355039714418253,0.8603932035961849,0.6574515257511143,0.5797916,0.5902139064268157
IRN,2004,0.4898040123647519,0.5081653917902377,0.979217661796788,0.5328826352796103,0.3893001872032873,0.4219401826872514,0.829429370489618,0.0749,0.383735760377438
IRN,2005,0.4777729379654588,0.5282917852309309,0.9804499667021888,0.5384892644834791,0.3675998486686174,0.4232854458644223,0.8518027903026734,0.081,0.3848938498624699
IRN,2006,0.4966158347854439,0.5634080169231591,0.9804499667021888,0.5433831682353313,0.340806913837778,0.4272393534870987,0.8376944903167063,0.0876,0.4056290648612102
IRN,2007,0.4985860947246683,0.5745211380132224,0.9841394566470218,0.5428170986013648,0.3215684548126312,0.4362449978084316,0.8374427041005295,0.0947,0.3780207036831828
IRN,2008,0.4654235737757121,0.566022675607457,0.9853668199780375,0.5471957250108457,0.3157536129106119,0.4348460144683034,0.8315182853397067,0.1202,0.396933914560854
IRN,2009,0.4908568172047771,0.5847219519468354,0.996358069242556,0.5675647332502344,0.3309128778219448,0.4344984136647644,0.7810457631933468,0.138,0.4468660794043102
IRN,2010,0.4777096254228832,0.5973282583440154,0.9927052724399016,0.573588375542028,0.3327766405774119,0.4408616424211616,0.793796645260031,0.159,0.4409705632774424
IRN,2011,0.4098557815033222,0.5848845100157952,0.9939240827149284,0.599243850317218,0.32826440222628,0.4428578954868657,0.8161907892743236,0.19,0.3984043131221307
IRN,2012,0.4869875115064345,0.586581729356952,0.9939240827149284,0.5782647783323563,0.3311289182571342,0.4354989243881336,0.7692825287282252,0.2273,0.4286886933406146
IRN,2013,0.5408980882797281,0.562403592790378,0.9975732503052472,0.5844196340760901,0.3236871538691692,0.4313763203278339,0.7773471541073479,0.2995,0.378651294796649
IRN,2014,0.5551836482782059,0.5836697563703872,1.0,0.5949028722221142,0.313661776514661,0.4364869895316065,0.7340752455481016,0.393536,0.4097466352153104
IRN,2015,0.5710308069419593,0.6155737981827455,1.0,0.607679966420565,0.3166251033463405,0.4324280297588184,0.6354498020454682,0.45335,0.508066822814764
IRN,2016,0.5327840125125323,0.6213876379869752,1.0,0.6194376055368156,0.3298714659913872,0.4426083769810801,0.6675397578564045,0.532268,0.4895637308414512
IRN,2017,0.5338559734845277,0.7602429232657987,0.9987872264286616,0.6199710370426499,0.3480369374694786,0.4448481531367237,0.6932310776881151,0.64044,0.459406565498889
IRN,2018,0.5609154312920364,0.4814642590326933,1.0,0.6233661295099292,0.3215137846650178,0.4374532298173367,0.7069175292963935,0.7020059999999999,0.422579823331799
IRN,2019,0.6053412559188925,0.4892777746522488,1.0,0.6215976657452266,0.3122231186502356,0.432419916456516,0.6542261703111742,0.7245090000000001,0.4505088711563791
IRN,2020,0.6031953024518593,0.4500906016930723,1.0,0.6088458207066593,0.3151090078786699,0.4376116405999203,0.7077310919849863,0.755699,0.3999603746184562
IRN,2021,0.5824252125467138,0.4500906016930723,1.0,0.6164601075583146,0.3067872502549433,0.4422803311893583,0.734045340784301,0.7859569999999999,0.3804975400056018
IRN,2022,0.5836631010539766,0.4393761546000913,1.0,0.6174110263819872,0.3071173251248263,0.4467210582758213,0.7587833312593727,0.79061,0.335132168487384
IRN,2023,0.5847987227328293,0.4500906016930723,1.0,0.6225373965183452,0.3042533060415249,0.4525133484986424,0.7282935831357917,0.7963089999999999,0.3784113460656275
IRN,2024,0.5858009919273652,0.4709567463276251,0.9936681990790492,0.6269016376158778,0.3038647017470748,0.4562067052619981,0.6922429249101983,0.707432,0.4174139952196959
IRQ,2004,0.4912798620143884,0.0,0.9668259080305232,0.7548438371351945,0.3373159591844735,0.3758716557708453,0.9622182285935068,0.009,0.0226390406876322
IRQ,2005,0.4897219196023852,0.0,0.9680707427286704,0.7568920071729669,0.3510048869159423,0.3739816536173038,0.976456824126979,0.009,0.0
IRQ,2006,0.4552767336943699,0.0,0.9705566213901408,0.7597960385037253,0.3222813770290291,0.3808774187844091,0.9590258835058548,0.00952344,0.0631268274505921
IRQ,2007,0.4217020535073237,0.0,0.976749324629734,0.7663582621133617,0.3552124877147654,0.3847375694612999,0.9479574309373516,0.0093,0.1186977631590332
IRQ,2008,0.3736738378724912,0.0,0.9742760009195603,0.7672893942140377,0.375780198393122,0.3932805866088827,0.9699255813414582,0.01,0.0898768366445954
IRQ,2009,0.4334876673622484,0.040327902053721,0.976749324629734,0.7721334473223952,0.3771779910959336,0.3927574802458146,0.8750352764900632,0.0106,0.2994822365144734
IRQ,2010,0.4308842277616989,0.10769050523400212,0.9804499667021888,0.7712474701797185,0.3496190235847138,0.3970742681502449,0.9105003391505208,0.025,0.2182624744898234
IRQ,2011,0.4065216224383154,0.10846239138646682,0.9755132873514472,0.7707917190692095,0.3569664198559933,0.4025069632084875,0.9679904398113668,0.05,0.0696878478119304
IRQ,2012,0.3869000310608607,0.1256043626745431,0.991485247605356,0.7670418075129222,0.3855202570446457,0.4148545330639289,0.9518712281954844,0.071,0.130290066417668
IRQ,2013,0.4151356341528211,0.13952145029604263,0.9878178614776724,0.766593965921529,0.2192485218676124,0.4186710743282457,0.9273183030691904,0.092,0.1794119387032689
IRQ,2014,0.4216984139433676,0.15415126403180013,0.9902640057882316,0.7683232311119217,0.0,0.4167951784901752,0.9061045363019355,0.116453,0.2276204052074934
IRQ,2015,0.3900249691278953,0.23066631468231835,0.9927052724399016,0.7708234695321425,0.0,0.4165720571964667,0.8064367203958431,0.152,0.4429034953602689
IRQ,2016,0.3799556812738197,0.23490191537835714,0.996358069242556,0.7696160427204961,0.0398544191503591,0.431846475210058,0.8156512435960646,0.1989999999999999,0.4347926375257454
IRQ,2017,0.326446122777516,0.22362288248148615,0.9987872264286616,0.7710306877972163,0.1090871551815487,0.4259438961354526,0.8686221401816479,0.4936,0.367352063370213
IRQ,2018,0.3165971139058205,0.20130369083573615,0.9987872264286616,0.7725688494692831,0.144194127668651,0.42633198247605,0.8956622816248647,0.3389999999999999,0.3125708521111446
IRQ,2019,0.3698174219651784,0.20676986189173435,1.0,0.7744772876796174,0.1983496801180641,0.4308196375097669,0.8857320607769515,0.443263,0.3171876956981123
IRQ,2020,0.4642793162453688,0.2942590428213768,1.0,0.773826763256449,0.1811627338842985,0.4089855925298741,0.7425990854089392,0.536778,0.5022567993365894
IRQ,2021,0.3439259548881956,0.25717524542439085,1.0,0.7717482033157428,0.2021701225618717,0.4078967591911785,0.8997165467255366,0.650022,0.2807539515684638
IRQ,2022,0.2638608885937793,0.22343450669581413,1.0,0.7686925842541968,0.236730607608273,0.4156820988918973,0.9894638258129196,0.787156,0.0612259892203998
IRQ,2023,0.3340759391344419,0.28158212890683076,1.0,0.7734419481405687,0.1542033916184732,0.4131639532332215,0.893716268207208,0.817291,0.3021124611257538
IRQ,2024,0.3502699887557657,0.3044104652768718,0.990502904721406,0.7738353270792893,0.1060114770284025,0.4078202480137197,0.8709834356577228,0.5679826,0.3433359905725882
ISL,2004,0.4334432298422352,0.8489144601037325,1.0,0.8220000121347492,0.6360404135908369,0.7624082815068208,0.4324987026819177,0.8388,0.5853963744226981
ISL,2005,0.4105968617533144,0.9433631372192033,1.0,0.8346957349600241,1.0,0.7699715989496462,0.4112087825275815,0.87,0.5884053311917391
ISL,2006,0.4128622588529456,1.0,1.0,0.8377997945294443,1.0,0.774571944314003,0.4454819848255655,0.8951000000000001,0.5664489725084535
ISL,2007,0.3878745311776418,0.9507732807463333,1.0,0.8467219973119349,1.0,0.7830638532926247,0.395546598985558,0.906,0.6196991341229237
ISL,2008,0.4182567044533591,0.8951434873926168,1.0,0.8484860442590636,0.71330587895437,0.7828109241519038,0.4618942066729519,0.91,0.6046783078095233
ISL,2009,0.4473639700839281,0.8708029336289219,1.0,0.867390254633956,0.3153419464450281,0.7697039298320375,0.3865294097475386,0.93,0.6577381787664849
ISL,2010,0.468835212924705,0.8509470432131931,1.0,0.8698989520315322,0.4041435670239187,0.7666512925406429,0.4448308809249695,0.9339,0.6126224291252018
ISL,2011,0.4732165115946537,0.8151016204626613,1.0,0.8697773597802373,0.7519985336523387,0.7681973645336749,0.453067312630785,0.948197,0.6027290893962951
ISL,2012,0.4773941598724366,0.7811432367638739,1.0,0.8719797953436245,0.730041951269981,0.7691124829649053,0.4240925909109161,0.962098,0.6136099649409653
ISL,2013,0.4541696532798419,0.7606702518018013,1.0,0.8775871451264408,0.4733619390305286,0.7728690260670396,0.4227280183458058,0.965468,0.626607231106356
ISL,2014,0.433276579786721,0.7305185055171606,1.0,0.8785062327383061,0.5604502109710208,0.774005948507518,0.4168520153051129,0.98158,0.637888792720279
ISL,2015,0.4342608207467568,0.7128167774720455,1.0,0.8856420295588929,0.7052872804119945,0.7778633537713034,0.4002807863986324,0.982,0.6478102054075171
ISL,2016,0.405482753350963,0.7038969994623676,1.0,0.8913539213688751,0.0,0.7846050168427284,0.3895022871876143,0.9824,0.660785274885257
ISL,2017,0.3687163837003788,0.7110734284663492,1.0,0.8922629311319757,0.0,0.7861729212738221,0.388463090245818,0.982552,0.6617598705902262
ISL,2018,0.3925275800094459,0.7210481759323544,1.0,0.895538428371057,0.1321098733480427,0.7888979502197421,0.3949337994226503,0.99011,0.6561113213229014
ISL,2019,0.395754643377338,0.7164484781910783,1.0,0.8901344650990014,0.1390800611718222,0.7873488899565954,0.3909301865916685,0.995049,0.6677915476435734
ISL,2020,0.4080986524977083,0.7428004385672816,1.0,0.8863289984844623,0.0245670634843614,0.7750102554276425,0.4117470249524647,0.995328,0.6549122591250478
ISL,2021,0.390035833198775,0.7453787108145099,1.0,0.8782059995524792,0.3834839914074863,0.7799623775132064,0.4216996272529363,0.99687,0.6492241435001733
ISL,2022,0.3852055356611062,0.7300075957393378,1.0,0.8858619784289341,0.5925130053797325,0.7885838756981102,0.435681448912794,0.998082,0.6450701411017327
ISL,2023,0.3897236083246452,0.7181191806864796,1.0,0.8860478352891749,0.671655405552354,0.7945391702062602,0.4019185472727584,0.998301,0.6578169255222673
ISL,2024,0.3801865633155395,0.7246251021305009,1.0,0.8853326466941445,0.8123060209687096,0.7928063153526482,0.4038014260098417,0.5118388,0.6512334992978382
ISR,2004,0.2266645880833677,0.6713720967087771,1.0,0.8918388671496724,0.420962136888397,0.6883698927020571,0.4149784536402781,0.227705,0.6840381613046248
ISR,2005,0.2493685883161822,0.6794089426380313,1.0,0.8959553473377523,0.4965888554660187,0.6920443138418421,0.4318197091390044,0.25194,0.6720611073867757
ISR,2006,0.2444064035161136,0.6732636870917574,1.0,0.8984336402843301,0.8736065067865277,0.6973897793022331,0.4387003124875979,0.278811,0.6728810358711895
ISR,2007,0.2382465360015013,0.6505805845136653,1.0,0.896825572689747,0.5940566242729544,0.703711893475066,0.444401941154795,0.481281,0.6684725595570241
ISR,2008,0.2435908632423127,0.6616589639284672,1.0,0.8970822406976844,0.5862569814697014,0.7057363900477615,0.433664987194339,0.5939,0.6744375420775172
ISR,2009,0.2702216429404527,0.6482621714443072,1.0,0.9072434940708312,0.4245135483239271,0.7040524649097962,0.4162024704328756,0.6312,0.6820621069300995
ISR,2010,0.2453093739628935,0.6546893661578941,1.0,0.908421842872272,0.4736754849709224,0.7092198596753491,0.4209761030033472,0.675,0.6769641023709763
ISR,2011,0.2470090741501459,0.6561796958365493,1.0,0.9109586635335932,0.4940713486550352,0.7143349228224082,0.4047858709779925,0.6887390000000001,0.6870638370065565
ISR,2012,0.2150612955975801,0.65239776640696,1.0,0.9127293448256668,0.5066564759515885,0.7151645735468791,0.4125247581860087,0.708,0.6921561448951277
ISR,2013,0.2178003858546808,0.6468544065333726,1.0,0.909833429082426,0.5422264379790338,0.7182686104396229,0.4151502290279392,0.702503,0.6881317416136535
ISR,2014,0.20481941828378,0.647791613421539,1.0,0.9112465602336988,0.40898579469445,0.7208622008511273,0.3995003650478161,0.750178,0.6943097665965547
ISR,2015,0.2080649576916612,0.6505022925798231,1.0,0.9127576804721238,0.5271282801386086,0.7211984535868577,0.4008985493238171,0.7735209999999999,0.6965125638171973
ISR,2016,0.2110887195554875,0.6470444206186421,1.0,0.9133598418347564,0.5263558664699214,0.7246863621813343,0.3797109172888712,0.796531,0.7074945373881255
ISR,2017,0.2093193585487168,0.6467520759245442,1.0,0.91436265358713,0.5907173034911619,0.7280487573849356,0.3652954730549781,0.815812,0.7224345012584522
ISR,2018,0.2049688985790077,0.6496986493308744,1.0,0.9171157669438174,0.6561071707320494,0.7309507423066787,0.3719361960184562,0.837332,0.7212013641606106
ISR,2019,0.2006495602312903,0.646066674748374,1.0,0.9224225195359976,0.5660525677837962,0.7334682562999025,0.3745891154495928,0.867879,0.7248113735588715
ISR,2020,0.2026861474827534,0.6581615636814715,1.0,0.9269945614790408,0.6162365517754733,0.7279435464809564,0.3876441299505997,0.901273,0.722145455851267
ISR,2021,0.1985673011189801,0.6622278352493041,1.0,0.9266930587973838,0.5357816533741186,0.7385277683504424,0.3724459982114574,0.902969,0.7276065426061239
ISR,2022,0.1811104582436558,0.6653647457710369,1.0,0.9285629064502442,0.5675900721926639,0.744491687536044,0.3873598735933959,0.918508,0.7222790822444082
ISR,2023,0.1944423274055166,0.6634450908984004,1.0,0.9304945389950576,0.4894855690629284,0.7427580175878495,0.3636614775137183,0.8703839999999999,0.745033519109369
ISR,2024,0.1940175745347668,0.7538739630822315,0.9893468930444732,0.931824220757278,0.4619959695266775,0.7421817415110538,0.3323884038326044,0.881824,0.7498075993153549
ITA,2004,0.2850032785171303,0.6565843935469087,1.0,0.7735124113301284,0.356182484522556,0.7092383734098698,0.4710146912936807,0.3324,0.6483597714735805
ITA,2005,0.2616172602648328,0.6668288768719048,1.0,0.7743870059245176,0.4123044639135679,0.7094936546255758,0.4675271597920346,0.35,0.6530283816785845
ITA,2006,0.2545510428007879,0.6819382235189505,1.0,0.7796808655687154,0.4734071318505978,0.7115017588226124,0.4699118179954001,0.3799,0.6450833506173269
ITA,2007,0.2506744627613307,0.6995153935014603,1.0,0.7817968075317111,0.4772097587855289,0.7127258778780491,0.4783959240996908,0.4079,0.6434576561107102
ITA,2008,0.2489262793976097,0.7048682785724711,1.0,0.787393366411336,0.2584425882649945,0.7101134871898608,0.4743223947278722,0.4453,0.6518813305295624
ITA,2009,0.2429656924125243,0.7150736463136841,1.0,0.7926788109981431,0.3329369713910204,0.7013593537031065,0.4341687387316876,0.4883,0.6771148273368536
ITA,2010,0.2401580314180865,0.7290307799020634,1.0,0.797756029018255,0.3141511967489228,0.7029202336552419,0.4338254593709001,0.5368,0.6722161070792062
ITA,2011,0.2469336974265691,0.7312544624969805,1.0,0.8014805456221247,0.3812480300404545,0.7034237661645312,0.4308816515398432,0.5439,0.6690126296065182
ITA,2012,0.2518841512254529,0.7305112436436619,1.0,0.807770747815445,0.2841292472638577,0.6984178495751375,0.4205205147632128,0.5583,0.6718609713022249
ITA,2013,0.2637897378916828,0.7232715836067558,1.0,0.8133913932659373,0.3430532618751101,0.6954645996954952,0.415930258664933,0.584593,0.6729590225823271
ITA,2014,0.2518524024064844,0.7176868429967382,1.0,0.814318362056588,0.3350267483248133,0.6954406998965873,0.4060520348984239,0.556385,0.6765033348929845
ITA,2015,0.2585652669810674,0.7143630954311536,1.0,0.8160354423489891,0.3309360400516636,0.6969400395242179,0.4085197407507295,0.581417,0.6753033553554764
ITA,2016,0.2469380112726804,0.7078916010203652,1.0,0.8190954929680251,0.3725015991039705,0.6989994238186167,0.4174082269150165,0.613243,0.6712481141764018
ITA,2017,0.2506153790570869,0.696587707451308,1.0,0.8210501137744992,0.3128735101764354,0.7015818735601401,0.4204684539157178,0.630773,0.6699508217994204
ITA,2018,0.2476402889494934,0.6850218287116827,1.0,0.8206568324620865,0.4211891832422084,0.702423122236106,0.4250010561199633,0.7438720000000001,0.6684908761717603
ITA,2019,0.2443730419883019,0.6758538554176035,1.0,0.8212296496888444,0.3992555611211525,0.7040608612326039,0.4255998572530077,0.6785070000000001,0.6674695567016105
ITA,2020,0.2534485339333404,0.7028587942952058,1.0,0.8153084393917157,0.2258482070801467,0.6912881468049218,0.424480853148249,0.7048340000000001,0.6756375402154956
ITA,2021,0.2456154086575653,0.6836938324348932,1.0,0.8130222727660037,0.3624252882605526,0.7044540011324517,0.4603031363774642,0.748623,0.6504750259809177
ITA,2022,0.2503629950896304,0.6635510624175138,1.0,0.8133011566403625,0.4754733183724087,0.7115824602712756,0.4757445835205487,0.850607,0.6472072224586701
ITA,2023,0.2478239288897523,0.6413367970070402,1.0,0.8171000056168607,0.4020595409388081,0.7130643446467241,0.4838679050789562,0.870278,0.643225357567323
ITA,2024,0.259023294950367,0.631166127276556,0.9992716138485112,0.8181854713497226,0.3575621882701347,0.7141439180958503,0.4553797515903942,0.892207,0.6533608617796544
JAM,2004,0.4238106597920423,0.3830212382084194,0.8340914579874278,0.7390573441844509,0.6418053138288545,0.4478291496595258,0.4537695434065759,0.1,0.6423254546961171
JAM,2005,0.4318094587053379,0.3934934053556864,0.8451461138630243,0.7473579517420691,0.6532397433194237,0.4483167798488586,0.4458406147076862,0.128,0.6454155867365455
JAM,2006,0.4306342247744112,0.4180592424586394,0.8547377283849372,0.7462316604409488,0.7435229245683935,0.4517156496428175,0.430407131820428,0.1639999999999999,0.6480428010017253
JAM,2007,0.4088176811446862,0.4520628945939606,0.8642547821289508,0.7495450981176264,0.696833532731469,0.4530912965136214,0.4325962753002616,0.211,0.6493061880349222
JAM,2008,0.420477364475984,0.4745234317456422,0.8989699381451771,0.7547221569764301,0.9375058744801076,0.4512768017365939,0.3938596895976788,0.236,0.6724357793810771
JAM,2009,0.44258713475217,0.4624304916880843,0.8857341895576939,0.7545270955616058,0.5445256789328244,0.444225486368634,0.3527529538211111,0.243,0.6944302208006771
JAM,2010,0.4349781721649829,0.4445758255312703,0.9016000032171076,0.7609827858884042,0.3754711849209546,0.4414827253324326,0.3499441004112689,0.2767,0.6734377776958116
JAM,2011,0.4489494955413906,0.4478469277516023,0.8870642220841037,0.7854001175418378,0.3618558419837924,0.4433442362107099,0.3569739638424551,0.374386,0.6644034355002212
JAM,2012,0.4533620231464532,0.4654200348054345,0.9133658742118916,0.7864682133876103,0.4656881254709674,0.4418247112528944,0.3501469624234386,0.3379,0.658762578529762
JAM,2013,0.4602699563266787,0.4713739963486907,0.923730336704814,0.7876724230705917,0.5325591946308005,0.4419860115997688,0.3529728275347786,0.371,0.6427388597495002
JAM,2014,0.4603387125493429,0.4679883681326293,0.9159652272480936,0.7881904899410819,0.5565978886700522,0.4424600808382982,0.3600531267185459,0.404027,0.6339651264108723
JAM,2015,0.4563255066376652,0.4614227662729555,0.93656373324987,0.794999278171428,0.6863126098733441,0.443335687134773,0.32932755348617,0.422212,0.606964266864226
JAM,2016,0.4646036733957572,0.4749715949906495,0.958076443797858,0.7972777543917641,0.6893665422297983,0.4469059975539932,0.3250259842248408,0.443669,0.5957332144885152
JAM,2017,0.4582149472339591,0.5276904294580596,0.9680707427286704,0.7967611796701519,0.6505101195200986,0.4498946177686521,0.3313822760015427,0.550721,0.5764818248135551
JAM,2018,0.4578768553063523,0.5392836857029791,0.977984115274144,0.7976854830708998,0.5831056818964011,0.4532776608047596,0.3471232716753619,0.682145,0.5691106512000136
JAM,2019,0.4714567847955002,0.5639798451187586,0.9865929541017062,0.8064734649670318,0.5383634632362837,0.4557170655566339,0.3132454323632624,0.70841,0.575748381694859
JAM,2020,0.513682797259728,0.5987935743223598,0.996358069242556,0.8037389480718198,0.3990370783643324,0.4427510254326442,0.3520323877866326,0.7638400000000001,0.5675317142339837
JAM,2021,0.5042628760959103,0.5884279483510721,1.0,0.7935719801772528,0.4146704909537706,0.450447413605655,0.3561001388929896,0.823607,0.5572757112008239
JAM,2022,0.4870749515716635,0.5703564270118404,1.0,0.7984366701170782,0.3942780863411279,0.4594298410550531,0.3352691137684039,0.8244530000000001,0.5662379221210958
JAM,2023,0.5153717354263203,0.5622504822033296,0.9717976704778122,0.8030752852261337,0.4336373328770702,0.4633292434639401,0.3146964883082123,0.89473,0.5802298533050715
JAM,2024,0.5203744758769958,0.5651046146367168,0.9754022990166484,0.8068166682898774,0.3742095908696574,0.4625818466945047,0.3075311288814772,0.693756,0.581341574874162
JOR,2004,0.295851677256511,0.6797339579490388,0.9902640057882316,0.8198087669103986,0.818274623104466,0.3990501222630501,0.5067433450143961,0.116587,0.6438329388682795
JOR,2005,0.3129791627551217,0.7174386738420068,0.9878178614776724,0.8228606220842491,1.0,0.4068210320464759,0.5092325239239007,0.129329,0.6533065323657247
JOR,2006,0.3016195511215247,0.7267985540043257,1.0,0.8270148700611953,1.0,0.4088432957539906,0.5078111271647097,0.138671,0.6362242647687611
JOR,2007,0.2981312721018954,0.726457645318383,0.9853668199780375,0.8300248310804248,1.0,0.4114901126555043,0.5585436425812036,0.2,0.6270310916394775
JOR,2008,0.3204085271115533,0.6908831060619518,1.0,0.8323992662948089,1.0,0.4181911790336939,0.5948702279322245,0.23,0.5639712230083335
JOR,2009,0.3415465846138669,0.675478443474807,0.9927052724399016,0.8362314745411958,0.9240262529850698,0.4221850059119062,0.562380707300702,0.26,0.5779520276139604
JOR,2010,0.3598741748103126,0.6689564275283006,1.0,0.8407673416143278,0.688977748317755,0.4223843491118492,0.5351168426057786,0.272,0.5688352449933619
JOR,2011,0.3561877792475895,0.670778908835417,0.9951416808462688,0.8457139057892722,0.611590390197122,0.4227012566440101,0.5449258430758883,0.349,0.5656935194618155
JOR,2012,0.345366035192985,0.6690661780110405,0.9939240827149284,0.849820750580744,0.6025734798507019,0.4241292883759421,0.5264310574858301,0.37,0.5859810791182096
JOR,2013,0.3602817822218371,0.6666141252976009,0.996358069242556,0.8543517656993085,0.6517063525442874,0.420326965318191,0.5232313317968699,0.414,0.5880348369836073
JOR,2014,0.3795363416358999,0.6537628255923943,0.9975732503052472,0.8596281591857082,0.6687752715259956,0.411312847418087,0.5206927863399904,0.462,0.5832545320559447
JOR,2015,0.3990556791798366,0.6539243227668657,0.9987872264286616,0.8652905206596773,0.5539196070089434,0.402965017877141,0.5153385075477135,0.5422,0.5840251831782607
JOR,2016,0.4040474302683475,0.667988045635371,1.0,0.8702601205795774,0.5373665325227254,0.3989759766073769,0.5042294292033637,0.5615,0.5921130754839334
JOR,2017,0.4012447711925915,0.6791035866211939,1.0,0.8740012630784161,0.6014888907428644,0.3992544700459909,0.5011240193526403,0.645,0.5873554594376246
JOR,2018,0.3985499342340034,0.6825370478413924,0.9987872264286616,0.8750220835203075,0.4273119297379552,0.3988143933029798,0.4923031852088065,0.652,0.588945119188146
JOR,2019,0.3981549408359474,0.6863674766541373,0.9987872264286616,0.8878762276104524,0.3907325111745535,0.3984554210891514,0.4929933671649646,0.700847,0.5997815568734797
JOR,2020,0.4100441243825409,0.704193268791263,0.9987872264286616,0.8950970317074146,0.3972440027267194,0.3942405785872015,0.4814996832962646,0.784178,0.6077348247313309
JOR,2021,0.4158914409602053,0.700942160497659,0.9987872264286616,0.8886855786354289,0.3714334534790015,0.396789264499615,0.4787129193715939,0.86,0.5942930238951258
JOR,2022,0.4171691836943664,0.7071908819412611,1.0,0.8892042185607483,0.4124769167908744,0.3981120409991491,0.5006070638906208,0.905,0.5884445753270412
JOR,2023,0.4169286233532184,0.7005295496756448,1.0,0.9046803048391524,0.5396008294043935,0.3998985602474983,0.5067543680040961,0.925344,0.5933302700916684
JOR,2024,0.4271786509096911,0.6958483486523082,1.0,0.906018968307956,0.4834170580868879,0.4020314663143357,0.5134278511377853,0.7172088000000001,0.5877089049965198
JPN,2004,0.1886154418684689,0.8693865339791792,1.0,0.79422969708824,0.2940333435122356,0.70556271924928,0.6002168215156112,0.623939,0.7054113452053152
JPN,2005,0.1755076315698724,0.8697794553718137,1.0,0.7997570742024869,0.2913750672941191,0.7081442350530488,0.5986412392358745,0.669211,0.7116037336798273
JPN,2006,0.1721950063188999,0.867373038971703,1.0,0.8001726030213443,0.2806311167898835,0.7100307602441264,0.5952137816732717,0.686853,0.7112956761088619
JPN,2007,0.1688357172004184,0.8585883130839931,1.0,0.8023065501736312,0.3147595961804299,0.7120022210045284,0.5940734597751396,0.743,0.712704700154832
JPN,2008,0.1689213605731819,0.8557205082614908,1.0,0.8071152478510304,0.3154029650142921,0.7101438185489383,0.5802733495865948,0.7540000000000001,0.7215829187024461
JPN,2009,0.1721743676842523,0.865627985444696,1.0,0.8132702618296739,0.2990639147245204,0.7016532562531274,0.5507192774194785,0.78,0.7421297749224625
JPN,2010,0.1751292316249957,0.8542210523051539,1.0,0.8196396797404547,0.2924295687815663,0.7074569425440088,0.5725367213152462,0.7820999999999999,0.7251389153332582
JPN,2011,0.1719401055110847,0.8530168357416051,1.0,0.822801068151302,0.2831327556479269,0.7077603686366211,0.5432068830066031,0.790541,0.7394211047902298
JPN,2012,0.1767717753030618,0.8539127011860445,1.0,0.8246943548264539,0.2845884890576054,0.7099741538567071,0.5406371547367604,0.794964,0.7401126774197905
JPN,2013,0.170381412437497,0.858861813662224,1.0,0.827286870368373,0.2973163305185733,0.7130653229891301,0.5422698543632234,0.8821939999999999,0.7385515762708604
JPN,2014,0.1621517592387255,0.8599281785363042,1.0,0.8284785804435125,0.3102711683994241,0.7136872657819539,0.5543898152291352,0.8910680000000001,0.7293943427855711
JPN,2015,0.1665904370388099,0.8587333736064722,1.0,0.8306626893873509,0.2917109262211687,0.7160891794415606,0.5768389850351343,0.91058,0.7156920508563449
JPN,2016,0.1770106098691002,0.8599608514930693,1.0,0.8344104305567118,0.3372875081874673,0.7172535389599796,0.5776379303991364,0.931827,0.7168523022328961
JPN,2017,0.1773984646284836,0.867151462041809,1.0,0.8350662904931183,0.3088371436611348,0.7197841042985355,0.5819787927651087,0.917265,0.7123910288628453
JPN,2018,0.1677747648041016,0.8667511465278118,1.0,0.8369453207010159,0.3166705151051214,0.7208992172534766,0.5842265617596127,0.8874639999999999,0.71070062341811
JPN,2019,0.1671556553581096,0.8781091164741491,1.0,0.8400345074765206,0.3348342446649983,0.7205181574601641,0.5806358089147504,0.927304,0.713560250282862
JPN,2020,0.1703429233126742,0.9005537458013305,1.0,0.8435535160613636,0.3646094086133085,0.7147641899540621,0.584955576099096,0.902195,0.7116132460060003
JPN,2021,0.1637956126795175,0.900642749840468,1.0,0.8463173955782138,0.3292579293756328,0.7192942692114593,0.5877121077868084,0.829141,0.7057818484451204
JPN,2022,0.1530563267672465,0.9017519125852901,1.0,0.8475573286037282,0.3575427011692904,0.7212995321285002,0.5616346778160825,0.849234,0.7228076606427762
JPN,2023,0.154980506651643,0.9001826646133602,1.0,0.8475842640925583,0.3148868687280942,0.7241324703640196,0.577158327276725,0.869815,0.7154036133281549
JPN,2024,0.2213814588572352,0.9020386862185493,0.9908869026080828,0.8516875812627591,0.3101335320564943,0.724916184345289,0.2416009511354194,0.7636498,0.7640819602476988
KAZ,2004,0.4967552163832738,0.5345224979777385,1.0,0.5999390784313198,1.0,0.4658040778874638,0.6822383328374325,0.0265038999999999,0.4787933051897392
KAZ,2005,0.4735441971723648,0.7073819198799208,1.0,0.6061808898999218,0.5740883975410803,0.4781647913851069,0.7133090471481423,0.0296171,0.4560789177419571
KAZ,2006,0.4434538066178963,0.5263104881461137,0.9975732503052472,0.6115514106293697,0.8955133593732743,0.4916915809915255,0.7357033649187152,0.0326837,0.4493315541946525
KAZ,2007,0.4494155423007996,0.5297369700557867,1.0,0.6094638603200888,1.0,0.5026894887026979,0.7146697851326326,0.0402,0.4927253390150868
KAZ,2008,0.4367518844814378,0.5214383739033426,1.0,0.6224488075975211,1.0,0.5058981070361978,0.7469102126929132,0.11,0.4574833119674277
KAZ,2009,0.4662294231849078,0.5214383739033426,1.0,0.6395027334177402,1.0,0.5059312656465745,0.7238410706719833,0.182,0.4888942468130912
KAZ,2010,0.4042286441892833,0.6070566179571482,1.0,0.647194516746336,0.6117822162179194,0.5142753741532397,0.7512594496544676,0.316,0.4502703369175196
KAZ,2011,0.4240819088385661,0.5454592735169423,0.9975732503052472,0.6653232101294435,0.7489183998718199,0.5226748140791116,0.7084929933788339,0.506,0.4013855683742556
KAZ,2012,0.3944145758670652,0.5123131438745366,1.0,0.6709033205698334,0.711050991078737,0.527451925550071,0.6954502527770732,0.619066,0.4453098775143935
KAZ,2013,0.4039263316721706,0.5487357502395421,1.0,0.680939352666144,0.5593534224583089,0.5338244233516364,0.6584290362780849,0.633042,0.4754754972741601
KAZ,2014,0.396266073715731,0.5938733851185609,1.0,0.7036691266765217,0.4988250202838695,0.5376640504854221,0.6511621631636085,0.66,0.5025615799560867
KAZ,2015,0.4127304542380884,0.5246215132674722,1.0,0.7382819211306423,0.5161845648809359,0.5372292743953414,0.6146784960019992,0.708299,0.5715550934812701
KAZ,2016,0.4061884223683691,0.4946850283387174,1.0,0.7579901582388742,1.0,0.5365915578468533,0.6324345761446476,0.745877,0.5498455253567673
KAZ,2017,0.404507886156167,0.4669529182078202,1.0,0.7712024588452907,0.469631981888959,0.5401625493647703,0.6377652281749613,0.764267,0.5413677932627833
KAZ,2018,0.399214353944588,0.4405451523755899,1.0,0.7805943827238608,0.2968413817411678,0.5438259943060636,0.6554329449306899,0.7890389999999999,0.5124164008549554
KAZ,2019,0.4023086929376017,0.4257654643764444,1.0,0.7872282919053073,0.417673603869109,0.5481080150842684,0.6484537212789472,0.8187760000000001,0.5135851896606691
KAZ,2020,0.4395846754126373,0.4379759954487253,1.0,0.7905839678954469,0.558136615255642,0.5423881794411908,0.6494900484873174,0.859426,0.5226662701281487
KAZ,2021,0.4257098509280609,0.4412118268813653,1.0,0.7945889641406452,0.4347949144828398,0.5465638779958525,0.6810419265103091,0.90924,0.4876547397373232
KAZ,2022,0.4341455307320867,0.4325839625558172,1.0,0.7993646216342328,0.4306815921781159,0.5490120874930419,0.6769697228530462,0.922969,0.4665529929825764
KAZ,2023,0.3725508524971087,0.4415177793268487,1.0,0.8027194713051432,0.4262522556894064,0.5541068804136208,0.639347967907218,0.928785,0.5264591742394382
KAZ,2024,0.3753653457992354,0.4518419712595737,1.0,0.8058084766495647,0.3282064274246159,0.5593268003383812,0.6344938443425081,0.933917,0.5511470185919938
KEN,2004,0.7735163846759189,0.4519060989453408,0.0,0.3375505059679419,0.3026464140871618,0.2256754244088877,0.2995444268068969,0.0302353,0.4530694820674701
KEN,2005,0.7670588854367053,0.4434855841451171,0.0,0.3477062723667555,0.2913881362585943,0.2295430484264146,0.3230104960653202,0.031019,0.4530694820674701
KEN,2006,0.7290704703068477,0.412783493948295,0.0,0.3580994630225694,0.2967908932597977,0.234220159457012,0.3862858880747016,0.036,0.4274229257020377
KEN,2007,0.7298114549472049,0.4142963392859543,0.0,0.368241774743488,0.4324835721664455,0.2394477868452039,0.3842252876983814,0.044,0.4251638334268245
KEN,2008,0.7469604615830262,0.4357527897352409,0.0,0.3744043292811942,0.3013511372340766,0.2353898434412119,0.3657682110117533,0.052,0.4233584692136268
KEN,2009,0.6764047304338588,0.4027494911724909,0.0,0.3793958635977487,0.3018875828151785,0.2357268299955127,0.3606180795648832,0.061,0.5583037775515856
KEN,2010,0.6938892544084374,0.4231876890287729,0.0,0.3874461326707046,0.3095429100441784,0.2427598068076183,0.3655565839178862,0.072,0.536639607806899
KEN,2011,0.7103487636378154,0.4525469901182053,0.0,0.3940208310122544,0.4854238056613658,0.2460150448165835,0.3932355956383552,0.088,0.5085771367587383
KEN,2012,0.7095686023731745,0.4445468500090511,0.0,0.4031184493316824,0.4432878568066806,0.2487121006604039,0.3832007901075216,0.105,0.5155126024375255
KEN,2013,0.7069913329690194,0.4602995515824569,0.0,0.4113551926312764,0.4020866205863417,0.2505331569072254,0.3786026082155257,0.13,0.5223190770095719
KEN,2014,0.7037024143608372,0.5046154257215677,0.0,0.4204310707349444,0.3622603287138061,0.2542454690433894,0.3774745886267616,0.165,0.5359673646787473
KEN,2015,0.7171416340676079,0.5183840884446113,0.0,0.427379215703721,0.3415384040587015,0.258047903681779,0.3738362167122039,0.165879,0.5231158930450454
KEN,2016,0.7236329838786386,0.5113514883827789,0.2356894786789961,0.434857072417665,0.3248644240816014,0.260832290737833,0.3546600847749884,0.166,0.5280557334288687
KEN,2017,0.7331784419615334,0.4955022599351472,0.2953152562578479,0.4413219586113395,0.3908061327543363,0.2631417665409722,0.3367659846098483,0.178271,0.5187469221272839
KEN,2018,0.7267905625441846,0.4818803084418583,0.4065040884311487,0.4500004811802629,0.3382119392699877,0.2681660445886887,0.3314754595381565,0.195,0.5213469426119
KEN,2019,0.732824500520737,0.479229540747087,0.5633247136579822,0.4569219314154807,0.3144892434803878,0.2725528196878329,0.3206739059743745,0.226688,0.5204158407083417
KEN,2020,0.7521099139747508,0.4886181359623342,0.5941046962128725,0.4344843047483385,0.2836716037455522,0.2693102894764364,0.333904067253188,0.27161864,0.4886039279288154
KEN,2021,0.7394496294253781,0.481336485554014,0.6757546005603808,0.4332232642562235,0.3089200785120936,0.2771671810946786,0.3269660462032928,0.2716186399999999,0.5070990366402944
KEN,2022,0.7347260112218592,0.4823092398735413,0.6678303345777977,0.4774538378270468,0.3290330849785238,0.2812621274664751,0.3374274324984414,0.2716186399999999,0.5117781206939874
KEN,2023,0.73918565876066,0.486149289995085,0.671006198408347,0.4845266347383801,0.3147725152304699,0.2864551455299978,0.3261136106832088,0.35,0.5127283628721875
KEN,2024,0.7497860328800253,0.4641429151987734,0.8587259851644553,0.4919859915466539,0.3090838210012844,0.2903128907823314,0.3072935780161702,0.349762,0.5100080742428947
KGZ,2004,0.8153730176593895,0.1617943889776878,0.991485247605356,0.6110464180878821,0.8003504325984279,0.1735349988731468,0.4410987365906123,0.0509039,0.2163812532663666
KGZ,2005,0.8041475423089838,0.1854737521584267,0.9927052724399016,0.6157318819455679,0.3966167199488145,0.1716443054997097,0.4007210021109635,0.105338,0.2768782573015321
KGZ,2006,0.805735607448361,0.24473783403159693,0.9865929541017062,0.6179511420801355,0.7019916078700157,0.174517896495846,0.338172933168374,0.123069,0.296253507101288
KGZ,2007,0.7908167424655559,0.1400069994233706,0.9939240827149284,0.6287677773103837,0.6398680134777741,0.1850208249762054,0.3135414713184851,0.1403,0.3389956046570634
KGZ,2008,0.7598577128477986,0.3015638698894704,0.9939240827149284,0.6307380011202004,0.7613503058826891,0.1953397723212406,0.4118582678026801,0.157,0.3441536581634925
KGZ,2009,0.7087375794713653,0.30084885825784596,0.9939240827149284,0.6345292149351325,0.5468026562966961,0.1975453342787306,0.4832036868335675,0.16,0.4193619517418916
KGZ,2010,0.6923496119019585,0.29952816641138497,0.9878178614776724,0.6374863205158567,0.9257667177708028,0.1947917743516851,0.5350876688868895,0.163,0.409439958655958
KGZ,2011,0.6806551979761412,0.26266402299659747,0.979217661796788,0.6373226963754651,1.0,0.201087458171764,0.5568316125844441,0.175,0.3827670966288661
KGZ,2012,0.6818587003905447,0.29516671864082333,0.9975732503052472,0.6381612978127514,0.5411097413840193,0.1982274568113774,0.4537429298294355,0.198,0.4392769666606563
KGZ,2013,0.6529400496458947,0.32940786060578575,0.9865929541017062,0.6507066478282126,0.8270296325061368,0.2100771353031011,0.507691184974545,0.23,0.4146832001796354
KGZ,2014,0.6541687903078904,0.3835290419405122,0.9975732503052472,0.6409787354384219,0.5829326411715241,0.2126033971732223,0.48842050397387,0.283,0.4318753884634369
KGZ,2015,0.6439736929721015,0.4120746661733987,0.9841394566470218,0.6556463353457034,1.0,0.2148599178819655,0.512311736886685,0.30247,0.4582433560352534
KGZ,2016,0.6237222979254177,0.3896207061882742,0.996358069242556,0.6644481234595199,0.8755096793448516,0.2178027871698699,0.5403360514799521,0.405,0.4237721408656798
KGZ,2017,0.6181438850954375,0.3979097877025713,1.0,0.6685458345163319,0.193440281954714,0.2214666449398498,0.554289825634155,0.508,0.4199739356068891
KGZ,2018,0.6028557173155327,0.4174498050968965,1.0,0.672769002270825,0.3974998962238263,0.2236915714563602,0.5573604946199465,0.628,0.4170643755845409
KGZ,2019,0.5770238322004123,0.4167401583532927,0.9987872264286616,0.6859635915379819,0.5644888303896096,0.2269630342970637,0.5409650911652605,0.6409999999999999,0.4268895537858004
KGZ,2020,0.6119790913797264,0.4463522988980835,0.9987872264286616,0.6846117314771326,0.0,0.2132343734831959,0.5469387856555238,0.72,0.433216992309923
KGZ,2021,0.6163312343518785,0.4248171869490872,0.996358069242556,0.6809590753976259,0.4431859002247086,0.2183465825651117,0.4855360814319127,0.771177,0.4392239622787668
KGZ,2022,0.5897377125769294,0.3915770744442555,0.996358069242556,0.6861047698092675,0.3134365231328533,0.2282008637374982,0.4946704370265607,0.8259910000000001,0.4388706722554073
KGZ,2023,0.5577825977070723,0.3823501191885434,1.0,0.694534364982081,0.3521836688729708,0.2381515674124285,0.4821269476370383,0.8847010000000001,0.4437571668604663
KGZ,2024,0.5367814827189176,0.4154293186668529,0.7102756280321194,0.697509121048026,0.5466493722779315,0.2482315832777927,0.5056898989013797,0.579623,0.4580741658026996
KHM,2004,0.7886555815091377,0.19163734835963656,0.0,0.1531899081201095,0.4293906063022129,0.1634944631773436,0.5609720929891691,0.00300437,0.212904767235811
KHM,2005,0.7956055283706087,0.18669309929266792,0.0,0.1806593345895376,0.6332410873171831,0.1794894673249247,0.5562947037316541,0.00317322,0.2109064002014721
KHM,2006,0.7856774860370105,0.24251606738280554,0.0,0.2087431037347039,0.6606091906987139,0.1924076488705252,0.5851804580140099,0.00468357,0.2055186841483372
KHM,2007,0.7784006034210875,0.32756531554118307,0.0,0.2378993398691607,0.8413208622388324,0.2046135936330656,0.5691083119670156,0.0049,0.2067346261845751
KHM,2008,0.8004866930804484,0.382378442670967,0.0,0.2652501890161358,0.719788588105625,0.2128686241199838,0.5310246943511902,0.0051,0.2138463118649198
KHM,2009,0.8009399092594824,0.3879813433030689,0.0,0.2194467198713154,0.7672653493589638,0.2163744203027057,0.5218055128817077,0.0053,0.2205011836744099
KHM,2010,0.7991707095027833,0.4083603088255037,0.0,0.2828638172639032,0.945868847053044,0.2212998042477346,0.5302543807112857,0.0126,0.2190285813647433
KHM,2011,0.8005012084106011,0.4100578277042372,0.0,0.234045340342315,0.9086851879056028,0.2292987449851865,0.5424538725224518,0.031,0.2048439087610407
KHM,2012,0.790089855834539,0.4771153813309434,0.0,0.278727999594954,1.0,0.2378154934121509,0.5597355258394657,0.0494,0.2119339197840363
KHM,2013,0.7690431495709653,0.5377502622779885,0.1848623947907069,0.3221992011629075,0.9636519739174014,0.246618695571951,0.5832730526409183,0.06,0.2340178220190052
KHM,2014,0.7469345049686101,0.5766182776267311,0.3017645854130373,0.3032016278917341,0.8312773815535948,0.2556326167389541,0.599391130195177,0.14,0.2614112862451198
KHM,2015,0.7248353436850623,0.6119862842291744,0.4356784987740453,0.3492368910353632,0.7747411229219874,0.2636096366893189,0.624368714594327,0.0643319,0.2722352833664132
KHM,2016,0.710507763217998,0.6356139676894561,0.5476395832747367,0.4213303755763775,0.8907709449117422,0.2725314057286169,0.6488656957515443,0.3239849999999999,0.2629869691526454
KHM,2017,0.6977163753471335,0.6496170098103461,0.8601851003090469,0.4147350506660906,0.9021219458933828,0.2817927531765775,0.667189104011131,0.329003,0.2557058721578849
KHM,2018,0.6797389072375087,0.6770200424844014,0.7403680641881564,0.4093415463878859,0.9147995319481396,0.2921930305271775,0.7031891630414822,0.4584294,0.2299767952246359
KHM,2019,0.664846041003154,0.7074361620209004,0.7888467779169788,0.4037928291653924,0.93384168179429,0.3014424892059976,0.7317473498517972,0.523059,0.2060774625381655
KHM,2020,0.687008909832799,0.7548745500144587,0.8229360749305092,0.4419681490014143,0.9615161266012796,0.2940559444854854,0.711047173389419,0.536508,0.2062096885095405
KHM,2021,0.6852145894318947,0.7917885220620112,0.7670486682034352,0.4172784952027881,0.9002253337971169,0.2963284100542177,0.7477808896509158,0.579592,0.1447198978682076
KHM,2022,0.6803668168613665,0.8115944741112883,0.9029129200401428,0.4224812730053621,0.8663736236561075,0.3016556973733993,0.7544778306912435,0.5966060000000001,0.1422863098613472
KHM,2023,0.6875211542051395,0.806899132918174,0.937839705038271,0.4285569031660692,0.8925789853087027,0.3068830028542314,0.7502125233853052,0.607171,0.1366556644617893
KHM,2024,0.6808120188489459,0.7970371835408268,0.8439168292258674,0.4329764618224885,0.9010348736253972,0.3135245995831711,0.7651882219002984,0.5685872,0.1230879434513653
KIR,2004,0.7512061895386556,0.4676043456305183,0.4298989688270579,0.2959464434463172,0.4061741652956058,0.2468990587491916,0.0195393582710064,0.035,0.631610285589143
KIR,2005,0.7229978484958163,0.4388647996862238,0.5633247136579822,0.1316145718386959,0.4329285836832274,0.2458474272293175,0.0,0.04,0.6509047989463044
KIR,2006,0.741062438947471,0.4584358779220021,0.5476395832747367,0.211661056336878,0.3169513488704097,0.2510907657313695,0.0596731110739876,0.045,0.6636089879916375
KIR,2007,0.752034437530981,0.4407394456569021,0.5281918920114982,0.4770844160827906,0.3383759966384111,0.2525115271925914,0.1292629020312897,0.06,0.6140064580914066
KIR,2008,0.7709503191276909,0.3835915653719707,0.5581186328714194,0.5943683261093865,0.2279052481824935,0.2450866456639276,0.1158585196748352,0.07,0.6251185503786205
KIR,2009,0.789061327630906,0.3840669225657274,0.4641738460633577,0.5605387162687113,0.5159476677519992,0.2427718483375224,0.0969186963996231,0.0897,0.6035822442777534
KIR,2010,0.7710013642094051,0.39429062848581,0.4452508291652521,0.04942771416236,0.0243263087889826,0.24152315804858,0.1552854416542879,0.0907,0.6231801305451997
KIR,2011,0.7806284993164883,0.425149752039262,0.6502142778466726,0.6588472033647368,0.272439761414859,0.2436118660363168,0.2019003809475076,0.1,0.5911851008748383
KIR,2012,0.7762885676200564,0.4351739840021694,0.6789100013280566,0.6588472033647368,0.2090087507713682,0.2496648321875233,0.2117867450019121,0.107468,0.5875830889637125
KIR,2013,0.7616075329601881,0.5496378035089255,0.711559798093267,0.625358268153485,0.3110598561512841,0.2584731581182139,0.2420755018265799,0.115,0.587911637896521
KIR,2014,0.7768667571579432,0.6143172197476835,0.7801740510703999,0.6486536877377493,0.3695476973284787,0.2584109162391416,0.2332865707069134,0.1225,0.5879094091158331
KIR,2015,0.7542823028367749,0.4061075329881013,0.8803995631646636,0.5175828897521764,0.2561685695416147,0.2720356025085334,0.2535827311060863,0.149,0.5838047382517633
KIR,2016,0.7924147652717608,0.33493001326888316,0.9068432438655142,0.7385792211262974,0.3409773854486184,0.2799197453948426,0.2511000432815322,0.194194,0.5920554945805024
KIR,2017,0.8239189194404447,0.6813465986423275,0.8130910319410832,0.6918008568155222,0.3069370509580805,0.2830755042229852,0.1723106722896407,0.253096,0.6087585300079168
KIR,2018,0.7902105147031278,0.540279827386322,0.8382486600128849,0.6170653596594642,0.2521279603276599,0.2858718076488976,0.1186937969626511,0.329864,0.6205671993037354
KIR,2019,0.7916546002204662,0.4603961385503646,0.8628997240823172,0.6769768155305724,0.2672766645692861,0.2883652096456645,0.0500321956061574,0.395737,0.678906474063409
KIR,2020,0.7915378383251566,0.5061823046218964,0.8857341895576939,0.6661283729342438,0.3613304741927971,0.2836917996398088,0.0643546100423763,0.4243202,0.6729361061350503
KIR,2021,0.7715456868723091,0.6500599217829462,0.9094564675260748,0.7376403350268603,0.3075509721254629,0.2929029653296527,0.105730893604576,0.4457394,0.6420809068741398
KIR,2022,0.7958333603773061,0.5683713344343979,0.9301638503013714,0.7670668214845479,0.3869319099891064,0.2970360205193086,0.0979928099867455,0.426,0.6528878701145623
KIR,2023,0.7934263287059842,0.6263715237287653,0.949264000874592,0.7805572015270703,0.399261916058337,0.2985596050951272,0.1342596855469549,0.88,0.680911063282713
KIR,2024,0.67745829305993,0.3244570189943786,0.4732272102055687,0.5733958760589168,0.4546730457416748,0.3038466222676993,0.5411769159693368,0.33876796,0.3431000831417007
KNA,2004,0.2412569802607451,0.6086879203329139,0.9543074470188202,0.8042778325127903,0.8745902815645836,0.5895365918885417,0.4634579554081396,0.247377,0.6919292317421266
KNA,2005,0.2306445349201773,0.6077250250498744,0.9568214003049156,0.7882041222195086,0.9284303457307032,0.6026362020766297,0.4535821612061159,0.34,0.7032653918460544
KNA,2006,0.1840403359056917,0.5959057398335447,0.9593302020437828,0.7771333439299045,1.0,0.6067264825554687,0.4730507974875281,0.385,0.6171230192231713
KNA,2007,0.1803831083792416,0.6088922516525168,0.9630837915557962,0.8122724383279706,1.0,0.6071692712267932,0.474802653493359,0.435,0.6410650325496768
KNA,2008,0.1878645988909495,0.610309166282043,0.9668259080305232,0.8212415404458476,1.0,0.622331074415238,0.4467300283618858,0.492,0.654030155341173
KNA,2009,0.1766980932900438,0.6253402337605648,0.9705566213901408,0.8088193419544649,1.0,0.6170520690392763,0.4746550310781213,0.557,0.6625478692602768
KNA,2010,0.192591081328439,0.6305865546859157,0.9975732503052472,0.9046500244002982,1.0,0.6171901174043516,0.4600285452699969,0.63,0.663553977598458
KNA,2011,0.1994527473117263,0.6237433801366882,1.0,0.9055251833380766,0.9729717468880346,0.6193940209004193,0.4239064189070238,0.632,0.6512477685228675
KNA,2012,0.1815715858861447,0.6266467671783912,1.0,0.9049964598309512,1.0,0.617864967562514,0.3684213274161833,0.64,0.6881046540421064
KNA,2013,0.1723366602159709,0.6114467793679033,1.0,0.9070760765675656,1.0,0.6258378996109838,0.3944544988751762,0.6459999999999999,0.6803909720818324
KNA,2014,0.1550326958403248,0.5988006858673519,1.0,0.9070760765675656,1.0,0.6363777457913092,0.4340434310575589,0.654,0.6496411727903648
KNA,2015,0.1437760529464438,0.6052894909659028,1.0,0.9042974448234712,1.0,0.6373879966590216,0.4642182602034976,0.662,0.6372212138678396
KNA,2016,0.1360785420771936,0.5948959458916169,1.0,0.9042974448234712,1.0,0.6430240914037405,0.5011312421790263,0.67,0.6229511817069568
KNA,2017,0.1507013533006214,0.5850092295042252,1.0,0.903485499776478,0.5797248897959089,0.6434215508243554,0.5354761686249864,0.6779999999999999,0.6098316488687469
KNA,2018,0.1523461081152958,0.584527761429793,1.0,0.9070760765675656,0.5261426600778282,0.6464306414435531,0.5018597894857308,0.6859999999999999,0.6299707971279691
KNA,2019,0.1502802253465179,0.581496270610183,1.0,0.9049964598309512,0.6509304428711861,0.6508072111567836,0.5166822836494341,0.6940000000000001,0.622771204001502
KNA,2020,0.1772047553580465,0.6354108041506896,1.0,0.9046500244002982,0.3049213721377964,0.626954176020306,0.4727181128813372,0.7027530000000001,0.6415315262545076
KNA,2021,0.1895493340053421,0.6588945553901622,1.0,0.903485499776478,0.429482334192613,0.6278185440760832,0.4607424417683851,0.743716,0.6507747022824799
KNA,2022,0.1837721618835636,0.6412246528596525,1.0,0.9046500244002982,0.5565056232209327,0.6424535886288812,0.4424771074891463,0.7555660000000001,0.6540325033806619
KNA,2023,0.2057046652898884,0.6361561040931064,1.0,0.9049964598309512,0.4679387727746737,0.6466219672616235,0.4328179751231362,0.764208,0.6591393544121676
KNA,2024,0.1946280791245715,0.6434205336888155,0.9987862639095606,0.9015843256071572,0.5280424403778103,0.6468108401195024,0.421845661679528,0.7407596,0.6679630670167722
KOR,2004,0.3178409578936073,0.7509964619381007,1.0,0.7652561154252163,0.3891159368154397,0.6437855553417889,0.671594825160633,0.7270000000000001,0.4838497746706617
KOR,2005,0.2964013068816116,0.7600952256199396,1.0,0.7742159868657972,0.3753926319718189,0.6496700362078368,0.6640544148066299,0.735,0.4957281899575625
KOR,2006,0.2882281173059311,0.7835287260017846,1.0,0.7817658367344623,0.3384646351605969,0.6563281217933444,0.6559209693854982,0.7809999999999999,0.5076001289439378
KOR,2007,0.273068556436028,0.795870077957383,1.0,0.7880185648337944,0.3310720323918304,0.6638362083551635,0.6553925155790161,0.788,0.513240666327187
KOR,2008,0.2625386074913858,0.8173673074547315,1.0,0.7938584981403999,0.3507204930964498,0.6670308464934801,0.6416642470466889,0.81,0.5302805540734071
KOR,2009,0.269967122175273,0.8112172146940121,1.0,0.8027411525462452,0.3437466635972899,0.6674689785001745,0.6491001742845134,0.816,0.525559736307316
KOR,2010,0.26274478530836,0.7970736544103845,1.0,0.8017026993669977,0.3358379045727048,0.6765419335575912,0.6687844981166259,0.8370000000000001,0.5032107174183603
KOR,2011,0.2676467377555017,0.8014558874796451,1.0,0.8051309000373519,0.33268000382719,0.6806827672186379,0.6753960532145346,0.8375910000000001,0.5001885014945014
KOR,2012,0.2656816885048946,0.797912441407913,1.0,0.8092042885086758,0.3303004707479136,0.6835714305104729,0.6729928489313316,0.8407,0.5048392230616101
KOR,2013,0.258848552548712,0.7935052914347953,1.0,0.8086786608866525,0.3419330103297705,0.6876113751736018,0.6800787051995405,0.8477,0.5041016728248469
KOR,2014,0.2553749038297905,0.7985588499880532,1.0,0.810352612063378,0.322801513994093,0.6912924535622852,0.6776108924634775,0.875568,0.5082829945958381
KOR,2015,0.2510395533109411,0.7992352257563267,1.0,0.8144059605737173,0.3013735933236487,0.694705336975335,0.678869189200893,0.898963,0.5069425055099844
KOR,2016,0.2375759919635169,0.8031821791768688,1.0,0.818807202518218,0.3339050195240505,0.6986614650432744,0.6804712041320004,0.92843,0.5047769888239657
KOR,2017,0.2354326285547497,0.8058543609097875,1.0,0.8183359148025572,0.3521865834114679,0.703153491192534,0.6861364544979608,0.950694,0.498159277444449
KOR,2018,0.2250557917325155,0.812779839958867,1.0,0.8173959624030446,0.3274820834158853,0.7070628568001275,0.6769314727521669,0.960229,0.5113110571297713
KOR,2019,0.2164219642040994,0.8280098466036598,1.0,0.8216191257279797,0.3198279966879982,0.7098782693005817,0.6576570019595578,0.961576,0.535687233713409
KOR,2020,0.2230867181613756,0.8467207927914233,1.0,0.8190011986003795,0.316727056851723,0.7086581165219873,0.6533543257574548,0.965051,0.5354172783426517
KOR,2021,0.2310196938759982,0.8542908158536875,1.0,0.8195901131603429,0.3579371576336829,0.7153912123479539,0.6503117074075491,0.975713,0.5351222348298482
KOR,2022,0.2107869426371514,0.8583445978056489,1.0,0.8201364512752026,0.3746030995402454,0.7195695853872762,0.6406131853757109,0.971686,0.5531055058045585
KOR,2023,0.2107277753938728,0.8593966916500554,1.0,0.8251822273514197,0.3511971676996785,0.7217369845852283,0.64079956839248,0.97416,0.5653829187954282
KOR,2024,0.2117496558772829,0.8548956175550072,0.9992716138485112,0.8292002724108407,0.3368575238869767,0.7245087424841364,0.6614239968724804,0.978956,0.5443830448500343
KWT,2004,0.0783165516324842,0.6155438791675134,1.0,0.888999883932644,0.2866216867284393,0.7278784723967154,0.5778937184730448,0.229271,0.5832936570363928
KWT,2005,0.0600857164359063,0.5925194256103969,1.0,0.8750317708610554,0.3028609120868798,0.7372639975748013,0.5754285920736975,0.259261,0.5960999154340828
KWT,2006,0.0478983577389571,0.5881167596577005,1.0,0.8653775763374347,0.291794452619003,0.73970756346669,0.4743265819582048,0.287912,0.651714531199651
KWT,2007,0.0433822443859229,0.6281645517873214,1.0,0.8544551864384881,0.2903530509934738,0.7396224983780885,0.4758723373284418,0.348,0.6508252485798394
KWT,2008,0.0326711034903381,0.6191484940664845,1.0,0.8395771474282738,0.2837581646133658,0.7350993754883216,0.5118639332858104,0.42,0.6425745613696145
KWT,2009,0.0528247103363802,0.6927328073587167,1.0,0.8468603936303284,0.3524109554292398,0.7167662286185646,0.1114921966982103,0.508,0.8041533564164176
KWT,2010,0.086159446051996,0.6795520361503414,1.0,0.8486239767795087,0.3575849311210782,0.7058008381323663,0.9955524532432356,0.614,0.3674729739038895
KWT,2011,0.0840322563602784,0.6328051434436581,1.0,0.846651511989756,0.4217125896450164,0.7100906076590473,1.0,0.6576909999999999,0.1991542855081754
KWT,2012,0.0705736666982208,0.6130239213162044,1.0,0.8441474871751237,0.3914324721998445,0.7102332684658256,1.0,0.7045,0.1517247732639458
KWT,2013,0.0697486912172322,0.6288226735568498,1.0,0.8441295950389834,0.3375900395460563,0.7046494240559581,1.0,0.7545999999999999,0.1834847935845501
KWT,2014,0.0859798706371523,0.6570801007387871,1.0,0.8452092299929008,0.3034590736002581,0.6989782845427751,1.0,0.787,0.2714978230600062
KWT,2015,0.0998825589344042,0.7430367217138663,1.0,0.8443876125459082,0.300187746662345,0.6933054486847948,0.9117810268031508,0.8200000000000001,0.5586655984958858
KWT,2016,0.0968964582643019,0.7580657775548227,1.0,0.8435409204860459,0.3013919449144733,0.691212488204835,0.8764331635962087,0.856,0.5923537682842906
KWT,2017,0.0979149127595886,0.7434743132595396,1.0,0.8432693329165478,0.2901150565690614,0.6788425728086244,0.9089280195352656,0.98,0.5333961051577396
KWT,2018,0.0852012283743603,0.7239353729686558,1.0,0.844973204904966,0.2830175317822421,0.6769936068444599,0.9481243677146912,0.995988,0.4514839008311683
KWT,2019,0.072418148455041,0.727268271121801,1.0,0.8402965470943629,0.3078439888411146,0.6763082674993851,0.927554730990274,0.995427,0.4987562206798608
KWT,2020,0.0933744509661776,0.8155915756081978,1.0,0.846621211568222,0.2513153890457902,0.6705221406833554,0.8397809544644811,0.991059,0.6790164661906436
KWT,2021,0.0896319254438529,0.7883457775948223,1.0,0.8424937996776011,0.2720739529346714,0.6742349087676381,0.9326534671629751,0.997,0.4805756591059005
KWT,2022,0.0779264374937773,0.8273901250359509,1.0,0.8406259259544229,0.3106999966680258,0.6763061141411234,0.993264738900718,0.997237,0.3249997453736784
KWT,2023,0.0889365837246553,0.7721284557873968,1.0,0.8438460736761291,0.3672318022344518,0.6657541740085374,0.9495158167362284,0.997473,0.456959492565473
KWT,2024,0.0928406446531613,0.7679506730564827,0.9990293001220988,0.8481447342400487,0.3089834541328993,0.6606842774501599,0.9223724992329526,0.7942544,0.5187517855912113
LAC,2004,0.4380831804342823,0.3874991404147377,0.9080193561781076,0.718801601680404,0.4694018067567772,0.4776228385290492,0.5844492194059983,0.1945664,0.5271676032766647
LAC,2005,0.4191241794912217,0.4079107502863441,0.912586904972718,0.7210618272329435,0.4544320872746388,0.4815326023296461,0.580841033912061,0.162,0.5334599377077115
LAC,2006,0.4087426625057963,0.4386884117573812,0.9220327824005832,0.7281190314149935,0.4298055372975397,0.4872068489087285,0.5861486089783609,0.204,0.5314781202444453
LAC,2007,0.4151648865934217,0.4700126048677035,0.9258739489801436,0.733060552092168,0.4886369965129958,0.4930080184485185,0.57319369044742,0.233,0.5354115373891891
LAC,2008,0.419971886234389,0.4885578402042415,0.9364506048686052,0.7370525291207664,0.4834630318045343,0.4966474374603279,0.5729631572572299,0.259,0.5290418579323527
LAC,2009,0.4153900855967845,0.5026942796268776,0.9386818198823532,0.7438127061170959,0.421316702507637,0.4914500302548911,0.535591104935361,0.303,0.558521909658236
LAC,2010,0.4129584094571764,0.5251504378013502,0.9450318542178108,0.7474134164379193,0.4958990761643377,0.499257255328032,0.548421963057312,0.34,0.5406336409931954
LAC,2011,0.4169811083051245,0.5450908650248758,0.9494367291926338,0.7505880097105002,0.4935338758084074,0.5039771283195656,0.5546668259048052,0.387,0.5338287444834071
LAC,2012,0.4065970295352651,0.5567544701717602,0.954159445465552,0.7532958095353153,0.4929775065350006,0.5057877311261535,0.549720937406258,0.421,0.5455519287014192
LAC,2013,0.4139658461495766,0.564857914026561,0.9584185002032484,0.7559601249361404,0.4942626487046642,0.5082350186790724,0.5315382349870278,0.451,0.5590299302769836
LAC,2014,0.4133159867331375,0.570112597750249,0.960359197023226,0.7577940268990487,0.470079287034123,0.508584389575946,0.5212100696738923,0.477,0.5680248891168627
LAC,2015,0.4120371414788931,0.5651185882751052,0.9636393985475976,0.7610659962376186,0.4902138357175113,0.5075180394726923,0.5028702522524956,0.533,0.5818485688215793
LAC,2016,0.4319439812038108,0.5608317373148347,0.9665565150419536,0.7655588536122372,0.5036247816989551,0.5053315588192279,0.4864850711690885,0.564,0.5883378092252445
LAC,2017,0.42063359522492,0.5603869633440289,0.9699288168985318,0.7676316403131138,0.4789214138136816,0.5067475288858981,0.48914568377102,0.5920000000000001,0.5891351580646488
LAC,2018,0.4132474906676223,0.5787483436162001,0.9699980315236464,0.7694331016166744,0.4975973450893102,0.5074930521333515,0.5066282392780603,0.626,0.5823698137696364
LAC,2019,0.4125236558407913,0.5705979876309913,0.9734363471166264,0.7747059572299639,0.4707471384111253,0.5069328881155449,0.5044300939411415,0.679,0.5852576318484979
LAC,2020,0.450518479339227,0.5877653841899072,0.9753373903283612,0.7661507620674305,0.4325218411392008,0.4958953652640886,0.5023135410469606,0.733,0.57833162251866
LAC,2021,0.4637315646286863,0.5773448305840927,0.9770098155866604,0.765961757015494,0.4536660397584713,0.50463435927757,0.5398180571817955,0.753,0.5355577678178501
LAC,2022,0.4537151763504164,0.5770104011944694,0.9812207842792542,0.7729977599590354,0.4950655960121429,0.5093170838339646,0.5521614232291321,0.766,0.5394879525521633
LAC,2023,0.45155239389668,0.5780473651000023,0.978832242226463,0.7791652072924106,0.4524161653356645,0.5113804777542507,0.5452141411845368,0.797,0.5475395897397567
LAC,2024,0.4497121011370401,0.5869162131102061,0.9876306079881748,0.7823011347103487,0.4623489957477028,0.5131699982417096,0.5285018947372628,0.8140000000000001,0.5518881795798315
LAO,2004,0.8200859332749161,0.15114125406678022,0.2447082658360229,0.0,0.3305461269100684,0.2126271368747033,0.3856682067973327,0.0036143399999999,0.309962545659129
LAO,2005,0.8026210367129553,0.16963062243644372,0.3251256463508609,0.0,0.3499676154182482,0.2203972114669868,0.4746824414108853,0.00850357,0.2965154715714159
LAO,2006,0.7895257358970811,0.12447211260535322,0.3209112021886749,0.0,0.6368433189841463,0.2300923158214415,0.5333994903753687,0.0116989,0.183561293349219
LAO,2007,0.78128887928024,0.14598093596910303,0.2779490811114568,0.0,0.782572218749704,0.2384672677053901,0.5184535223174045,0.0163999999999999,0.2610165894933108
LAO,2008,0.7664932472362539,0.22398335408471795,0.4975152511059333,0.0,0.5561844285470892,0.2471911263625704,0.5477718679609326,0.0355,0.3109181290473217
LAO,2009,0.7667667647040861,0.35036728794989297,0.5228339192579227,0.0,0.6392948628865571,0.255514382570802,0.513977157056251,0.06,0.3420426955502653
LAO,2010,0.7510317429547781,0.392873202158597,0.5719526198388256,0.0,0.5384402661983672,0.2652495270821883,0.6083964060823306,0.07,0.3001709860222419
LAO,2011,0.7320607535722274,0.4242240952401604,0.5685087502820465,0.0,0.5077016578787767,0.274365437050683,0.6140547026342956,0.09,0.2632087287375187
LAO,2012,0.7061625277438573,0.4143836522404504,0.6741738452469729,0.0,0.678447878242327,0.2834950006541125,0.6394728399291164,0.107477,0.228495663908852
LAO,2013,0.6985026726339721,0.4143836522404504,0.7192068861665494,0.0088268888175508,0.6540801078399985,0.2926538851687402,0.6077730999219353,0.125,0.2781569068821339
LAO,2014,0.6974712635831568,0.4819030687074824,0.7670486682034352,0.0430433981474831,0.7092419482321455,0.3012972795172853,0.580823146187898,0.1426,0.3119048696590841
LAO,2015,0.6941459564139525,0.4835582582979444,0.8683109807154685,0.0760314335549563,0.7702155565379709,0.3093637279163933,0.5612052820840422,0.182,0.312129376965564
LAO,2016,0.6895140702711866,0.5654533235369797,0.858825527909305,0.104650376237991,0.6665427427768895,0.3169435152137735,0.579870005151703,0.2187,0.2778466047232595
LAO,2017,0.6756403895036152,0.597677140181457,0.9198539382574834,0.1364651577379876,0.9268775802116967,0.324336372885932,0.6156041408592839,0.255104,0.2580213768002418
LAO,2018,0.6687404330331664,0.6133906409010913,0.9107609906331458,0.1465205140252343,0.7711846483246161,0.3308757315892031,0.625459442618223,0.363,0.2597208222762104
LAO,2019,0.6735598371250507,0.696926405195076,0.9804499667021888,0.1539708700501129,0.5463891779227793,0.3363726035651541,0.625430971095051,0.470323,0.2577368134295393
LAO,2020,0.6775459589085896,0.7212645061499741,0.991485247605356,0.139439035114137,0.6158019055024383,0.3349337269200075,0.6391625013114203,0.54,0.2478721749938193
LAO,2021,0.6738024653565008,0.7490099932479113,1.0,0.1387306562789456,0.654548725591503,0.3364653030764214,0.6647468682221563,0.62,0.1995876164672532
LAO,2022,0.6564367704637085,0.7490099932479113,1.0,0.1442778517799557,0.5895761143657403,0.3382961024570731,0.6644409846086871,0.627001,0.2312506900223351
LAO,2023,0.6747973418852103,0.5430742974669266,0.9568214003049156,0.1470628419710455,1.0,0.3416115662464817,0.609493659356562,0.636255,0.3087121345727127
LAO,2024,0.6834429925254899,0.437975491914179,0.1000220955545989,0.1553814169978848,0.6738215330984219,0.345513284536305,0.5847780264958053,0.25286,0.2994286988499495
LBN,2004,0.3723485013375663,0.6899813654226896,0.9987872264286616,0.8326803576806043,0.868014597337057,0.4748412363701978,0.2486269922855986,0.09,0.7064924982855669
LBN,2005,0.3601056727690789,0.6638219613533844,0.9902640057882316,0.835450963661699,1.0,0.4764389306502919,0.254663695617244,0.1014,0.7326132180482186
LBN,2006,0.4024569119314131,0.6707316966961904,0.9927052724399016,0.838538777263486,1.0,0.4762049070205864,0.2626550916964791,0.15,0.7529475406081892
LBN,2007,0.4202203274679438,0.677915430020248,0.9730374628066976,0.8386337513175024,1.0,0.4863127659967968,0.2784433187858858,0.1873999999999999,0.7277322364772832
LBN,2008,0.4047196459162362,0.6845043942821603,0.9987872264286616,0.8391572624614447,1.0,0.4964989231120947,0.2997503453917572,0.2253,0.7486018408364694
LBN,2009,0.3786914935605397,0.6714730734927316,0.991485247605356,0.8386145370380688,1.0,0.5086794141685761,0.2762583811012957,0.3014,0.7079488738367049
LBN,2010,0.3743702563297884,0.7025145010687819,0.9939240827149284,0.8412403604080584,1.0,0.5183987726560667,0.2228337708041291,0.4368,0.7415269111818439
LBN,2011,0.3715408829646652,0.7223125191889586,0.996358069242556,0.8428481976856111,0.7953481680290759,0.5180849345903306,0.2463571634902673,0.52,0.761976637134401
LBN,2012,0.3695434491293967,0.7222297651100718,0.9939240827149284,0.8443791014374035,0.7440349024367443,0.5178346745952608,0.2776879866367516,0.612498,0.7550411125100125
LBN,2013,0.3789094319261533,0.7306305505319923,0.9951416808462688,0.8469333271841323,0.6534372264176519,0.5098539308672515,0.3036527118235221,0.705,0.744247538283386
LBN,2014,0.3821311255545417,0.7423723237366129,0.996358069242556,0.8513608566725132,0.6713593505706157,0.4989121525390961,0.2996732466332567,0.73,0.764294775190465
LBN,2015,0.3442303277152292,0.747768515303813,0.996358069242556,0.8552035693611839,0.5654705650154555,0.4967401794426432,0.2844598326603913,0.74,0.7651821463548734
LBN,2016,0.3109908661472605,0.7554629200304978,0.9975732503052472,0.8569902382911214,0.6108342734892251,0.5023688593107484,0.2920206949139309,0.7611,0.7699233492169613
LBN,2017,0.3151613993138533,0.7610563019950407,0.9987872264286616,0.8598396689446693,0.5935906773412021,0.5074627390381575,0.2600511640907548,0.7818080000000001,0.7843309952486572
LBN,2018,0.3412755689403552,0.7379980220095367,0.996358069242556,0.8637272463310252,0.5990979774551105,0.5089085905971912,0.2227033859145948,0.809,0.8026171344729044
LBN,2019,0.3377106816189963,0.7215193412532126,1.0,0.8693308907339944,0.5244339636434612,0.5031793914664281,0.1754415569545337,0.814812,0.8289619071896485
LBN,2020,0.3324571177312579,0.652759138503037,1.0,0.8675255965996386,0.6137882053598106,0.4705576772245591,0.0,0.8206650000000001,0.9153413993189794
LBN,2021,0.2060477520164175,0.6149981554845395,1.0,0.8653052528923496,0.4527661452912663,0.4596233281575462,0.0,0.8265600000000001,0.9811873745936714
LBN,2022,0.1841506652669973,0.6149981554845395,1.0,0.8774112989072576,0.4473489722076944,0.4580505197035406,0.0,0.82798,0.92745322121935
LBN,2023,0.1585235159468526,0.7200316274336799,1.0,0.8730920449818743,0.4964641606126105,0.4562114611383029,0.0,0.834933,0.2758478263973612
LBN,2024,0.4832602086474102,0.5350240562334468,0.7377509084852749,0.6173821895359558,0.521044970375395,0.4600931523874124,0.4981522257440442,0.433764261627434,0.4979430980515284
LBR,2004,0.9964689679855364,0.018684208194855792,0.0,0.4883920458389148,0.8307174236572752,0.1098931894474452,0.0,0.000310112,0.0
LBR,2005,1.0,0.041821607251383994,0.0,0.4955348655207544,0.8518540129595311,0.1108817579924247,0.0,0.0188247764,0.0
LBR,2006,0.9919887436830788,0.0829159658145821,0.3630802437396377,0.5065298286581986,0.9113023389538172,0.1139927141497106,0.0,0.1376531764,0.0
LBR,2007,0.9984490768905095,0.10279801214852212,0.0,0.5210088651392288,0.9079785759683634,0.1199730266475668,0.0,0.00551377,0.0
LBR,2008,0.996927620747345,0.13283141630046882,0.0,0.533877588867957,1.0,0.1240942184383452,0.0,0.0053,0.0
LBR,2009,0.969707867450538,0.1854804329218867,0.0,0.5443177683769526,0.7544625438788798,0.1270233666299125,0.0,0.02,0.1558521106577534
LBR,2010,0.8577737566123027,0.21957608275305723,0.0,0.5593895039326958,1.0,0.1314072844229022,0.0,0.023,0.4646478179267296
LBR,2011,0.8577737563804385,0.24103790913153464,0.0,0.5740466932492438,1.0,0.1371485906574392,0.0,0.025,0.4099546654561217
LBR,2012,0.8577737537045089,0.23427612748096144,0.0,0.5913316743874167,1.0,0.1431722138807574,0.2490787524161848,0.026,0.097256842657144
LBR,2013,0.8577737551156703,0.2687458407807554,0.0,0.6107699104503338,1.0,0.152060993842218,0.389641676784615,0.032,0.1516330668918426
LBR,2014,0.8577737554682007,0.26177596535715775,0.0,0.6133719575846766,1.0,0.150055894197749,0.3650371955878038,0.0541,0.2409573581783078
LBR,2015,0.8577737565197543,0.2848559531463776,0.0,0.6176547359708916,0.7532609993583559,0.1470386183748231,0.3176491508881642,0.1,0.3189293394520461
LBR,2016,0.8577737456002823,0.2894527809346337,0.0,0.6170075717431368,0.8809255762041417,0.141805558623924,0.2214870034484703,0.157,0.3485693638739088
LBR,2017,0.8579280759107449,0.3440721294189357,0.0,0.6253434071521072,0.7597200260468294,0.142504560414443,0.2763248064679076,0.163,0.3145051704025287
LBR,2018,0.8550323566622016,0.34697502374265177,0.0,0.624001619779945,0.5295461350089469,0.1413369949604853,0.3204832684901897,0.172777,0.2873028136371264
LBR,2019,0.861098925537137,0.30978232633034225,0.0,0.6148619784087548,0.4539578366762682,0.1348430161781274,0.3223562909031843,0.183141,0.2542850697374172
LBR,2020,0.8786241280826649,0.29593045337780916,0.0,0.592622475064819,0.0913828058444891,0.1274477784252397,0.3181938174822107,0.194126,0.1990830624612932
LBR,2021,0.8672634617553162,0.28744716380143304,0.0,0.5873285236205575,0.2112340044804866,0.1314410050750162,0.3794826243987313,0.205771,0.1894457471152719
LBR,2022,0.8596031516389485,0.3169218977321969,0.0,0.5931461402516692,0.4853336135474703,0.1351399549799987,0.4180195647526354,0.218966,0.1649899602362083
LBR,2023,0.848866103518246,0.23410447325873823,0.0,0.6014883361289893,0.7469634081671298,0.1385799882668829,0.4771670460976464,0.234979,0.2358425856167849
LBR,2024,0.8439052330891195,0.3206306773405829,0.5166693533261539,0.6093529071288608,0.9261141782020332,0.1411683953634102,0.462359990375791,0.14087478,0.2664095420693016
LBY,2004,0.3474342703212326,0.24033960696433673,0.8963342109266358,0.767006372995248,0.3541653936472355,0.5550632373446679,1.0,0.0353284,0.0602271541100625
LBY,2005,0.2966780322921602,0.17044935019647553,0.8736984253612241,0.7671799995822917,0.4267338900416703,0.5682881518715547,1.0,0.0391779,0.0173289685499836
LBY,2006,0.2174423389634493,0.1289329980862297,0.8506362343642287,0.7677426023117306,0.5075440544384444,0.5744524343887992,1.0,0.0430105,0.0
LBY,2007,0.219683234937809,0.13370748320539252,0.8285264719505933,0.7720252030184228,0.7325661694145599,0.5802418367959302,1.0,0.04722,0.0
LBY,2008,0.2044015555800709,0.1680841056556147,0.8045889504108512,0.7733048923722482,0.5925894830155993,0.5769232886707968,1.0,0.09,0.0
LBY,2009,0.271483720888696,0.25684598110501583,0.7816237786763294,0.7809050126216852,0.4307507301713321,0.5673679393580263,1.0,0.108,0.0738077991307959
LBY,2010,0.2427484448805744,0.21717933869097444,0.7582195807555132,0.7844895608248428,0.43804179607962,0.5715277985145012,1.0,0.14,0.0346065639753158
LBY,2011,0.3312506892040615,0.3078700792796317,0.7343592431930597,0.7951347322567905,0.4024158807522403,0.4734307011006696,0.8931427673528012,0.14,0.5882224221327795
LBY,2012,0.2441127532148133,0.21892996443887264,0.7100246319734349,0.8001178521036021,0.384234524895677,0.5679471165554212,1.0,0.152,0.1814020920209847
LBY,2013,0.2901684482436794,0.30098481498853785,0.6851965097241898,0.8063302684591863,0.3446517294248746,0.5362321086357179,0.9883172162212644,0.165,0.4135408449524388
LBY,2014,0.3568049547899376,0.3753237848297842,0.6598544443486114,0.813288906813226,0.4520013225938465,0.4954197329839266,0.8219743561110158,0.1776,0.6905592505575261
LBY,2015,0.3987914770307108,0.3991309844221061,0.6323410433349244,0.8176218846043792,0.4107153593446402,0.4918491423833487,0.6748262841547472,0.5547112000000001,0.7487013532244899
LBY,2016,0.408570235681124,0.37030563002335337,0.6058687726446933,0.8207041594772636,0.4067912147397988,0.4874569231681488,0.5315441581428946,0.7064126,0.812339093415282
LBY,2017,0.3749980297055996,0.3169541179018928,0.5788114322882278,0.8197458261611363,0.3647122676931674,0.5259778539514498,0.7309088762784166,0.6168334000000001,0.6399091344310208
LBY,2018,0.3642603869585747,0.28656038935349387,0.5156532838927811,0.820448722230967,0.3818421893503716,0.5347134499874185,0.8522017992177036,0.4026552,0.4723963318362653
LBY,2019,0.2625562104395249,0.31458680064067107,0.5423662305986786,0.8240946980157107,0.3932030370552556,0.5153337232513499,0.855230079393888,0.2767526,0.523211429261552
LBY,2020,0.39614155786491,0.4023334376567877,0.5581186328714194,0.8266535515170093,0.5579179466526922,0.4627333212196721,0.2919090277685617,0.875754,0.9245198311726808
LBY,2021,0.2535477005885895,0.25418728675393437,0.5719526198388256,0.825708357653612,0.395449954741154,0.4970642756804014,1.0,0.885598,0.036396675101102
LBY,2022,0.2329158523941416,0.24794017098022855,0.5685087502820465,0.8286672343050042,0.3896622550725438,0.4826965852057531,1.0,0.886412,0.0
LBY,2023,0.2401577067994252,0.27580819286991004,0.6224808975277218,0.8289877851768941,0.4014899114406691,0.4951583908738443,1.0,0.884989,0.0
LBY,2024,0.2885215059840381,0.28980227509592793,0.9956200026870312,0.831384453004511,0.3417662692509388,0.4964005591900399,1.0,0.7916742,0.0
LCA,2004,0.3423409531425633,0.6193163044453981,0.8628997240823172,0.8105846689185346,1.0,0.5290490359997903,0.3547272835632601,0.213952,0.6541766105746397
LCA,2005,0.3241203049434425,0.6391834981840364,0.8736984253612241,0.8152360625238637,0.9458723292713014,0.5273859747720183,0.373057224924784,0.2156759999999999,0.6878881554264691
LCA,2006,0.3266678561696855,0.6639197490804837,0.8844027105573438,0.8079307620820297,1.0,0.5350712629471038,0.2803594936641465,0.245,0.7146525369212764
LCA,2007,0.3226907110951155,0.7110827083516377,0.8963342109266358,0.81490258789096,1.0,0.5365346389183635,0.2063090357649009,0.2789999999999999,0.7403834242137268
LCA,2008,0.3606328588866959,0.7194546306673272,0.9081505529274267,0.8167539643315671,1.0,0.542640679598006,0.1916319731473692,0.3,0.7153054077493513
LCA,2009,0.3636714561911595,0.7311121505011573,0.918559073176281,0.8203738112252017,0.9107989214028748,0.5375659774386384,0.2011249109911059,0.31,0.7292979665988368
LCA,2010,0.3086415864680624,0.7245721616265542,0.9275945003129228,0.8254858954117225,1.0,0.537160814704687,0.1441971552243487,0.325,0.7685851639470261
LCA,2011,0.2852274522272,0.7176431038681585,0.942930335325417,0.8289014606643708,0.6872113433644786,0.5425510538213089,0.1182331814560594,0.34,0.7870676011156957
LCA,2012,0.2868907618308992,0.729467600227131,0.9416596607742472,0.832514299212817,0.764369306136484,0.5417305666424891,0.1101764030492156,0.45865,0.7915888396820063
LCA,2013,0.3042906333239459,0.7207820479912829,0.9655798063248302,0.836983324082242,0.7764130931961849,0.5384101752082576,0.0816178991791504,0.494,0.7818322534235752
LCA,2014,0.2758853716085913,0.6935552153038481,0.976749324629734,0.840413817854321,0.5342640061627983,0.5396827779368466,0.0699146986130195,0.532,0.7817524222087187
LCA,2015,0.271069846060183,0.6678339468811555,0.9878178614776724,0.8419119164384224,0.8321245253681084,0.5391927285130375,0.1093585861178319,0.573,0.7673748873423988
LCA,2016,0.2652887663541844,0.6446279538720886,0.9975732503052472,0.8445402634510228,0.8469044442035714,0.5434711910814957,0.1148223517621153,0.582226,0.7646628370892496
LCA,2017,0.2215810082888457,0.6254525986490652,0.9987872264286616,0.8477838706930922,0.5769081803764613,0.5477218416486161,0.1102272796288438,0.591601,0.7781010560119317
LCA,2018,0.2277509374065455,0.61367470588588,1.0,0.8521208008653509,0.4277684074584363,0.5512980737847314,0.0640082231797476,0.601126,0.7848528062958972
LCA,2019,0.2367922997138963,0.6056330693858543,1.0,0.864714536493223,0.5185488656452545,0.5497508901688176,0.0242268045158343,0.610805,0.7922937978487585
LCA,2020,0.2577215100954716,0.6913732313172106,1.0,0.8669855424353924,0.7143429886837815,0.5087450168573112,0.1817784353486239,0.62064,0.7234109518717243
LCA,2021,0.2353853885495005,0.6410441190471581,1.0,0.8440177418333283,0.5287835902922522,0.5244518974315023,0.1272657336032651,0.630633,0.7708593243667463
LCA,2022,0.2175081463837873,0.5931362281414213,1.0,0.8406086025564221,0.4452633532148291,0.5511740036948739,0.0150380801157344,0.653544,0.8094317933862556
LCA,2023,0.1770361140127649,0.5911142816895584,1.0,0.8618988946706312,0.8278561792744317,0.5539380755690849,0.0558343413054747,0.700834,0.7940488389976894
LCA,2024,0.177521195109841,0.5915509591879596,1.0,0.8709314241055178,0.760452213995562,0.5591086272218181,0.0591071476732188,0.4681293999999999,0.789947128834937
LCN,2004,0.4572449114643703,0.4120562923285888,0.9149149864317078,0.7272174193782969,0.4765690227937971,0.4818639863808737,0.659834862702404,0.1976,0.6268919129365591
LCN,2005,0.4400776292759545,0.4301911977258161,0.9188537006926426,0.7297999413676948,0.4650497682443021,0.4859372447658096,0.6599388486343014,0.166,0.6294309230781391
LCN,2006,0.4311398387623782,0.4579083405952249,0.928357320087318,0.7360236210955701,0.4873763597411804,0.4916566206831262,0.6675769301076123,0.207,0.6244540823310877
LCN,2007,0.4369894649258939,0.486952756449659,0.931145743811678,0.7404251867776144,0.5472530816173968,0.4974402771577716,0.6541149923497063,0.237,0.6312029933652494
LCN,2008,0.4423956086760046,0.5032834950030555,0.9406813703027644,0.7442788615774866,0.5307772089187616,0.5010341142367044,0.65547559178865,0.264,0.6251053126888606
LCN,2009,0.4430887465699731,0.5162660181687558,0.9432689051215988,0.7505388584080258,0.4598685474990271,0.4960211732374361,0.6159635456659934,0.31,0.658007371761663
LCN,2010,0.4402336823746155,0.5330196005651584,0.9489987071300734,0.754164134227841,0.5225575476603267,0.5031208531486125,0.6353248172299124,0.346,0.6343384076369569
LCN,2011,0.4431744450110018,0.5533940759494603,0.9528482844002476,0.7576150122703501,0.5491658519960239,0.5078099992257016,0.6311987727503792,0.3929999999999999,0.6346993699309873
LCN,2012,0.4302617982803574,0.5647105981605087,0.9576904610605648,0.7605118396091699,0.5395675157703064,0.5100586000324624,0.6202170619289998,0.43,0.6394237891800153
LCN,2013,0.4413845038009307,0.574656947296076,0.9613921249319406,0.763090461256121,0.5391010277351695,0.5124416760890146,0.6129283951191465,0.461,0.6699544901357316
LCN,2014,0.4427412312404165,0.584002650408033,0.963758534548994,0.7650666529289297,0.5426526962716576,0.5126988537997684,0.6070081165815595,0.487,0.6845898873501798
LCN,2015,0.4421236544960093,0.5820335102573188,0.9666356805252818,0.7681672004363804,0.6106907301042056,0.5116256527640953,0.5965055881727422,0.544,0.7078412833853213
LCN,2016,0.462037418166,0.5800709428396296,0.9690455866395002,0.7727712659279738,0.509095538930739,0.5091924524177717,0.581218337099124,0.5750000000000001,0.7165309326813852
LCN,2017,0.4518471976321309,0.5799118678618058,0.9719291382616696,0.774290131277892,0.4772426732152891,0.5101166183347624,0.5834573048580765,0.6020000000000001,0.718757532770063
LCN,2018,0.4440774957944159,0.6001155534255648,0.9725009753738094,0.7760334807457814,0.4951446221524979,0.510644115880044,0.6007015674156275,0.635,0.7145088969584674
LCN,2019,0.444398627701563,0.5921734102194622,0.9754911680650512,0.78100518916649,0.4837181643682484,0.5099176335606551,0.6005328720049851,0.6779999999999999,0.7221429811751827
LCN,2020,0.4810637662724767,0.6090470855022858,0.977366805149865,0.7727174080905285,0.4514742134510418,0.4985783166361085,0.603807859003464,0.738,0.7184233357787716
LCN,2021,0.4922723597529303,0.5944624787321945,0.9789171679437256,0.7723422155760478,0.4692078747099296,0.507647305380503,0.6378157183422525,0.758,0.6769130245447671
LCN,2022,0.481951070764923,0.5915420956217222,0.9826512074046004,0.7790741919628499,0.5065500358656686,0.5125953283911314,0.646342013253246,0.7709999999999999,0.6770102193195131
LCN,2023,0.4802653237085792,0.5923375152985233,0.9807285141353892,0.78487762630863,0.4576797049654709,0.5148257446689787,0.63607987556253,0.8,0.6868721053770523
LCN,2024,0.4787738462195494,0.5979618335176125,0.9878193592860968,0.7881382450821038,0.4682295325685452,0.51705534449838,0.6221852512041306,0.8170000000000001,0.6872349512572282
LDC,2004,0.757039436697215,0.29794751836581396,0.0,0.2075981644051544,0.4796584997871288,0.1521384759513874,0.5275135320837988,0.0378,0.2879704677757835
LDC,2005,0.7520060991459766,0.30493359944522797,0.0,0.2167896427610507,0.3890526966849708,0.1590183591631666,0.5663603373257532,0.0069999999999999,0.2571857210329192
LDC,2006,0.7422653963577365,0.31556492813832904,0.0,0.2265741193998,0.4237988672161286,0.1651552591959005,0.5926177457025561,0.01,0.2572183323457283
LDC,2007,0.7456672505495998,0.31714664742848564,0.0,0.2362847781625332,0.4446937717155023,0.1719474339265169,0.6144601761392158,0.018,0.2147062579957343
LDC,2008,0.7465451434378052,0.3312967989268322,0.0,0.2453789236879917,0.4779850906767436,0.1776461003045428,0.618973018379606,0.022,0.2200216847564949
LDC,2009,0.7605131236690088,0.357049306858751,0.0,0.252347991265659,0.4456969423631099,0.1802397821612584,0.558863459536419,0.026,0.301037164525589
LDC,2010,0.7549415695525233,0.3688244911958161,0.0,0.2696064111897564,0.4558248039094058,0.1857791470122772,0.5815977099513525,0.033,0.287674900305945
LDC,2011,0.7339639092873101,0.3621620334728081,0.0,0.2763781671728712,0.4722339872432196,0.187126000513131,0.6157020164033311,0.04,0.2903214600696663
LDC,2012,0.738461863068849,0.3780810977826827,0.0,0.2874209815760957,0.5172793987322564,0.1884078968440151,0.6093521721524245,0.048,0.3014116159816607
LDC,2013,0.7304778053484543,0.3865704739980134,0.0,0.2895494064879893,0.4606120778326588,0.1931236601321059,0.5942166343076402,0.06,0.327991994581463
LDC,2014,0.7301828565262342,0.4150347466595507,0.0,0.3023980380617655,0.4764574837332648,0.1972451931084834,0.582746325346441,0.0819999999999999,0.3359027478528583
LDC,2015,0.7335720663121846,0.432233047419756,0.0,0.3155756019318022,0.5482388643542757,0.1977925083720219,0.5424825727189729,0.107,0.3619321456630784
LDC,2016,0.7280632439843049,0.4393866237384305,0.0724231909457443,0.3296507806782983,0.463626892972915,0.1995901317687721,0.5534664483290086,0.138,0.3546891876034992
LDC,2017,0.7222496043703599,0.4468222493531689,0.1683448373312777,0.3471795057617649,0.4176253882857642,0.2025425052213448,0.5651664669543448,0.162,0.3508424153781958
LDC,2018,0.7134154350081892,0.4508806221612822,0.1892755805672766,0.3601834565489724,0.3927940005626197,0.2057214260990091,0.5899796480601328,0.195,0.3418636924815846
LDC,2019,0.7107011916444025,0.4570259073075082,0.2306714191041008,0.37423686420423,0.401834546318766,0.2092229485698432,0.5948240451925579,0.212,0.3339405650584292
LDC,2020,0.7216135727478856,0.469380082382543,0.2663881332791962,0.3493462534338333,0.4096232283464188,0.2056305723987611,0.5827851649813773,0.241,0.3325402058795627
LDC,2021,0.7140506888497375,0.4756073234801367,0.3018833074230176,0.3421639923647649,0.4218895091472572,0.2063531103653119,0.591138805500745,0.261,0.2991125368321484
LDC,2022,0.7104869551657516,0.474147805306621,0.3153748734827566,0.3502907736030385,0.3962200493908511,0.2097996269575112,0.5910667184542815,0.282,0.2907883931596702
LDC,2023,0.722059123397628,0.484919704211722,0.3508156894999916,0.346514510572834,0.4434208634142438,0.2108112075400826,0.6004836610599669,0.299,0.313629240368143
LDC,2024,0.7220702434564448,0.452467049425999,0.5067364450277192,0.355796211012385,0.4483552502330199,0.2129701201767241,0.5936937719372095,0.314,0.3251549661817884
LIC,2004,0.7697770564743991,0.1809990590299596,0.0,0.1806150247456392,0.4803601723866126,0.1577237378899237,0.5588157828104895,0.018600874,0.1714677083516539
LIC,2005,0.7681890406352349,0.19946532223329155,0.0,0.1905462783760158,0.4132847527733959,0.1620818372767134,0.5804212408122851,0.01,0.1420452447997413
LIC,2006,0.7637397616024101,0.21918476020014185,0.0,0.2032294779088043,0.4720890517085128,0.1652039109148713,0.604499872087885,0.013,0.1271743528850651
LIC,2007,0.7656855161252282,0.22311681457144444,0.0,0.2143457047579372,0.5079353852518181,0.1688865842694933,0.6251823656527339,0.025,0.0790359501406548
LIC,2008,0.7643329949373683,0.24262602105054334,0.0,0.2243899299531389,0.5280660179425177,0.1718072325319728,0.6339629303269588,0.03,0.1274368708575932
LIC,2009,0.7788543508758583,0.27645172245488503,0.0,0.2320837517399272,0.5061123701671786,0.1723715791019229,0.5973383247687971,0.037,0.2159911151032572
LIC,2010,0.7722509693045401,0.2792094149357848,0.0,0.2555905697343772,0.5726467105765016,0.1774079423985037,0.5998715743763163,0.043,0.2254349452521268
LIC,2011,0.7502636690539861,0.25903626581087613,0.0,0.2630768708129708,0.5749837744312094,0.1731765676104392,0.6242114080205546,0.049,0.2461467579108666
LIC,2012,0.7657900813272165,0.23038914870310734,0.0,0.2722271668362741,0.7241224906784507,0.1627678213452552,0.5710607522210842,0.054,0.2835692883467154
LIC,2013,0.7566507939334454,0.24083142577387584,0.0,0.2624477240682382,0.6229632807867587,0.1628084531805089,0.5485116974389772,0.06,0.3074529266090577
LIC,2014,0.7609943851157794,0.26555397465556035,0.0,0.2705985940599368,0.5117717321798816,0.1633903339372764,0.5627290715683131,0.069,0.285102972163809
LIC,2015,0.7626056306244714,0.2707484321810619,0.0,0.2747925256448784,0.5072095371624415,0.15681075993962,0.5238664435385613,0.079,0.311577390674239
LIC,2016,0.7632683002601337,0.28448457565381247,0.0,0.2826047059440549,0.4822079442693876,0.1537768049738941,0.477545802297018,0.1,0.3234829449282376
LIC,2017,0.7694636297754766,0.27927139628783515,0.0,0.2907520664120447,0.4824059345275856,0.1525624261901159,0.4758792260515431,0.114,0.3053195408220614
LIC,2018,0.7687560317215194,0.27455779644193146,0.0,0.3054177016913856,0.478454078361241,0.1525697739486613,0.5077038424311525,0.138,0.2952682073214838
LIC,2019,0.7675097884600609,0.27594547038736567,0.0,0.3253062128303694,0.550397168044243,0.1526977697614948,0.4981298540508907,0.1639999999999999,0.2738177863377676
LIC,2020,0.7701873379883599,0.2875009129890295,0.0,0.2855817135109686,0.4996342308131334,0.1469133664221664,0.5072535836410486,0.176,0.2644365875930776
LIC,2021,0.7498278529616264,0.29997851542383736,0.0,0.2736004827318807,0.5486477891706326,0.144819696586625,0.5186206806011352,0.19,0.1675047763327118
LIC,2022,0.7469434266869917,0.30225277507184745,0.0,0.2849646013811078,0.5362909982576483,0.145781410475323,0.498698764074931,0.212,0.1383880893881389
LIC,2023,0.7783030466129873,0.32805349521561533,0.0443407528854659,0.2770474896592744,0.559516616781345,0.1415388184829559,0.5446780864231469,0.22,0.2671556396846278
LIC,2024,0.7746466329590468,0.32492909441468437,0.0,0.2882834191522345,0.5986029102344025,0.1409119436043904,0.5236486775408056,0.225,0.3050934751601623
LIE,2004,0.2138739603547031,0.5624645134187616,1.0,0.8532127088731933,1.0,0.7091718727998106,0.2454982973055079,0.640074,0.8909040961846498
LIE,2005,0.2004751350815024,0.5816354522393067,1.0,0.9210663442224936,0.0,0.8305012935305085,0.1679465076694099,0.633714,0.9351944874940226
LIE,2006,0.2004569479282609,0.5885768767431593,1.0,0.9194574512013236,1.0,0.680647256702744,0.0,0.6421420000000001,0.8577670836696042
LIE,2007,0.4373544677469227,0.6010266409959204,1.0,0.7763445000042883,1.0,0.619830544491503,0.0482133586640556,0.6508020000000001,0.8209444184389891
LIE,2008,0.319367122668395,0.5949920495753364,1.0,0.8975622314106829,1.0,0.7770873423298268,0.0656159783022372,0.7000000000000001,0.7905896001825413
LIE,2009,0.2893837706439653,0.5885768767431593,1.0,0.9027668060153536,1.0,0.7409165574628614,0.3183050821409752,0.75,0.905477383300306
LIE,2010,0.2275420846162519,0.4770903394871548,1.0,0.9087196332680744,1.0,0.6199193890552606,0.054032302683179,0.8,0.8045761676540645
LIE,2011,0.3066353608261208,0.5885768767431593,1.0,0.9059688045832056,1.0,0.7164886533788877,0.1401977793656485,0.85,0.7812485618481734
LIE,2012,0.4397418574305755,0.5885768767431593,1.0,0.8732494126973356,1.0,0.7388288224689923,0.2665432086860918,0.8940770000000001,0.6472446868651822
LIE,2013,0.1557324160425064,0.5327701586138273,1.0,0.9047853778948004,1.0,0.728338268178478,0.7350453513685421,0.938,0.4770908692263519
LIE,2014,0.0619136104701331,0.5327701586138273,1.0,0.9166647485916332,1.0,0.7125130731217478,0.7393755466083778,0.9521,0.5226332787835369
LIE,2015,0.0332875219971524,0.5407504321089813,1.0,0.9070760765675656,1.0,0.9432475278344248,0.7084151345912921,0.966412,0.520999849750984
LIE,2016,0.0233432490236796,0.5519592338491804,1.0,0.9168627639623989,1.0,0.7579983759869535,0.7676203656007496,0.980939,0.4996550307063084
LIE,2017,0.0274501130858196,0.5519592338491804,1.0,0.9045513424804232,1.0,0.7159558606912799,0.7923147780479153,0.995466,0.4485290158508451
LIE,2018,0.0283200893082819,0.4982451063136151,1.0,0.8725141695733037,0.0,0.6647045006463307,0.7652406166310336,0.4950368,0.4912687572836129
LIE,2019,0.0283399415313463,0.8218307132612742,1.0,0.9110908242399036,0.6057682506126707,0.6167222949606598,0.7947672042627406,0.931461,0.458345875421341
LIE,2020,0.0429599838948383,0.8230698684992,1.0,0.9014120754477608,0.5045412228336883,0.6213682555894451,0.747571744861725,0.943499,0.5232734281469819
LIE,2021,0.0330376542814254,0.8080938366044329,1.0,0.9235041885064414,0.5963973042595747,0.6350802405000561,0.7533943177858528,0.955694,0.506838643668478
LIE,2022,0.0345543651216537,0.8080938366044329,1.0,0.9014120754477608,0.3379007678477127,0.7162649279444373,0.7356633731868553,0.964528,0.5319825450579503
LIE,2023,0.0325423576641652,0.7600772887558581,1.0,0.8995057769563779,0.4039171774546805,0.6835554743214944,0.7326188816671881,0.973444,0.5432496011752015
LIE,2024,0.4832602086474102,0.5350240562334468,0.7377509084852749,0.6173821895359558,0.521044970375395,0.4600931523874124,0.4981522257440442,0.433764261627434,0.4979430980515284
LKA,2004,0.6186589752007643,0.490263816681532,0.6757546005603808,0.5162093840881182,0.3573447901427761,0.3112728786311584,0.5774333523954648,0.0144616,0.5646848986353429
LKA,2005,0.6055529379970769,0.4949968154344129,0.7007729898111316,0.5158910295155325,0.3566582770003745,0.3191297499155275,0.6038575194757888,0.0179205,0.551902958264059
LKA,2006,0.5963914385244774,0.5055805187488619,0.7611696901833283,0.520082661767698,0.3944616798271429,0.3288783802145963,0.6112543884876154,0.0253757,0.5523441579438298
LKA,2007,0.6030038707078264,0.5027669726932756,0.7298331943409359,0.5287081386494352,0.4053278171270136,0.3374244153324729,0.5994379261957677,0.0388,0.5580408079632292
LKA,2008,0.6329310417745457,0.4696543843326866,0.772899550641932,0.5309128333122292,0.4042576301594799,0.3448455767721102,0.5902789500453398,0.06103514,0.5405231771668704
LKA,2009,0.6212534124362548,0.4388848796021456,0.8327025811281544,0.5341833488676668,0.346522890871216,0.3490010741633539,0.5953116504224059,0.06905624,0.5464695882681623
LKA,2010,0.5474765022723632,0.4295612409277743,0.8074295429152051,0.5368160534035148,0.3370248761414701,0.3593354575382853,0.562804854441756,0.0938,0.4726664257365821
LKA,2011,0.5587125273965405,0.4994547614244006,0.8423917936458758,0.5383591379753129,0.375840843848556,0.3704999618683201,0.5852336594065696,0.17452,0.4785361591262128
LKA,2012,0.5188147388982579,0.501307842200977,0.831312126895618,0.5175699636467873,0.3709620632007757,0.3814115667742624,0.6165231596848624,0.0757462,0.4923051749627863
LKA,2013,0.5191975240959292,0.4981221626232994,0.8750415904110872,0.5400805006987714,0.3628637202395303,0.3912384349582051,0.6137283474503283,0.17165106,0.4973511439092841
LKA,2014,0.5233322849629817,0.5044300685854771,0.9081505529274267,0.5535983931230035,0.3544878430643258,0.3988568798022215,0.60923911884679,0.105,0.4991583156320842
LKA,2015,0.526882995450453,0.5342936537898223,0.9288798493235324,0.5541069486579385,0.3360031410417619,0.4035010217298683,0.5930377959157985,0.1526,0.4924048323576959
LKA,2016,0.5007941341636897,0.5513796407810977,0.9693143129931838,0.566691695065448,0.3503613813796518,0.40901116974933,0.608667799099817,0.2219,0.4794216853342743
LKA,2017,0.5056214695263621,0.5587518967143452,0.9693143129931838,0.5535093036126025,0.3786877190974376,0.4164368722986208,0.6190520808976315,0.251,0.459757681230742
LKA,2018,0.5101428783597621,0.572834447323176,0.9951416808462688,0.5674364330976315,0.3952348092453368,0.4182907095176141,0.6016996989870819,0.283,0.4830310255852609
LKA,2019,0.5006361554427975,0.5743342374008542,0.9975732503052472,0.5740307103374402,0.3383864336177674,0.4170823617965756,0.5872347410206322,0.32,0.5170354830545582
LKA,2020,0.5277708919783054,0.6937080077692717,1.0,0.5594496779040372,0.3175175318005988,0.4094406718817255,0.5707874217274141,0.361847,0.5494632729760953
LKA,2021,0.5412644588172054,0.7343557910786963,1.0,0.5695516513882655,0.3275479487180784,0.4138611381876983,0.6000033167245983,0.444531,0.5190671839689585
LKA,2022,0.5327858442414758,0.6988414218884306,1.0,0.5734134129932303,0.3616280664038626,0.4026195890630591,0.5975484073630676,0.483,0.5376963132471472
LKA,2023,0.5244641041949162,0.5674310640213104,1.0,0.5768148972272866,0.3394497372594787,0.400143614851206,0.5259513066139352,0.512,0.5796189413594454
LKA,2024,0.5290141736012717,0.6118370621503944,0.9931777275344996,0.5811683316328888,0.3340749969543658,0.4080354184666958,0.5210787875970422,0.4209722,0.5439070902642366
LMC,2004,0.7036508978962854,0.4866328101417194,0.4326002797914326,0.3129792857627456,0.3762050301557519,0.2239686771224655,0.5669375966980044,0.2484,0.3612277194058599
LMC,2005,0.6985471485006948,0.4969105251195816,0.4837042648507248,0.3222163176575266,0.4077961798674468,0.2307706876659511,0.5780969943789172,0.036,0.3660192225721274
LMC,2006,0.6902871451712961,0.5064721935544342,0.4970989335438291,0.32891319239245,0.4746932511548651,0.2379824257633226,0.5898046734517469,0.044,0.3671952178039022
LMC,2007,0.6879756367745619,0.5228361524988173,0.5325284375423583,0.3345310030091037,0.479367417333619,0.2450587389189721,0.5896213330526759,0.0559999999999999,0.3708955107892804
LMC,2008,0.6913795135764289,0.5318739475780955,0.5656292896945565,0.3397498212770213,0.5189865821804789,0.2490455215122694,0.5965216458808644,0.064,0.3793550407928046
LMC,2009,0.69204893769947,0.5343864192274065,0.5785372453858085,0.3468878658965288,0.4708877366122904,0.2549563448180961,0.5782457144129801,0.075,0.3931345249261294
LMC,2010,0.6896495408076264,0.5453081187331993,0.5972709172393548,0.3516069253512365,0.4126706693388556,0.2620966516594046,0.5867094925026083,0.1009999999999999,0.3734146752314624
LMC,2011,0.6901604088460972,0.5437637762403171,0.6454251065210218,0.3627924743141024,0.4136907669916133,0.2663814736836326,0.5946899094464635,0.122,0.3680875261065069
LMC,2012,0.6828333589639105,0.5404207147741189,0.6543059151629682,0.3755473111538047,0.3974359648421916,0.2713045590302133,0.5954828329056477,0.136,0.3875796523814676
LMC,2013,0.681383739345848,0.537933531840922,0.6854924436114956,0.386591025987399,0.3980323621904227,0.2769785966010426,0.5842069209226214,0.152,0.3993900834833809
LMC,2014,0.6777250441287433,0.5421082529595713,0.7037057649819694,0.3973061104820331,0.4126672452653805,0.2832719131784612,0.57309726548688,0.172,0.4152428502694408
LMC,2015,0.675114158191048,0.5481925827592439,0.7397489472886778,0.4103169758674244,0.44008135824612,0.289394058257541,0.5501138965356098,0.195,0.4321453869788635
LMC,2016,0.6727179579516284,0.5540488720127913,0.7702220664794343,0.4199736680614437,0.4209845217951016,0.2952508610645717,0.5392392605499969,0.219,0.433426308936758
LMC,2017,0.6702595437449613,0.5565026359571819,0.798305469428782,0.4325851740807626,0.4087117730351731,0.3008164287262048,0.5498746106698201,0.244,0.422447218614539
LMC,2018,0.6646811538675155,0.5579320356374269,0.8300897341992072,0.4469125763457351,0.4013625103115311,0.3064240774579233,0.5592119807982724,0.272,0.4218470414795328
LMC,2019,0.6754166081075667,0.5535388229459505,0.8398181013732408,0.4556008881530298,0.3948146430604934,0.3102059089649404,0.5413460906143848,0.334,0.437063595212067
LMC,2020,0.6935094503503276,0.5717325944236218,0.8503679884461388,0.432096895949051,0.4033563548069658,0.3023595477302317,0.5346631821317387,0.425,0.4210623425192242
LMC,2021,0.6873372775888682,0.5660248559821853,0.8798077788463049,0.433036458809555,0.3837571239679032,0.3096457792220856,0.5486023970283672,0.474,0.4114488850488569
LMC,2022,0.6787642515882276,0.6433070940369564,0.880089983244291,0.4334896099584586,0.383665185644086,0.3166492682447787,0.5510095750647744,0.523,0.4221707101495663
LMC,2023,0.6724052114885114,0.6198495518882099,0.8892964239358035,0.4399976350440507,0.3728376347798905,0.3233305941053191,0.5464260574450751,0.554,0.422948370906139
LMC,2024,0.6686746213000299,0.5237954221892003,0.5465129449721192,0.4480391388424912,0.4031226187476937,0.3288257073918846,0.5424951915616113,0.589,0.424356891025747
LMY,2004,0.594602764776029,0.6238282675520732,0.6672558659609633,0.3891264552698112,0.4467644273489972,0.3351566068349846,0.6760386392507992,0.1162,0.3941656855750347
LMY,2005,0.5790761876902961,0.6188641720855624,0.6834327665391681,0.3978165963117195,0.4802978389134252,0.3434039200138546,0.6844228594686962,0.1162,0.3953580039678739
LMY,2006,0.5678959177999406,0.6244577979620436,0.6957898919712893,0.4089621197328396,0.4891962084872141,0.3528217733900806,0.6939950604159193,0.123,0.3951117763831136
LMY,2007,0.567081875160319,0.6345115220344306,0.7082725501124586,0.4144937748922981,0.5141025713768133,0.3631137655823436,0.6918354980961284,0.123,0.3997925848621153
LMY,2008,0.5670671731549919,0.6312212880789714,0.7218663430605123,0.4225121395935943,0.5052777878834606,0.3694871151230473,0.7026593243952447,0.123,0.3929971701046762
LMY,2009,0.5706799813822422,0.665134910716098,0.7259568184370159,0.4328968839113942,0.445352415006049,0.3731944627708047,0.6838611526140637,0.1866,0.4194351715786755
LMY,2010,0.5656895397439565,0.6704214257136927,0.7369126679307574,0.4396186672030359,0.4832181767912694,0.3825874765523162,0.6892244711244236,0.2002,0.408581453016657
LMY,2011,0.5609247701404673,0.6739333100993229,0.7580792381750557,0.4505742361718959,0.4801840275282793,0.3895308710936519,0.6984981899442642,0.2002,0.4022453835106487
LMY,2012,0.5578858419228258,0.6883847977145386,0.7647509979623808,0.4584114255702057,0.4556830931535054,0.3952676945832601,0.6958410514248908,0.2278,0.4152179052591137
LMY,2013,0.5577563585574258,0.7009563595005237,0.7790214189110787,0.4746724278230694,0.4578655734517383,0.4012288244356702,0.6847330749102326,0.2542,0.4301588501857962
LMY,2014,0.5560686111646306,0.713160876777086,0.7891315922991656,0.4902292201892877,0.436899186140527,0.406617029226035,0.6752702739204085,0.2792,0.4457232784463666
LMY,2015,0.556606353381786,0.7343254568124474,0.803740516855512,0.5047215509081281,0.4368224450069,0.4114056172469001,0.6544765981235683,0.3332,0.4721933384916323
LMY,2016,0.5550854617348985,0.7385119367885971,0.8202107726568015,0.5127117566840448,0.4145177623746596,0.4162789136009103,0.642957502852473,0.3634,0.4842134556077224
LMY,2017,0.5457209479961062,0.7389678661208952,0.8344768292086291,0.5203107330748211,0.4024809200820722,0.4219788276633432,0.648803984918623,0.3988,0.4834374636038863
LMY,2018,0.537514942525554,0.7517240026784732,0.8496312859678222,0.5293753304169533,0.4125473227340447,0.4272580281942347,0.658135064274452,0.4518000000000001,0.4840298381251594
LMY,2019,0.5458281261530286,0.7553917820136898,0.8546055354202587,0.537642869662308,0.3958316557732318,0.4314422947735906,0.6432130962363539,0.4892,0.4973161380526038
LMY,2020,0.5648776090905622,0.7848626879935607,0.8590397571141737,0.5262869072426352,0.3976363162296485,0.4281794518368985,0.6368903865727251,0.5361999999999999,0.4959439718408284
LMY,2021,0.5543183086691662,0.7810527727225055,0.874397005545151,0.5278318206095215,0.4178955777775854,0.4370491715414485,0.6608029830217164,0.5362,0.4756982651776822
LMY,2022,0.5509310229931625,0.7952263805469143,0.8736012267695168,0.5252710302885112,0.3876175628905743,0.4413908429250434,0.6624318988746586,0.5716,0.4745301889164792
LMY,2023,0.5449605154870444,0.8048897359546698,0.8789494306218812,0.5322852747267597,0.3536886226796491,0.446859559318454,0.6452293899179946,0.6212000000000001,0.4941908356213169
LMY,2024,0.541961541078296,0.8131898614946772,0.9342037822833515,0.5382176987913414,0.3561650210695332,0.4516182993805854,0.6360222111005398,0.59541,0.5021946686055316
LSO,2004,0.4607322504717543,0.10267171001941972,0.0,0.5244340365929908,0.5237636627916782,0.1711282693791936,0.6724840368979512,0.0217552,0.3979962535009396
LSO,2005,0.4498032772339836,0.1662354923721189,0.0,0.5163802792471284,0.3901630747626347,0.17740261071739,0.6594790710272128,0.0258025,0.401183155034521
LSO,2006,0.418188380994538,0.1697973696590351,0.0,0.5097582480487302,0.3719546146099905,0.1840059764719652,0.6840572913925415,0.0297971,0.3751620278568351
LSO,2007,0.4201078161279131,0.23313340737428304,0.0,0.5012001122776937,0.5765813269643658,0.1893444359208999,0.7327717608927432,0.0344543,0.3993151082070708
LSO,2008,0.4203935400735176,0.23379398787166975,0.0,0.4916590259516149,0.3245736155809448,0.1961584504648805,0.7507847765553072,0.0358,0.3887979102767821
LSO,2009,0.4437359044956638,0.28252526482397705,0.0,0.4877347110000151,0.6255075488477055,0.1932751494771744,0.6525197007529283,0.0372,0.4871222210741208
LSO,2010,0.4189792305618252,0.29581442150838955,0.0,0.4776571844960444,0.3117117749413086,0.1996015969317693,0.6243599992256637,0.0386,0.4864107767148438
LSO,2011,0.4056705893159706,0.31040120877664085,0.0,0.4677360613196819,0.438364068703774,0.2048619776384023,0.6510159452692316,0.07,0.4538825426156698
LSO,2012,0.4203231689866279,0.36661898615439165,0.0,0.456356127196707,0.4328257951919577,0.2123110978325585,0.6140863728602549,0.1,0.4700313260610867
LSO,2013,0.4270647818450396,0.3823754747144428,0.0,0.4490272700899779,0.422662728670097,0.2133172115696563,0.584383982055179,0.15,0.5033009905722269
LSO,2014,0.3791650679249843,0.3754693508034483,0.0,0.4423119656009299,0.5358553924521878,0.2141232281710613,0.6352359260793696,0.22,0.4736291247748103
LSO,2015,0.3704113148400922,0.36310211429762457,0.0,0.4327758312210076,0.5962794995934706,0.2168849956670328,0.6590147711062857,0.25,0.4477712613558116
LSO,2016,0.4214855773950016,0.36237151352637254,0.0,0.42301253792819,0.5278961336102164,0.2202590084864505,0.6103538812676685,0.3245389999999999,0.4782140110792417
LSO,2017,0.423070450286489,0.3829993566550393,0.0,0.4185350795409445,0.4029909587559291,0.21382915781505,0.5766547851473285,0.39,0.4973217546019977
LSO,2018,0.3926697839466624,0.3844007991784952,0.0892232022761115,0.4130413054804207,0.3880825678307743,0.2098954432263037,0.619223451895638,0.408,0.4629590642872527
LSO,2019,0.4021981361660871,0.3970920876787848,0.0264250876489277,0.4060591843284843,0.3812922367081381,0.2061207033259472,0.609657057008957,0.423017,0.4658775236735938
LSO,2020,0.4364462097837004,0.4033486440035264,0.1019103087660646,0.3964546836780275,0.3727554521165064,0.1920656366752593,0.6182700984326825,0.436575,0.4533913510941528
LSO,2021,0.4597827745115349,0.4072977406871207,0.1730104646716,0.3913962792397109,0.2506405712109284,0.1936511017417636,0.6338545873927471,0.450567,0.417704183022354
LSO,2022,0.459597643844319,0.4009336831352523,0.1634456127396165,0.396497983942276,0.2624102903832226,0.1955061312982092,0.6087656756250208,0.465007,0.422329729861237
LSO,2023,0.4821149699074705,0.4311997414469863,0.3272274405497234,0.4008074724034284,0.2052116561971796,0.1965311564447608,0.5794014779451292,0.47991,0.4310924485207385
LSO,2024,0.4778070629862039,0.4375005022029214,0.1408121799252802,0.4056559560051176,0.2480053346529902,0.1989936219550611,0.6160028877676997,0.4510151999999999,0.3860434988492119
LTE,2004,0.5303023700107513,0.6818944760938918,0.9597810342125794,0.4302216471433168,0.5037873408848481,0.4136880904926269,0.7146361883969533,0.2662,0.3867876486448674
LTE,2005,0.5030545713128073,0.6715870575128893,0.9651615761361474,0.4416693464258485,0.579353994956854,0.4236746378272759,0.7195711886996962,0.404,0.384860019226471
LTE,2006,0.4875668726294138,0.6727020687953573,0.9741456427279154,0.4547630095011439,0.5770628494800236,0.4356435277104787,0.7226843396670215,0.404,0.3869046829319899
LTE,2007,0.483485133995575,0.6812690493424232,0.9709126210114,0.4607949281889341,0.6191315456713938,0.4488061976157435,0.7151821086109144,0.404,0.4026758150365336
LTE,2008,0.486157979444968,0.6822737246148026,0.9754505418364894,0.4715145819881183,0.5596255853869357,0.4576221583123988,0.7186648305676406,0.404,0.3937490383358101
LTE,2009,0.4913954270896984,0.7243591269484797,0.9716585239759428,0.4845087396991377,0.5326258775360192,0.4620555881742788,0.7133035957062178,0.404,0.4264492407407578
LTE,2010,0.4817794472862835,0.7241114390147505,0.9798649174934446,0.4912457630164812,0.5589152630697329,0.4724556295259535,0.7196339781311074,0.39922,0.4172378129903183
LTE,2011,0.4829902693478042,0.7218792983743686,0.9832306833275192,0.5038676539964837,0.5448796425094115,0.4816003640546266,0.7236456035968796,0.4207702,0.4094341722622014
LTE,2012,0.4813619205121032,0.7353115093211752,0.9842891248618868,0.5091714653476404,0.5312958006307709,0.4888365801000317,0.720493535333933,0.4207702,0.4226231382215879
LTE,2013,0.4835157073935947,0.7473219571157108,0.9865680444783989,0.5345112317970708,0.5107084342962479,0.4957729938039784,0.7091943701505494,0.4207702,0.4428495732718371
LTE,2014,0.4818610796672976,0.761027460617922,0.9878709876663228,0.5575108794828875,0.508409476708592,0.5022087027596159,0.7031739706258411,0.4473602,0.4582888848621134
LTE,2015,0.4868423342211497,0.7868375332629663,0.9851241663459138,0.5759344088878667,0.5254546032729046,0.5079174135221051,0.6929379603460942,0.412,0.48473019302674
LTE,2016,0.4833825476406291,0.7898653638220849,0.9892414966961872,0.5828125391472623,0.4571088905579522,0.5132944438475985,0.677748225518627,0.4349922,0.5056242781224708
LTE,2017,0.4696104904982032,0.7856441916388449,0.9911447939171024,0.5888595639422951,0.4386592736093858,0.5197806968106801,0.6802402885494304,0.4383324,0.5072739436113485
LTE,2018,0.4599398330365652,0.7918083168209616,0.991249354161492,0.5956168158709544,0.4591676280968877,0.5266759804294167,0.6894049184735426,0.4383324,0.5039758554943465
LTE,2019,0.4619046984916501,0.8021136866669815,0.9918389008276732,0.6029775978339679,0.4445724357167825,0.5327470428370283,0.6766966858501583,0.4537295999999999,0.5196291177225848
LTE,2020,0.4835323040956373,0.8297391338646333,0.9925450183329668,0.6082084792048997,0.3891479149734623,0.5326326956326458,0.6690817894219199,0.4537295999999999,0.5242155204737613
LTE,2021,0.4752163846693559,0.8230642928030752,0.9928469380653484,0.6117753814282997,0.455321582097661,0.5430059808163891,0.6910000294779093,0.4537295999999999,0.5026014693322475
LTE,2022,0.4709023537015218,0.8373893591474507,0.9936452629615448,0.6109928860424577,0.3748293293244498,0.5474707241218041,0.6942464446013203,0.4537296,0.5014455226672785
LTE,2023,0.4634422481996978,0.8454722529303444,0.9934013176082116,0.6220881392548534,0.3143572701909927,0.553603837331072,0.6714655262573349,0.4537295999999999,0.5283403767030699
LTE,2024,0.4594280569717588,0.8505691500732276,0.9906301311349754,0.6274988895765539,0.3362609028574255,0.5598301367563047,0.6644751106392456,0.8610000000000001,0.5351566749602004
LTU,2004,0.3881718709995349,0.5686236172459612,0.9927052724399016,0.6757483898778264,0.5357020361471232,0.5167096259642733,0.5929110844171893,0.3123,0.5275416967783204
LTU,2005,0.3961639655133553,0.493743729411035,0.9927052724399016,0.6884821590705787,0.6062509473034495,0.5298823689636499,0.596181068121349,0.3622,0.5291625132843784
LTU,2006,0.3749057611774288,0.5614488525538396,0.9927052724399016,0.687692827962277,0.7722628511495703,0.5425553981795795,0.6035697108153019,0.439,0.5285891127919341
LTU,2007,0.3544705342547531,0.5073192562457236,0.9927052724399016,0.7041608808790109,0.7101663916065746,0.5595292365518157,0.5948707377302859,0.499,0.5311591171885637
LTU,2008,0.3440588566335615,0.5530673381032962,0.9927052724399016,0.7382138615185367,0.5190380933537801,0.5647469670082902,0.5874024508024067,0.5522,0.5398516727553306
LTU,2009,0.2979836640293412,0.5897505223542011,0.9939240827149284,0.7652899091263341,0.2215008020482399,0.5430445525888915,0.5111861379960372,0.5976,0.6166062480687651
LTU,2010,0.3318989772621963,0.6275186073142983,0.996358069242556,0.788414727393679,0.4798910286228849,0.5467069699716892,0.5340805357052915,0.6212,0.5824604855899415
LTU,2011,0.3569259621983498,0.5878684690557395,0.996358069242556,0.7916189112388333,0.5674488837656159,0.5588852312206439,0.5728411457533296,0.6364,0.5462995961412863
LTU,2012,0.3810495387241755,0.5731152590405976,1.0,0.7838426290107953,0.3872087352432516,0.5669919209614406,0.5701635036679951,0.6723,0.5468620112659852
LTU,2013,0.3577364890610608,0.5553154100550605,1.0,0.7832078515120731,0.3920556797572218,0.5741108907533145,0.5599722010010882,0.684529,0.5659518342343361
LTU,2014,0.3527307323825415,0.5434302935518291,1.0,0.7837518341788882,0.332160383656211,0.5806670381886704,0.5617950521014994,0.721335,0.5633287745915694
LTU,2015,0.3525458048490621,0.5458658559700172,1.0,0.7813889335359883,0.4464742723818713,0.5860194688191435,0.5480275985482812,0.713781,0.5701293275522881
LTU,2016,0.3349215923296378,0.5529193585766307,1.0,0.7909837152224436,0.4623598059487436,0.5915412520416304,0.5300376737565137,0.7437659999999999,0.5892617944039237
LTU,2017,0.3585228557201118,0.5432755168466357,1.0,0.7927864889958421,0.4725864918336917,0.5998466347097479,0.5247614287854503,0.7761530000000001,0.5849248798075987
LTU,2018,0.3209955477922372,0.537773389463834,1.0,0.7924905176851664,0.4399194259875409,0.6080175636440278,0.5220435225856394,0.797226,0.5991374023230962
LTU,2019,0.335119907378252,0.5305819879478776,1.0,0.7999620294152229,0.6894904028654398,0.6150710882676113,0.5157987197704919,0.8158190000000001,0.5991477218166861
LTU,2020,0.3576345443371801,0.52042976975584,1.0,0.8097540997543051,0.8009781537503073,0.615170406004825,0.5065833086414525,0.8305549999999999,0.5968041023611919
LTU,2021,0.350337596880933,0.5214501420734591,1.0,0.8051387763585122,0.5274608129628775,0.624250545616346,0.5079911275183334,0.869305,0.5947826388062643
LTU,2022,0.3775843632825858,0.5121603924797272,1.0,0.8085993453120226,0.5056746549217443,0.6266906870930541,0.5232161414448873,0.877242,0.5970020922145155
LTU,2023,0.3102374130862729,0.5037324414262196,1.0,0.8114292030120249,0.5965013823425254,0.6251532692942293,0.4955418847894819,0.885029,0.6263297852089325
LTU,2024,0.3009360764198369,0.513854583747276,0.9992716138485112,0.8117271306863517,0.6444431971187727,0.6282817020409478,0.4781724188795988,0.589706,0.6332907074297174
LUX,2004,0.0995261051959688,0.6514683273010998,1.0,0.8956000688992412,1.0,0.8690674407060751,0.2762530668077463,0.6587999999999999,0.7542349620271724
LUX,2005,0.0699814238575678,0.6690130838684978,1.0,0.9094134285747684,1.0,0.8704065373917401,0.2450328073033209,0.7000000000000001,0.7674091757616943
LUX,2006,0.0619835131100328,0.6798111661443874,1.0,0.9133186662832258,1.0,0.8765723595085898,0.2127586106467057,0.7251000000000001,0.7905766993338192
LUX,2007,0.0711601057572322,0.7101012903504006,1.0,0.911454609596946,0.0,0.8856347463287354,0.2453582314993469,0.7892,0.7743977832322713
LUX,2008,0.0612593394451611,0.7491027971186467,1.0,0.9252237103780728,1.0,0.8826036259058868,0.1869100692746613,0.8223,0.801125350186171
LUX,2009,0.0472841722985166,0.7486955686876746,1.0,0.9423736955340072,1.0,0.8751360979632111,0.1154992401108739,0.8731,0.8219307070826207
LUX,2010,0.0539712526954861,0.7122507185009943,1.0,0.9420198655145844,1.0,0.8778448245877982,0.1151312914088481,0.9062,0.8244138581594042
LUX,2011,0.0506972472924902,0.707036942035259,1.0,0.941947316343302,1.0,0.8761264545124289,0.1026340994481793,0.900299,0.8236309252010193
LUX,2012,0.057616480375335,0.7054180642752415,1.0,0.9470364818824956,0.5914889104224285,0.8750158319012947,0.090173973558513,0.919499,0.8240544195884022
LUX,2013,0.0527452530716639,0.7136923914732297,1.0,0.9493759963312072,1.0,0.8761935889086406,0.090899800405136,0.937765,0.8249853352682722
LUX,2014,0.0579123222440135,0.7127518765558626,1.0,0.9563583308950412,1.0,0.8765307884413563,0.1070908063949632,0.946702,0.8165456393986397
LUX,2015,0.0454204364310399,0.7268371033606927,1.0,0.9487074359153314,1.0,0.8763630658988638,0.1377211981509402,0.963767,0.8336307637439042
LUX,2016,0.0435551020980895,0.737725048338004,1.0,0.9490515146072775,1.0,0.8802866391332892,0.1599286206315454,0.981367,0.8267081568036534
LUX,2017,0.047523342258778,0.7475565090926014,1.0,0.9606113961902996,0.0,0.8786573800464857,0.1074136753093099,0.97363,0.8375126698658345
LUX,2018,0.0473621759964,0.7587365920510213,1.0,0.9507129041695264,0.0,0.87817779263444,0.1140259649468939,0.970613,0.829833566722143
LUX,2019,0.0436789993922985,0.7662571764748967,1.0,0.9660788243494238,1.0,0.8792655622896356,0.1401973818228618,0.971206,0.8220857487724232
LUX,2020,0.0408333099411219,0.7687680415476945,1.0,0.9680115743388622,0.0,0.8761043916598957,0.1296264272817104,0.984596,0.8288230220015111
LUX,2021,0.0397273834688581,0.7532443589862527,1.0,0.9668398821858136,1.0,0.8836263269928285,0.0975210475764239,0.986609,0.8360654754727319
LUX,2022,0.048985759448979,0.7522433946548271,1.0,0.9732048636746268,0.0,0.8790971167009604,0.0277319825789563,0.98242,0.8490473634518662
LUX,2023,0.0382039527923154,0.7303556492205048,1.0,0.9754511963020016,0.0,0.8763091237615136,0.0363801719662671,0.993479,0.8565124704680868
LUX,2024,0.0426286771416544,0.7096497242555846,1.0,0.9838837787833749,1.0,0.8745419207873782,0.0546342874578966,0.987606,0.8496133494170747
LVA,2004,0.3978488176469896,0.6653156661868059,0.996358069242556,0.7212702324574575,0.5624638392638827,0.5184261696912275,0.4555650220956752,0.3858,0.6201288052881132
LVA,2005,0.3746534468065741,0.6629404795512004,0.996358069242556,0.7387558606007728,0.6072282305258621,0.5359444010420572,0.4262441810879212,0.46,0.6327336560241
LVA,2006,0.3518155499225193,0.5915418730149976,0.9951416808462688,0.7357038661870108,0.8272297961266941,0.5547904905290107,0.4452484569669175,0.5363,0.6195460577489148
LVA,2007,0.3534714969869145,0.6306069843954607,0.996358069242556,0.735873248909799,0.884242087183631,0.5703553446112543,0.4645159611910428,0.5917,0.6121056542087147
LVA,2008,0.3332181643215685,0.6190000400482634,0.996358069242556,0.7504285613068165,0.5574691640151028,0.5668767921917491,0.4665083198919864,0.6341,0.633041570735501
LVA,2009,0.3443515037944706,0.6434746398064858,1.0,0.7911603467077677,0.2460185956424599,0.5438968919935699,0.4373175891332675,0.6684,0.6509203403318345
LVA,2010,0.386509460858621,0.7386539329612334,0.9975732503052472,0.8040288744716038,0.4157380246997391,0.5415039018604456,0.4220760799805794,0.6842,0.635205260491474
LVA,2011,0.3702066482108814,0.7035098034525363,0.9975732503052472,0.8029865060589473,0.656129259420341,0.5484883090329465,0.4349636277208135,0.6975,0.6234873999692324
LVA,2012,0.3576573727953062,0.6556036045367368,1.0,0.8025640128240045,0.543411622662764,0.5605227148044228,0.4348880726603509,0.731199,0.6256802371345294
LVA,2013,0.3401567164281737,0.6310289913253189,1.0,0.8014015558616606,0.504870328953019,0.5650883292961902,0.4211366420443101,0.7523439999999999,0.6326154248079539
LVA,2014,0.3620120979751136,0.6024934224228083,1.0,0.8070815838929404,0.5086627388244171,0.5694646817295678,0.3921376757674767,0.758261,0.6431760146072619
LVA,2015,0.3587907431971248,0.5882842241904801,1.0,0.8049710790461906,0.4848199670144866,0.576043147722146,0.3962117804001571,0.792006,0.6407799180490855
LVA,2016,0.34648258173827,0.5807921184454848,1.0,0.8029673444977764,0.3645203267468287,0.5810269795274882,0.3807681293193146,0.798421,0.644128022208724
LVA,2017,0.3624438199395482,0.5577381855271994,1.0,0.8222774619074822,0.5475156293745344,0.5871649457197284,0.3960461563940481,0.801141,0.6310079463120266
LVA,2018,0.3643073832261082,0.5256795439718521,1.0,0.820031649292992,0.3699762142411348,0.5944204403729495,0.3853124462946245,0.8357720000000001,0.628757880311024
LVA,2019,0.3739517934212272,0.5122850116913924,1.0,0.8127154176938831,0.5034047786014757,0.5964066123154189,0.3916473595240226,0.861355,0.6264532563730788
LVA,2020,0.3847925790628604,0.5059748924339806,1.0,0.8177850170939105,0.4671640429023715,0.5922993667777906,0.4095917038425576,0.88898,0.6164350181396457
LVA,2021,0.3907062180855516,0.4907242288000862,1.0,0.8209245158732776,0.9204586838861412,0.6032662418664924,0.4274449615285802,0.911796,0.6055643485454916
LVA,2022,0.4290128423371638,0.4804374449097954,1.0,0.8212800597773753,0.4924958775147147,0.6064043196370134,0.4154858867159667,0.910301,0.6059033430373969
LVA,2023,0.3778505626897224,0.4621191922140414,1.0,0.8265480171515386,0.5409756153792256,0.6046972724807492,0.4047895891638073,0.921879,0.6370565027402116
LVA,2024,0.3830496204814145,0.4696359025122331,1.0,0.8287962679867984,0.5095761377827208,0.605991813842019,0.3633648358077146,0.927076,0.6472840641799213
MAC,2004,0.1316605529847102,0.5418432222428178,1.0,0.911913879320635,0.7557634127529236,0.7610872235209417,0.0,0.314841,0.8651320529344789
MAC,2005,0.0865559512478605,0.5588495312116547,1.0,0.9092596913501328,1.0,0.7664825378597758,0.1140062156970097,0.348629,0.8632682331397086
MAC,2006,0.112585093737367,0.5429191840430447,1.0,0.9051704598581966,1.0,0.7771412932721097,0.2328339064521781,0.4639999999999999,0.8136192240032075
MAC,2007,0.0902587878541481,0.5757905529575315,1.0,0.9075870152512372,1.0,0.7905093974197596,0.2219734584102785,0.4732699999999999,0.8636928163380875
MAC,2008,0.0711588985143237,0.6027601359414396,1.0,0.9141082258659776,1.0,0.789936873470129,0.1483679916189233,0.4924,0.8899524220625477
MAC,2009,0.1327165441509073,0.6199054947301189,1.0,0.9275130347005104,0.1596379980255119,0.7933478271393425,0.0,0.54,0.9337205083574912
MAC,2010,0.0931085744205202,0.6175584474593392,1.0,0.9352274017186344,1.0,0.8253171961540194,0.0,0.55198,0.9795141976770924
MAC,2011,0.0812682405226128,0.614576659730732,1.0,0.9383932150007644,0.5938584677293448,0.8503655674903617,0.0,0.602037,0.9994776721979848
MAC,2012,0.0800944415745601,0.6203608831675406,1.0,0.940708765133982,0.8212725961362857,0.8584097790577182,0.0,0.6131000000000001,0.994504318495321
MAC,2013,0.0800944415745601,0.6391174844008409,1.0,0.943150993566697,0.7604588906377405,0.8672643520872737,0.0,0.658,1.0
MAC,2014,0.0800944415745601,0.6876933940610629,1.0,0.9414044146591936,0.5712351190643119,0.8571440909862141,0.0,0.697809,0.9820762966019734
MAC,2015,0.1255849915316476,0.7652017845893188,1.0,0.9399196014637772,0.3544748606125067,0.8166672209121107,0.0,0.7760009999999999,0.9589652165590652
MAC,2016,0.1247101696475896,0.7837980581238135,1.0,0.9451990829177244,0.5531097714374873,0.813493783424481,0.0,0.81643,0.9691791022119772
MAC,2017,0.0931085744205202,0.7757709585554394,1.0,0.9498524125773194,0.5041148955548813,0.828136418612362,0.0,0.831741,0.9753802417374614
MAC,2018,0.0865967860351712,0.7762345696001607,1.0,0.9530541660065766,0.4874621533211428,0.8347538875352033,0.0,0.837941,0.9831567757776596
MAC,2019,0.0928461883524598,0.7878921515790888,1.0,0.9546726174446444,1.0,0.8282792655808328,0.0,0.864679,0.9779723833260402
MAC,2020,0.129988081638508,0.9747783768475653,1.0,0.9574743985519788,0.0,0.7114191433373259,0.0,0.874623,0.9326195805581822
MAC,2021,0.0117515189709382,0.9404693790570037,1.0,0.9578642353999808,1.0,0.7414481992599239,0.0,0.884681,0.9615886698072336
MAC,2022,0.0150987124032505,0.9892882628298073,1.0,0.9606301481878934,1.0,0.7120478124032706,0.035962544486617,0.879696,0.9506173922297204
MAC,2023,0.1249034635617893,0.8343928149907427,1.0,0.9631089595250166,0.4472464315844604,0.7932150199084401,0.0,0.891806,0.9496140738903556
MAC,2024,0.6824153134804922,0.8060158812661382,1.0,0.9647804558256252,0.5328625945872566,0.8024412843905367,0.3728999184242189,0.5118387999999999,0.468650455534554
MAF,2004,0.5455500068403276,0.5487058014432843,0.9975732503052472,0.8108111740789085,0.448107015275308,0.4617953966411046,0.6137341377626749,0.5532784,0.5551730622946545
MAF,2005,0.5205875603179523,0.5806503085651198,0.996358069242556,0.7466425246090216,0.4532373418824524,0.4898751893911298,0.494214514819536,0.6057138,0.5341212993014316
MAF,2006,0.5205875603179523,0.5806503085651198,0.996358069242556,0.7466425246090216,0.4532373418824524,0.4898751893911298,0.494214514819536,0.6057138,0.5341212993014316
MAF,2007,0.5205875603179523,0.5806503085651198,0.996358069242556,0.7466425246090216,0.4532373418824524,0.4898751893911298,0.494214514819536,0.6057138,0.5341212993014316
MAF,2008,0.5205875603179523,0.5806503085651198,0.996358069242556,0.7466425246090216,0.4532373418824524,0.4898751893911298,0.494214514819536,0.6057138,0.5341212993014316
MAF,2009,0.5205875603179523,0.5806503085651198,0.996358069242556,0.7466425246090216,0.4532373418824524,0.4898751893911298,0.494214514819536,0.6057138,0.5341212993014316
MAF,2010,0.114582832229129,0.584709702263375,1.0,0.8221590337060404,0.1930998871196398,0.713381279646957,0.2435327797284502,0.423605,0.7279149108544634
MAF,2011,0.114582832229129,0.584709702263375,1.0,0.8221590337060404,0.1930998871196398,0.713381279646957,0.2435327797284502,0.423605,0.7279149108544634
MAF,2012,0.114582832229129,0.584709702263375,1.0,0.8221590337060404,0.1930998871196398,0.713381279646957,0.2435327797284502,0.423605,0.7279149108544634
MAF,2013,0.114582832229129,0.584709702263375,1.0,0.8221590337060404,0.1930998871196398,0.713381279646957,0.2435327797284502,0.423605,0.7279149108544634
MAF,2014,0.114582832229129,0.584709702263375,1.0,0.8221590337060404,0.1930998871196398,0.713381279646957,0.2435327797284502,0.423605,0.7279149108544634
MAF,2015,0.114582832229129,0.584709702263375,1.0,0.8221590337060404,0.1930998871196398,0.713381279646957,0.2435327797284502,0.423605,0.7279149108544634
MAF,2016,0.114582832229129,0.584709702263375,1.0,0.8221590337060404,0.1930998871196398,0.713381279646957,0.2435327797284502,0.423605,0.7279149108544634
MAF,2017,0.114582832229129,0.584709702263375,1.0,0.8221590337060404,0.1930998871196398,0.713381279646957,0.2435327797284502,0.423605,0.7279149108544634
MAF,2018,0.114582832229129,0.584709702263375,1.0,0.8221590337060404,0.1930998871196398,0.713381279646957,0.2435327797284502,0.423605,0.7279149108544634
MAF,2019,0.114582832229129,0.584709702263375,1.0,0.8221590337060404,0.1930998871196398,0.713381279646957,0.2435327797284502,0.423605,0.7279149108544634
MAF,2020,0.114582832229129,0.584709702263375,1.0,0.8221590337060404,0.1930998871196398,0.713381279646957,0.2435327797284502,0.423605,0.7279149108544634
MAF,2021,0.114582832229129,0.584709702263375,1.0,0.8221590337060404,0.1930998871196398,0.713381279646957,0.2435327797284502,0.423605,0.7279149108544634
MAF,2022,0.114582832229129,0.584709702263375,1.0,0.8221590337060404,0.1930998871196398,0.713381279646957,0.2435327797284502,0.423605,0.7279149108544634
MAF,2023,0.114582832229129,0.584709702263375,1.0,0.8221590337060404,0.1930998871196398,0.713381279646957,0.2435327797284502,0.423605,0.7279149108544634
MAF,2024,0.4832602086474102,0.5350240562334468,0.7377509084852749,0.6173821895359558,0.521044970375395,0.4600931523874124,0.4981522257440442,0.433764261627434,0.4979430980515284
MAR,2004,0.6064785062593219,0.5743498878164768,0.7023197933272497,0.385837305145654,0.3719557737178137,0.3211868969657486,0.490774028739116,0.116079,0.3412994127749318
MAR,2005,0.5837413548276725,0.5405156381000839,0.7084875384631167,0.3913790393990908,0.4419273833052238,0.3237539849633547,0.4841472209634549,0.150844,0.3735022633324072
MAR,2006,0.6144022181746053,0.538141673733045,0.9568214003049156,0.4121733891496126,0.4950636655061823,0.3326354145421205,0.4645378591788466,0.197712,0.3572993433045986
MAR,2007,0.5663336027855871,0.5127071359530122,0.7626420834096849,0.426078854131218,0.4955295284056965,0.3355558283856655,0.4573773606753902,0.215,0.3971232911991075
MAR,2008,0.5871026651910981,0.5440191953450195,0.7902862781652987,0.4290374429446739,0.4416527738432943,0.3415950450976127,0.497130489242014,0.331,0.3580824456986038
MAR,2009,0.6082453791747966,0.6192418568831557,0.8159119889959446,0.4346353482939313,0.4107849808810296,0.3449569964390521,0.4537967135849834,0.413,0.3723477054876706
MAR,2010,0.6081908178770836,0.7046213465353315,0.9467344652223652,0.4413444480108901,0.3640678541448245,0.3479439668144469,0.4847832993570806,0.52,0.3698237532216227
MAR,2011,0.6103849182349121,0.7140689045462951,0.951788320985692,0.4485266982409059,0.4330839473249627,0.35372679262025,0.5009745999786812,0.461075,0.389378514667382
MAR,2012,0.5962652035918489,0.7165796375699747,0.9555650689271988,0.46481480944643,0.4569759187078148,0.3561213571643612,0.4961270546568472,0.554161,0.4058016246071566
MAR,2013,0.6153716334686945,0.7053704390559152,0.9655798063248302,0.4759526419772284,0.4730034520086824,0.3600691694585675,0.4938369371534433,0.56,0.3781369956782752
MAR,2014,0.5765882907466181,0.7052192142787784,0.9668259080305232,0.4932829919879945,0.4766083274293001,0.362141787044609,0.526535305604332,0.567746,0.5012158989716344
MAR,2015,0.6051194551545045,0.6907631288179437,0.9668259080305232,0.501710320475781,0.4757529674737619,0.366580945762606,0.5228859571287408,0.5708,0.4591405191009964
MAR,2016,0.5759324878540629,0.6960561543623659,0.9730374628066976,0.5184556630266451,0.4096251280490964,0.3655709035146551,0.5240841029643297,0.582712,0.4790102973702722
MAR,2017,0.592965177723789,0.6959538361045947,1.0,0.5289433518503911,0.4311610740211505,0.3709603347249067,0.518694488402568,0.617622,0.4741352192131649
MAR,2018,0.595796519447358,0.6923998171648841,0.976749324629734,0.5411118394643479,0.4651624384087669,0.3737117769777557,0.5155051756726969,0.648039,0.4736711904924785
MAR,2019,0.5866488450734785,0.6995764199235347,0.9951416808462688,0.5544286937290753,0.3708892099676694,0.3763240776071769,0.5156727846238007,0.8412040000000001,0.4804105870852563
MAR,2020,0.5830219936761122,0.7247004266706037,1.0,0.5521317876446371,0.3601039081840964,0.3640051430395022,0.5309120857906848,0.8412040000000001,0.4756535226905641
MAR,2021,0.6084824474280048,0.7120960258098591,1.0,0.5579115815976641,0.3877725284424365,0.3739056933089958,0.5292117233552148,0.8813030000000001,0.4521122503674722
MAR,2022,0.5645938595608906,0.7159905645589641,1.0,0.5793172000149803,0.397789595265814,0.3750318937173386,0.5317042607555389,0.899,0.4970876401092988
MAR,2023,0.5923935921248995,0.6968379990319835,1.0,0.5815608787872245,0.3312599907843132,0.3787396919710061,0.517093954575799,0.91,0.4843027964401762
MAR,2024,0.5810448444736279,0.6742375632157047,0.9892214091047627,0.5872801329422763,0.350433363034348,0.3827118215943051,0.5231798423344595,0.6508816000000001,0.4679404377110628
MCO,2004,0.1213869281543931,0.5739744785292638,1.0,0.8857213271660082,0.5451565786256347,0.9060604745850463,0.3249024865237207,0.524902,0.7523500372064907
MCO,2005,0.1583371478694328,0.5825843008191838,1.0,0.8834204718773996,0.7227756970718626,0.9092226024152946,0.418064627843156,0.554648,0.6997236322255507
MCO,2006,0.1411480236758605,0.6389072876937422,1.0,0.9046500244002982,0.7227756970718626,0.9181221628006756,0.3355726291524499,0.61476,0.7448848019812689
MCO,2007,0.2730395601747829,0.6389072876937422,1.0,0.8782195080186014,0.5744058812940784,0.9386979444199568,0.4572426770364934,0.643777,0.6911243531582534
MCO,2008,0.3460552758807372,0.6654206911551777,1.0,0.8877890468625643,0.5872632072769919,0.9397826367442664,0.4617630938571708,0.6725,0.586958518226459
MCO,2009,0.2806310289518635,0.6654206911551777,1.0,0.8790127204476064,0.7227756970718626,0.9199281349196796,0.4872492588704215,0.701,0.6084379588854348
MCO,2010,0.0577083020530576,0.6747375204025053,1.0,0.9070760765675656,0.7451565786256348,0.9193552930002536,0.1912349684403331,0.75,0.9118177186893583
MCO,2011,0.0591316766612858,0.7199923081604207,1.0,0.8933998545313555,0.6961392293405534,0.9258194759971192,0.187652731660726,0.8029999999999999,0.9128328382437813
MCO,2012,0.0517264896325388,0.7287846259406535,1.0,0.8765413805912952,0.6961392293405534,0.9240464420879896,0.1946736822288893,0.87,0.9109078805815672
MCO,2013,0.049577026012415,0.7384345687586468,1.0,0.8868920754400664,0.6961392293405534,0.9342767958678784,0.2292801724250817,0.907,0.9007749288978926
MCO,2014,0.0468298265751384,0.7381253111534377,1.0,0.8865332722130015,0.6961392293405534,0.9415893212288556,0.1803473109862146,0.924,0.9148460851423028
MCO,2015,0.1703229227546348,0.9245771871420093,1.0,0.8861991036214942,0.6961392293405534,0.946042219691904,0.3391996372293157,0.933633,0.8629257467490173
MCO,2016,0.1703229227546347,0.9245771871420093,1.0,0.885758339858431,0.6961392293405534,0.948309592925394,0.35715910883615,0.952082,0.855782448235867
MCO,2017,0.0442022380242656,0.7494287757627778,1.0,0.8850345789976739,0.6961392293405534,0.9420221491245732,0.1867916985974225,0.97053,0.9130516998875232
MCO,2018,0.0469494374615422,0.7497380333679867,1.0,0.8842199079566423,0.9018927045736318,0.9482438159036174,0.1994255753837999,0.742726,0.909549057599016
MCO,2019,0.0568744234977773,0.725437463338595,1.0,0.8895942628385108,0.6961392293405534,0.9584003978305072,0.1954002014460246,0.8333969999999999,0.9106817169440125
MCO,2020,0.04417000477179,0.7516647923544619,1.0,0.8887948267592681,0.6961392293405534,0.938010462794564,0.2590629452715187,0.985709,0.8914893155421827
MCO,2021,0.0442022380242656,0.7494287757627778,1.0,0.8923666709323678,0.6961392293405534,0.9653433474591576,0.1772067748405851,0.990776,0.9157020532956852
MCO,2022,0.0442022380242656,0.7494287757627778,1.0,0.8851350000694365,0.6961392293405534,0.9793258907436792,0.1669069559973285,0.991497,0.918435294610677
MCO,2023,0.0434119148395775,0.746826212265049,1.0,0.8923728945826055,0.6961392293405534,0.9869275763400904,0.136199381156987,0.991497,0.9261944776502424
MCO,2024,0.0469494374615422,0.7497380333679867,1.0,0.9514146119177936,0.7755101587253492,1.0,0.1866067422571275,0.9555394,0.9131203835280624
MDA,2004,0.6941328527594202,0.5363892897668365,0.9890415445582064,0.4158961982912222,0.6622634585953396,0.2840299455201051,0.418702818852922,0.106294,0.4190609695894426
MDA,2005,0.6783975901629897,0.5467928271047278,0.9829108616416083,0.4232156240473912,0.6993246006604402,0.294875445335152,0.380822759487032,0.146303,0.4283819153763227
MDA,2006,0.6508111260567089,0.5001185541360229,0.9865929541017062,0.4290542212085451,0.7779632223875801,0.3020809018798057,0.3708407555024269,0.196206,0.4666385975114527
MDA,2007,0.56868391895357,0.5419015306571509,0.9878178614776724,0.410448830974575,1.0,0.3067058053598986,0.3877466478064037,0.2045,0.5206323792357898
MDA,2008,0.5417752539499259,0.554413695055702,0.9890415445582064,0.4080617869621595,1.0,0.3178796537100087,0.3796582173548258,0.2339,0.5277973848899455
MDA,2009,0.5340321235961115,0.4864134217996064,0.9902640057882316,0.4053111202889127,0.5998338625198462,0.3090850553098666,0.3272601475313746,0.275,0.5826877323803177
MDA,2010,0.592984166861015,0.469313416134373,0.991485247605356,0.3695725174433124,0.561181838513634,0.3191823860875437,0.4119771378791712,0.2968,0.4976933701419746
MDA,2011,0.5973169046362523,0.4725599157106114,0.9927052724399016,0.3713468485365196,0.5724200583546353,0.3274719571930885,0.4232335842246265,0.3207,0.4819641477584245
MDA,2012,0.5785758155450129,0.4992127204374644,0.9939240827149284,0.3551537339638309,0.4717320509167672,0.326632737687703,0.4325759004197111,0.3465,0.4963089386240382
MDA,2013,0.600493957829765,0.5123871901990401,0.9951416808462688,0.3528632083522314,0.4497779808248308,0.3392346387932884,0.4391534065568605,0.3744,0.4691487880776774
MDA,2014,0.64413501324133,0.4833503327718354,0.9975732503052472,0.3110210603560344,0.5234471438593891,0.3464023896482625,0.4282443537889421,0.67,0.4473093211520895
MDA,2015,0.6234943751253934,0.4650245828628153,0.9987872264286616,0.2967866470100065,0.4725331151507735,0.3470238028569113,0.4278115331875522,0.6900000000000001,0.4780351166786856
MDA,2016,0.617528466161183,0.4397667886409029,0.9987872264286616,0.2855888370033134,0.3553231604270791,0.3553013712650587,0.4298162203047949,0.71,0.4855980564736065
MDA,2017,0.6125204864071948,0.4151487258908629,1.0,0.3135027877463138,0.3862944891438737,0.3637438138901331,0.4257527236887041,0.499,0.4742895477673691
MDA,2018,0.572216213358373,0.419988050974916,1.0,0.3055569724421833,0.4631059550706498,0.3720904820454868,0.4513361925625584,0.503,0.4878907371722267
MDA,2019,0.5725141015308466,0.435257550249998,1.0,0.3249353128774296,0.5731168571465979,0.3794784277348763,0.4463474389388955,0.577605,0.4999743903281229
MDA,2020,0.5549139437747672,0.4629876140883645,1.0,0.3357722093495706,0.371909558369821,0.3685357625295457,0.4726881037875317,0.582153,0.4905177189001045
MDA,2021,0.5814415051743022,0.4618626420780909,1.0,0.3215235376382683,0.4675501117859486,0.3896430726329477,0.4166664854705066,0.7449500000000001,0.4993884154259244
MDA,2022,0.5242122260746628,0.4537245728199917,1.0,0.3365721342008367,0.5465828523742248,0.386612857562579,0.3788716488159143,0.7674120000000001,0.5654543937498204
MDA,2023,0.4956250302712393,0.4374721870890558,1.0,0.40210211110279,0.4245612738720112,0.3924693971086689,0.3418380080106834,0.802126,0.6039981820722823
MDA,2024,0.4962727041619139,0.4680559958014446,0.9929393324258716,0.4195646198873062,0.4479206752307406,0.3959321344285887,0.3163741057409128,0.7224638000000001,0.6147096802598814
MDG,2004,0.82679258855648,0.20196128458305965,0.0,0.0,0.3520090696543674,0.0823795386931259,0.3720294129313308,0.00525354,0.4254605904459317
MDG,2005,0.8219049937057378,0.19925607507749704,0.0,0.0,0.3789076873660635,0.0848663204955886,0.3720294129313308,0.0056772199999999,0.4456971630800487
MDG,2006,0.81750702981314,0.20612290008080614,0.0,0.0,0.5838751172073795,0.0882268979754649,0.3822707940204091,0.00607552,0.4637613419573739
MDG,2007,0.8007569552680037,0.20599036768745285,0.0,0.0,0.8866663844666596,0.092019857511674,0.3741648915062822,0.0065,0.3859805514956813
MDG,2008,0.7922863549109963,0.22694114733295975,0.0,0.0312803513043956,0.9724294011972978,0.097179234159527,0.4128047945045633,0.0165,0.3805991286964809
MDG,2009,0.8196604221564575,0.23625397706390944,0.0,0.0411429785858197,1.0,0.087045035899283,0.3722693594813189,0.0163,0.3670158974673081
MDG,2010,0.8089103219920946,0.25088577204123064,0.0,0.0746316053087019,0.8787628488559809,0.0837254678329647,0.3505147591122561,0.017,0.3989537377607667
MDG,2011,0.808689111648555,0.23705599814402153,0.0,0.1104697616799782,0.7434700425245564,0.0818809038721093,0.3463461800403962,0.019,0.4057984480657695
MDG,2012,0.8002116157370244,0.23573643627844296,0.0,0.1489827534330061,0.7419740677299904,0.0821712085884018,0.3304390533830818,0.023,0.4378224305425706
MDG,2013,0.7874821525212589,0.25503382537252517,0.0,0.0707741134034379,0.580435871063349,0.0815262193108545,0.3478727486080864,0.03,0.4472105549342208
MDG,2014,0.7817977956931563,0.26596685844264006,0.0,0.0,0.4777964793386329,0.0824008451155955,0.3829035242937412,0.037,0.4353573160867507
MDG,2015,0.7808898171522333,0.27742373368863094,0.0,0.0,0.472574878458364,0.083045012177804,0.375295805185341,0.0417397,0.434587673225155
MDG,2016,0.7753888466875933,0.26995294993646507,0.0,0.0,0.5810842418032214,0.0849309810325734,0.3869339665246972,0.0471366,0.438787623941337
MDG,2017,0.7700061891033201,0.28420122162898204,0.0,0.0,0.5136202617221031,0.0867479816236832,0.4042444498472746,0.064,0.4394535508241872
MDG,2018,0.7645618784484781,0.28856315115554676,0.0,0.0062641477181929,0.5734907410643028,0.0875316700036022,0.4364005444033747,0.077478,0.3986879981053187
MDG,2019,0.7546468428431862,0.3083235169627123,0.0,0.0373649819289056,0.5028708416071808,0.0900163179682523,0.4578698287901411,0.0937944,0.4176956871549155
MDG,2020,0.7713352378838179,0.33963289731591845,0.0,0.0220722045683095,0.462766982379205,0.0755718840575906,0.3883418045743843,0.113547,0.4280577338807945
MDG,2021,0.7502857665980351,0.35798804962015257,0.0,0.0336580994102055,0.4461164784074431,0.0785123649762894,0.4535881527833699,0.137459,0.4142065379231824
MDG,2022,0.740161046071279,0.36745264716247944,0.0,0.0559282187509321,0.4826914279199277,0.0808150995270789,0.4773786289501062,0.185532,0.3932045120860531
MDG,2023,0.7490931562213886,0.34868288926911056,0.0,0.0618175594169988,0.4970644891591421,0.0832122462697193,0.4685267831996065,0.203671,0.3936002560637056
MDG,2024,0.7496339222807162,0.34264202640669783,0.0,0.071919191190501,0.5104890625084113,0.0856440184215072,0.4653242016381288,0.0407342,0.3800478526139931
MDV,2004,0.4466756444803087,0.4146472673291469,0.8723537851160632,0.7268985572803897,0.5648186428675801,0.5051524032194766,0.1177189552847987,0.0658825,0.7558821464679873
MDV,2005,0.5138867467061967,0.5311819471219734,0.8844027105573438,0.7459014217805364,0.5804587417007812,0.4855534452220421,0.1455074063515055,0.0686961,0.7128902489395968
MDV,2006,0.4807353584829535,0.552235399628468,0.8950142163835095,0.7667785189698446,0.5477226035824768,0.5128682978880365,0.0477621740155259,0.110364,0.7543084146085162
MDV,2007,0.4668448846363466,0.6084383853790913,0.9068432438655142,0.7855971147136862,0.7453094965270692,0.5180357344349164,0.0087549499510843,0.163,0.7689303428575887
MDV,2008,0.489382580253539,0.6210057187862371,0.9198539382574834,0.8009990039304402,0.80329404313553,0.5253750866526162,0.1340231143255782,0.2319999999999999,0.7456238074051763
MDV,2009,0.4406344238114723,0.6048779194726273,0.9987872264286616,0.816207573471846,0.7223548064229552,0.5075996084995692,0.0527292361546214,0.248,0.8133265870556786
MDV,2010,0.4484767378956313,0.5775705412079652,0.9878178614776724,0.8192929590290479,0.828332143555377,0.5120036356983325,0.0435677576482514,0.2653,0.8106779179202321
MDV,2011,0.4393738628749881,0.5511266174133128,0.9890415445582064,0.8224786458551392,1.0,0.5192112441817184,0.0741555073331513,0.34,0.7801439276143503
MDV,2012,0.4319776118415451,0.5084709413730256,0.9902640057882316,0.8260939034615529,0.7980826588263243,0.5176206531279125,0.060879402380545,0.389301,0.7850152322100881
MDV,2013,0.440409683184676,0.4820058695774586,0.9927052724399016,0.8301846955885435,0.9966688807749492,0.5225177665273991,0.0,0.441,0.786179275429494
MDV,2014,0.4364263377993293,0.4651618840020525,1.0,0.8333421742735907,0.8708179280160309,0.5286675068937906,0.0,0.4928,0.7841701286211914
MDV,2015,0.444836207693227,0.4662916894088236,0.9975732503052472,0.8345830356191368,0.7536216427287399,0.529162377227881,0.1032798582010787,0.54462,0.7478496790833321
MDV,2016,0.4482769106318214,0.4756803316132781,1.0,0.8366591194630686,0.9579056396910116,0.5330844113674525,0.1267740082559135,0.595,0.7175727030522234
MDV,2017,0.4350581275467568,0.4818822747550531,0.9975732503052472,0.832095795207358,0.9026128589588676,0.5381824302640593,0.1330314234128523,0.65,0.7118469831664486
MDV,2018,0.4293984438553978,0.4807213751222887,1.0,0.8261709388993289,0.9772344960770504,0.5454987761889235,0.196037204607982,0.7090000000000001,0.6981585585892351
MDV,2019,0.4035134330563011,0.4843160780316319,1.0,0.8194644062984615,1.0,0.5507937743546086,0.1539010887366786,0.7746970000000001,0.7341470794991999
MDV,2020,0.5096673185662688,0.6030716803478507,1.0,0.8199168057975881,1.0,0.4886442495352571,0.177763079747808,0.7909780000000001,0.7281939309974509
MDV,2021,0.4363891935038148,0.5338756299311055,1.0,0.8218911492896029,1.0,0.5308725960326076,0.0316873403081439,0.819576,0.757439047466596
MDV,2022,0.4269649407362502,0.5090995104592332,1.0,0.8249838882475383,1.0,0.5474502679127297,0.0669040483561876,0.8391190000000001,0.7623070618336202
MDV,2023,0.4277511894575412,0.5130234327994071,1.0,0.8282176179817848,1.0,0.5539311413140996,0.0537014074364259,0.846851,0.7278926981883249
MDV,2024,0.373387331365269,0.5121208453293369,1.0,0.8317439866029764,1.0,0.5584193801510348,0.0319487914183982,0.6766036000000001,0.7444254090006006
MEA,2004,0.4959765011800017,0.5166741974206601,0.80288726574255,0.5498688336275785,0.4402865563350104,0.4116708156215719,0.7935802444968937,0.1319999999999999,0.3815022945737873
MEA,2005,0.4741859631041713,0.5207626546376638,0.8167274959097435,0.5533441667907797,0.5445049075666624,0.4156843995472598,0.8327143375397218,0.083,0.3265075766364777
MEA,2006,0.4659977464725429,0.5204359871016988,0.8404128804647264,0.5529561469787502,0.6162969040010602,0.4205963096988135,0.8430313316803575,0.096,0.3050924821227966
MEA,2007,0.4595312199940087,0.528236720628394,0.8334237632798673,0.5531669698985728,0.6012034809625421,0.4245152387366658,0.8355224810690657,0.1169999999999999,0.3220029454998101
MEA,2008,0.4385898763643344,0.5258859561994803,0.8464475898249592,0.5562537699941839,0.4760877090666073,0.4272788534784627,0.8565649959879299,0.141,0.2836524966845
MEA,2009,0.4799649652529145,0.5483160871475184,0.8552882350228362,0.5659490468708416,0.4095062155387701,0.4254549996402633,0.7815717881647646,0.161,0.3963008264899577
MEA,2010,0.4665532110575606,0.5479391788823449,0.8798757825723135,0.5668569855120904,0.4240053603384874,0.4292923438892478,0.8060980090413702,0.183,0.3740221456480847
MEA,2011,0.4500640156146795,0.5340491031140392,0.8827517431811395,0.5733971048445496,0.3792854611232784,0.4314971236791506,0.835413599478324,0.201,0.3246365731387391
MEA,2012,0.4525884696437268,0.5280397669436039,0.897048016901894,0.5787691869528384,0.3790055377216472,0.4343413307563105,0.8361386946405237,0.2239999999999999,0.334572929023222
MEA,2013,0.4629153192977011,0.528921147030741,0.9139898198595712,0.5830717929068306,0.3666965626150095,0.4346888567777845,0.8197272374386511,0.252,0.3551034409194427
MEA,2014,0.4668299972223661,0.5448980637320451,0.9254333039391086,0.5872666681615505,0.3390240421046044,0.4362973066474173,0.7939952311250643,0.287,0.3948563463873563
MEA,2015,0.4902450403961291,0.5779061609146451,0.9177304899887772,0.5940117047599643,0.3541975320028488,0.4374095093809161,0.6947160217907505,0.318,0.5072042391960175
MEA,2016,0.4860452493271776,0.6035672433434238,0.9398627716503388,0.5948978787209807,0.4050224372993909,0.4411460943950919,0.6678853280812537,0.35,0.5280807310750891
MEA,2017,0.4776226395134755,0.593110866295908,0.9505425022071564,0.601666047219529,0.4513197172799674,0.4417137486867498,0.6932553636984753,0.397,0.5055300285651444
MEA,2018,0.4679411175449574,0.675416046679871,0.9374658066091068,0.616061102994326,0.5134576735321551,0.4428574794209091,0.7332365620687774,0.423,0.456266439592436
MEA,2019,0.469060329624785,0.672931832445187,0.950636706600026,0.6163992279413737,0.4304702280743882,0.4427148868890757,0.7119191868254222,0.46,0.4838577604629163
MEA,2020,0.4904058714010871,0.5994157293928731,0.953830727842605,0.6155569812693614,0.4437234081240444,0.4347653555382721,0.6461807903413136,0.506,0.5390429437720211
MEA,2021,0.4768091548874317,0.7073819198799208,0.9557745770590662,0.6180194431778563,0.5499769280373907,0.4397684627346473,0.7172555097735495,0.542,0.4547093176035024
MEA,2022,0.4575349679837333,0.5856697760842676,0.9488064726257368,0.6267952221499092,0.4436684616314793,0.4460690055955268,0.782462683607265,0.578,0.3813773215990332
MEA,2023,0.4679989548471231,0.7257863406672184,0.955849574346422,0.6264223957292978,0.4588924529111211,0.446472812029825,0.7401279372035295,0.595,0.4352098994856364
MEA,2024,0.4826228635317024,0.7182926907801026,0.988307334709886,0.6281108665227028,0.5321966693440712,0.4467416254946651,0.7158353497490129,0.615,0.4554408581103598
MEX,2004,0.338672303508246,0.3067020018170599,0.9829108616416083,0.7279394247671831,0.4836991495612915,0.5257575461077381,0.6481152034754155,0.141,0.575853474564448
MEX,2005,0.3245766849963802,0.32450992341938356,0.9865929541017062,0.7326910600100298,0.4624825853627171,0.5268354708000279,0.6488195483878448,0.1721,0.5826026397369386
MEX,2006,0.3244124246568987,0.36403995416337115,0.9890415445582064,0.738320355017657,0.4251742889621283,0.5316824753867245,0.6684569621026115,0.1952,0.5681163958834972
MEX,2007,0.3303202295288321,0.3877506719986052,0.9742760009195603,0.7426840894269106,0.4671543852111632,0.5326240124442122,0.6632085216912748,0.2080999999999999,0.5716404904008021
MEX,2008,0.3295457446581715,0.3802450734908015,0.9865929541017062,0.7486668892354854,0.4508254218701953,0.5318674416436414,0.6750988379062262,0.2171,0.5772528373134262
MEX,2009,0.3337602313834673,0.400074024652977,0.979217661796788,0.7574004409180071,0.4195895494142017,0.5203079495054991,0.6327373430749546,0.2634,0.5957782176684211
MEX,2010,0.3332601973932231,0.4072480850020382,0.9902640057882316,0.7509820789708586,0.4637865128535144,0.5252602697153758,0.6410439582982588,0.3105,0.588970003393999
MEX,2011,0.3263841770600684,0.4194355213239133,0.9878178614776724,0.7546742392847278,0.4105506102859767,0.5281206858565578,0.6602582290116344,0.371763,0.580285003917641
MEX,2012,0.3307248097424068,0.431738890936607,0.9890415445582064,0.7555518032483175,0.3785550279322769,0.5312186561400477,0.6642568058786744,0.3975,0.5810303934084575
MEX,2013,0.329296069999557,0.456535917691054,0.9890415445582064,0.7530371903818431,0.5337123896530584,0.530567215102499,0.63535010137069,0.4346,0.597521585013768
MEX,2014,0.3294496968479917,0.4591248827259125,0.9902640057882316,0.7476076303438998,0.4196572973186644,0.5324002787511474,0.6314682316032841,0.443857,0.5831068419342653
MEX,2015,0.3328623313370851,0.4792184092310913,0.9878178614776724,0.7480616845183573,0.4784685333779492,0.5347181144170342,0.6144450267874914,0.57431,0.5893758033853959
MEX,2016,0.3420851104205707,0.4941444551106165,0.9939240827149284,0.7473890715256317,0.5116489173431608,0.5358616447791801,0.6108418749389202,0.595404,0.5830597591338657
MEX,2017,0.3449443016620687,0.5034465595840962,1.0,0.7435791277333496,0.4651426258821548,0.537195818410764,0.6321070717423439,0.530318,0.5725628529519234
MEX,2018,0.3449136537663055,0.4986299311383494,0.9939240827149284,0.745187094671124,0.4801827738910273,0.5386564139633646,0.6334275694811561,0.566596,0.5711372584714699
MEX,2019,0.3459140241976364,0.5114407915490632,0.9951416808462688,0.7519885095214736,0.4334774250210944,0.5367062058469293,0.6302349410373783,0.696321,0.5694373760091551
MEX,2020,0.3668567756889192,0.5198117585758403,0.9927052724399016,0.7487467930049293,0.467115422723138,0.5228531835816476,0.6170050311160155,0.714902,0.5699455002266508
MEX,2021,0.3704493010148348,0.5080753158345156,1.0,0.7462611194883216,0.4600924979231081,0.530408343270561,0.6322753729489667,0.756265,0.556961917399085
MEX,2022,0.3761345107536897,0.5028278229897903,1.0,0.7478001709155511,0.4578757733443285,0.5346023317597653,0.6504798394460749,0.786322,0.5540041047176684
MEX,2023,0.3731700971638317,0.4955213767741944,0.996358069242556,0.7539743259055224,0.3951375085421161,0.5381241173790062,0.6420564805240524,0.811832,0.5453531493241847
MEX,2024,0.3675321101187809,0.5050310083293593,0.997569390657234,0.7607514384137539,0.4434173761412724,0.5389323266272191,0.6292907032646669,0.6968255999999999,0.5535960546880286
MHL,2004,0.4995437835410439,0.5539442466817188,0.6404976012867373,0.4352063312945566,0.3406290456764199,0.3705798142113453,0.0844722533295938,0.0359978,0.8136924925813985
MHL,2005,0.4966939028098204,0.5814213725723903,0.6630510383842988,0.4045274407312818,0.43868532590664,0.3728340502293302,0.0,0.038787,0.821140070276938
MHL,2006,0.4951121682550689,0.5539442466817188,0.6867631059970003,0.3064509368820479,0.3693136242978534,0.3728489268345226,0.1310411937557443,0.0379559,0.8033346321626137
MHL,2007,0.503156815081983,0.5511521099245964,0.6075401651502202,0.1813889920040617,0.5861685393592712,0.3779853105615064,0.2035015500674131,0.0395,0.7964711367222477
MHL,2008,0.5416935149400274,0.5316787996795488,0.7328524186088164,0.04942771416236,0.5368261190309401,0.3665815900716743,0.1838384743449113,0.046,0.8003205436229657
MHL,2009,0.5596130965271744,0.5564134103055578,0.7552623454525939,0.1782983813444465,0.9145637308560308,0.3718359689583767,0.2165424240072597,0.0559999999999999,0.7941646872569941
MHL,2010,0.5814224488895863,0.4813823647809146,0.8642547821289508,0.1810116143580299,0.0,0.3795898639877889,0.2501926588254769,0.07,0.7396457794433149
MHL,2011,0.6411628690732363,0.5913222501161888,0.8710076664316317,0.5492707754680786,0.1185500745053483,0.3792412973379194,0.2133500868914008,0.1,0.709947489829364
MHL,2012,0.6971043661157514,0.6647867810169461,0.8777235078475191,0.6246637039118939,1.0,0.3787268562144058,0.2066213638365101,0.125,0.6828588468849289
MHL,2013,0.6708416897061745,0.6873749612889012,0.8844027105573438,0.6649415073550955,1.0,0.3862497278337612,0.2254167100300226,0.14,0.6897247442017732
MHL,2014,0.6095668205831141,0.5973133685413892,0.8923699500852781,0.6517261938069109,0.6005911479914192,0.3869667117518173,0.2485826743337825,0.168,0.7298383335957506
MHL,2015,0.6165191840627027,0.5654754522979745,0.9002856769286112,0.8402661200000378,0.0929397051683681,0.3926099560270458,0.1278028043207734,0.192824,0.788113931917148
MHL,2016,0.6218739788983425,0.5695087407681624,0.9081505529274267,0.7240423300517528,0.1854711323873927,0.3994805012341725,0.2718032284829909,0.297878,0.7393489542061716
MHL,2017,0.6704900583890118,0.5989597353623418,0.9224395671385988,0.6989095482110447,0.4617338251860519,0.4081891135436776,0.194530020551718,0.387012,0.7428385385303827
MHL,2018,0.6767433158927103,0.5817243332830752,0.9416596607742472,0.903485499776478,0.5725030027118938,0.4198747012296625,0.1639268767583439,0.438825,0.7493766273383083
MHL,2019,0.7019869469319513,0.5758663484449018,0.960582677672353,0.8919586186451375,0.4283453201554179,0.4384571744740227,0.2434109637356023,0.497575,0.7156512482159414
MHL,2020,0.7221720722948195,0.5539859572104128,0.979217661796788,0.8920190900773195,0.3659778145402277,0.4387312890694287,0.2065479537212844,0.564191,0.7041722257690656
MHL,2021,0.7717871796635427,0.5730196781502905,0.9975732503052472,0.9039632762319636,0.2964623977150764,0.4464553107992125,0.1234967768389171,0.639726,0.6433853137137608
MHL,2022,0.7297422699351312,0.6325188867685316,1.0,0.9042974448234712,0.3487654861183215,0.4500329711137555,0.0513016835955067,0.648023,0.7063515880942118
MHL,2023,0.7108734548889356,0.6215369740736445,1.0,0.9070760765675656,0.3343422592935396,0.4471752726620058,0.1435595825226135,0.6571769999999999,0.7147145661328628
MHL,2024,0.7184810075012504,0.5556695900084707,0.9900175624786708,0.8036311135490372,0.322252663884745,0.4556232062452948,0.2004792216056738,0.5932674,0.6793906309982809
MIC,2004,0.5890080482356422,0.627811108201228,0.7260577812111277,0.4003099259990884,0.4461067085959157,0.3428215912252429,0.678253698524024,0.1341999999999999,0.3982431409720465
MIC,2005,0.57271767501922,0.6228878634958533,0.7435327792202177,0.4090624995250376,0.481641520463655,0.3512625465999272,0.6865198219271453,0.123,0.3999964610301125
MIC,2006,0.5613175030679528,0.6285621974439168,0.7550482326130431,0.4202444436271678,0.4895341157143945,0.3609321926219812,0.6958429138945178,0.155,0.3999019367238807
MIC,2007,0.560468216778011,0.6384738202695188,0.7692109573516361,0.4256262166609273,0.5142221419907064,0.3714810115187846,0.6933109475010988,0.1549999999999999,0.405248658805724
MIC,2008,0.5604829435541577,0.634853404916969,0.7852381466553172,0.4336819533078955,0.5048340625892431,0.3780496231018503,0.7041766190765012,0.1533999999999999,0.3977106978796439
MIC,2009,0.5638038591473845,0.66842016483534,0.7926850044617259,0.444382131405388,0.4442026837833355,0.381949886876812,0.6856067815070643,0.2278,0.4230504716401408
MIC,2010,0.5593779186532853,0.6734677275927796,0.8031655200748673,0.4503947387360758,0.4816546900389787,0.3915586804012499,0.690871500406407,0.2113999999999999,0.4116413746001301
MIC,2011,0.5557866085390738,0.6771968536770641,0.824444197230487,0.4617372175473887,0.4786553414979851,0.3988361576973741,0.6997927970437988,0.1861999999999999,0.4046900808204421
MIC,2012,0.5528238332600456,0.6908910590687377,0.8293149066425369,0.469446608468624,0.4523523046372831,0.404965297578835,0.6974982241471457,0.2448,0.4170324359445341
MIC,2013,0.5531687245649051,0.7035508937105853,0.843601933682589,0.4873295269016939,0.4557405630995773,0.4111338970656567,0.6864401890434023,0.2702,0.4318034116587816
MIC,2014,0.5512509171469637,0.7154178417393842,0.8518782294822534,0.5032668398582124,0.4359218077518765,0.4167082126402307,0.6767442481252499,0.2857999999999999,0.4478309136939617
MIC,2015,0.5518263369876404,0.7365161822296654,0.8682543375689594,0.5183083270962294,0.4359094109222308,0.421784656454626,0.656110531868798,0.4218,0.4742692070866036
MIC,2016,0.550845085399784,0.7404491692172628,0.8821242376987043,0.5264613955367532,0.4137601903097522,0.4269119457603915,0.6446487544094877,0.4892,0.4860306362454428
MIC,2017,0.5412838998932701,0.740849502031309,0.8957520365239835,0.5342046481693086,0.401648492446874,0.4328651520270979,0.6504424954122588,0.505,0.4853146459402925
MIC,2018,0.5329352342136399,0.7536982912579415,0.910694718828562,0.5432596517623911,0.4118812528801242,0.4383938765769807,0.6595705471952131,0.4819999999999999,0.4859718977998944
MIC,2019,0.541527259912881,0.7573245728690997,0.9157195731666148,0.5511557547552861,0.3943914946109441,0.4428300724683168,0.6446047163956838,0.5024000000000001,0.4995596013390606
MIC,2020,0.561034849817379,0.7868874805134008,0.9201697395946508,0.54185799459726,0.3966552045189714,0.4398076930730458,0.6381523187140168,0.6212,0.4982464249124339
MIC,2021,0.550935851037391,0.7828666201333248,0.9357130929130364,0.5440075482118208,0.4167091366406423,0.4490217517685447,0.6620697852810986,0.5024,0.4784498589351704
MIC,2022,0.5472158428162465,0.7973041975134865,0.9360264725447984,0.5411038284706339,0.3862185219933767,0.4536223991141036,0.6640256521074903,0.6098,0.4777830673469443
MIC,2023,0.540427639155751,0.8067088018178951,0.9398543764234916,0.5482336198895837,0.3517940408454699,0.4594346419087413,0.6462813189729596,0.67001,0.4965299417752807
MIC,2024,0.5372846615970703,0.8145121843374306,0.9361587466682432,0.553852072353324,0.3541308974294408,0.4644878828292603,0.6372376958448608,0.6240100000000001,0.5044098741243966
MKD,2004,0.6005629712261702,0.5474990932699426,0.9927052724399016,0.5896729741375974,0.638047792603803,0.3809517153173994,0.4262071101672884,0.2444,0.4921335089702511
MKD,2005,0.5632651002320602,0.556438550216151,0.9890415445582064,0.5787860443366031,0.4351410494362195,0.3884338355720048,0.410258474410497,0.2645,0.5173667189889264
MKD,2006,0.5460730315688629,0.5762453161058375,0.9878178614776724,0.5852401290260325,0.6894580855081076,0.3965050323607327,0.440494449777526,0.2862,0.5255428710935196
MKD,2007,0.5447096975647789,0.6102232230123968,0.9890415445582064,0.6193279002827803,0.8566106530783504,0.406436714701693,0.4154745877475596,0.363,0.5315836200120253
MKD,2008,0.5984552397994204,0.6288390599329334,0.9902640057882316,0.6021492833247556,0.6857393060577193,0.4150081172770877,0.390012433503205,0.4604,0.5068623509173535
MKD,2009,0.5769455346130038,0.626856095860925,0.9902640057882316,0.6382228655291653,0.4636702557961932,0.4154254595856231,0.3758549756881912,0.5177,0.5380491167003135
MKD,2010,0.5716535143612895,0.5940715436092096,0.9939240827149284,0.6417890140745729,0.4925611641624756,0.4211478256268067,0.4262959360817368,0.519,0.5066676191497611
MKD,2011,0.5545525671220225,0.5415897379296748,0.996358069242556,0.6316455125084158,0.5989947567327222,0.4251697536115871,0.4389080995442179,0.5670000000000001,0.506674833168841
MKD,2012,0.5488107384758227,0.5795950157729303,0.9951416808462688,0.6454820783812089,0.5096809966978851,0.4250748838477821,0.4271908133201137,0.574499,0.5259445396901584
MKD,2013,0.5696482262607973,0.577402194327012,0.996358069242556,0.6220086178722868,0.5261413490081541,0.4297947417709183,0.4511701511980769,0.6524,0.5026609745694357
MKD,2014,0.572871794499615,0.5906439581021096,0.9975732503052472,0.6256026037712726,0.3188911917008536,0.4353583795868135,0.4660325095604158,0.680585,0.4861372445947776
MKD,2015,0.5630589910757193,0.5973679193209153,0.9987872264286616,0.6315225230871652,0.4758126265192548,0.4412378888175697,0.489117983093264,0.703802,0.4845560370742573
MKD,2016,0.5504144379616172,0.5836397792858858,1.0,0.6498172649435414,0.6190222412279812,0.4457787961187197,0.489956117212541,0.7215680000000001,0.4815871388744833
MKD,2017,0.5178213367956488,0.5878001082604694,1.0,0.6538948287975328,0.50316157014301,0.4479244469173239,0.4959846588342444,0.745168,0.4977333617884374
MKD,2018,0.5333516596976696,0.5894317090245473,0.9975732503052472,0.6539868615215229,0.6169002387303042,0.4527822860744609,0.4917438426018836,0.791678,0.4942093988207716
MKD,2019,0.5246829788270494,0.5940089701132146,1.0,0.6733543314386361,0.5676984502287482,0.4593354964059334,0.4846087635070091,0.814129,0.5050734090652462
MKD,2020,0.5358229325361925,0.6130372199160407,1.0,0.697442236634682,0.2880716831028153,0.4539323358468287,0.4643292092892484,0.8140550000000001,0.5297554532926392
MKD,2021,0.4974742351716467,0.6120332571763591,1.0,0.7034506691197048,0.6076722170913742,0.4618297552369389,0.4608092193470226,0.818737,0.5314285030034863
MKD,2022,0.5013179627572301,0.6070407812164279,1.0,0.7243218439377515,0.6830034408962102,0.4662071007345779,0.4703498620190641,0.85008,0.526809314852073
MKD,2023,0.4690157250507337,0.5974091789766184,1.0,0.7358958893015668,0.5473341058304819,0.4701777902653327,0.4909672437370498,0.871819,0.5355027300691346
MKD,2024,0.4640859489381064,0.6054918319578787,0.9963542043227424,0.7296788639913255,0.6897570799694048,0.4747338648794729,0.492094104687888,0.6081182,0.5249611868858438
MLI,2004,0.7621700235834089,0.30969600757575316,0.0,0.1593115193731872,0.3693047407887327,0.168029830833345,0.3185192935142398,0.0043282,0.4230654558011409
MLI,2005,0.7673651250984835,0.28040441696090895,0.0,0.1756601983886101,0.4244302591801712,0.1669156250297988,0.4163464894785508,0.00507063,0.3543144628830665
MLI,2006,0.7470029139028064,0.28967018378622605,0.0,0.1898494105802307,0.4015695384389728,0.1674125079662465,0.4929017099424279,0.00729627,0.3341348930489735
MLI,2007,0.7581269752656383,0.29976331238124265,0.0,0.1889183149915594,0.4224713639335945,0.1651751722203666,0.467665360775835,0.0081,0.3498019795197561
MLI,2008,0.7635461799258908,0.23846516677616456,0.0,0.1881592421576812,0.435903712474728,0.1655924940192923,0.46807725491947,0.0157,0.3498554327656603
MLI,2009,0.775853674627451,0.30300270526215817,0.0,0.1829208448694127,0.6316124074280058,0.1685694308360726,0.493117646681362,0.018,0.2791877271954721
MLI,2010,0.783041066587103,0.32209345230994035,0.0,0.1919917339450535,0.4744524066253832,0.171727622881244,0.4861132757833031,0.02,0.2834744636614649
MLI,2011,0.7965739359185972,0.32690400191837443,0.0,0.1965523092012582,0.5185501797902665,0.1712355650210438,0.4906704382424927,0.022,0.2526075148906687
MLI,2012,0.8220140681078295,0.34006234707380834,0.0,0.1823935475081914,0.4590210718238791,0.1654389835982432,0.4784952315166499,0.0279999999999999,0.1978511544300555
MLI,2013,0.804256968995691,0.35464961072474216,0.0,0.1835996359808866,0.4112861921463112,0.165898446804001,0.4631430552016418,0.035,0.2575996616646915
MLI,2014,0.8108554058422578,0.36650951393584497,0.0,0.1951800273111443,0.3389655470838227,0.1704498165557086,0.4919044600348143,0.07,0.2295076217151761
MLI,2015,0.8201144864954699,0.3939014660946632,0.0,0.2876754690072122,0.3990880869138678,0.174687847217826,0.4559029535899593,0.1033,0.2272882726793636
MLI,2016,0.8236700374255415,0.4053876333881596,0.0,0.2647060595098274,0.4225760842177244,0.1785513453957038,0.4456210421662158,0.14,0.2101211759624714
MLI,2017,0.8266474421929778,0.4017641201176699,0.0,0.2701246025328392,0.4833466729822535,0.1815205533472984,0.4519184956653376,0.189,0.1909062823775962
MLI,2018,0.8345853478679774,0.3983834353819157,0.1848623947907069,0.2849104962471352,0.4333307547098105,0.183880616675768,0.4742439479910824,0.214,0.1733799949251288
MLI,2019,0.8329473320066595,0.3902803567637644,0.1119661749101932,0.372705469536745,0.5570505118670007,0.1865788871238254,0.4715942195887899,0.249603,0.1637722103386458
MLI,2020,0.8331031043743308,0.4032822406105959,0.177765013637977,0.1279136582002467,0.4528160383966922,0.1804983593129014,0.543899296745962,0.29113,0.1148209949844768
MLI,2021,0.8312883076136668,0.4209424108292284,0.2424597898685834,0.1776769547799558,0.4651024266951292,0.1804888990739392,0.5246385562144268,0.339565,0.117959751518251
MLI,2022,0.8361472105144027,0.4301628121345429,0.2334243627319419,0.2382160488367714,0.4905985697916566,0.1813977944989104,0.5267205627241488,0.343797,0.1194317261038242
MLI,2023,0.832548631114728,0.4157471758360774,0.2669687849079149,0.2458523830318697,0.4682823819288605,0.1837803281845256,0.5198369885161817,0.350921,0.1305092966246549
MLI,2024,0.8398934197261927,0.4081107126449907,0.1679980938732723,0.2520953853918817,0.5077263470053683,0.1865795642286261,0.4795101723918816,0.2151398,0.1405907951950732
MLT,2004,0.2467883723267507,0.6022530497993956,1.0,0.8025072222513572,1.0,0.6175204291651962,0.4531095788526891,0.3462,0.6327532677647717
MLT,2005,0.2417262496802721,0.7412500425867123,1.0,0.8069088556326787,1.0,0.6207182577183127,0.4192226416520147,0.4124,0.6429915557784156
MLT,2006,0.2439373929869286,0.7617509020273671,1.0,0.8197657553650614,1.0,0.623541463752625,0.3966862485528641,0.4040999999999999,0.6566292366849084
MLT,2007,0.2389391531767455,0.765473805694193,1.0,0.8397057995663895,1.0,0.6301676160643334,0.3638224733856604,0.469,0.6790051294049052
MLT,2008,0.1713051568096477,0.7773669489877871,1.0,0.8421708021955274,1.0,0.6354881509603848,0.3842234558606464,0.5008,0.6885741788960167
MLT,2009,0.1989927136091621,0.7912696048898048,1.0,0.8493564055970062,1.0,0.6323543026565156,0.3409281539383214,0.5886,0.7001649454752604
MLT,2010,0.1929257638417401,0.7785346333713291,1.0,0.8461529956537116,1.0,0.6403692986145094,0.335135043757498,0.63,0.7119041407758188
MLT,2011,0.1727252818342174,0.7823715222593717,1.0,0.8560258136674144,1.0,0.6411874044355929,0.3066453163331926,0.6801980000000001,0.7174032209333056
MLT,2012,0.173172838791468,0.7654005219348108,1.0,0.8763803542847787,1.0,0.645717062195858,0.2647973748771667,0.681999,0.742936270100726
MLT,2013,0.1649101023923687,0.7461872825981918,1.0,0.8793592423348208,0.5914681301771492,0.6529315924944258,0.248115446939751,0.6891379999999999,0.7559416567592749
MLT,2014,0.162747185361565,0.7334931591643811,1.0,0.8863988910223238,0.3693550216319042,0.6606735751237326,0.1968519891170009,0.7311409999999999,0.7717675474930457
MLT,2015,0.1554861466337475,0.7049550444171815,1.0,0.8906173117532272,1.0,0.6704547427574049,0.1596739292774421,0.7595999999999999,0.792651490421502
MLT,2016,0.1637837179801633,0.6934504035937721,1.0,0.8939399070923365,1.0,0.6729342174360834,0.1670243961400004,0.7807510000000001,0.788798744956501
MLT,2017,0.1203982530529031,0.6677681786467824,1.0,0.8957785095551926,1.0,0.6866683962791685,0.1342881826162113,0.810119,0.8077406292202619
MLT,2018,0.1125882967942431,0.6619140863732036,1.0,0.903691565885598,1.0,0.6916178183327663,0.1367730046206688,0.8165800000000001,0.8041247450050796
MLT,2019,0.0894514998028395,0.663362324289479,1.0,0.8990051725375675,1.0,0.6915482952563882,0.1587707367790795,0.8577859999999999,0.8052049181199451
MLT,2020,0.135521027242274,0.6810423723486378,1.0,0.904377214462484,1.0,0.6831436230307241,0.1644762858705365,0.868588,0.8204844927118868
MLT,2021,0.1480374377377951,0.6596586012173095,1.0,0.9086255026186012,1.0,0.7006650953002854,0.1338307430302677,0.8746980000000001,0.8331535021995246
MLT,2022,0.142589693747243,0.6614870822713402,1.0,0.9174124799095044,1.0,0.7006386319797339,0.1277956963610105,0.915406,0.8433179344681784
MLT,2023,0.0096720992238144,0.6451868805334116,1.0,0.9086648997708192,1.0,0.709495935872383,0.1189880227009214,0.920727,0.8555818311011821
MLT,2024,0.0456798370716559,0.6369372197076124,1.0,0.9108729031626428,1.0,0.7148777376818652,0.1007216297419776,0.6766036000000001,0.856059578868434
MMR,2004,0.9260812845481023,0.0827559673410338,0.0686463343796923,0.2330708482401659,0.4141909557779712,0.0887875150724101,0.3043179073835843,0.000243374,0.2667335589259727
MMR,2005,0.9188038116042384,0.0793806317146957,0.0968512320625115,0.2404589485531346,0.4115552980304532,0.1060872564988374,0.337006344155465,0.000652389,0.2358035193636934
MMR,2006,0.9045435877200324,0.04504584217198249,0.1244209600445382,0.2458922112189132,0.4077909143714479,0.1228387003729922,0.3825878804731056,0.00182048,0.1999650878651026
MMR,2007,0.90135754447601,0.022462099869371092,0.1513834972378406,0.2518946796614184,0.5129398657876191,0.1382247182052161,0.4113857626022258,0.00217128,0.1574694856916041
MMR,2008,0.8843705960841998,0.006060528479838891,0.177765013637977,0.2630728105906316,0.4604697010976684,0.1515776323188133,0.4626548580733959,0.0022,0.1583230395047238
MMR,2009,0.8715112039416206,0.024982749411311896,0.2059109617182548,0.2709997652259245,0.4742849699198468,0.1653119653421629,0.501485526667769,0.0022,0.1653923649676892
MMR,2010,0.8637334783777072,0.0838337023661857,0.13429435887945,0.275685556183518,0.4023991105221402,0.1775675462544482,0.5388786720018145,0.0025,0.1493061406552205
MMR,2011,0.8345756744758094,0.1521422973699209,0.2581130875614901,0.2877781780391484,0.5574387403117216,0.1842915323191432,0.6216469175343668,0.0098,0.1381136322651615
MMR,2012,0.8206062116150962,0.21830630550379815,0.2844902978481015,0.2990053748585823,0.4288493605030717,0.1933322367573582,0.6384984394794276,0.0139999999999999,0.1577964775511331
MMR,2013,0.8124953197393459,0.28642641590564155,0.3103111808197331,0.3102517119572686,0.5274747228024536,0.2038315721132974,0.6383328345936415,0.018,0.1826473606464552
MMR,2014,0.7988030265012713,0.32819271156810154,0.2105396811075802,0.3184159034186264,0.5000233387197183,0.2140169192076618,0.6699590511672986,0.074,0.1728668715584169
MMR,2015,0.7898875575821285,0.36137743216779206,0.3926477339907097,0.3289863063129043,0.7298975981897724,0.2226587272355588,0.669657775696747,0.109,0.1975727652486874
MMR,2016,0.779864645541837,0.404076680224171,0.2909967515327895,0.3423599550287865,0.6210557489976812,0.2297718823645201,0.6745482794014486,0.16,0.2155174457944891
MMR,2017,0.759063638015121,0.427899752389372,0.5650551659886873,0.3557301573647622,0.7573686819066517,0.2372894842976501,0.702235873589857,0.2362109999999999,0.220662990877487
MMR,2018,0.7457161229252829,0.4429115492040172,0.4993411945020403,0.3755169734105489,0.453594714774958,0.2450581440349321,0.7044309688704368,0.29379,0.2459701469556728
MMR,2019,0.732617102888256,0.4465288935128776,0.5388380010094305,0.3675258532670376,0.4344925129632063,0.2532819151623257,0.7235961904383116,0.365405,0.2413418896424757
MMR,2020,0.7492348676121605,0.4653781312067724,0.5753868291597581,0.3916148334255271,0.4411189342517627,0.2384926712733247,0.7121939652876123,0.4544769999999999,0.2259850036091321
MMR,2021,0.7529390652803183,0.4493148924214529,0.6108761204026315,0.3916977608105328,0.4867393644331572,0.2189141769793295,0.7090916182581254,0.565261,0.2230563679408327
MMR,2022,0.7483749479072027,0.5212071361057048,0.6290631435986477,0.3963801740142262,0.4134944641169797,0.2236540073473537,0.7214437166784905,0.5801120000000001,0.2123379028801397
MMR,2023,0.7523060518751888,0.4906679308765205,0.6804846572623648,0.4097909280362064,0.4322172753870276,0.2240238589994491,0.7128440574025778,0.585357,0.2182358983179518
MMR,2024,0.7325299576526902,0.0,0.0765862870392464,0.4182764673186016,0.380260316342521,0.2216290543434779,0.7157448315156077,0.1542224,0.2543316778201311
MNA,2004,0.6005599165665279,0.4674249613208119,0.7869355485229801,0.5155452089451797,0.3890291307170413,0.3330771562981997,0.7110998706610532,0.1142,0.3668317304690766
MNA,2005,0.5837449311995996,0.4679083342322822,0.8017479337659201,0.518412655345521,0.441144569305016,0.3367912126250029,0.746837505153246,0.075,0.3508244540453678
MNA,2006,0.579429263140963,0.4782212506490887,0.8272252798870909,0.5167596787761858,0.5125117460475197,0.3411178045202164,0.7614307448656572,0.084,0.343555028061989
MNA,2007,0.5690282848494832,0.4836069882511171,0.8191852807589866,0.5162579457323017,0.496125422232366,0.3461550084485417,0.7622201240999891,0.0969999999999999,0.3558423499576051
MNA,2008,0.5516768650091504,0.4733820656860977,0.8330192742822139,0.5186589086389561,0.4664137226167008,0.347952006695391,0.7813645255104271,0.1169999999999999,0.3465183370431544
MNA,2009,0.5819722588984337,0.4891401234562234,0.8424188682287805,0.5289704231854568,0.4290450054016096,0.3487942030472873,0.7094397538742251,0.135,0.4068647503782143
MNA,2010,0.5723749484604749,0.5125981301766717,0.8694631748366467,0.5298489582555678,0.3966679752971198,0.3525000693707626,0.735851054308403,0.155,0.388403270935451
MNA,2011,0.5615268616839411,0.5074788988221149,0.8723977554291065,0.53514285924552,0.3470963523166942,0.3489076978865314,0.746687011651754,0.1689999999999999,0.3792151968408214
MNA,2012,0.5670304411642552,0.4981330208755335,0.8877812960938759,0.5383749717177777,0.3614656552809919,0.3510737640212337,0.7436970401504325,0.187,0.398014094570916
MNA,2013,0.5885528288313272,0.4819260433716381,0.906071519947037,0.5416835252554517,0.3455574723946925,0.3499186331885145,0.7259869516988204,0.213,0.400416585034995
MNA,2014,0.595382025728452,0.4955754969934134,0.9185013015604704,0.5455566994315048,0.3181149896095835,0.3506787811238404,0.694297280214576,0.247,0.434130293410234
MNA,2015,0.612378559490286,0.5133301949983173,0.9098187880917338,0.5517172298991017,0.3254543987311665,0.3497984302768263,0.6116777821401799,0.276,0.4958862374009005
MNA,2016,0.6019911855157865,0.5322907218413935,0.934070568711079,0.5519107471853181,0.3434817535173338,0.3552845814825976,0.5962007042757408,0.308,0.5026770813363594
MNA,2017,0.5981021487253484,0.4780959645784803,0.9457594799816008,0.5606062799243241,0.3539885331796746,0.3577062384344528,0.623859025861071,0.348,0.4782881949601453
MNA,2018,0.6020127236031345,0.4468756408247307,0.9315665408810524,0.5777216174872876,0.3469144098722496,0.3581643173753707,0.6464349427617528,0.376,0.4498836389459488
MNA,2019,0.6059594242187422,0.4471035313331209,0.9460220550969044,0.5756515507192977,0.3466559324420543,0.3575795820865121,0.6367633684761594,0.415,0.459991241686595
MNA,2020,0.6225819455339147,0.4783639566372046,0.9494834480873776,0.5685541633358205,0.3339744881101041,0.3511597350686807,0.5804876406445475,0.4639999999999999,0.49487150239906
MNA,2021,0.6165712621283806,0.4753161909851501,0.9517328657165988,0.5708657262930118,0.3253476794463533,0.3548359864043181,0.6474226258760302,0.502,0.4261489236983575
MNA,2022,0.6053014484375598,0.4614025530604256,0.9439930593580252,0.5773734332467865,0.3402669847218151,0.358525548373681,0.7039813919040628,0.541,0.3737578785064253
MNA,2023,0.6158641123959799,0.4604595235290033,0.951604584132988,0.5805900431991616,0.3307185470207889,0.360083710607512,0.6717956897752273,0.559,0.399354279784503
MNA,2024,0.6308753128742776,0.4073714220686087,0.968641596791478,0.5806130719668293,0.4367466718322372,0.3607845925844678,0.6509348165031569,0.58,0.4067469284996138
MNE,2004,0.5524918156248289,0.314573077098363,0.9878178614776724,0.8168796131397755,0.66022155842965,0.4271362227256475,0.3758611626612511,0.253501,0.5350441532076757
MNE,2005,0.5404769199601857,0.35921278019848824,0.9975732503052472,0.8377815639393922,0.6961392293405535,0.4328655061984007,0.3322681927075632,0.271,0.5466588788253212
MNE,2006,0.4493416234749839,0.514131174249369,0.9878178614776724,0.8452371065036044,0.6961392293405535,0.4446138898346673,0.3624620450883422,0.289,0.5458570640539422
MNE,2007,0.4300579776533468,0.6955794429409987,0.9878178614776724,0.8519217513971613,1.0,0.4544195520054493,0.3345537202107131,0.308,0.536614691603439
MNE,2008,0.4362708757376067,0.7135678737258929,0.9878178614776724,0.8576698415126959,1.0,0.4638441313932814,0.3539305882114548,0.329,0.5353693492735442
MNE,2009,0.4592962908903591,0.6852192064018846,0.9890415445582064,0.8655810726380767,1.0,0.4545609347158538,0.3375009027609357,0.351,0.5742292946130072
MNE,2010,0.4423991495845862,0.6534367376572128,0.9902640057882316,0.8692628432299337,1.0,0.4582684986928346,0.3279816357582605,0.375,0.59349425611526
MNE,2011,0.4312200720878492,0.6130579915517135,0.9878178614776724,0.8657642526293308,1.0,0.4629201640779919,0.2683733842847196,0.356115,0.6291501408561194
MNE,2012,0.4203266913402948,0.6110945962743194,0.991485247605356,0.8775920916395398,1.0,0.4590136438576279,0.2589492096755675,0.568388,0.6392350515779136
MNE,2013,0.4327081980837217,0.6068898742436464,0.996358069242556,0.8839331847519881,0.9410684532310792,0.4635740272611141,0.2793942039275555,0.6031000000000001,0.5984541404017819
MNE,2014,0.4290745244612917,0.5978907087130668,0.9717976704778122,0.8763292762013221,0.9902818598418904,0.4667046350740492,0.2405788918376734,0.638869,0.6030644557325355
MNE,2015,0.4230734597765242,0.5924479647865597,0.9939240827149284,0.8603988909724533,1.0,0.470110240221029,0.2438875023750543,0.681198,0.6265830909920097
MNE,2016,0.4166864581057365,0.5860213619782944,0.9951416808462688,0.8602007493704501,0.6226056144315448,0.4748550743188554,0.2806184075514303,0.6988160000000001,0.6145991226971903
MNE,2017,0.4009872549494513,0.5858208935563689,1.0,0.8617471666510027,1.0,0.4793043344110802,0.2569841814990414,0.712723,0.6162920297725022
MNE,2018,0.3823314096142945,0.5893784757172612,1.0,0.8458597383013298,0.8657149970535076,0.4859104255165684,0.2966486604638468,0.715171,0.6031350140726841
MNE,2019,0.366469869847555,0.586243742126715,1.0,0.8488666509568205,0.7796302058635087,0.4920787187130692,0.3063487597890497,0.734767,0.5952312236109385
MNE,2020,0.3896573395373756,0.631877341009447,0.9987872264286616,0.8540986805116085,1.0,0.4685410411350058,0.3397517478710076,0.776088,0.5948376591698205
MNE,2021,0.3698829241235109,0.5998744212780817,0.9975732503052472,0.8757252676807438,1.0,0.4866955533309459,0.2581349777468323,0.8221970000000001,0.6165828218151144
MNE,2022,0.380889877964684,0.5750413789675713,1.0,0.8756789427539946,1.0,0.4978552625734685,0.2096577792916863,0.8822190000000001,0.6272412434684977
MNE,2023,0.3697791829701856,0.550888525514095,1.0,0.8790948206501079,0.7317138740047383,0.5069805675185705,0.1848580996706383,0.898052,0.6384734523471567
MNE,2024,0.3555751665696956,0.5658156628231659,0.9992716138485112,0.8811505851908104,0.7557347980657356,0.5115028412076504,0.1631694261341286,0.888826,0.6358033384719474
MNG,2004,0.7235792457202581,0.4372596933089632,0.6486001776522278,0.4283117246715299,0.5875853226897859,0.2965974353327397,0.5724926018877136,0.2457684,0.2302944993272749
MNG,2005,0.720936166222083,0.4540492622452455,0.8201312745739847,0.4440040725974376,0.7678881590557047,0.3051472145704089,0.640387843040795,0.16779802,0.1676339237304357
MNG,2006,0.6948621256203689,0.4739863831920177,0.6836279062807179,0.4605425365124421,0.7519237186665839,0.3153100295280439,0.7272178186250735,0.1610822,0.0727970403512034
MNG,2007,0.7046878770891849,0.5465425030736014,0.7007729898111316,0.4608179014303208,0.8568450474714764,0.3275190314305897,0.714721012003198,0.09,0.0808632991319562
MNG,2008,0.7141585086545725,0.5372559590330318,0.7176812849471429,0.4906031383405181,1.0,0.3376030031331646,0.6146182387912559,0.098,0.2179203655560485
MNG,2009,0.6976691173413933,0.5394956436644622,0.7343592431930597,0.5144666037609147,1.0,0.3331436536041913,0.6016953996492715,0.1,0.2906227810542631
MNG,2010,0.6039307894136388,0.5024499310895891,0.7069485127165751,0.5398344999986071,1.0,0.3395585264707687,0.650935123648158,0.102,0.3253820854597002
MNG,2011,0.5756246268771072,0.5567356704091565,0.6041950952546474,0.531741556117743,1.0,0.360196026080707,0.6223134674666797,0.125,0.3437164945498851
MNG,2012,0.5948740058062139,0.5579202012786839,0.784518094019941,0.5352023511509193,1.0,0.3743013321766361,0.6133406287571682,0.1639999999999999,0.3640678362267604
MNG,2013,0.6335084520933478,0.6292906918601722,0.7478378544145247,0.536373261760655,1.0,0.3872923715159678,0.6090604873605275,0.177,0.3229608356305655
MNG,2014,0.63230039321327,0.6270728360451251,0.8173200337976688,0.5581812937677447,0.4638093645141883,0.3951328966134467,0.6248997988938254,0.199424,0.3444496948522249
MNG,2015,0.6442654476186997,0.6077308116096014,0.8451461138630243,0.5569963600282298,0.3368467784856488,0.395456942230081,0.6251870874848717,0.225,0.3510307068092921
MNG,2016,0.6201339879062663,0.6178667561973661,0.8830697819334077,0.5483800888591968,0.0,0.3946608338834202,0.6506930507005458,0.222658,0.3454339629315874
MNG,2017,0.5925126555246214,0.6007717984672047,0.9198539382574834,0.5650697461776447,1.0,0.3998242784238784,0.7105254274311659,0.237143,0.2757615354150273
MNG,2018,0.5981578309914594,0.6116471619831155,0.976749324629734,0.5761413935624701,1.0,0.4079437689155029,0.7178928087565147,0.4713,0.220723715608136
MNG,2019,0.6006463020837446,0.5832829872574875,0.9865929541017062,0.5811819651973762,1.0,0.4131883669461064,0.7194266111835046,0.5108,0.2194661760323046
MNG,2020,0.6259727051990038,0.5683600550035247,0.9939240827149284,0.6197852356328506,1.0,0.4037982230955524,0.7055914082150581,0.625,0.2358443159123853
MNG,2021,0.6293215002757236,0.576626771969263,1.0,0.5922261029220867,1.0,0.4037090577000201,0.705939544160503,0.8160680000000001,0.2173539607400686
MNG,2022,0.6270323008691006,0.5432631022201558,1.0,0.5897752443288681,1.0,0.4087059215057388,0.6816803775154021,0.821725,0.2462995929123224
MNG,2023,0.5673260097892562,0.5298472532205306,1.0,0.5985044584154071,1.0,0.4171069305197173,0.7379669248591725,0.830162,0.2477326874309902
MNG,2024,0.5016363855260316,0.5663920680020337,1.0,0.608874718880846,1.0,0.4225482355231421,0.7200567923182457,0.6966036000000001,0.3155375533892772
MNP,2004,0.2755836396223231,0.7982842911362236,0.9975732503052472,0.8382959809168599,0.5629337016063479,0.6641554063885698,0.4598335721268593,0.665874,0.6231301121284676
MNP,2005,0.2808137761134691,0.7119437003284586,0.9975732503052472,0.8008937507934004,0.4871895009404455,0.6480770442965335,0.444114240751098,0.6402340000000001,0.6495586258398188
MNP,2006,0.1056824317526095,0.684906468099883,0.996358069242556,0.8187150691481311,0.5453014688776903,0.6416889647262275,0.2933961358734556,0.4537295999999999,0.7900944902702666
MNP,2007,0.3715987167628622,0.6519508944022097,1.0,0.8846391029236543,1.0,0.6358728187597079,0.6510404996430305,0.55702,0.50119516663259
MNP,2008,0.2205596712418451,0.5855276106806682,1.0,0.8794059642165958,0.9077513842571324,0.6233227547850114,0.4786896046281235,0.6190174,0.50119516663259
MNP,2009,0.4527661032162615,0.566243474941013,1.0,0.8559392783244966,0.7018927045736317,0.5999814166807561,0.4674921163529358,0.6885888000000001,0.480927464586117
MNP,2010,0.3789634520612999,0.5720431108114862,1.0,0.8771575626905924,0.7572909627517651,0.6052678507133472,0.4849345273079313,0.7283438,0.6631820457240697
MNP,2011,0.1776227501468873,0.5399630683925299,1.0,0.876342314443784,0.948369815777784,0.5954350656268749,0.4331529182159007,0.773397,0.6406901301320976
MNP,2012,0.4582876650161624,0.5272548227920979,1.0,0.866705397426147,0.8,0.5976234379723079,0.5358062597764823,0.7475014,0.4979082097368891
MNP,2013,0.2192587881020454,0.5780726433004802,1.0,0.8614350905491099,0.5182699685768271,0.6027674013212588,0.569385040387332,0.6595672,0.4836623827259918
MNP,2014,0.2331797699328327,0.5435021306005798,1.0,0.8566359700417406,0.937000686925576,0.610312557287202,0.6669894278032306,0.4141314,0.5114812480641301
MNP,2015,0.2078520655601104,0.6537773896506055,1.0,0.8533107671979148,0.9965071730250854,0.6170015111372728,0.7654847183133223,0.6481752000000001,0.5128570921961166
MNP,2016,0.1378822897443196,0.6565836229657613,1.0,0.8570937330736332,1.0,0.6563054870521031,0.5139809309965415,0.7893896,0.4879628936737568
MNP,2017,0.2603129403932546,0.6368431940946395,1.0,0.8666141813371023,0.8,0.6889021314148446,0.4330681325731523,0.6907372,0.6509848301902528
MNP,2018,0.149546813643947,0.6279246212556548,1.0,0.8665097584882804,1.0,0.6600063046659445,0.5733664779712465,0.8945052,0.5759325151176647
MNP,2019,0.0664041460049044,0.6560792513792862,1.0,0.8753797319035336,1.0,0.6451905029533592,0.4751442239856008,0.6206998,0.5786360701271984
MNP,2020,0.1868944372344215,0.5179468083012897,1.0,0.8606571981025417,0.9448769888028694,0.5971785224467502,0.5040762378580023,0.809588,0.5045952611391231
MNP,2021,0.1067408609426683,0.5107296349031848,1.0,0.8506528629703292,0.5795442416298071,0.6059052999098776,0.3838829298985891,0.9021536,0.5320039471294916
MNP,2022,0.3390473847306377,0.6733238747934006,1.0,0.8668990310378265,0.698399877598717,0.6310619080592684,0.4777918743498926,0.5859276,0.57700216234596
MNP,2023,0.114582832229129,0.584709702263375,1.0,0.8221590337060404,0.1930998871196398,0.713381279646957,0.2435327797284502,0.423605,0.7279149108544634
MNP,2024,0.4832602086474102,0.5350240562334468,0.7377509084852749,0.6173821895359558,0.521044970375395,0.4600931523874124,0.4981522257440442,0.433764261627434,0.4979430980515284
MOZ,2004,0.7499615344509349,0.1535769410361934,0.0,0.0,0.6739073078341152,0.0589525445706314,0.3967826795856816,0.00679448,0.3626005578017373
MOZ,2005,0.754299748868472,0.20618333002354233,0.0,0.0,0.3738517806736474,0.0644656720856731,0.3663782944622063,0.00854357,0.3821205840724225
MOZ,2006,0.7658949666972935,0.23103696056794096,0.0,0.0,0.455887464554328,0.0747484944843355,0.3970179246989998,0.00842954,0.3485259191719941
MOZ,2007,0.7649705142152231,0.23417889049523885,0.0,0.0,0.534847624980739,0.0819773986414247,0.3893992808282459,0.0091,0.367957694128208
MOZ,2008,0.79052184915643,0.30527148139182236,0.0,0.0,0.6070935157648628,0.0880406609451264,0.3273973164098835,0.0156,0.3597508775621521
MOZ,2009,0.7994703768784068,0.3779561259807529,0.0,0.0,0.7775888418391252,0.0926308817180285,0.3198140142944909,0.0268,0.349264214585115
MOZ,2010,0.7944592923558266,0.4004551380267144,0.0,0.0,1.0,0.0981200688653298,0.3188915765613316,0.0417,0.357281837593091
MOZ,2011,0.7874113610699244,0.3928781920881167,0.0,0.0101204490010295,1.0,0.1040670367853355,0.3085125700028879,0.046,0.3676548615980018
MOZ,2012,0.7788693568152817,0.4083141488329732,0.0,0.0235333859473081,1.0,0.1110505750477104,0.3190581162191041,0.05,0.3779276517926136
MOZ,2013,0.7672160067304523,0.4433521511182978,0.0,0.0346450631157638,1.0,0.1160842610540948,0.3066505241758452,0.055,0.3884849627482319
MOZ,2014,0.7709871673121792,0.4745045666282236,0.0,0.0463877330081654,1.0,0.1226360888288952,0.3363499576793618,0.06,0.3749896371468253
MOZ,2015,0.7606431175384296,0.4879421601429719,0.0,0.0578299728781889,1.0,0.1287683425059589,0.3666149704044487,0.065,0.3596415802161694
MOZ,2016,0.761234129129207,0.4819464173979123,0.0,0.0709243050703933,1.0,0.1311731764935836,0.4151440080330559,0.07,0.3231789330650247
MOZ,2017,0.7838283100015273,0.4275151438368662,0.0,0.0717297468477996,1.0,0.1306159996575182,0.4826082061046017,0.0779633,0.2369115388180087
MOZ,2018,0.7790927338726351,0.4053091697590927,0.0,0.079124462554354,1.0,0.1312604691441773,0.5173066501274473,0.109,0.2117998522911466
MOZ,2019,0.7720472820968599,0.3966425967927326,0.0,0.0872102665796099,1.0,0.1303207885578273,0.4884212007237718,0.124793,0.2350327624156135
MOZ,2020,0.7908318308205916,0.4221012091013025,0.0,0.0569334354130364,1.0,0.1242457956108029,0.4425537303704612,0.142874,0.2357836085610576
MOZ,2021,0.7909397078549713,0.414061502926603,0.0,0.0530133826415116,1.0,0.1233644734455701,0.446745172019156,0.163576,0.2037542195764753
MOZ,2022,0.7799595389518789,0.3907684290546988,0.0,0.0580164885027892,1.0,0.1252839643296364,0.4749738625390771,0.187913,0.2102597224816826
MOZ,2023,0.7775519274809837,0.36601273273501217,0.0,0.0698751336503156,1.0,0.1287373598429235,0.4369925447662005,0.198434,0.2491253175305324
MOZ,2024,0.7757811136832516,0.35486250709099937,1.0,0.0684617611899794,1.0,0.1275864588397127,0.4458328097770643,0.7085888,0.2488657003058263
MRT,2004,0.7542647906913754,0.19319811441474624,0.0,0.5251890626941785,1.0,0.2425976889007147,0.5583225407586812,0.0048147,0.2854425088709837
MRT,2005,0.7240371169834262,0.36463229580511186,0.0,0.5349723318964521,1.0,0.2510033518473539,0.6508764463771833,0.00669966,0.2400182691627827
MRT,2006,0.6812223289609391,0.31441597946824673,0.0,0.5448166565882357,0.5407177002482765,0.2717867231714558,0.7899378803893035,0.00979661,0.0851364670905213
MRT,2007,0.7047437628517984,0.33808699620565213,0.0,0.5514882854404797,0.4927162477281939,0.26512855807597,0.7049937695569026,0.0143361,0.1872470805188621
MRT,2008,0.7062958926331947,0.3740636454999238,0.0,0.5584596985447899,0.7124791827409541,0.2604770748738635,0.6979980460739392,0.0187,0.2083245590390989
MRT,2009,0.7137223492852564,0.3827113815953216,0.0,0.5663196746885976,0.2797803755182692,0.2560799422365419,0.6443118836734592,0.0227999999999999,0.2833668393030435
MRT,2010,0.6829213623727689,0.36312332520279145,0.0,0.5740427445858627,0.4349346360826964,0.2552021640054426,0.7207363277781476,0.04,0.224053721069483
MRT,2011,0.6510728138827986,0.34199100945246214,0.0,0.581441056599255,0.8504325910512534,0.2564249622589639,0.7926470428356815,0.045,0.137720549635218
MRT,2012,0.6740574883349078,0.34425494366680376,0.0,0.588701511557679,1.0,0.2580335027380395,0.711267498863192,0.05,0.2000348750480885
MRT,2013,0.6767861059671698,0.36396756185065426,0.0,0.5951129116807602,1.0,0.2593843018015688,0.7261490328454162,0.062,0.1779888393278333
MRT,2014,0.7093825068069881,0.377608690198363,0.0,0.6028279796914757,0.7801635898658928,0.2610870592170814,0.5743020137010831,0.118,0.3159877587489998
MRT,2015,0.7302846569468645,0.3949369401966209,0.0,0.6094565146924668,0.8134995180216587,0.2643231183960167,0.4643963170770418,0.176,0.3571895673412745
MRT,2016,0.7422144505254058,0.386228246719401,0.0,0.6137971123519244,0.559783863087447,0.2617917938095778,0.5150840153998247,0.192328,0.3064550133603667
MRT,2017,0.7522718644868467,0.394423514259522,0.0,0.6204388958866844,0.8469654770955843,0.2662802061470107,0.4854808361064746,0.210172,0.3071303663228242
MRT,2018,0.7615117044966452,0.4044260525054847,0.0,0.6260317940642932,0.957054098697594,0.2687293353268002,0.4831893450743851,0.2296699999999999,0.2973234693768857
MRT,2019,0.7227626661206711,0.4111815217955934,0.0344532791712482,0.6334192840472745,0.0,0.2689312907723798,0.5770935401454368,0.250978,0.2852245415024171
MRT,2020,0.7134167736743572,0.402696642272859,0.0477177081644762,0.6185016907280471,1.0,0.2641697712738361,0.6576576911113401,0.274262,0.2025514586595932
MRT,2021,0.713372291208807,0.4548126361571516,0.1069485661650393,0.6165413950776186,1.0,0.2610550940944295,0.634015983495078,0.299707,0.2527940824925
MRT,2022,0.736816163446663,0.4548126361571516,0.1392013587155129,0.6238086733019369,1.0,0.2663434882893155,0.5863280509138868,0.343001,0.3209222664821198
MRT,2023,0.713526404581554,0.5011005896846731,0.1706262481047571,0.63267519795281,0.7987156415931145,0.271596693973393,0.6159887033069085,0.373809,0.289007415651169
MRT,2024,0.7155221849072454,0.4318440149447386,1.0,0.6387593973402643,1.0,0.2762865042032975,0.6090331218676104,0.7054190000000001,0.2768620516635997
MUS,2004,0.432573156693964,0.6647902492671592,0.9878178614776724,0.6992536856724877,0.2975834274434788,0.4714407603576395,0.4924738593872687,0.136891,0.5326380145721117
MUS,2005,0.4209897147447569,0.6711103632504557,0.9878178614776724,0.7055521179618639,0.3253650954453713,0.4731386401427063,0.4709777092927069,0.151722,0.5634627245621886
MUS,2006,0.417731898304311,0.657077379477736,0.9878178614776724,0.7117386191573298,0.381360052574167,0.4793571161569084,0.4479563767436436,0.167,0.6170261249854219
MUS,2007,0.3953309169403264,0.6669897321962804,0.9878178614776724,0.717921446139758,0.5519395288081903,0.4867788828564675,0.4524529126224239,0.2022,0.617730327554117
MUS,2008,0.3819782199902777,0.697358098457845,0.9878178614776724,0.7220967798840706,0.526741644009453,0.4938694060180911,0.4702742722626445,0.2181,0.6128059299861163
MUS,2009,0.3724919570674223,0.6922479308256411,0.9878178614776724,0.7443269594309981,0.4643294261151813,0.4982175467255795,0.4699929598091116,0.2251,0.6220740187866397
MUS,2010,0.3607023854665869,0.7070145753609409,0.9927052724399016,0.7582323209153017,0.5598342869972813,0.5040903596949741,0.451591543308268,0.2833,0.6303358084862846
MUS,2011,0.363901639189464,0.7174263545011235,0.9951416808462688,0.7720440829415028,0.5255154704579044,0.509658740503378,0.4323603946517865,0.3495,0.6347960311460469
MUS,2012,0.3615104553118428,0.7406281090929823,0.9927052724399016,0.7744824424773474,0.6079905323418497,0.5142439543249325,0.4171138354347253,0.3542,0.640665378747763
MUS,2013,0.3446745696146702,0.7548009970448105,0.9927052724399016,0.7881335745189161,0.4375633414106994,0.5186897605034299,0.4038333782587193,0.4011679999999999,0.6430013784345879
MUS,2014,0.3368584623936248,0.7361241797661332,0.9939240827149284,0.7931690808305542,0.5081082357661764,0.5238780350263533,0.3888097965010342,0.448033,0.6575785820229305
MUS,2015,0.3297867640729113,0.7435847372393077,0.9951416808462688,0.8000586761566525,0.3998456068165387,0.5289460707834513,0.3752397571986861,0.501393,0.665807530704819
MUS,2016,0.3312448999360214,0.728136132704738,0.996358069242556,0.7953899539479686,0.4772369013007116,0.534347021211082,0.3595528693167512,0.521913,0.6745427550915956
MUS,2017,0.325152981270322,0.7410896548331791,0.9951416808462688,0.811748111889832,0.5088041775028962,0.5398223388095452,0.3374500355510855,0.554032,0.6799731584333881
MUS,2018,0.297757176510261,0.6781891762045414,0.9975732503052472,0.8231470891906507,0.4843877812098438,0.5454453811726149,0.3321838513307736,0.5859620000000001,0.6847103660699279
MUS,2019,0.3072171338507535,0.6865730864757539,1.0,0.8299547315117528,0.4813578015409189,0.5495357152786354,0.3131762775145073,0.6173,0.69109209421673
MUS,2020,0.3336638127595783,0.7237641383560325,0.9939240827149284,0.8303631765066419,0.4104362306757346,0.5267155110227894,0.3057216992205664,0.6773290000000001,0.6988979414302331
MUS,2021,0.3418087956141044,0.7103694317833299,0.9951416808462688,0.841150294448587,0.4299169824517239,0.5315370929851396,0.3509307476265057,0.716,0.6837044611983253
MUS,2022,0.3588264658572868,0.6724973220605033,1.0,0.8343485387849879,0.558652971871051,0.5440737165095996,0.3520888063736253,0.755,0.665738706504315
MUS,2023,0.3816486383518675,0.6645558143583391,1.0,0.8516691076438343,0.6354272947713623,0.5527705735809271,0.3459620829760989,0.795,0.6508759853635053
MUS,2024,0.3918677452157127,0.6644640763572054,0.9980578777580718,0.8546296772534979,0.5808321596528199,0.5600826383288381,0.3447187210961566,0.7204384000000001,0.6441206991559655
MWI,2004,0.8072812407357337,0.0,0.0,0.104427094504005,0.4227185495950911,0.0703923929883645,0.362128204711063,0.00347505,0.357203583277898
MWI,2005,0.7950254965125614,0.0,0.0,0.1122395414755395,0.4548987652250266,0.071172077325715,0.3372533651868837,0.00384489,0.3817642545357186
MWI,2006,0.7802695412841643,0.026735256300877294,0.0,0.1234637520500621,0.3237982205046169,0.0738334570585288,0.3819431738592576,0.00425137,0.4010885549711038
MWI,2007,0.7539114892448944,0.03962977604617719,0.0,0.1481324145312123,0.4095040150750034,0.0830236214737168,0.4322239237669582,0.00965865,0.4136771082136536
MWI,2008,0.7735468703928604,0.13719548881422372,0.0,0.1656616883604292,0.4482627680592113,0.0894803052880106,0.3749624552133347,0.0069999999999999,0.4191894401989953
MWI,2009,0.7769879614973292,0.1728712695855658,0.0,0.1854784526751498,0.3195085386007562,0.0967855217916139,0.3521435237595172,0.0107,0.4278443731213939
MWI,2010,0.7707702596005973,0.22259283804545965,0.0,0.2003783698521041,0.5602807031836101,0.1021461831982413,0.3484707151616194,0.0226,0.4419524319470558
MWI,2011,0.7641608054960605,0.22414387901883825,0.0,0.2101465470808798,0.526128641326201,0.1048986319169972,0.3547679443432286,0.0333,0.4499389988659145
MWI,2012,0.7602834094032406,0.23360254865425975,0.0,0.2117339681493432,0.7209551961049165,0.1034665345101407,0.3426765053217734,0.043506,0.4643152185017043
MWI,2013,0.763374034738321,0.20074901112276725,0.0,0.2233660153384102,0.5217374978385997,0.106988582800522,0.3345614034204565,0.0504999999999999,0.4638884349307454
MWI,2014,0.7636057059342536,0.1825915705633515,0.0,0.2333267752595537,0.6208775119677419,0.1108541611616564,0.3301266274014425,0.0583,0.4661499925717798
MWI,2015,0.7550305850747138,0.21519060252219305,0.0,0.23885796064323,0.436815331118652,0.1108656437244981,0.3382199702365138,0.06,0.4759336825784903
MWI,2016,0.7469251753059355,0.1870876888636054,0.0,0.2426975198112037,0.5956553663741482,0.1104937097089163,0.3409605293662587,0.063,0.4874930418620667
MWI,2017,0.7543478497539058,0.1730287424033578,0.0,0.2503565555497214,0.6333006723431932,0.1122526932317741,0.3434805077419302,0.07,0.4745245842949155
MWI,2018,0.7410937761385694,0.15425056105602822,0.0,0.259448454735488,0.5873843500280995,0.1145569757555089,0.3607280929545924,0.0879829,0.4809255370975766
MWI,2019,0.754558709501258,0.16588717384495802,0.0,0.2692049768250776,0.5455195936066106,0.1187719107521143,0.3635751816318017,0.110586,0.4643527895907202
MWI,2020,0.7743056767849471,0.18304070935525352,0.0,0.2492739498857335,0.4082536148821881,0.1160980235208447,0.3786403436799813,0.138995,0.4271082730117388
MWI,2021,0.7790053123798429,0.19292955742775683,0.0,0.2432924280135683,0.4210054781055805,0.1187980277818328,0.3616027226085949,0.174703,0.4170814145509298
MWI,2022,0.7968743150330271,0.20291752841748495,0.0,0.2404387769608461,0.5698641119276933,0.116405575649623,0.3200114854673183,0.170457,0.4076085245321382
MWI,2023,0.8072499204125684,0.18026957139124722,0.0,0.2427729922519929,0.6540588799131903,0.1154719835412865,0.3840215964486713,0.1798809999999999,0.3309285629280062
MWI,2024,0.8293840746432797,0.29104416942628136,0.1590721177216995,0.2441602553175638,0.6758169518206161,0.1141434995860176,0.3246024393158745,0.0783796,0.3128764098427666
MYS,2004,0.5527027092230893,0.7723314422468078,0.9841394566470218,0.6735907180418758,0.5123122322894986,0.4831655640927749,0.8404952588523692,0.422523,0.3196257614798729
MYS,2005,0.5280534323456099,0.7609631300317505,0.9841394566470218,0.6770956743869865,0.4619740531601538,0.4874139997859724,0.8176621192137542,0.486292,0.3126895365720118
MYS,2006,0.5368405247145442,0.7547221483741993,0.9853668199780375,0.6712494535834986,0.5916633885044662,0.4920692915025489,0.8192509192148926,0.51638,0.3072912739232658
MYS,2007,0.5687664805430703,0.7500676792947664,0.9865929541017062,0.6899979226887921,0.5890394363546747,0.4977804406844267,0.7981530487742529,0.557,0.3190862930194516
MYS,2008,0.5683713404494124,0.7389005036086427,0.9878178614776724,0.6960476783554949,0.4975356857684182,0.5015880491220653,0.8038332482458697,0.5579999999999999,0.3077274776386663
MYS,2009,0.5514947063138006,0.7716526876783845,0.991485247605356,0.7185068265493636,0.2877104992456188,0.4964831455287383,0.7557332664831834,0.559,0.4004308316932329
MYS,2010,0.5709945692334102,0.7622474756501699,0.9939240827149284,0.7142682475586596,0.5618231670526497,0.504163712999618,0.7499852248758634,0.563,0.3939455367341987
MYS,2011,0.5986436860596778,0.7650204451270476,0.9939240827149284,0.720431256521136,0.6142652690942711,0.5091091406495388,0.7415996798850221,0.61,0.3809526710908087
MYS,2012,0.5645400024514086,0.7767704359835161,0.9975732503052472,0.7151953170953508,0.4681351492074032,0.5143723886306847,0.7454789220967662,0.658,0.4037829790289822
MYS,2013,0.5490146344150435,0.788099265139195,0.9951416808462688,0.7171850420466156,0.5114296957107658,0.5185488375805606,0.7423648526850865,0.5705749999999999,0.4201904529293611
MYS,2014,0.543284028088825,0.789395432557669,0.996358069242556,0.7204965919051093,0.4884512065975741,0.5245266402406933,0.7428532592596016,0.6366539999999999,0.4233220191528453
MYS,2015,0.5287013902341963,0.7941530524571213,0.9987872264286616,0.7238912935420176,0.496892993799461,0.5292191496894069,0.7240776845667811,0.710641,0.4559431966894585
MYS,2016,0.5331531809144678,0.7920476145538294,0.9987872264286616,0.735463082968776,0.575012408183263,0.5329730875834805,0.7140403534747415,0.7878830000000001,0.4646702539852523
MYS,2017,0.5365499074129632,0.782808846585348,1.0,0.7338688879340456,0.4750832517257781,0.5386126219856068,0.7197141046451164,0.801405,0.4537084550937594
MYS,2018,0.5079120961033511,0.7888191463899374,1.0,0.7466411480983617,0.4346535917437395,0.5430072741307227,0.7220207160169719,0.8120099999999999,0.4723444949048264
MYS,2019,0.5002044923245156,0.7896395421748996,1.0,0.7425578639315543,0.4471742626038817,0.5469583619732054,0.7112988198979133,0.841871,0.4914976577296219
MYS,2020,0.525560753431427,0.8133175705387169,1.0,0.7574867675423534,0.362295876420702,0.5368778464698468,0.690376449783071,0.8955500000000001,0.5017570476735168
MYS,2021,0.5594596601055097,0.8017792714755169,1.0,0.7615554850598667,0.636509730503992,0.5399390936398692,0.71403256692538,0.967514,0.4497911242661027
MYS,2022,0.5454152412161253,0.7746415444638679,1.0,0.7628786181393632,0.5238306557789141,0.5507513163600267,0.7308349652843807,0.973986,0.4388754094411187
MYS,2023,0.5149030074454813,0.7826769590668301,1.0,0.766123273205595,0.4128722936388512,0.5540054263503192,0.7124718511249815,0.976927,0.4815395321516431
MYS,2024,0.5245831221455723,0.7807101631479395,1.0,0.7690742708777587,0.5243664723182555,0.5594613027450507,0.7045645221510064,0.980206,0.4843938877137724
NAC,2004,0.1994950797234985,0.8807663497160028,1.0,0.8683921085789715,0.3900893835021211,0.768117407807894,0.4373183011583083,0.7059092,0.7586189817140909
NAC,2005,0.1864144606754623,0.8854352492933253,1.0,0.8699423405592153,0.3608961487566342,0.7717152352608415,0.4449885782508339,0.6829999999999999,0.755995087959764
NAC,2006,0.1706958988927087,0.8971830808557807,1.0,0.8698525811406908,0.4399084443722764,0.7742809481315253,0.4527877880598737,0.693,0.7523974235567635
NAC,2007,0.1766691233201631,0.9042793458203537,1.0,0.872587646506876,0.4748481212595513,0.7757838452283335,0.4499746694892874,0.748,0.7545736761792372
NAC,2008,0.1765288934653039,0.8806263130828813,1.0,0.8773724918832896,0.4479705755653399,0.7746550941532265,0.4390894516686645,0.743,0.7613970291205407
NAC,2009,0.1638759148833236,0.8908709574117416,1.0,0.8886633554557523,0.358690625552659,0.7695131896620396,0.3957907935535157,0.7190000000000001,0.7874164164076426
NAC,2010,0.171235289229592,0.8839415513495031,1.0,0.8908632456534695,0.3987691472709985,0.7721483925093929,0.4012267870200272,0.725,0.782456777061666
NAC,2011,0.191539283147775,0.8743227244780193,1.0,0.8900434997910163,0.3968214433456252,0.7734001024056488,0.4063499591051187,0.71,0.7765809210031767
NAC,2012,0.1870047725749037,0.8755976085975173,1.0,0.8902686713031656,0.391869376716517,0.7754204688652814,0.3993886501023665,0.755,0.780069563486169
NAC,2013,0.2037702049675189,0.8872732065363417,1.0,0.889372171888119,0.4076671441760214,0.7773440668308048,0.4006583631598355,0.728,0.7766652919557557
NAC,2014,0.1864081185328053,0.8883013130200916,1.0,0.8890698991303211,0.3902396225653671,0.7798135606117244,0.4028474447771256,0.7440000000000001,0.7771909986008276
NAC,2015,0.1741313309458272,0.8872195348422407,1.0,0.8895208281975624,0.4720840565066718,0.7826134942208415,0.3776143201111058,0.761,0.7909022409366526
NAC,2016,0.1639695522708407,0.8907990072579289,1.0,0.8902645052932362,0.4476101843975557,0.783951566362253,0.3618842027463219,0.861,0.7995850448832592
NAC,2017,0.1649580690675293,0.9004378543044339,1.0,0.8908399280737259,0.409012409879353,0.7864613134820325,0.373152641092807,0.878,0.7942016179494849
NAC,2018,0.1583911062822604,0.88675101261612,1.0,0.8902864289568585,0.3592600256064442,0.7897031033594598,0.3788753556719876,0.891,0.7908429083065304
NAC,2019,0.1507411746605693,0.9013193265428805,1.0,0.8904780150633044,0.3866902138351931,0.7924425027669447,0.3691744107346298,0.897,0.7965779377827488
NAC,2020,0.1641673782038752,0.9291518119765829,1.0,0.8929562243772333,0.3317546371082021,0.7882396234353265,0.3466645299505314,0.905,0.808646321649191
NAC,2021,0.1637836721969773,0.9316314926069997,1.0,0.8954803297808779,0.4222175965802322,0.796474047201234,0.3629520768396775,0.915,0.7993588589109327
NAC,2022,0.5506504570452182,0.894585175534852,1.0,0.8951452581399637,0.3934876409163972,0.7992366486374477,0.4559643765369812,0.926,0.4664081316244333
NAC,2023,0.4299623226819929,0.9005750326078105,1.0,0.8952612934202181,0.3736652254706647,0.801698366095546,0.5281988070092236,0.933,0.47356242286238
NAC,2024,0.2948824867377898,0.9067708087974389,1.0,0.8976677039337917,0.3596360630824396,0.8038392366751578,0.6102729987056832,0.944,0.484831945731668
NAM,2004,0.5448863739498392,0.5902774997791213,0.0,0.6948869050114227,0.5041578645274679,0.3854405714292116,0.5123617095071531,0.0380472,0.5486053638196711
NAM,2005,0.5769103052535408,0.5505510719355222,0.0,0.6950623229871359,0.6340493374488431,0.3872461159710659,0.5065000853124597,0.0401005,0.5287239893331276
NAM,2006,0.5612639779241402,0.5555013124764778,0.0,0.6983469954160421,0.7803041035699829,0.3953085900827776,0.6027848335210543,0.0439887,0.4657708645528542
NAM,2007,0.5326030694669441,0.5600043803983668,0.0020197316020692,0.700929449131385,0.776696290812225,0.4009720458774127,0.6298370919378475,0.0483561,0.4152334545206976
NAM,2008,0.5084613513463725,0.5555013124764778,0.0,0.70139986313122,0.8514087099668881,0.4027359932441453,0.6656283884477261,0.05329,0.3918518431812698
NAM,2009,0.5250965565545315,0.5414359697947217,0.0129266618238579,0.6996986337788571,0.8876178908681047,0.4010298698057192,0.5797400323115509,0.065,0.4659893269579822
NAM,2010,0.5329729519604394,0.5862651817240023,0.0210435632910887,0.700312502068103,0.4477128757577334,0.4072927653381583,0.5564714753054804,0.1159999999999999,0.4882499379214318
NAM,2011,0.5241951468388744,0.5495759298289883,0.0,0.705879345850967,0.7016251754334804,0.412009533825261,0.5895658601275487,0.12,0.4916000221489781
NAM,2012,0.5226424449019427,0.57972936673845,0.0738230643764383,0.7107353775841606,0.803755848884306,0.4159439713459333,0.6004451547979842,0.129414,0.4877109120684019
NAM,2013,0.5164257794167132,0.5759373222333231,0.0993833835756017,0.6605824068565985,0.7039364437052991,0.4200957777105539,0.5403716994224022,0.139,0.5480315130181586
NAM,2014,0.5248564039956917,0.5959021509285556,0.1244209600445382,0.6794620183391961,0.5172123611882102,0.424886885494658,0.5418877910228223,0.1484,0.5474760970694696
NAM,2015,0.4824642292800975,0.6501848136545016,0.2012646759893492,0.709052850914581,0.7656549534535338,0.4270969419861509,0.5588876884786929,0.2568789999999999,0.5511490801858433
NAM,2016,0.4846265300071842,0.6601987631750869,0.1562226134989671,0.729867970992578,0.5017583735533195,0.4232314053724576,0.5579868765298377,0.310333,0.548160457790564
NAM,2017,0.5124652832010825,0.6482981869799587,0.2220354915804558,0.7338407689888874,0.4255730288996485,0.4177631666549403,0.5315430588988476,0.368374,0.5613806408436399
NAM,2018,0.5149842852197656,0.6509325070271977,0.2174501123621225,0.7358948731717408,0.3955023596968341,0.4152697093196128,0.5463087689431274,0.428,0.5496624431761292
NAM,2019,0.4956081663048418,0.6679800005048689,0.2402071768685126,0.7332708209027902,0.1924469447731072,0.40998413581566,0.5496146616179997,0.498,0.5585461994998153
NAM,2020,0.5500689161119976,0.6737526501984228,0.2174501123621225,0.7276153149439493,0.1916794426878958,0.393499899350448,0.5266396133262385,0.578608,0.563731797600822
NAM,2021,0.559387190543539,0.6611133578590377,0.2823137731501461,0.7273374612948428,0.724945554019961,0.3943521563811841,0.4997914007145668,0.6026,0.5493726642361264
NAM,2022,0.5405070700983882,0.6336163003180973,0.3039068341138663,0.7287635831682802,0.8307989635168909,0.3979541687772411,0.5507286198418269,0.611485,0.5117117180910723
NAM,2023,0.5125065478497287,0.5278245949623827,0.3145622087717996,0.7305839666886019,1.0,0.4006207782551464,0.6038478835791131,0.644061,0.4773512903797811
NAM,2024,0.5016436986504503,0.571529734803621,1.0,0.7328391539154616,1.0,0.4026629394143234,0.5816543662871133,0.6766036000000001,0.4964294916645492
NCL,2004,0.2416668752150057,0.7994177262573406,1.0,0.8390695427356218,0.314358551993468,0.6971962848691127,0.5085856241310657,0.3029799999999999,0.656561986705829
NCL,2005,0.2203649209425757,0.7987989797220543,1.0,0.8412239208985499,0.2769912908906671,0.699984114918897,0.5008242390947499,0.32359,0.6663811581166222
NCL,2006,0.2365002790840722,0.6035234177548617,1.0,0.8393823305271401,0.9825358651254266,0.7158922577609104,0.5651217172596688,0.335157,0.6279365734722033
NCL,2007,0.1929624773382362,0.7350738431342277,1.0,0.8407206332321798,0.5920484910831327,0.6545077657055686,0.6304113356948803,0.3505,0.5781587818484901
NCL,2008,0.2047993879303369,0.6454978719871234,1.0,0.8414909889775606,1.0,0.6966651866963425,0.4893001415103077,0.3450999999999999,0.672762518012742
NCL,2009,0.2076797638502171,0.6472241372636915,1.0,0.8445055720162137,1.0,0.700177798327686,0.4610449760755037,0.3399,0.6956349399420474
NCL,2010,0.2004769420647817,0.645731317307652,1.0,0.843076970208575,1.0,0.697823655727955,0.5331531283420508,0.42,0.6510122557670421
NCL,2011,0.2028535716975954,0.6021368916864092,1.0,0.8414986939107825,1.0,0.7307304880959612,0.516773221646641,0.5,0.6582116192104306
NCL,2012,0.229158390371281,0.6145949285731939,1.0,0.842001474412351,1.0,0.6124136557822262,0.4650984592426113,0.58,0.6837432088204246
NCL,2013,0.2352875728497218,0.6207826808934954,1.0,0.8425548559644652,1.0,0.6426299836784805,0.4608508824709333,0.66,0.6866094372063676
NCL,2014,0.2404311393131259,0.6823270829771687,1.0,0.8443842010611037,1.0,0.6715296193257486,0.4893134316002965,0.7000000000000001,0.6730382486862564
NCL,2015,0.2522504236309886,0.6388500478223548,1.0,0.8451489640718006,1.0,0.6979731135914319,0.4502755593534824,0.7400180000000001,0.6936630154004844
NCL,2016,0.2533419832798177,0.7166838477772352,1.0,0.8506098887726379,0.8880955922311391,0.7933745054014572,0.4054245868041976,0.6839464000000001,0.712854852715473
NCL,2017,0.2601839338976323,0.7282680634197569,1.0,0.8501124850911401,0.6290749477343053,0.616287115537478,0.4310161143036218,0.820058,0.6982953314070615
NCL,2018,0.3167225741594958,0.7588089451585023,1.0,0.8766458263178172,0.5094635228681585,0.8491601432467748,0.3015261145857703,0.9464988,0.7225182185229837
NCL,2019,0.2416050974269037,0.7061774171854908,1.0,0.8692260689778569,0.7809140567287816,0.7726685315245894,0.455271723892503,0.6344706,0.655339660986797
NCL,2020,0.1748266893643695,0.7457028846931943,1.0,0.8707920849475262,0.677562448974353,0.8246125579222806,0.5623540330878569,0.9282354,0.6643699753529181
NCL,2021,0.4381141875461199,0.6091108601329074,1.0,0.8695319469766302,0.7969078423967417,0.8309088907513857,0.2635467871605306,0.5951612,0.5520668643176856
NCL,2022,0.5264397823153283,0.5893206874914805,1.0,0.8707268681771912,0.754913253574593,0.7823674178705075,0.277629518834293,0.8283223999999999,0.7088000562382158
NCL,2023,0.5382451899581028,0.7046455124442411,1.0,0.8726486459216032,0.7418490788889205,0.7611796217101219,0.1924348840250754,0.7896145999999999,0.7211310276529518
NCL,2024,0.2731402742675435,0.63192428805807,1.0,0.8790993367863851,0.836512201879845,0.6469242177419046,0.6318478548466121,0.5790084,0.4556372982848685
NER,2004,0.8669784715618544,0.07230979417469291,0.0,0.0,0.3262680937823208,0.0650923606502206,0.3436307013434738,0.00189934,0.189043168715082
NER,2005,0.8785544930176737,0.048635240502196204,0.0,0.0,0.3578908211977769,0.0700819177460718,0.3031714342208802,0.00221341,0.178398075533805
NER,2006,0.8812888143302984,0.04489693137372439,0.0,0.0,0.3391758548413244,0.073129762693931,0.3119264704752827,0.00294034,0.1673585859643425
NER,2007,0.8652495043918689,0.1618423848000284,0.0,0.0,0.3965168433836619,0.0722800679710127,0.3935347365258353,0.00390391,0.1654791892372587
NER,2008,0.8755430529403258,0.18824529886667604,0.0,0.0,0.5364671317690546,0.077703586527127,0.4311996363137896,0.0069999999999999,0.0903358814290285
NER,2009,0.8503352960082515,0.20870702774805375,0.0,0.0,0.8450658407528551,0.0751352024853838,0.4555572800681779,0.0076,0.154768831403582
NER,2010,0.8571443117753931,0.21202618858560654,0.0,0.0,0.9443643820787776,0.0816591042797842,0.4698358277081151,0.0083,0.1110524964193943
NER,2011,0.8426288011899764,0.23165348534128494,0.0,0.0,1.0,0.0796445215820172,0.46510677451441,0.009,0.1491490806022434
NER,2012,0.8428642630699033,0.23267907482065994,0.0,0.000130993981337,0.8647712235559597,0.0887049991381205,0.5401654517953882,0.0105,0.1072515113922122
NER,2013,0.8327091820253256,0.24278872446219973,0.0,0.0,0.7418673564914178,0.0907623417247065,0.5309661594475339,0.0115,0.132605081802713
NER,2014,0.8411256573042323,0.24717782369410124,0.0,0.0,0.7770589486107855,0.0947337027685489,0.48258511625884,0.0124868,0.158555903744393
NER,2015,0.834011296084017,0.25864239047130916,0.0,0.0,0.6398518242943043,0.0956064992066894,0.4598914663102911,0.0247622,0.1923883905617501
NER,2016,0.8535003039396477,0.26248887168227075,0.0,0.0,0.472605303778523,0.0983703799589548,0.4309842525228803,0.0432276,0.1865045571817789
NER,2017,0.8571150407567947,0.26129936539712834,0.0,0.0,0.4810972569003102,0.1002885408272348,0.4269890856160481,0.102243,0.1759852505903965
NER,2018,0.8682545135710054,0.23751839662693314,0.0,0.0,0.5202845833515228,0.1053771838578944,0.3940959227671742,0.0995171199999999,0.1512923148841232
NER,2019,0.8646065087440049,0.25764939002288456,0.0,0.0,0.6461106084961779,0.1088596338763475,0.4155991932406416,0.166119,0.1460022478604006
NER,2020,0.8731364027761185,0.26655942083711703,0.0,0.0,0.4547871799272766,0.1091338881671384,0.4072989031584282,0.170375,0.1352312261950204
NER,2021,0.8613782130275397,0.28952286778185227,0.0,0.0,0.5435669900027196,0.1064098091450129,0.4214456861322471,0.17474,0.1581963430402189
NER,2022,0.8905038325178689,0.28050822813651644,0.0,0.0,0.6913422673007028,0.1179895948765934,0.3736939056334615,0.232982,0.0950458222144541
NER,2023,0.8346442843121924,0.25465976386648703,0.0,0.0,0.6837064905284778,0.1156117131473892,0.3502964981921632,0.231879,0.3575494406423142
NER,2024,0.8481751159589073,0.23751557316378794,0.0,0.0,0.4012669487053326,0.1250632449316497,0.3385515160163658,0.00551445,0.3290593017825239
NGA,2004,0.7937935920716165,0.19842648343019154,0.0660497378174945,0.4723697840921456,0.3738552804184573,0.2875393598597756,0.5734787881121737,0.0128614,0.2957991289674107
NGA,2005,0.7839544138468112,0.19777564176050486,0.0841113166860514,0.4804187207920055,0.4686061095539618,0.2925750492025553,0.5701877426696951,0.0354916,0.3223151248091005
NGA,2006,0.7717251450956447,0.18992318793372504,0.1044320291635736,0.4897744554085957,0.4165071272975335,0.297104178304944,0.5253580194341486,0.0554504,0.3941520630955595
NGA,2007,0.7710532411363616,0.30192648709133246,0.1658438403823882,0.4979696175975596,0.4251915361896713,0.3023436189764387,0.4977189432326788,0.0677,0.4205013888654764
NGA,2008,0.776719977642435,0.36737804412583674,0.1706262481047571,0.5050573588850452,0.4411063709118376,0.3078004413611434,0.5051242496272823,0.08,0.4029381612663864
NGA,2009,0.7896906486937926,0.3787933703251067,0.1634456127396165,0.512952645536889,0.4727682599638966,0.3149724008540125,0.4307902599115772,0.093,0.4382809602978259
NGA,2010,0.7637998730360671,0.29708553792238007,0.1144672887936366,0.5232658374822948,0.3908866225221188,0.3220911416463735,0.5169866258074479,0.115,0.4349482255914017
NGA,2011,0.7473545734476104,0.25427293244085186,0.2974688097069762,0.5324883121126766,0.4228436128447273,0.3255286376417322,0.5715212722094747,0.138,0.4077352537920601
NGA,2012,0.743477268744422,0.24568020432833154,0.2334243627319419,0.5364009191066126,0.3831882582500886,0.327514788694094,0.5500236999660814,0.161,0.4244314134255819
NGA,2013,0.7317034081542632,0.26349546745712665,0.2909967515327895,0.5409859506508993,0.3536262678887512,0.3329467408518057,0.5251798616581002,0.191,0.4618984855608205
NGA,2014,0.7231307000210074,0.2939702151218637,0.2603330243803318,0.5513171649710071,0.3372222236693057,0.3379911972069068,0.5037168984519121,0.21,0.4914692115220206
NGA,2015,0.7303105390485155,0.29040859139994,0.2220354915804558,0.559770910112,0.3244681129108754,0.3381101050775615,0.4054165478264931,0.225,0.5538765174481097
NGA,2016,0.7341509237185523,0.31427686945184424,0.368522917537565,0.5658860399444328,0.3395597086666325,0.3321580609021904,0.3549529454099737,0.241,0.578785950484852
NGA,2017,0.732665281647225,0.2866520970102354,0.2647608585743333,0.570737831788192,0.3258140444816262,0.3297942669682968,0.4550169130678385,0.259,0.5179661460684412
NGA,2018,0.7365325215296453,0.23842504282557295,0.3103111808197331,0.5756506398166494,0.2959840264280463,0.3292027354297148,0.5250073773242682,0.277,0.4559970441677581
NGA,2019,0.7808146972094292,0.18486546574513812,0.2866629600334721,0.5820898492445198,0.306470948939087,0.3291882176338402,0.4254079060091492,0.297,0.470781143602473
NGA,2020,0.8030299846047142,0.20560187570416125,0.2866629600334721,0.5692327501325232,0.3099542490043207,0.316548567969488,0.3600470083788855,0.318888,0.4622416670007251
NGA,2021,0.8113567515713028,0.22761150633195473,0.3725768775997994,0.5749943663854381,0.319418416352378,0.3151077058093227,0.3571043289768415,0.3550979999999999,0.4439504038931758
NGA,2022,0.8046990772064809,0.22388275704320684,0.3926477339907097,0.5852290324224809,0.2821419505605707,0.3182060219747918,0.3808599426708909,0.376975,0.4416171267011503
NGA,2023,0.7978789346501887,0.4443801444039039,0.4065040884311487,0.5921627961379028,0.3090242841973084,0.3199099207409869,0.3798743707072645,0.392136,0.4508546045494426
NGA,2024,0.7820459404622465,0.3004098747043619,0.3490109240177204,0.599570527565262,0.3118913362635426,0.322665396924482,0.3555827258878458,0.3480194,0.4845458639066829
NIC,2004,0.6724170878592031,0.3789493259138327,0.6550438494750098,0.5938959476665799,0.5648790910378753,0.264409416005917,0.4344634049027083,0.0232066,0.4296439353280353
NIC,2005,0.6747812197852667,0.4101648665892099,0.6323410433349244,0.5957379745256937,0.5322397367755622,0.2686012549249134,0.4245358030825086,0.0256635,0.418653693237056
NIC,2006,0.6714432542424571,0.4450488352797027,0.6725910462932878,0.5974169096650178,0.5599783767399631,0.2724348519550302,0.4224246898424282,0.0280557,0.4850330050648616
NIC,2007,0.6792394949426336,0.4942250940547107,0.6820572905166894,0.5784381040952788,0.6186520131014521,0.2775349365552783,0.4189271721330683,0.039,0.477928514098152
NIC,2008,0.6765126119333162,0.4832535226756204,0.6914509029948568,0.6061349527937883,0.7644804746279918,0.2803565119156147,0.4472590675570566,0.053,0.470769025946659
NIC,2009,0.6738018225386699,0.4613372925151374,0.6976735075983451,0.6108263776840489,0.6242919584632971,0.2734326123357885,0.4270703304400273,0.073,0.4922404142983128
NIC,2010,0.6862540808043148,0.4478014493077948,0.7313437371854288,0.6122365439581835,0.6480349832943471,0.277634641475421,0.4473588680649558,0.1,0.45118322277765
NIC,2011,0.7102298029897761,0.4428506074958283,0.7478378544145247,0.6124421400009125,0.9074306146851334,0.2844721352618212,0.4731664903281579,0.106,0.3934737323199623
NIC,2012,0.6944513796427757,0.4633840040578969,0.7493263589384919,0.6144327773412523,0.7633433357735635,0.291567409361514,0.5017998080796704,0.135,0.3860352011784619
NIC,2013,0.6796429968267635,0.4866699339551053,0.7582195807555132,0.6190171111109956,0.8558908969253023,0.2965297187652641,0.5183487255025186,0.155,0.3919066291005459
NIC,2014,0.6825980030868498,0.5002682202595432,0.7582195807555132,0.6230345788423552,0.8738797203128679,0.30132162940101,0.5127115237187381,0.176,0.3952579920460062
NIC,2015,0.6743917551344095,0.5193147116301736,0.7772694356625398,0.6268393213328755,0.7773466492220193,0.3061434167950779,0.5250340025195133,0.197043,0.3956988043013728
NIC,2016,0.6571338247164185,0.5296517307025457,0.7874055831417844,0.632141165512932,0.7685149271725502,0.3106665423385538,0.5261842642900086,0.245718,0.4116934830568673
NIC,2017,0.6583453537493946,0.5526458449316132,0.7974585003184177,0.6362165881520792,0.7728069276862605,0.3153027747953386,0.5071710983578117,0.304,0.426046692178854
NIC,2018,0.6631531193643784,0.5370014453391548,0.8060100705009462,0.6384147125353251,0.7025224523665647,0.3084253152130854,0.5106929853057559,0.33913,0.4388052359006316
NIC,2019,0.6661664100310495,0.4890889834902887,0.8130910319410832,0.6407908609568799,0.5417973536314225,0.3022776961420569,0.4964295321446059,0.3783189999999999,0.4293644294236924
NIC,2020,0.6715436581556999,0.4715473272278044,0.8173200337976688,0.6291939809673712,0.6657620901589292,0.2971810681303449,0.5260973026897776,0.422037,0.3963974176533028
NIC,2021,0.6690360155840475,0.4577678539473695,0.8215344779598558,0.6290540751690236,0.7636560734544101,0.3098619325382815,0.5538897010569324,0.470806,0.3511322772063651
NIC,2022,0.6838605389703447,0.4708468048504249,0.8243360691598521,0.6318906131102348,0.8197827665169988,0.3130599021862025,0.5290162174736925,0.491307,0.354680979200533
NIC,2023,0.6632460621633426,0.4731665728675318,0.8492660105836505,0.6363904811480097,0.6911472595607404,0.3173559533945037,0.5523568985612545,0.582314,0.3572847086518892
NIC,2024,0.6494631609502122,0.4710947647976485,0.8105591082290999,0.6403671565869509,0.7308948333754809,0.3205163103380043,0.5587648305824172,0.3835836,0.3635052739469095
NLD,2004,0.2490603638731649,0.7731300064033269,1.0,0.8750661866593074,1.0,0.7415489561159053,0.400419864799833,0.6851999999999999,0.6829267085003577
NLD,2005,0.2487758135820249,0.7802946397534862,1.0,0.8640576616266341,1.0,0.7441326083755418,0.4082857584764821,0.81,0.6774258003640128
NLD,2006,0.2560267088881415,0.7744125370965891,1.0,0.8715361244568814,1.0,0.7489455140041744,0.4128918575648659,0.8370000000000001,0.6720477303084228
NLD,2007,0.245481418803646,0.7739244407216488,1.0,0.8783608374665649,1.0,0.7541627944411281,0.4119151640582589,0.8582,0.6768461846145039
NLD,2008,0.2298744524510537,0.7687815806549018,1.0,0.8859263763192589,1.0,0.7566383651743968,0.4202590345181355,0.8742000000000001,0.6747824586411306
NLD,2009,0.2219711893200608,0.7809870369407661,1.0,0.891783688371986,1.0,0.7504714181177433,0.3912583038679124,0.8963,0.6975372422517018
NLD,2010,0.241747944361534,0.7744887698208024,1.0,0.898269304992282,0.7055578419183384,0.7516294454398528,0.3753581792244594,0.9072,0.7028459054664127
NLD,2011,0.2249747014328005,0.7755456644198203,1.0,0.9053218297150109,1.0,0.753503982134717,0.3846985713194996,0.9142,0.7041463879140277
NLD,2012,0.2338488829983851,0.7805381987375237,1.0,0.900798084530477,1.0,0.7515403641755564,0.3847416665452535,0.9286,0.7066674401906767
NLD,2013,0.246568681376633,0.77443758520705,1.0,0.9105955664722502,1.0,0.7510685164280803,0.3684858607766806,0.939564,0.7102073426209428
NLD,2014,0.2428727115704408,0.778934226270475,1.0,0.914738643444048,1.0,0.7528683565470208,0.3416740128655334,0.916667,0.7221022985877875
NLD,2015,0.2432976681291007,0.7686079047282708,1.0,0.9118815649203832,1.0,0.7552710328148761,0.3343076915945662,0.917241,0.7251597652437503
NLD,2016,0.2481766778815821,0.7738645363902626,1.0,0.9149967266294816,1.0,0.7579756016619216,0.3216295785866241,0.90411,0.7263152007352814
NLD,2017,0.2566725672600544,0.7667816313952331,1.0,0.9111372365699,1.0,0.7610999301523081,0.3260796462991297,0.931973,0.7233218485735237
NLD,2018,0.2393464565963909,0.7548141649398008,1.0,0.9162390540364012,0.0,0.7634945703824828,0.3317815103717409,0.918919,0.7218462093724881
NLD,2019,0.239254391350867,0.7433297290552,1.0,0.917715087342542,0.0,0.7658446354438694,0.3258465086064603,0.932886,0.721448658787875
NLD,2020,0.2373944888175531,0.7472800626334559,1.0,0.9193439208593764,0.0,0.7593120968427854,0.3333251305218655,0.913333,0.7160218504865372
NLD,2021,0.2300772103367141,0.7320091909377918,1.0,0.9304247549950396,0.0,0.7673890258363366,0.3423376994795781,0.92053,0.7112089763440962
NLD,2022,0.228933789414311,0.719321258679819,1.0,0.931375397738533,0.380144853694496,0.7730975666458609,0.3676880348753303,0.925197,0.7064587449337807
NLD,2023,0.2386213385125828,0.7105403964641824,1.0,0.931172006619766,0.0,0.770789500883213,0.3547088242025273,0.970068,0.7189669282536717
NLD,2024,0.2367238969189802,0.7019696881427427,1.0,0.9339601584401864,0.1926467763916557,0.7714084296845028,0.3373181496485704,0.5096892,0.7244669377422273
NOR,2004,0.1995445117404972,0.7576999197394245,1.0,0.8670713881024177,0.4046888767423496,0.8211411770248785,0.6832821425440027,0.7769,0.4570139887067214
NOR,2005,0.2019745493316435,0.7610767212942652,1.0,0.8688803292423459,0.4952036179848233,0.82399883134987,0.7231780409308018,0.8199,0.412759601953703
NOR,2006,0.2025849908446254,0.7398608278135397,1.0,0.8674557409568132,0.5068453620257489,0.8263595204845505,0.7444991801777471,0.8255,0.38241810662605
NOR,2007,0.1853152060755428,0.7621217014074128,1.0,0.8698511795602859,0.6849646441798194,0.8290270485212387,0.7131930433607159,0.8693000000000001,0.4205843407948416
NOR,2008,0.1722014425967783,0.7868477260591401,1.0,0.8686833731605825,0.5720772356260271,0.8279157503242737,0.7538252010068951,0.9057,0.3884065810412574
NOR,2009,0.1891632287740721,0.8022721450816611,1.0,0.8790236722493808,0.4288784370336521,0.8232408000755324,0.6753986212878108,0.9208,0.4757009417788667
NOR,2010,0.2181176319693175,0.8024578139272764,1.0,0.8805912049866373,0.610652283493423,0.8225706061534724,0.6816418663902736,0.9339,0.4605470719865379
NOR,2011,0.1963839413762865,0.7976229185635427,1.0,0.8822532545137101,0.4176735950737462,0.8222837698288291,0.7132635170076256,0.9349,0.4312717343429249
NOR,2012,0.1715963691382485,0.7933687882416894,1.0,0.8817479031004483,0.6380910626117895,0.8242698943929799,0.7112993856575844,0.9465,0.440277399463055
NOR,2013,0.1909636073901046,0.7962074504171368,1.0,0.8825183446979731,0.2670882669903796,0.8239823638636993,0.6950534459964666,0.950534,0.4566824011899285
NOR,2014,0.2043794263448101,0.8035483143385931,1.0,0.8797867570419792,0.326075721177458,0.8252883670610397,0.6726063430950836,0.963005,0.4796953052533038
NOR,2015,0.2140259359239593,0.8201165974797842,1.0,0.8858664100599611,0.4059799386532158,0.8265152787496411,0.6264874635750752,0.968103,0.5207864123412611
NOR,2016,0.2619190788277002,0.8317165678521101,1.0,0.8896829502371045,0.0,0.8269174046437641,0.5759199844287447,0.972982,0.5509779039001053
NOR,2017,0.252695086194972,0.8321811339465489,1.0,0.8874938644677458,0.3796063011220588,0.8292780045199127,0.608840824005133,0.963576,0.5255450723166173
NOR,2018,0.2437402856516986,0.8277505631848552,1.0,0.8932050679032325,0.2002006847143776,0.829518132853505,0.6426449803206357,0.964917,0.4982968166163204
NOR,2019,0.241290145472545,0.8386155383568278,1.0,0.8880193942006793,0.5440230519398522,0.8301603448713498,0.5978576607875933,0.98,0.5414582656477879
NOR,2020,0.2465004849384297,0.8594253338036978,1.0,0.8886081716571482,0.225933949556389,0.8274383622946763,0.5465521688891258,0.946076,0.5761080827827391
NOR,2021,0.2250137213060067,0.8196643603881424,1.0,0.8921451200101169,0.5213301165012199,0.8322278379843179,0.716923883666472,0.99,0.4310974894801952
NOR,2022,0.22825384846455,0.768901238420951,1.0,0.8916348192954587,0.4398519711266164,0.8355610717825427,0.8466408850572357,0.99,0.2642387429831465
NOR,2023,0.2655266430298487,0.8020879145786541,1.0,0.893264030628768,0.4697839319389951,0.834013356861624,0.7320094603077906,0.99,0.4204278691535282
NOR,2024,0.2652014852165882,0.8046620158925417,1.0,0.8970962066401481,0.4461060045894293,0.8356473972038797,0.7043058410842158,0.8678696,0.4524448887476081
NPL,2004,0.8496115283900112,0.4503447229161309,0.0,0.471346950058496,0.2836475826394385,0.1236731032394516,0.3128182315612846,0.00449844,0.3318521195504488
NPL,2005,0.8438516220835338,0.463387631638668,0.0660497378174945,0.4781905458144533,0.2859835433121941,0.1270074858643193,0.3072766577917675,0.00826551,0.3446402753279812
NPL,2006,0.833650603611374,0.4955075935112995,0.1919188686203057,0.4841299508730333,0.2792370101878083,0.1304002161762906,0.2954510947256379,0.0114139,0.3840259822928678
NPL,2007,0.8249015639556078,0.5219309932971908,0.2243217570817346,0.4912110193187069,0.2876398291735125,0.1340502282541799,0.2895777756971381,0.0141,0.3993662079535125
NPL,2008,0.818449142699127,0.595706162925959,0.2996185816731254,0.4975565681387196,0.2845372033911998,0.1415522574037649,0.2949118730289984,0.0173,0.4070431270028324
NPL,2009,0.826071799408444,0.6266276406860137,0.368522917537565,0.5039919205382591,0.3033962053223318,0.1469988308020604,0.2645260946972709,0.0197,0.3964169730600775
NPL,2010,0.8393902152683829,0.6082709005676856,0.5441265397734713,0.5087503274344518,0.3197038261647908,0.1529192898771707,0.2361787681130806,0.0793,0.3554031929967298
NPL,2011,0.8222257228841512,0.5715022555025174,0.5210427048635704,0.5126832915954063,0.3123836802289434,0.1571484256918025,0.2082605523717504,0.09,0.38345594468627
NPL,2012,0.8166934230830127,0.582601686523992,0.6550438494750098,0.5210266862324899,0.3115946918965833,0.1633941670722705,0.2285973966015127,0.111493,0.3850081561363804
NPL,2013,0.8052721323681944,0.5904134268658443,0.6898902975315984,0.5271348734880313,0.3058039546940321,0.1681270994051894,0.2224522946535426,0.133,0.3989735683931693
NPL,2014,0.79574050424473,0.6077584658617393,0.8017417518714691,0.5354199878731613,0.2927251442493724,0.1761587060350757,0.2143060054894036,0.1544,0.4134542730927436
NPL,2015,0.7877029925172349,0.6177273661238315,0.7596955240568131,0.540875701852953,0.2978848760024686,0.181021658817686,0.199953913220083,0.175816,0.4306210158859687
NPL,2016,0.7788708739226192,0.6643822260458123,0.8817354005259436,0.5417032422081933,0.312149264070357,0.1809629076778902,0.1813310343873467,0.207,0.448871479355157
NPL,2017,0.7619328215391601,0.6622432103350453,0.8257344643092024,0.5468477417828158,0.3281085565134956,0.1931395312637939,0.1890342264889453,0.243,0.4531592762567553
NPL,2018,0.7483782380753314,0.6846521142434491,0.923730336704814,0.554803172835432,0.2974376271931919,0.2034382099212422,0.2013603267241979,0.286,0.4487417008318021
NPL,2019,0.7405746376445126,0.692368264752404,0.8710076664316317,0.5612351636109518,0.3193463638715013,0.2110679721482035,0.1944704482042965,0.333366,0.4560930014829715
NPL,2020,0.7467933595108284,0.7183413609519322,0.8710076664316317,0.5438076813238387,0.3086692024947891,0.2047971775239953,0.1580260245936339,0.388576,0.4879733759470013
NPL,2021,0.7451558686184329,0.754694550883179,0.8710076664316317,0.5411642651793837,0.3186232587233391,0.2091257166668109,0.1479171878771795,0.45293,0.4478326173633048
NPL,2022,0.7334041393070123,0.7334348194808301,0.8897199602624543,0.5472357110981372,0.2944601145647799,0.2158928420154372,0.1632499184129783,0.538878,0.4628815766807881
NPL,2023,0.7375499162919485,0.7262706857666693,0.9250197468504886,0.549156309330226,0.2958836455904075,0.2188417096775484,0.1550524519460634,0.557716,0.511086156825805
NPL,2024,0.7436029626266543,0.7276515233810273,0.8855525412815677,0.5530664657227782,0.2926499238451144,0.2242756273416616,0.1330027480119937,0.4542931999999999,0.5086501035856593
NRU,2004,0.4900785676506419,0.6672428205860809,0.9878178614776724,0.5189462076936058,0.4333177578265246,0.4323447083712547,0.6295335933624376,0.2518399999999999,0.4612392455042718
NRU,2005,0.4964806204469396,0.6672428205860809,0.9878178614776724,0.5403517763255867,0.3941642624909283,0.4325034882416533,0.609880085541366,0.2243798,0.4862023543393307
NRU,2006,0.5157585836953302,0.6708045134503885,0.9878178614776724,0.6373587319730208,0.4305517035409346,0.4444942980652341,0.548985235728788,0.43532,0.5308995396477122
NRU,2007,0.5430036259583384,0.5333350617894815,0.9975732503052472,0.6487550244318925,0.5608906722212416,0.4084925037973373,0.6249033953161377,0.5450262,0.3551393766639978
NRU,2008,0.482652325331231,0.6243380626387846,0.9890415445582064,0.518438467709285,0.4942595044585349,0.4351121946843298,0.6997097279104211,0.2332398,0.4150689011554263
NRU,2009,0.5477780179154321,0.4474328615577677,0.9890415445582064,0.7075829577298149,0.3877847535472107,0.4267152319160453,0.6586907836876414,0.3037512,0.401542568510205
NRU,2010,0.5861476500971226,0.4425502797072058,0.9902640057882316,0.6910075822819108,0.3450518541120939,0.4263245311195437,0.6152471272520256,0.3512914,0.45336734609311
NRU,2011,0.5159274054947061,0.6395997189767727,0.9878178614776724,0.6141268511261466,0.4627939084645313,0.445444253196167,0.5549712964221682,0.54,0.4929039905478
NRU,2012,0.4939103142451134,0.6637470615278744,0.9927052724399016,0.7146927597795404,0.6471439899530985,0.4746755312275904,0.5827026391102134,0.6785680000000001,0.4797612637461215
NRU,2013,0.4485652499053767,0.6386989374538818,0.9927052724399016,0.702298955333899,0.5927214201366784,0.4770487682136953,0.4772276732024252,0.5749196,0.5505278529410731
NRU,2014,0.4592542298765019,0.5926638614383007,0.9939240827149284,0.7241017459873692,0.5120984349073926,0.495319868361871,0.6246453165114928,0.49512,0.3957042001320339
NRU,2015,0.4214700599186842,0.5914110567094366,0.9878178614776724,0.7269325194891819,0.4940151309988586,0.497362489279023,0.6819053259324721,0.4128302,0.4371752038971934
NRU,2016,0.4127618244712662,0.6428876876168789,0.996358069242556,0.7446790881249048,0.5014918188369246,0.5006654383039012,0.4495277887487831,0.4537295999999999,0.611251431183566
NRU,2017,0.3125437044962357,0.5227937322061892,0.9975732503052472,0.7943142094988722,0.40509627853338,0.4888969937722577,0.608569398071901,0.623851,0.5680045873091341
NRU,2018,0.2687330539802063,0.5381001003877037,0.9987872264286616,0.9049964598309512,0.6670914602803041,0.4857138499273986,0.5862282504538044,0.7486664000000001,0.5081942911684293
NRU,2019,0.4248943540609346,0.6774657240895783,1.0,0.9048384351697424,0.3978430630485981,0.4962329101045996,0.6115055992763905,0.747379,0.4536746867611858
NRU,2020,0.4087138624878609,0.3915395613247077,1.0,0.9079512355053444,0.1101543045367373,0.4978010237279903,0.6811606384552069,0.816554,0.369429754639565
NRU,2021,0.1474492177502537,0.6195762865251903,1.0,0.9079512355053444,0.5337425183890546,0.5078171994332407,0.6715434123413341,0.8494296,0.5251750363192014
NRU,2022,0.2702439534996352,0.4307167667560414,1.0,0.9070760765675656,0.0,0.510799067948749,0.7593274513456415,0.8016652000000001,0.5229216250957511
NRU,2023,0.3853947471184987,0.6186725955513916,1.0,0.9039632762319636,0.3461757228000833,0.5109032224423448,0.6715434123413341,0.6828576,0.5154764826697741
NRU,2024,0.3477547760272026,0.33915959257807626,0.9048289006865304,0.795644080244888,0.0500161887675762,0.5120278689378929,0.6188609842868243,0.5361638000000001,0.667213558622103
NZL,2004,0.4386241313101881,0.7632117698101757,1.0,0.8154682071711645,0.4293198675115151,0.7136268180678026,0.481465532473794,0.618476,0.6374825777420964
NZL,2005,0.4045386784345391,0.8582645871549066,1.0,0.8249103483382078,0.392184408102565,0.7167755218044501,0.4895198743756047,0.627202,0.6432331776438329
NZL,2006,0.4238680425348967,0.7714762746282604,1.0,0.8215650479408022,0.4539654762808794,0.7189860646282275,0.469730392802479,0.6900000000000001,0.6435626720631402
NZL,2007,0.4635951924328036,0.611192177353017,1.0,0.8256276654720527,0.4896886996957877,0.7220027678479363,0.4691682161843535,0.6976000000000001,0.6307264852052762
NZL,2008,0.4245613148240732,0.8454066813711121,1.0,0.8303615385630373,0.4104358511666106,0.7192869519196586,0.4786625169607818,0.7203,0.6415269332290954
NZL,2009,0.4521459174967145,0.8561724064306274,1.0,0.8380204236161026,0.281218796531749,0.7177813794840421,0.4388990744768848,0.797,0.6579540115435452
NZL,2010,0.4799853158587457,0.8561724064306271,1.0,0.8380554934872732,0.2967060036219563,0.7182696513603951,0.4339359316156548,0.8046,0.6422541750386801
NZL,2011,0.4705322008668371,0.8556643864621036,1.0,0.8424857320823157,0.3372640588636045,0.7201703459992316,0.4272218028315181,0.8123,0.6428914985511235
NZL,2012,0.4438433815650233,0.844494918142796,1.0,0.8443293999902536,0.4258158373811639,0.7227694206644987,0.4271624032128616,0.816445,0.6523477223836293
NZL,2013,0.4940053869423621,0.8561724064306273,1.0,0.8476064384569216,0.2816523723011698,0.7253651730488998,0.4094806308690747,0.8278,0.6444736835302144
NZL,2014,0.4152827729297308,0.8377491572995776,1.0,0.8445172790523949,0.3890291280630156,0.7284047443556628,0.4355536881333791,0.84,0.6590823684623547
NZL,2015,0.4023501630113757,0.8428095482956286,1.0,0.8357274580934596,0.2813417268065964,0.7307096590225842,0.4301274611317767,0.8520000000000001,0.6648506015252951
NZL,2016,0.4452272760526599,0.84676897648053,1.0,0.8462061268459383,0.3531310782541247,0.7328339237656377,0.405717618067944,0.865,0.6608875192966456
NZL,2017,0.458172067566956,0.8442325767528648,1.0,0.8455060390648563,0.359254752505494,0.7346254364553585,0.4142465952379202,0.877,0.6531593354369782
NZL,2018,0.4494545510803444,0.8443374835781741,1.0,0.8544663938995035,0.3594372078376399,0.7369776808847285,0.41073589642462,0.89,0.6598465922172736
NZL,2019,0.4504576379069255,0.8476738931761485,1.0,0.8590987874289563,0.3779680819659928,0.7382532841610222,0.4104004479796334,0.8986369999999999,0.6593736119519392
NZL,2020,0.450998348214254,0.8537039009825714,1.0,0.8502035338675207,0.4306730773068589,0.7348549860704751,0.4009743589922055,0.952342,0.6698533493965154
NZL,2021,0.4532566521077082,0.8479043092151407,1.0,0.8528256425722637,0.4199463740636302,0.7409448397679826,0.3721245212085854,0.961151,0.6821613711280896
NZL,2022,0.4067447982056523,0.833528147070231,1.0,0.8468836051535643,0.5398102717576654,0.7460162244910246,0.3917862288112394,0.961942,0.6849141474154974
NZL,2023,0.0142523937913377,0.8256948731339749,1.0,0.8523453350955222,0.3960993706933605,0.7446856259097084,0.6910944240428527,0.961638,0.542038115936047
NZL,2024,0.4962742135358498,0.8089523495240851,1.0,0.8570615103810427,0.3280415726246605,0.7441219721600717,0.3859778320536579,0.68006,0.5991845814135156
OED,2004,0.2338737281891481,0.8187719216400482,0.9959474150940816,0.8040393439618407,0.4145848146405235,0.704304265528272,0.4954526028770294,0.4537296,0.6904209431707964
OED,2005,0.2211132215491769,0.824205480192121,0.9968330258967496,0.8079734098279566,0.4887419588057717,0.7073524201790632,0.4975505687583476,0.4537295999999999,0.6901578882833299
OED,2006,0.2119484182087322,0.832454744858843,0.9968400654360106,0.809965127839545,0.5473064241579084,0.7106461300713917,0.5018790494573271,0.4537295999999999,0.6858288288706121
OED,2007,0.2157435415956606,0.8363105522715766,0.9954919485526796,0.8128408305617866,0.6321073394741463,0.7133667844104371,0.4989376255754184,0.4537295999999999,0.685273244772454
OED,2008,0.214609957115932,0.8233589370686868,0.9968924696499432,0.8183935774332711,0.5136081005967807,0.7127989656636097,0.4932373016848742,0.4537295999999999,0.6916147971118953
OED,2009,0.2064906560334334,0.8315688168494257,0.9962580396445382,0.8278721056981886,0.4139327573965528,0.7067565130858625,0.4596422200403456,0.4537295999999999,0.7181700198299261
OED,2010,0.216624792923355,0.8242877451982933,0.9976658731424336,0.8293778708343453,0.4206964537906687,0.710017302759571,0.4696625097867077,0.5199464,0.7088958577974178
OED,2011,0.2247178088647134,0.8164683737304205,0.9974179164051092,0.8306943308433422,0.467327828822896,0.7119405633186969,0.4717177454470861,0.5055894000000001,0.7040451591648222
OED,2012,0.2221696371506341,0.8174617410421035,0.9977304889130884,0.8324002336357559,0.42757495810308,0.7130247404386442,0.4675699674191507,0.5199464,0.7086483670863281
OED,2013,0.2280792584198755,0.8200742282634639,0.9979986633672606,0.8343298484124576,0.4363297888348005,0.7145065386447523,0.4626466320379351,0.5450262,0.707434838321641
OED,2014,0.2200372266901215,0.8182161489057173,0.9981564232697075,0.8350608023588222,0.4120305505132319,0.7167510006987866,0.4618116754510196,0.5450262,0.7073449556773416
OED,2015,0.2128269883414293,0.821827755222867,0.9980511875780128,0.836830832312555,0.5180165473147923,0.7194515701621648,0.4519760715455477,0.5196234000000001,0.7163273321469128
OED,2016,0.2083410328372558,0.8255238710785325,0.9987379261133577,0.8390428003126561,0.5371988010182851,0.7212102515446793,0.4450572834261406,0.6469142,0.7216832215417112
OED,2017,0.2127180551155961,0.8297397868613228,0.9992828991554076,0.839061440200131,0.4566268298116299,0.7240977294729533,0.4513929767198374,0.7058032000000001,0.716921204394374
OED,2018,0.2044426699584008,0.8212752476330614,0.9987723435022308,0.8397703423395805,0.3119112535819528,0.7265945710194309,0.4539881605955299,0.6469142,0.7154591403544491
OED,2019,0.2002493146505956,0.8323019016571114,0.9992733595806284,0.8423933199921293,0.4071050419663101,0.7284303791340191,0.4465845659563573,0.7058032000000001,0.7219967919520568
OED,2020,0.2070025888987651,0.8578746096812849,0.9991873257872524,0.8438338989140022,0.3419842542527767,0.722123638380329,0.4364134147438318,0.7058032000000001,0.7305335339273649
OED,2021,0.2057867928155732,0.8545224157542523,1.0,0.8449875048479025,0.4274945442512011,0.7302861578557084,0.4456749454944763,0.7059092,0.7212152115420616
OED,2022,0.2089027768802334,0.8315914725276108,1.0,0.8464396633437467,0.3944144440406341,0.7339949534897904,0.3644020413579745,0.7057692,0.7578142408854581
OED,2023,0.2108179395291745,0.8293668566025134,0.999065647531735,0.8490566950817264,0.3061425797215386,0.7356371137659,0.4640993426082991,0.7344716,0.6703394546111017
OED,2024,0.0648721780793512,0.8402694484530113,1.0,0.8518161564601353,0.3548406549160559,0.7373002167755028,0.3243389056805729,0.6059276,0.7379338617967628
OMN,2004,0.2332255549684708,0.4720901723264339,1.0,0.8670788812758488,0.3094881642200847,0.6316053436887968,0.8881405192582648,0.0675885,0.3482205268944466
OMN,2005,0.2075303785747628,0.4481338166355578,0.9987872264286616,0.8467885756042917,0.5659833810784762,0.6323035042730162,0.949442650597092,0.0668358,0.2312159292975871
OMN,2006,0.1880132043410563,0.4483833146925077,0.9987872264286616,0.8247996170213961,0.5279838408913441,0.6357190008706816,0.9495049380214722,0.0829972,0.2246382028217113
OMN,2007,0.1853079768329694,0.4802775069940306,1.0,0.8007564395577044,0.7329889946038414,0.6396125577594033,0.9275772340293464,0.1668,0.2762838325985649
OMN,2008,0.1594273340156512,0.4778716225345064,1.0,0.7751373698770656,0.5592285803333228,0.6489067733192947,0.9763877777745786,0.2,0.1391012536649276
OMN,2009,0.1946705039717854,0.541988462584649,1.0,0.7458796279259963,0.4611411625149334,0.6541625764736089,0.9262196733945334,0.268,0.2896630599326764
OMN,2010,0.1903556846708312,0.5274889964329144,1.0,0.7024142804801851,0.4084510503726855,0.6538241070265723,0.973796263549606,0.358278,0.2238322600274394
OMN,2011,0.1742381080088339,0.5146939952091784,1.0,0.6996770714459658,0.4208307665055206,0.6420610472382217,1.0,0.48,0.157269784244407
OMN,2012,0.1643989337706756,0.519124786925962,1.0,0.6904019743545905,0.3856235769057349,0.6337389449381953,1.0,0.6,0.1681001765678228
OMN,2013,0.1789422751711873,0.5251054917781174,1.0,0.6900294986298352,0.4007000390894953,0.6298491885045044,0.9868034899107632,0.6645000000000001,0.2192644000825908
OMN,2014,0.1756293067190927,0.5433675668133049,1.0,0.6931198568209983,0.3743292987564064,0.6254687071293336,0.964016301380758,0.7022,0.274459606596259
OMN,2015,0.2367305574725967,0.6227244305630117,1.0,0.6948725523711479,0.1043999017128805,0.6261037423120216,0.885632419633615,0.7353000000000001,0.4231953953882344
OMN,2016,0.2580702897778828,0.6537843453134188,1.0,0.6610597159978918,0.4803175551832447,0.6262757252200387,0.834363894889991,0.768454,0.4780092421756365
OMN,2017,0.2580125446823514,0.6513034568971853,1.0,0.6350265189101792,0.515708299800069,0.6219518442555113,0.8513696516851141,0.8018559999999999,0.4560848107830242
OMN,2018,0.2469604150832334,0.6337988148404375,1.0,0.6040037509824525,0.6823529085507059,0.6218861645769954,0.8930953011020348,0.855,0.3761537720971126
OMN,2019,0.2588197046908078,0.6484741004186775,1.0,0.6713705501312289,0.4316925975573812,0.620448241295494,0.8691063454921135,0.902594,0.4329436953092578
OMN,2020,0.293891603214814,0.6854433186432947,1.0,0.7344649408441838,0.4477280375719323,0.61764744465288,0.826011420322526,0.952323,0.5055403453972932
OMN,2021,0.2885361834312168,0.6589126665509764,1.0,0.6533021368155262,0.935806371089314,0.6220581669951278,0.8744284072067451,0.952388,0.406182666883946
OMN,2022,0.2676938830605581,0.6132131148846635,1.0,0.6560035708084935,0.6911234003563336,0.6259812773218746,0.9427190945411364,0.952453,0.2747233480173883
OMN,2023,0.2901763619775775,0.6288262150564305,1.0,0.6602776839730641,1.0,0.6185451568065504,0.9066857471608872,0.952517,0.3344174981792986
OMN,2024,0.3029202647325356,0.522039877372738,1.0,0.6637509841218995,1.0,0.6143663132024958,0.8956194369905549,0.952517,0.3480764529165001
OSS,2004,0.3974874349297418,0.7401236008396845,0.6441672828325369,0.714480717898283,1.0,0.521749202218219,0.5556706050965664,0.2130304,0.547810896319485
OSS,2005,0.3840797299750483,0.7932731182932401,0.6646219111258226,0.7185328081020277,1.0,0.5267681109678616,0.5686555179835567,0.2130304,0.5397647395749673
OSS,2006,0.3694709801032268,0.7995546678280625,0.6707319674839424,0.7260703281612293,1.0,0.5338264342086915,0.5866055569267026,0.2068304,0.5326906630308605
OSS,2007,0.364125728782798,0.7964913667705916,0.693903041266011,0.7295007571108955,1.0,0.5397878638995933,0.5615117751348261,0.2494,0.5515713770160909
OSS,2008,0.3566536302604571,0.7885815561149688,0.7064288718439509,0.7329305894093904,1.0,0.539308116282016,0.5832404137137832,0.2366,0.5470972601630593
OSS,2009,0.3563438346337333,0.796608345064158,0.7134181470127832,0.7465192012526982,1.0,0.5299768948169111,0.5154192619050325,0.2494,0.6013170934175737
OSS,2010,0.3683087925194788,0.7863668468330165,0.7274620835726884,0.7533564233783219,1.0,0.5319122146864225,0.5313435425726342,0.2782,0.5942588281923634
OSS,2011,0.3672359579537126,0.7699850483335701,0.7652338558455608,0.7501426838451474,1.0,0.5351334631415122,0.5621084733067904,0.316,0.577400966588731
OSS,2012,0.366620657599066,0.7588535772536936,0.7775015688073195,0.7582172226472474,1.0,0.5353235914941227,0.5571938275205335,0.3518,0.582030485750462
OSS,2013,0.3612587249134885,0.7523153402297847,0.7898365553867076,0.7664448971313156,1.0,0.5349346685428708,0.5306287807855758,0.3702,0.5956029720775419
OSS,2014,0.3581979157708149,0.7408638862635484,0.8108818066832646,0.7704417774271661,1.0,0.5363806053547316,0.5035794659990424,0.4082,0.6091640547726618
OSS,2015,0.3596163148860171,0.7340452558621096,0.8236647343820681,0.7715255143253666,1.0,0.539531251939159,0.4618682208466366,0.4944,0.6359266831555099
OSS,2016,0.3487793136535921,0.7221465198728544,0.843141639372926,0.774899343369676,0.6592142771864555,0.5437838220373606,0.4377213782493828,0.5240412,0.6483116363039148
OSS,2017,0.3418143011496654,0.7099342563462925,0.8632793279674759,0.7828780082125503,1.0,0.5492763971203133,0.4342995774366328,0.49138,0.6498074925617611
OSS,2018,0.3343756998932502,0.6764341940808786,0.8786936258347612,0.7884540822652233,1.0,0.5537127602159545,0.446562952345293,0.585,0.6439308067558183
OSS,2019,0.3355107940441094,0.6580984888485706,0.8963810619106793,0.7885037237899571,1.0,0.5580034202993261,0.4436888822195499,0.5323903999999999,0.649996732640875
OSS,2020,0.3480265559403871,0.6779965142343101,0.9099588539309322,0.7867785822569991,0.0,0.5477429559644064,0.4376754846466061,0.5489784,0.6617288076778716
OSS,2021,0.3356444808292781,0.6564154221181888,0.9231635056403652,0.7934838749632659,1.0,0.5574719792535588,0.455616250733151,0.5323903999999999,0.6523407204355406
OSS,2022,0.3368948426068898,0.6356440977895755,0.9245110018462536,0.7992717222535294,1.0,0.5618552484756932,0.4689680511181741,0.5323903999999999,0.6461168301940692
OSS,2023,0.3242263812595626,0.6286937888712519,0.9313884207820156,0.802697888239759,0.6875592300929718,0.5650406155205917,0.4109497357246089,0.757502,0.6767650856076667
OSS,2024,0.3218225504557223,0.6311180342716441,1.0,0.8057345187135249,0.1004688246125276,0.567929415071519,0.3952440793904163,0.7958256,0.6811052432051433
PAK,2004,0.744953162060098,0.3968040000386967,0.6836279062807179,0.4121209573106024,0.339051433636207,0.2201842770519336,0.3741729749132921,0.0616432,0.4834310650318509
PAK,2005,0.7404810374360139,0.399969175042914,0.7007729898111316,0.4121405026161746,0.3826655703214018,0.226885366532597,0.3998803992627416,0.0633233,0.4849842828593884
PAK,2006,0.7279448971452145,0.4116179175560205,0.716153780294656,0.3996247330965995,0.4558150881731583,0.2319525597557991,0.4063425610304179,0.065,0.4925268189170326
PAK,2007,0.7225357917604108,0.4142643294644835,0.7328524186088164,0.3906722554966744,0.481584644589995,0.2344282491553958,0.4001717834280172,0.068,0.5147702231278944
PAK,2008,0.7271980343011467,0.4248669768331685,0.7508130559276793,0.3877915045827533,0.4590441143709138,0.2335885984694826,0.4298412029290405,0.07,0.5244958889982336
PAK,2009,0.7427142226403904,0.3872784988694624,0.7670486682034352,0.3973173939036518,0.365241279742286,0.23485388981798,0.4096651493481871,0.075,0.4792072567340442
PAK,2010,0.7519698779126022,0.37494437345177306,0.8327025811281544,0.3880662425957872,0.3509171121958271,0.233432052172792,0.4244998562805918,0.08,0.4658106597489421
PAK,2011,0.763089405524341,0.3445629945454263,0.8423917936458758,0.3807150251237186,0.321445389816684,0.2340237263595203,0.4296321593163519,0.08,0.4524248709549676
PAK,2012,0.7588883568137273,0.32286078105947125,0.8533720898494177,0.3855007724626595,0.3063727978873652,0.23558509514732,0.4471284767817174,0.081,0.4487318866886343
PAK,2013,0.76201048635106,0.31126065856143614,0.8628997240823172,0.3896269408445456,0.3175600481428721,0.2394245171731278,0.4227736128047898,0.09,0.4536395340722664
PAK,2014,0.7599278078082375,0.30564003048379856,0.8736984253612241,0.3905388747374636,0.3292714154967701,0.2430996038143936,0.4221881311486899,0.1,0.4482782003872748
PAK,2015,0.7576791258207666,0.30318465167604786,0.8857341895576939,0.3918806527165518,0.3203181582421582,0.2470580192516444,0.3917407814464259,0.11,0.4672669101535128
PAK,2016,0.7483134239382127,0.31537472667739924,0.8963342109266358,0.3771834225610453,0.3374741816414771,0.2544047039044711,0.354338502236745,0.123854,0.4682836911809066
PAK,2017,0.7445517801896917,0.32451307473687035,0.9081505529274267,0.4070960487127752,0.3319090257482791,0.2586450292035825,0.3529798215270956,0.1378,0.4766299342078024
PAK,2018,0.7412900997904197,0.3425022452281584,0.917262837141852,0.4361312743267095,0.3157633217300818,0.2649498882761775,0.3659322447069335,0.1534,0.4713680072191838
PAK,2019,0.7308168176803672,0.32976167965284203,0.923730336704814,0.4322904047692185,0.3293259759357403,0.2660742939392359,0.3907783962428113,0.170709,0.4827542490832718
PAK,2020,0.74341649000891,0.32049609491704995,0.931446506071026,0.4250995222007761,0.3285807360429535,0.2615974686125596,0.3659430032878503,0.189348,0.4837368698928703
PAK,2021,0.7517049760344224,0.3248862851158634,0.93656373324987,0.4341601102531253,0.3241126347810006,0.268014912837662,0.3738969672214702,0.214107,0.4561402618417862
PAK,2022,0.7482984438743775,0.31766682725155104,0.937839705038271,0.4403412805859357,0.3094008063451244,0.2722502347439596,0.4114685772014642,0.242103,0.459618698957324
PAK,2023,0.7592841184023061,0.2723218124387177,0.9454677348246712,0.4438816346093704,0.3236077356215204,0.2694001427217031,0.4187301942815037,0.273759,0.4380725562030091
PAK,2024,0.7623546929768636,0.26225237905614596,0.5585263091007486,0.4470667411350994,0.3306628535876609,0.2715672648306816,0.4074667716755503,0.3079724,0.4339609399840328
PAN,2004,0.4682235602647793,0.5502549199780297,0.7801740510703999,0.7789058993943033,0.8347773495406663,0.4920489899612764,0.3258907032135643,0.111409,0.7498342158724762
PAN,2005,0.4516639582967499,0.4694858952142353,0.7902862781652987,0.786361087022766,0.7163742608819987,0.5008538211125487,0.3209974429369667,0.11484,0.7556358599033818
PAN,2006,0.4358442450249778,0.6300833602058146,0.8003156657228612,0.77587995702185,1.0,0.5118079669404222,0.3243266027157762,0.1734959999999999,0.7670193683793294
PAN,2007,0.4144819800140132,0.6506182053538053,0.8102635599680691,0.7772279773523779,0.9504773614876104,0.5270819106265067,0.3337608198148073,0.2229,0.7670651738887649
PAN,2008,0.4013424648868275,0.6552470958132964,0.8215344779598558,0.7469452970559177,0.8887349038707166,0.538533525636233,0.3877437885458122,0.3382,0.7468705781789203
PAN,2009,0.3704690405950163,0.6274816762058774,0.831312126895618,0.7446419803867854,0.5382164113543387,0.5382356551167103,0.3725767331769047,0.3908,0.7609742582886324
PAN,2010,0.3630227037874464,0.7012404834493553,0.8299200917028398,0.7555897970268287,0.8327774797645522,0.5442044785425227,0.3707413761301963,0.401,0.7601934369905632
PAN,2011,0.3439274645896363,0.6963052004649708,0.8533720898494177,0.764498103236643,1.0,0.5579598800802933,0.3860719617270874,0.427,0.7563598396743854
PAN,2012,0.3353932033447694,0.6942321070602214,0.8628997240823172,0.7675304909042808,0.8131486787571864,0.5687402711656749,0.4248776681093956,0.403019,0.7414620725175519
PAN,2013,0.3310321243775584,0.6495288634150437,0.8601851003090469,0.753429180928103,0.8106245623892263,0.5751124716471595,0.4991458817742239,0.4403,0.701815260801629
PAN,2014,0.3270419776979777,0.6978807089131757,0.8830697819334077,0.7608825541856252,0.9147840606964834,0.5791644178799146,0.5258601222774546,0.449238,0.6835382870683713
PAN,2015,0.324814916242039,0.7036311153802347,0.893692797129321,0.7833792241550611,0.8814309631276331,0.5841032122360866,0.5409397552551386,0.512054,0.674906429725326
PAN,2016,0.3143827391569686,0.7070756382292751,0.9042244304174648,0.7795744389209546,0.855567760641561,0.5880830591068776,0.556233030232391,0.54,0.6638601823715519
PAN,2017,0.3008939607278881,0.7077461074756661,0.92114743528235,0.7867235616748811,0.6969992047901645,0.5937032440094839,0.5711150582129761,0.599506,0.6594935170778223
PAN,2018,0.292301932365976,0.70642432808515,0.9224395671385988,0.7875597661984772,0.7001434682321981,0.5968534278058645,0.5723708553205203,0.618055,0.6636800946441042
PAN,2019,0.2929168871295792,0.7047154204339828,0.923730336704814,0.7945667978571137,0.7209337312141801,0.5989797859280005,0.5739293051967864,0.636284,0.6662885478666297
PAN,2020,0.33163353292941,0.7468271967375608,0.9416596607742472,0.7938841107430074,0.0979060766361862,0.5684970275106106,0.4790973399934157,0.700097,0.730885040660471
PAN,2021,0.3157880324988072,0.5530944508875297,0.9416596607742472,0.7967520668542052,0.4610261879020934,0.5888713058451117,0.536924009052303,0.77031,0.6946629923660327
PAN,2022,0.3029594559760597,0.5895558925041028,0.937839705038271,0.8005309511537485,0.493908490769689,0.602231944779403,0.5377490309177912,0.777041,0.6945839106080687
PAN,2023,0.2957430534035186,0.6659533034008597,0.9630837915557962,0.7996542195133753,0.4693853637069556,0.6103781409739467,0.551578974768608,0.685485,0.6894584653052191
PAN,2024,0.3080938450398642,0.7164666248240135,1.0,0.7885044569487292,0.5277511339980976,0.6124749582174828,0.5205915711806262,0.6795671999999999,0.709929025333488
PER,2004,0.4911558301706216,0.35869651749082015,0.6630510383842988,0.6601266140644672,0.4398798070887848,0.3877593436324514,0.6427283829089521,0.141,0.4452763257455062
PER,2005,0.4887343131640503,0.37243185896117204,0.6867631059970003,0.6675967057542391,0.504663777821155,0.3953136322758864,0.6680375278790803,0.171,0.4182769103247339
PER,2006,0.4809966122897431,0.3917501674399795,0.7328524186088164,0.6760879544660261,0.5385253008082029,0.4046994517845937,0.7110490719204343,0.207,0.3744905996764512
PER,2007,0.4841841531123438,0.4288646200336868,0.7596955240568131,0.6861544863860056,0.6337778667237666,0.4155107865020601,0.7142480137847885,0.252,0.3724108706820448
PER,2008,0.4978676142077366,0.471330303870471,0.7988879164996509,0.6923878451012686,0.65779685385285,0.4272312434113684,0.6957804105231465,0.3057,0.3918741802762877
PER,2009,0.5048630536080205,0.4732078117684391,0.8229360749305092,0.6984570785916876,0.6303995073675346,0.4279173850031447,0.6562551108451136,0.314,0.4340403988047339
PER,2010,0.4879355183170124,0.4750449656284234,0.8465209537830791,0.7038117266537411,0.6569846822671513,0.4385857991636598,0.688117580775417,0.3477,0.4023668686565906
PER,2011,0.4960835720952523,0.4897285383970293,0.8683109807154685,0.7034636290639412,0.5750981178609347,0.4464058387640782,0.7080919165651147,0.3601,0.3807968769571563
PER,2012,0.4847845131747276,0.5014776641557245,0.8870642220841037,0.7064340472781435,0.7631205079826301,0.453839240878822,0.6847892660939425,0.382,0.4056994220521452
PER,2013,0.4830209703379445,0.5245666589158183,0.9002856769286112,0.7073317767516779,0.5936277637570484,0.460785945320913,0.6607917507968062,0.392,0.4302021358260802
PER,2014,0.4872109722102734,0.5428334116271347,0.9107609906331458,0.7086281721771938,0.4221870856241813,0.4627599549279747,0.6280978086538875,0.402447,0.4623408910013655
PER,2015,0.4944747942414155,0.558675454448429,0.923730336704814,0.7012299735075885,0.5355873671822762,0.4657672166816912,0.6063087481347926,0.408526,0.4896674034682747
PER,2016,0.491173907707417,0.5531475834597886,0.9275945003129228,0.7053292087465156,0.5148118953443737,0.4694589616598824,0.6098661808471467,0.454617,0.4939609669551173
PER,2017,0.4864615982140271,0.5510543946822606,0.9352864302439208,0.7198433868297703,0.5126674940649474,0.4709310605128552,0.6217456934825591,0.5045040000000001,0.4878015041047329
PER,2018,0.4896910826642855,0.558861143101874,0.9403876660414872,0.7216040342837741,0.4557172169369257,0.4739500420744059,0.6268867411606782,0.550543,0.4814002901183554
PER,2019,0.4886968593940904,0.5630510942650492,0.9454677348246712,0.7272615339332944,0.4201214683225673,0.4746772323687068,0.6081227760829332,0.599505,0.4953431514741457
PER,2020,0.513553616826173,0.6112593661652184,0.9530485319257332,0.644649942070962,0.305457388812796,0.4561416971641269,0.6060051057512604,0.652518,0.4920866277095247
PER,2021,0.4967465708209932,0.5749261560328225,0.9454677348246712,0.6961269019029228,0.4893935357119575,0.4729494440318983,0.6876488961035411,0.711078,0.398081634881906
PER,2022,0.4982536023739919,0.5677804615875498,0.9530485319257332,0.6988903723426447,0.580277760604998,0.4755780915554944,0.6762872121610869,0.74675,0.4158587953287441
PER,2023,0.5001810545892239,0.4932464099002649,0.9530485319257332,0.7204107290635597,0.3897980850352385,0.4733954702752446,0.6624042711159317,0.7948480000000001,0.4421548607353689
PER,2024,0.5029691347592775,0.5114301790209317,0.9096492462191942,0.721684824498606,0.4370185273765138,0.4765257607918739,0.6624466774204504,0.8195709999999999,0.4436586360869548
PHL,2004,0.642761637428907,0.4805142715743162,0.8396312630058458,0.6016994611470016,0.3245750480100142,0.2992605844951778,0.6572463988845111,0.0524363,0.4624082002026068
PHL,2005,0.6352142649944672,0.4568365898739692,0.7268065059758014,0.6082694240164039,0.3848333266136579,0.3035622312899834,0.6601197317700638,0.0539764,0.4669690352878767
PHL,2006,0.6326331642077899,0.4534000583618846,0.7328524186088164,0.6140953385220946,0.4220497163660153,0.3086372780611178,0.6549341741656862,0.0574059,0.4754192209417966
PHL,2007,0.6366709778730889,0.4547644505443734,0.7596955240568131,0.6187597961042758,0.4057989016957734,0.3152839787047593,0.6480335690726737,0.0596999999999999,0.479000242235835
PHL,2008,0.6510755804078165,0.4566722327036639,0.7787226047591419,0.6229707820871614,0.3320368122875093,0.3188902449887619,0.6444766818596505,0.0622,0.4678029507532456
PHL,2009,0.6514462513458951,0.4568373490060532,0.7931602109877052,0.6307288926589566,0.360375607193808,0.3183626492318862,0.6252919434324787,0.09,0.4879471771615994
PHL,2010,0.6389836956220568,0.4603019709137912,0.8102635599680691,0.6364388020620058,0.317452289209659,0.3256611666279002,0.6379851806363077,0.25,0.4875275443128387
PHL,2011,0.6445267268912628,0.4767853257110393,0.8340914579874278,0.6426747009568547,0.3397918648451317,0.3283033421991964,0.6223915323757296,0.29,0.4981600177952218
PHL,2012,0.6281846078386074,0.486905193708404,0.8327025811281544,0.6487358421676986,0.3639147573477798,0.3351627068545814,0.6233526473398239,0.308,0.5132108860313057
PHL,2013,0.6174166646219319,0.5033981087076397,0.8382486600128849,0.657691482784087,0.3696935977290573,0.3419140649144804,0.6134026754451578,0.327,0.532805114947663
PHL,2014,0.6138192533533984,0.523718408653906,0.8696600660532473,0.660314947507857,0.4095841164908091,0.3484610562276867,0.6177632944195297,0.347,0.5317119920365491
PHL,2015,0.5897316202706923,0.5372659878647645,0.8601851003090469,0.6708130150117319,0.4037793259689434,0.3552466909049642,0.6086553393030447,0.369,0.5599216842216955
PHL,2016,0.5734589677738631,0.5534405766482307,0.8989699381451771,0.6749260075388694,0.4531310699427426,0.3633200989067547,0.6054597456432549,0.392,0.5746969887730153
PHL,2017,0.5729866839054212,0.5674680212072997,0.9120641252108342,0.6828633299370176,0.4872249998963157,0.3711752607335014,0.6028470826520379,0.416,0.5773872167436608
PHL,2018,0.5613461457270941,0.5769912312106885,0.9275945003129228,0.6865520031415816,0.4706915365043914,0.3783029617028267,0.6099827250939643,0.441,0.5788010464182267
PHL,2019,0.5420033535404281,0.5789412505227802,0.9416596607742472,0.7012968592289553,0.4337807282634182,0.3851562269901812,0.60613939589626,0.430266,0.5944139569781149
PHL,2020,0.5730369338507847,0.5973838702684525,0.9555650689271988,0.6896819133479785,0.4067523954600416,0.3689787715214453,0.5736506981831382,0.5376489999999999,0.6025454689552395
PHL,2021,0.5705479544554987,0.5880585306607643,0.9693143129931838,0.6900198170011498,0.4819145475091659,0.3757292477715196,0.5821051780026774,0.669078,0.5971518172587537
PHL,2022,0.5591334192954696,0.5831531167660129,0.9352864302439208,0.710435381116729,0.4367961784549103,0.3852300556976494,0.587746741816622,0.7521110000000001,0.5998396016261246
PHL,2023,0.5556872533993049,0.5805302195283418,0.9755132873514472,0.7135792824828134,0.416920440253482,0.3918505577361101,0.5701183445544257,0.837661,0.6166388368189625
PHL,2024,0.5482864573869476,0.5874777824148117,0.87497445476807,0.7166832429260345,0.4171082471307708,0.398686328893394,0.5612165814437404,0.645353,0.628199683922947
PLW,2004,0.375916996711469,0.6553600474380425,0.976749324629734,0.9049964598309512,0.5517915069504051,0.5790352705401846,0.2674309601765162,0.269703,0.7629719467883509
PLW,2005,0.3849892493898044,0.7267603298439792,0.9865929541017062,0.9042974448234712,0.4193864301685063,0.5831706817557797,0.208699330015791,0.3617722,0.7432353543946152
PLW,2006,0.4132436938713419,0.5099423028676832,0.979217661796788,0.9046500244002982,1.0,0.5851660836156832,0.1380280314505229,0.4261604,0.7857797246273178
PLW,2007,0.380594333028035,0.7049072394155084,0.9804499667021888,0.9042974448234712,0.4260898912937351,0.5892452508834366,0.106938966492053,0.3617722,0.7986052100126885
PLW,2008,0.3915372879397762,0.6116469236690943,0.9816810324873144,0.9070760765675656,0.4374944038170932,0.5837221231352093,0.0175867568943695,0.39922,0.8251218977109628
PLW,2009,0.3859448729428788,0.5856263328987477,0.9829108616416083,0.9070760765675656,0.3796883546983686,0.5762190564944262,0.0099437407126029,0.412,0.8156196911158701
PLW,2010,0.3808679236296732,0.6752327000221239,0.9853668199780375,0.9070760765675656,0.3769547397981233,0.5747796298064184,0.060275895333195,0.412,0.805033515077339
PLW,2011,0.3773913505231566,0.5783047100592764,0.9865929541017062,0.9070760765675656,0.5566662841701651,0.5845197557113048,0.0,0.39922,0.8122256312436865
PLW,2012,0.3731434488008113,0.5045306411321827,0.9705566213901408,0.903485499776478,0.937155163713848,0.5894376968709446,0.0,0.412,0.8121260221766824
PLW,2013,0.3816537201564021,0.5753726668093908,0.9902640057882316,0.9039632762319636,0.807918431235775,0.5866440572389279,0.0,0.4383324,0.8304745856807463
PLW,2014,0.3574188550069797,0.5133181664236187,0.9975732503052472,0.9042974448234712,1.0,0.5934082813661775,0.0,0.5447714,0.8229681279866776
PLW,2015,0.3273937388886909,0.7825846465720278,0.9939240827149284,0.9070760765675656,1.0,0.6040219565723498,0.0,0.4537295999999999,0.8184758031715108
PLW,2016,0.3307029898825384,0.8649089919321271,1.0,0.9070760765675656,1.0,0.6057148740642676,0.0728726800957913,0.6966036000000001,0.8046301301541917
PLW,2017,0.3532488421280115,0.5133181664236187,1.0,0.9070760765675656,1.0,0.601187069693116,0.0,0.7291894,0.8082829835378468
PLW,2018,0.3538520428116931,0.5133181664236187,1.0,0.9049964598309512,1.0,0.5993538914641764,0.0205075895739719,0.7270437999999999,0.8168473194409617
PLW,2019,0.3499649156784835,0.7247115314257918,1.0,0.9070760765675656,1.0,0.5989578758267627,0.1251945387948565,0.6716378000000001,0.7972675386149917
PLW,2020,0.3437184523525832,0.6782164749918402,1.0,0.9071392904583512,1.0,0.5886721846615083,0.1788319342466586,0.7868302,0.7890101078550642
PLW,2021,0.3550306868285371,0.5899982456014321,1.0,0.903485499776478,1.0,0.5680971711180228,0.1532356898625967,0.6446576000000002,0.8177830762215966
PLW,2022,0.3480318008131313,0.630394885179913,1.0,0.9046500244002982,1.0,0.5704724092653229,0.1716070045642907,0.6716378000000001,0.8027235047887118
PLW,2023,0.3302470376467106,0.6473438725512128,1.0,0.9049964598309512,1.0,0.5739155942791084,0.0738274303796382,0.6716378000000001,0.7766607432858909
PLW,2024,0.4832602086474102,0.5350240562334468,0.7377509084852749,0.6173821895359558,0.521044970375395,0.4600931523874124,0.4981522257440442,0.433764261627434,0.4979430980515284
PNG,2004,0.8580961388342951,0.4535052820030312,0.0,0.7711477905536334,0.3379502438409647,0.2873042082539262,0.7047969006629277,0.0150791,0.296112963421589
PNG,2005,0.7469598751089852,0.4587071190828489,0.0,0.7731026705406653,0.337488028298272,0.2915400910911833,0.6633691942801131,0.0171619,0.296112963421589
PNG,2006,0.7277766298961303,0.4486373719843389,0.0,0.7760680134081785,0.3841522455591047,0.294556830492147,0.6824322047670003,0.0175449,0.2502230696619921
PNG,2007,0.7187550889145448,0.4486373719843389,0.0,0.779983290052167,0.3730901521440726,0.3009106442400878,0.6706805034558441,0.0179056,0.2776003324739034
PNG,2008,0.7252187872930618,0.4535052820030312,0.0,0.7822953252955221,0.3107082386954127,0.2959738341447991,0.6684615934744484,0.0115,0.2739515269963865
PNG,2009,0.7412083164014936,0.4018595379816979,0.0,0.7861784830174887,0.5192814787768572,0.3010750365470093,0.5969802983945875,0.0161,0.3336361277117802
PNG,2010,0.7187527317170876,0.3946850184447579,0.0,0.7891132947697098,0.3002746203744991,0.3106913082488095,0.6505543983515754,0.0128,0.3116328116954768
PNG,2011,0.7139766287859367,0.3930130844346883,0.0,0.7832055510945709,0.2971994002005391,0.3080594135664335,0.6223525754557706,0.02,0.3671570762801864
PNG,2012,0.714851389126188,0.4124755975345852,0.0,0.7769477135093479,0.2928214781895105,0.3106215802410187,0.5590582901384636,0.035,0.4141317085894413
PNG,2013,0.7146874801522195,0.4332741263028646,0.0,0.7688424669001859,0.2922255334517177,0.3121478879676523,0.5402268948921074,0.051,0.4299075048879865
PNG,2014,0.6954787373937529,0.4102244299687798,0.0,0.7592921896477429,0.2922746664691555,0.3267706093874986,0.64477273566656,0.065,0.318203215783544
PNG,2015,0.6924616997002228,0.4095161084695817,0.0,0.7501938813958517,0.2930168178462106,0.3323205905172423,0.6744829176723784,0.079,0.2942994896612728
PNG,2016,0.6976931622588415,0.4052104983766533,0.0,0.7412745468701094,0.2717588600839083,0.3364939911700527,0.6734107569890893,0.0960154,0.2973292352406009
PNG,2017,0.6949375490379552,0.3757111701636419,0.0,0.7307117671932388,0.2327228092323187,0.3380626643038477,0.6962314784998886,0.112092,0.2574783585300838
PNG,2018,0.6861373473151728,0.36867353434122613,0.0,0.7210585218876616,0.3667929232462497,0.3342848533447305,0.7038995174805767,0.1439739,0.2605416132348006
PNG,2019,0.6861719733383497,0.36045754526684093,0.0,0.7115208891514748,0.3722568529635313,0.3373690452511996,0.7010185350243764,0.199783,0.2645089238843043
PNG,2020,0.708672264881255,0.36951335090160625,0.0,0.685409969296294,0.3148553785169023,0.3296098699070887,0.6487285902535154,0.243969,0.3093836412186029
PNG,2021,0.7115213816599414,0.35248600956071147,0.0,0.6672961998203946,0.2754419866513019,0.3259805029907475,0.6634282521104437,0.232437,0.2805610010571649
PNG,2022,0.6852702193918984,0.3206342037103461,0.0,0.6558674445097757,0.5293592832039481,0.3313031067613551,0.7472691814584458,0.237315,0.2020450772377364
PNG,2023,0.6859482951184803,0.34093922589584846,0.0,0.6631589160754748,0.2931659641263343,0.3341021941209959,0.6952438496306453,0.240667,0.2685086678507409
PNG,2024,0.7773054982895455,0.3857321604095885,0.462336095912231,0.668127167976273,0.2434352593079212,0.3369270448426417,0.0,0.1365884,0.6243562588508106
POL,2004,0.3469375344494592,0.4424882030996225,0.9987872264286616,0.6405614664608714,0.6362002561699207,0.5077737082529828,0.5871376163520539,0.3253,0.5207864437546221
POL,2005,0.3258984026167624,0.4498807669990827,0.9975732503052472,0.6430833517274309,0.5180747349544671,0.5124948629522285,0.5849911557550685,0.3881,0.5192462251887949
POL,2006,0.312188612798277,0.4811633479764568,0.9975732503052472,0.6533534170101445,0.6880295630590159,0.5213207589156977,0.5874241455183161,0.4458,0.516943905177237
POL,2007,0.3333812965366938,0.5205706097980495,0.9975732503052472,0.6571046378932709,0.6631115730956798,0.5308946405934437,0.5886636272652,0.486,0.5040210752499912
POL,2008,0.3055517994005601,0.574801695120859,0.9975732503052472,0.6528354067699581,0.4611027678951281,0.5371022261260116,0.5808494183142534,0.5313,0.518364940862319
POL,2009,0.3044569699249133,0.5738836308066152,1.0,0.6702936370768401,0.4910430406472937,0.5407508729210929,0.6001240018293649,0.5897,0.524261310144252
POL,2010,0.3227492027233185,0.5831489203716237,1.0,0.6817395492424694,0.5407534871579994,0.5456936761589958,0.5957461540140517,0.6232,0.510426817934869
POL,2011,0.3378654661273051,0.5949627076844396,1.0,0.6793144798344016,0.5164393879600637,0.5530501489177332,0.6072268028283192,0.6195,0.4937653672193603
POL,2012,0.3269787829338614,0.5897957020606532,1.0,0.6858530394075579,0.3835187704193445,0.5552284050044441,0.6045145064539197,0.6231,0.5105082000638129
POL,2013,0.3409726918454561,0.5957572882249799,1.0,0.6909206345196554,0.3008755426485778,0.5563058013190815,0.5784468263526363,0.628492,0.5326486120283258
POL,2014,0.3261143795317247,0.5999352155430734,1.0,0.6964761142105207,0.5346358107651094,0.5619963041857888,0.5996910848370038,0.665987,0.5163927583602914
POL,2015,0.2948795689701388,0.6029001168832276,1.0,0.7020648315412347,0.4984886013164111,0.5683872593056923,0.6169082926541456,0.67997,0.5099456018122003
POL,2016,0.3042853314698368,0.6072515489376451,1.0,0.7024827885429303,0.5323707624787968,0.5727840418798359,0.6117584537490695,0.7330070000000001,0.5061568637037684
POL,2017,0.3269639288444207,0.5984228320644852,1.0,0.7040058558294153,0.4387888301091737,0.5800584432153232,0.5807214761550815,0.759854,0.5221640298884377
POL,2018,0.290179354085814,0.5967777716933781,1.0,0.7088084288177902,0.5019103257390782,0.5888528017360298,0.581619752540016,0.775417,0.5277449468108331
POL,2019,0.2869926460070816,0.5893561651739764,1.0,0.7103712477461698,0.4893185293608957,0.5953890916170342,0.5811065971545619,0.804359,0.5339489586098348
POL,2020,0.3006149662977985,0.5849720608264067,1.0,0.7106815366976543,0.4997595304924575,0.5941336281710813,0.5765490213764466,0.8318490000000001,0.5381529006745542
POL,2021,0.2779972567414119,0.5680765331292412,1.0,0.7258846174707559,0.6382541008203424,0.6059372913862641,0.5751464395982703,0.853749,0.5281444247627106
POL,2022,0.3159871627492557,0.5339155139115428,1.0,0.7285209652304404,0.6749065631352527,0.6140006448223255,0.587073271465452,0.869411,0.5400933270412887
POL,2023,0.3134236962564289,0.505820671630579,1.0,0.7438091261064592,0.5696678786968441,0.6148932749829407,0.5906020155513824,0.864147,0.555074259281075
POL,2024,0.2987284622271103,0.4984330809156947,1.0,0.7568509669521685,0.4301399709238448,0.6197316598254675,0.553204049949025,0.8858499999999999,0.5693169366917139
PRE,2004,0.7448052344327566,0.18824238476675614,0.0,0.3213145748847186,0.4482776279250436,0.2246225207541,0.6143218809678412,0.0926,0.2257652860457774
PRE,2005,0.7355406602899012,0.18896157872666805,0.0,0.3283606858155989,0.433455130654987,0.2287672888867088,0.6415915795117585,0.085,0.2127281898804028
PRE,2006,0.7222603130361874,0.19501706789130535,0.0,0.3365749815983339,0.4150431006637293,0.2333641016180144,0.6402106636109154,0.085,0.2580325079158231
PRE,2007,0.7197871920668625,0.24812777031427563,0.0,0.343960880335287,0.441745741412475,0.2379591826795725,0.6480804312739519,0.085,0.2517203247026114
PRE,2008,0.7147571748139462,0.28530230720571587,0.0,0.3508557406966487,0.4473501593570921,0.2427720581750662,0.6740975401313987,0.0798,0.243653956376846
PRE,2009,0.7295297448704147,0.30208814835433023,0.0,0.3589156828166844,0.4679884158364832,0.2452997464493079,0.5913021651882643,0.1538,0.3405132066502581
PRE,2010,0.7185615597793025,0.26905034771890807,0.0,0.3734037822971035,0.4454214658393639,0.2503850987034931,0.6350679702104925,0.15,0.3199836746791704
PRE,2011,0.6934359468312222,0.24898223431000674,0.0,0.3802843292880181,0.4559355405108216,0.2522997751665671,0.6934868959994586,0.0868,0.2865478323503935
PRE,2012,0.688711250029018,0.2512710980849727,0.0,0.3897079225458407,0.4655899042660043,0.2541304679251929,0.6893680899771432,0.15,0.3103634935374893
PRE,2013,0.6839384560512904,0.26616010293903025,0.0,0.3888797779355493,0.3860193355407179,0.2581430095298697,0.6613018005868703,0.1544,0.3483468713550234
PRE,2014,0.6860270753250742,0.29195476260490383,0.0,0.3977385907773927,0.3635685949736585,0.2612369492434016,0.6322163053070873,0.1532,0.375562174193575
PRE,2015,0.7007317894222337,0.31922167671961316,0.0,0.4049037468923341,0.4216362635986931,0.2615004829412927,0.5408103980784147,0.3336,0.4542372878540563
PRE,2016,0.7005574946889267,0.32630683415650164,0.0283531755385494,0.4102982563261502,0.3587126817721124,0.2608693247277024,0.5227296867546587,0.3348,0.462245361602571
PRE,2017,0.6948680381465049,0.3119378996862082,0.0199314903640568,0.4165278961964975,0.340802487109039,0.2592011108041111,0.5745852622801871,0.5006,0.4191135218651085
PRE,2018,0.6903886250395459,0.29118442973384695,0.0919121013656821,0.425813863025501,0.3228929945338966,0.2590044662587362,0.6181279571097085,0.2782,0.3839086161946903
PRE,2019,0.7209577655451955,0.26913582563571836,0.1041590513326605,0.4378720847644849,0.3249320614492693,0.2596788164269311,0.5682965300651608,0.2686,0.3986377075926255
PRE,2020,0.746462686982976,0.29031107357599495,0.1240882392516261,0.4112111133718987,0.3287937905659938,0.2497660454621345,0.4938970862210627,0.2906,0.4146674228447893
PRE,2021,0.7360949131677348,0.29231940592570976,0.1757969185189659,0.4069804102473865,0.3539369409090249,0.2493761689964243,0.5479835665429106,0.3056,0.3521518585891206
PRE,2022,0.7218104407977934,0.2839804477988833,0.1905887584655799,0.4197177857286538,0.3411314213254243,0.2523390318097972,0.6010761985002093,0.19731396,0.3084629640811354
PRE,2023,0.7225139075804476,0.36726704181643144,0.2227444234801909,0.4237258823045768,0.3743479915169423,0.2521664870313099,0.582101611109816,0.2464,0.3564895741710688
PRE,2024,0.7064224074869224,0.1385371454646837,0.043152594459693,0.4307705804613928,0.3860004285478925,0.2532108293552971,0.5884212688934233,0.094,0.3618880645662742
PRI,2004,0.1132799914962766,0.7146186495363293,1.0,0.888801096214156,0.4984770870995701,0.6956834729852154,0.8343962006942469,0.221307,0.412771502623389
PRI,2005,0.1085976895282085,0.7146186495363293,1.0,0.8924045056285203,0.4984770870995701,0.6929796410761825,0.826909916404975,0.234001,0.4557908058459609
PRI,2006,0.1079765632037026,0.7146186495363293,1.0,0.8938456208970881,0.4984770870995701,0.691533921768296,0.8229439947165339,0.254424,0.4607027116681657
PRI,2007,0.090850397767924,0.6518342642241594,1.0,0.8985327072979344,0.422914283901742,0.690686209449027,0.8220705686975094,0.2786,0.476802794611839
PRI,2008,0.1023837762519652,0.7676413478193242,1.0,0.9039767054446805,0.3628538979669903,0.6888359409365629,0.8286662553356042,0.38,0.4621497032569208
PRI,2009,0.1076081107703698,0.7658381362751568,1.0,0.906877620472348,0.3628538979669903,0.6867655265161118,0.84941403061221,0.415,0.4125347387578819
PRI,2010,0.1420937942987038,0.8083267319673821,1.0,0.9095099317519608,0.3628538979669903,0.6867845289167748,0.8644162728428606,0.4529999999999999,0.3954844343730876
PRI,2011,0.1363999172705075,0.7805549989336034,1.0,0.9121189189321208,0.3628538979669903,0.6874764739068703,0.8532904156713212,0.48,0.4009733499722383
PRI,2012,0.1379393547847192,0.8083267319673821,1.0,0.9144072109964164,0.4609611933933586,0.6887986812156258,0.8518149984512655,0.6900000000000001,0.4031888990070663
PRI,2013,0.1409122527214492,0.8083267319673821,1.0,0.9169055321520948,0.4609611933933586,0.6895317145387282,0.8480171601358908,0.6900000000000001,0.4125725301421007
PRI,2014,0.1435022661117962,0.8083267319673821,1.0,0.919369131959175,0.4609611933933586,0.6896605288248806,0.8547913152796788,0.761339,0.403204753380987
PRI,2015,0.1409818523165939,0.8083267319673821,1.0,0.9217426547380624,0.6101473869896586,0.6901619477227033,0.8647812499693933,0.634663,0.3829617262551872
PRI,2016,0.1381823449853486,0.8083267319673821,1.0,0.9224026962983932,0.4609611933933586,0.6905809629169494,0.8668773178788034,0.686438,0.3915828646642537
PRI,2017,0.1398949392115921,0.8083267319673821,1.0,0.9237720397363036,0.4609611933933586,0.6892632506598048,0.8577512598040976,0.6874079999999999,0.3932849451092465
PRI,2018,0.124912165047628,0.8135989514003699,1.0,0.9242296427407428,0.4609611933933586,0.6879955255885272,0.8619909001349819,0.708564,0.4049863954920514
PRI,2019,0.1213115538388535,0.8135989514003699,1.0,0.9242613163131416,0.5726517635503263,0.6898790020413798,0.8638558240563261,0.777364,0.3812619835217104
PRI,2020,0.1182708287068179,0.703213361173732,1.0,0.9241299949092244,1.0,0.6846100699969263,0.8586239987550485,0.6694922,0.4137363169128301
PRI,2021,0.119993228575338,0.7462076710074979,1.0,0.926758456004498,0.4609611933933586,0.6860056657050827,0.8602513697278394,0.8478669999999999,0.4053559552006317
PRI,2022,0.118697662177973,0.7462076710074979,1.0,0.927836659262212,0.5726517635503263,0.6921423965158094,0.8373152392933845,0.872918,0.4365552659919921
PRI,2023,0.1245900385738521,0.703213361173732,1.0,0.929482576355494,1.0,0.6939390114091922,0.8286303196937577,0.6866036000000001,0.4485483376463027
PRI,2024,0.1239258558836806,0.7169991660738674,1.0,0.9313723086364064,0.3446349113859254,0.6985015207527089,0.8261526080153033,0.4862686,0.4524655212612035
PRK,2004,0.8308799672115722,0.21169106388206244,0.0,0.0309643870402133,0.5229360441207564,0.1053129697767477,0.351538754731839,0.0,0.2527246235010906
PRK,2005,0.8363547806606645,0.22795037264395154,0.0,0.0414570342057292,0.5284501638812968,0.1032861301246989,0.3434316677271901,0.0,0.2500079772552561
PRK,2006,0.8295468125992634,0.23822284081464473,0.0,0.0496199383919283,0.5049555645121675,0.1010330740354043,0.4225849357188431,0.0,0.2546706446806464
PRK,2007,0.8261930499467225,0.27054686230126523,0.0,0.0574864513516945,0.3078851464279806,0.0751259310768393,0.4006736970517789,0.0,0.2786939719680388
PRK,2008,0.818112010299614,0.2987248399108056,0.0,0.0676107598222346,0.4639711668291252,0.0817726412521061,0.3900452723240662,0.0,0.2554926180817635
PRK,2009,0.7874895441697486,0.261141877062639,0.0,0.0756904497773815,0.3956058214721846,0.0913694946443045,0.4347407880731703,0.0,0.2938841321120372
PRK,2010,0.7980106590399156,0.22907621373135365,0.0,0.0836146427874737,0.4190659749887291,0.1063580393673168,0.4050773190960673,0.0,0.2990941657066113
PRK,2011,0.771110896720783,0.18547828711924041,0.0,0.0920665748118868,0.4770370319419454,0.1243147278122791,0.4394249204507008,0.0,0.3622212972686269
PRK,2012,0.7801877520977035,0.16721665104132932,0.0,0.1012307805282705,0.4228574649135647,0.1138760209940516,0.4033892044543146,0.0,0.3627115196861807
PRK,2013,0.8055863898866444,0.20128776335340864,0.0,0.1103359257408536,0.4561800093315847,0.1110549842248237,0.4493108934858311,0.0303872979999999,0.2567411646886785
PRK,2014,0.7422424835115046,0.16617390812089092,0.0,0.1192714762417597,0.4847908331592557,0.1348223241735514,0.4327051293982809,0.026950274,0.3641160454020731
PRK,2015,0.7234579448029657,0.23325235475216444,0.0,0.1265364771575362,0.4815950345337008,0.1545135393896515,0.5059573966873151,0.017290274,0.3661096800035933
PRK,2016,0.7666423043927267,0.2908964686109021,0.0,0.1370500385534097,0.3744380600821668,0.1372199944486635,0.4501633656056178,0.01793078,0.3422551649692905
PRK,2017,0.6149284402767565,0.2557386318730813,0.0156382793667923,0.1427160866669131,0.4368513955190476,0.2250779573736994,0.4971589743610759,0.08729078,0.4405629330643816
PRK,2018,0.6937172680192789,0.22123846365248376,0.0712374354953239,0.1478085050356751,0.4651349823067598,0.2489640544961728,0.6091397181931935,0.1896277999999999,0.2358853349618775
PRK,2019,0.7827693680827087,0.27569453123449933,0.1244209600445382,0.1561529178813981,0.5276591965286312,0.2289288868943675,0.5490988777074628,0.195213,0.1320758601100591
PRK,2020,0.7872223402257065,0.36273496042814113,0.1753900471897185,0.1229386803740333,0.480558140211321,0.1781352451600809,0.5003009163909963,0.1295726,0.2113307681197091
PRK,2021,0.7692612122718303,0.3771033282769284,0.2243217570817346,0.1162383416790848,0.4963640667885443,0.2278160241033748,0.4235855667479515,0.1516084,0.3135322481234259
PRK,2022,0.753916575444326,0.36285630600302493,0.2713727278585602,0.1243345930671249,0.5022423615656961,0.3150769841094137,0.2214559681293071,0.14465856,0.4788166804800845
PRK,2023,0.7541133839017837,0.36262652279683083,0.3314202351275533,0.1336881099759281,0.6092218762266702,0.3246048010442862,0.193775338857966,0.11093196,0.5226092089914222
PRK,2024,0.7097329911722039,0.23455652062609383,0.3768115345541881,0.1423979616717552,0.519707422465822,0.2435806759720589,0.5504515476881731,0.36389098,0.2826472240612775
PRT,2004,0.3028560897478567,0.7905578203167862,1.0,0.735519912412955,0.3694216235652754,0.6286248724811944,0.453298982446613,0.3178,0.618948141990085
PRT,2005,0.2822187642724588,0.7972456951750841,1.0,0.7443025417550028,0.3951388404392325,0.6294860329526882,0.4341507694979829,0.3499,0.6246864411467279
PRT,2006,0.2785560392330526,0.8126228734231357,1.0,0.7462938338959793,0.7015937301035711,0.6315641138786775,0.4287360452196974,0.3801,0.6235882840374299
PRT,2007,0.2590931814898197,0.8273373199045582,1.0,0.7475870069747179,0.4467807796250509,0.6348727177866417,0.4288676915741307,0.4209,0.6320798049043269
PRT,2008,0.2563427408464382,0.8418145857721552,1.0,0.7638695844715594,0.4772377512923093,0.6351260806274627,0.4108394468512252,0.4413,0.6495861889765848
PRT,2009,0.2552827586073372,0.854197572227573,1.0,0.7756452012838753,0.4370453947505654,0.6303836333379035,0.3980235611665865,0.4827,0.6766980247192061
PRT,2010,0.2544507505851581,0.8476713866065433,1.0,0.7828563091852646,0.5296166330252753,0.6328175596815365,0.3998926627298106,0.533,0.6660736540652414
PRT,2011,0.2460396995947817,0.8486659405701892,1.0,0.7937807084262624,0.5597302645762944,0.6305222510028529,0.3849757875065305,0.5525,0.6698554059500852
PRT,2012,0.2527986488035057,0.8437004649873907,1.0,0.8063676405967187,0.7535938257499217,0.6251082867296035,0.3787681667814331,0.6034,0.6714439359662546
PRT,2013,0.2625460885265367,0.8284624868122222,1.0,0.8239832631745307,0.7029091982061666,0.6244693707225223,0.3735545921879044,0.620956,0.6778466622142368
PRT,2014,0.2573718798236404,0.8060529243318979,1.0,0.8329933847266698,0.6379575288183454,0.6263242111793016,0.3761709935398011,0.6459239999999999,0.6703226882064083
PRT,2015,0.2572774524132544,0.7883839914148801,1.0,0.8353260994395058,0.325361033281029,0.6292148512008718,0.3915230903222449,0.6863290000000001,0.658612678991891
PRT,2016,0.2529873329745277,0.7710799187248867,1.0,0.8379998524794822,0.5158888366473912,0.6325530727553449,0.3878914333877107,0.704236,0.65828491641001
PRT,2017,0.2563348239433773,0.7529272153107598,1.0,0.8383448783097797,0.6107480502095957,0.6376405151438825,0.3828934297158756,0.737912,0.6562937283854141
PRT,2018,0.252645719723619,0.7397231690867004,1.0,0.8401900917193685,0.5095769495847813,0.6420877792925795,0.3862341239189845,0.74661,0.654320585117509
PRT,2019,0.259233317076482,0.730724411860554,1.0,0.8448184119752505,0.5771329610742952,0.6459850800143209,0.3736314118127831,0.753464,0.6606423640034692
PRT,2020,0.2701837107859001,0.7556278260794369,1.0,0.8426520646908771,0.4020850046116563,0.6334060851314963,0.3865475256534707,0.7826170000000001,0.6603844506131715
PRT,2021,0.2717839407892514,0.7438208914446515,1.0,0.8415264149999998,0.5188519224067785,0.6403486692820995,0.3844940626433127,0.82309,0.6536374253931023
PRT,2022,0.2516025993702688,0.7209564271504619,1.0,0.8368594908170568,0.6148658828680773,0.6491383200355444,0.3610564304783794,0.844969,0.6687956736349782
PRT,2023,0.2699036962945315,0.6960480526580461,1.0,0.8315670895208327,0.5419483285141857,0.651582393177155,0.3691304201521705,0.857901,0.6701178748373238
PRT,2024,0.2609561041056783,0.687296490004442,0.9990293001220988,0.8398819363258069,0.5641912942629277,0.6530654881137724,0.3685538555982589,0.8848699999999999,0.6699117994977333
PRY,2004,0.6419478311174844,0.27718397448407806,0.914666240579654,0.6186828082307694,0.3475688170776253,0.4068116884655538,0.7235011249957994,0.0345244,0.2470361053898106
PRY,2005,0.6216359200620577,0.2769066484660688,0.934007793239812,0.6378214513209887,0.2884454905496855,0.4082703359909344,0.7348524539522474,0.0790701,0.2637215497253706
PRY,2006,0.6050710495337025,0.26597649066264956,0.9593302020437828,0.6450820260340954,0.3750297962023012,0.4135724487859292,0.7222077213401482,0.0796207,0.3014523883281518
PRY,2007,0.6215625679490921,0.3006819403350072,0.9568214003049156,0.6481214523683887,0.322289443334849,0.4198120465256104,0.7062827472462808,0.1121,0.3042276151293809
PRY,2008,0.6335677181676175,0.36886670441313424,0.9593302020437828,0.6772759114123494,0.4034445941283444,0.4275387860217213,0.7018016198344392,0.1427,0.2953630129813284
PRY,2009,0.5679221269441361,0.3997617039418925,0.9618338733051676,0.6627969756094071,0.3400334047149128,0.4256761367755538,0.7100248546310057,0.189,0.3562552511106408
PRY,2010,0.6268048636228187,0.4361343643749649,0.9680707427286704,0.6720898671312813,0.4637537506289717,0.4392487373927279,0.6716026469983711,0.198,0.3352894947070822
PRY,2011,0.6397481740971513,0.4651414115968225,0.977984115274144,0.6884147700893785,0.4114959834624289,0.4434140315875959,0.6633554513300218,0.247635,0.3258517767340897
PRY,2012,0.5699670164884111,0.4843656365614753,0.9730374628066976,0.6918669197809155,0.4539914028754327,0.4403409307736189,0.670310424027229,0.2934,0.3878451761119801
PRY,2013,0.6242451170614233,0.5036741371176029,0.9878178614776724,0.7207285352357387,0.3577150239420809,0.4498162933554243,0.6515134678981184,0.369,0.3663754477206025
PRY,2014,0.604646852779406,0.5270532005335441,0.9878178614776724,0.7111074358247876,0.4476012171447597,0.4552090858424372,0.6570894270566582,0.4300739999999999,0.3688786607700075
PRY,2015,0.5566038138467014,0.555986312885212,0.991485247605356,0.7295121342241482,0.4287261909275482,0.4573192289911175,0.6712912928860564,0.4971629999999999,0.3969332301082678
PRY,2016,0.5836931043007372,0.5453392330117635,0.9804499667021888,0.7160018114402321,0.4317731397353974,0.4612791610201981,0.6700608927928646,0.534041,0.3784255989087314
PRY,2017,0.5730265613093691,0.5442447238451598,0.991485247605356,0.7231523013076477,0.4107189751602537,0.4660329972523923,0.668573943936407,0.610758,0.3845175896642241
PRY,2018,0.5679714592723302,0.5624085586530806,0.9951416808462688,0.7373997954219429,0.3352683049940923,0.468593227527096,0.656321627990823,0.649935,0.4012098952703758
PRY,2019,0.5617339115951573,0.5778847685482984,0.996358069242556,0.7552603720821053,0.3673378089644034,0.4660423559255292,0.6553307680016216,0.685176,0.4133581815802833
PRY,2020,0.5843339421319129,0.5915391205711406,0.996358069242556,0.7200383467323114,0.337173106233676,0.4628853862838898,0.6658280634193972,0.739575,0.3880676160096789
PRY,2021,0.595279755840788,0.5858736302984568,1.0,0.7318835122315679,0.3791643432265644,0.4668438476091799,0.6726902952900101,0.770184,0.3665762852285633
PRY,2022,0.587755297351354,0.592897697865519,1.0,0.7621613560906879,0.4166824861438488,0.4654521401662849,0.6665493179263283,0.762592,0.3804938017710734
PRY,2023,0.6012472722200886,0.5987752796459767,0.9975732503052472,0.7715416948746158,0.4518186328821759,0.4707468828099,0.646389401525877,0.7809480000000001,0.3877905401566217
PRY,2024,0.5840696344396746,0.6200538199562489,0.9929451478755305,0.7721159915109381,0.4446661399525752,0.4749961787147277,0.6401616681638839,0.8157810000000001,0.3987914927140198
PSE,2004,0.5925732602476675,0.4149945261037013,0.9939240827149284,0.729660587249822,0.3130326291302965,0.3288823823505206,0.4012392434547517,0.044009,0.5431463175468648
PSE,2005,0.5460879155646411,0.4449181293913918,0.9951416808462688,0.7281042732840105,0.3300365107847215,0.340697095271426,0.4249522336068767,0.16005,0.5415623713249799
PSE,2006,0.5973658671371801,0.4429799832363994,0.996358069242556,0.7324717148576463,0.3066393572636541,0.3355359740680746,0.3597925065458075,0.1841,0.5559046327873579
PSE,2007,0.5445517208218541,0.4125810715376989,0.9853668199780375,0.7380974613226381,0.3059495802308623,0.3372235924237367,0.3385449307653482,0.2117599999999999,0.5895125309397632
PSE,2008,0.5718128183534225,0.35453062450650213,0.9975732503052472,0.7702696571466713,0.3298751683136415,0.3436297480071421,0.3321398616999723,0.24358,0.5438543210970537
PSE,2009,0.569516714541326,0.3777590200623335,0.9987872264286616,0.7775911773932732,0.5258598238593679,0.3517212702703493,0.338274724169298,0.3223,0.5494909579391086
PSE,2010,0.5463919437594853,0.3974760553491327,0.9987872264286616,0.7751351180415953,0.4049785498341122,0.3561030441136056,0.3669027055077898,0.374,0.5474203703896754
PSE,2011,0.5301093462486572,0.4134549913090148,0.996358069242556,0.7624778829553583,0.4229762677133529,0.3657418637178972,0.3748681175626694,0.4108,0.5851529407764102
PSE,2012,0.5239927367458821,0.4237514565610943,0.9975732503052472,0.7606938007395433,0.317596780479751,0.3707485864686753,0.4072334288793756,0.434,0.5816248225527102
PSE,2013,0.5103265013747478,0.424419463204184,0.9987872264286616,0.7583061205861448,0.3752977887211234,0.3739276335183515,0.365138743403512,0.466,0.5932019437312559
PSE,2014,0.51679271253216,0.4522099761309708,0.9987872264286616,0.7594197130301773,0.3583183937907916,0.370296708912586,0.3495522466441957,0.536652,0.6027262296589545
PSE,2015,0.5050044589264928,0.4917474390063454,0.9987872264286616,0.7696421210159935,0.332898155910096,0.372275012390861,0.3060494116595681,0.5670000000000001,0.6063969717492195
PSE,2016,0.5104691132631229,0.5173294105856787,1.0,0.7693161476152065,0.4092654051714497,0.3813411111877328,0.3300664386264466,0.599,0.5959281640913341
PSE,2017,0.4943237908676294,0.547442534779721,0.9987872264286616,0.7710992038538977,0.3582487229553151,0.3805004374221031,0.3824482614870551,0.633,0.567053909504477
PSE,2018,0.5036038731467979,0.5636377889672213,1.0,0.7713931870911387,0.3682642239495178,0.3785944403873066,0.3837704341740636,0.644,0.5816241936222684
PSE,2019,0.4947228145011121,0.5640738594741208,1.0,0.7829452641403567,0.3341141205687315,0.3769135372965245,0.3618376465017246,0.706226,0.5981427286538256
PSE,2020,0.4961275766391235,0.598290386868454,1.0,0.7754520607388646,0.3174350897592193,0.3558741712075176,0.3234583121129942,0.7601000000000001,0.5900400354018728
PSE,2021,0.4718304742699298,0.5758767573980458,1.0,0.7645750013591761,0.4110527111585046,0.3621430751139817,0.3417630235646303,0.8217829999999999,0.5830602353971812
PSE,2022,0.4524368764689512,0.577694707749671,1.0,0.7615111883681039,0.3895670185235968,0.3644301884966062,0.3336933619128254,0.8864690000000001,0.5570399530924203
PSE,2023,0.4509664553949471,0.6102129744753625,1.0,0.9070760765675656,0.3217735965275728,0.3541908699830186,0.2806284241636242,0.866377,0.5601188210317448
PSE,2024,0.6815142819663691,0.6600877686973486,0.7055290704232445,0.529265915363298,0.3609980999806378,0.3059778391292972,0.5423195431234044,0.39327772,0.4261079515426896
PSS,2004,0.6730044998810747,0.5883874470464617,0.395007607509075,0.5787870537141047,0.68728985691566,0.3733482783711762,0.3332539260280995,0.2993376,0.5053721827840392
PSS,2005,0.6634676024828097,0.616178779705188,0.4268331808130282,0.5845418494517326,0.5456856397908648,0.3751784267530397,0.2718508014533398,0.3353773999999999,0.5567208375792081
PSS,2006,0.6635138816891536,0.6394894068372552,0.4156640462961272,0.5853061000223917,1.0,0.3769372419554221,0.2651016755282758,0.16849364,0.5613256841795403
PSS,2007,0.6631755454591183,0.6413409880281745,0.4592384332988249,0.5842787719423467,0.9601767032354622,0.375546111824757,0.2584732384849475,0.12720674,0.5697099603230071
PSS,2008,0.6553513405272355,0.6569702119226127,0.5203487913312215,0.5822433433634757,1.0,0.376897629359456,0.2699125864306197,0.13315636,0.5638199991097544
PSS,2009,0.6588833523714348,0.6574433158014413,0.4757644377068049,0.5816635358673011,0.7658703383727892,0.3746794946180495,0.2656804579174621,0.27803706,0.5808584961786009
PSS,2010,0.6585333531405912,0.6455183548185247,0.5990951271286992,0.5735154459444545,0.6963157195448784,0.3781863267952677,0.2600906837774733,0.26297628,0.5702402338694716
PSS,2011,0.6602255353648354,0.6301422127500486,0.6159370285161865,0.573391086550398,0.6585903513296557,0.3817137660109261,0.2894772778551137,0.19006408,0.568120682914182
PSS,2012,0.6678743149563527,0.6329491319977153,0.6328589029502081,0.573210150720144,0.6377873919717567,0.3812720275054356,0.2728036525449123,0.21220808,0.5613173609805885
PSS,2013,0.6705619346986867,0.6359669607735567,0.6135682465448863,0.5733153162827065,0.6267753829176662,0.3840023959064255,0.2484359848888697,0.26393708,0.5617550131210921
PSS,2014,0.6526519836313264,0.6388979787073654,0.6769451910159527,0.574021655860502,0.6525255464693307,0.387190794645183,0.2315293356557763,0.19662382,0.545617420225392
PSS,2015,0.6434022504970444,0.6503580592678762,0.7076842468452653,0.584939440393973,0.5372264302308414,0.3909984513907049,0.2319695230604643,0.20373276,0.5566395762234011
PSS,2016,0.6689211122599129,0.6631224446050066,0.7284470259989312,0.5930860681626762,0.6801719075967606,0.3944187732276069,0.2534729868920553,0.17852776,0.5420225171797871
PSS,2017,0.6706501438751752,0.665985362274484,0.7612311754625707,0.6009523200907023,0.6265185804512321,0.3981150654389301,0.2450527848991908,0.19497576,0.5350725591742116
PSS,2018,0.672735360688071,0.675069090144314,0.7699458238262076,0.6083035747592831,0.6835588970945792,0.4001720170106552,0.2350206601975283,0.15788856,0.5302539710110273
PSS,2019,0.683442958474794,0.6920975743426172,0.7937834679522326,0.6153184909503168,0.5717106506520248,0.4002953339572935,0.2628374095594946,0.21610236,0.5472725234554496
PSS,2020,0.7122655203658117,0.7224738058459809,0.8200467663032509,0.5969465432332526,0.534366369090064,0.3830923472133937,0.2748401449242501,0.2653173199999999,0.5378695638358639
PSS,2021,0.7239723958089382,0.733539588946753,0.8126788796739703,0.5935831372246843,0.6651725305953775,0.3774466478445585,0.2637118980327325,0.24432436,0.5277457392424323
PSS,2022,0.6987646033347882,0.7202010812324856,0.8143949598133834,0.6021202943306891,0.4381071078124535,0.3875608477044184,0.2627523186752846,0.36120704,0.5428645612515437
PSS,2023,0.6846342410707034,0.7107525546342139,0.857063607241403,0.6083971701747063,0.4485144462820066,0.3954818905944365,0.2589420510614202,0.45170704,0.5565849963264573
PSS,2024,0.6851930874433233,0.7137258018993261,0.9296674735412942,0.6139333949921607,0.4515986160305655,0.398540897569657,0.2667431191321679,0.7138624,0.5427390737358195
PST,2004,0.2202165659825446,0.8264638555103947,0.997235543740985,0.8189892792761699,0.4234246342173587,0.7219686372895041,0.487684177500968,0.5055894000000001,0.6991964917317602
PST,2005,0.2048147296085713,0.8322845643826206,0.9976512367498154,0.8229320233417312,0.494875076397007,0.7252356492829536,0.4892538345670895,0.5196234000000001,0.6997288398705067
PST,2006,0.1952267121158626,0.8408311255858093,0.9976070875471597,0.8244507325679878,0.5631464903204679,0.7286393559879801,0.4918701998995844,0.5196234000000001,0.6962969209380345
PST,2007,0.1981704175725232,0.8445651879758578,0.9979436132758884,0.8269622065818791,0.652852459117857,0.7314562445327949,0.4886217500807015,0.5196234000000001,0.6958915163756861
PST,2008,0.1975184189610442,0.8342444320606361,0.9980986312924972,0.8330818783639313,0.5267868451067037,0.7311027722700688,0.4824455128234762,0.5199464,0.7018241842808239
PST,2009,0.1879020458537717,0.8418180162507107,0.9983286076749478,0.8425041836411711,0.4159553542109808,0.7253759852254137,0.4492407455118288,0.709063,0.7280553551697849
PST,2010,0.1949832348398293,0.8359703045344191,0.9985463771683294,0.846030420883911,0.4340093433339296,0.7288415978025308,0.4584807546554005,0.6469142,0.7205423305099949
PST,2011,0.2055172372209892,0.8284344643068503,0.9986993580459866,0.8487004997755083,0.4828160871843199,0.7307991250241198,0.4579676818809177,0.6469142,0.7167482843875158
PST,2012,0.20332390439413,0.8294265379871213,0.9988229783251412,0.8503035832965244,0.4353543158342776,0.7319542814532499,0.453094291059213,0.7344716,0.7213820713718423
PST,2013,0.2111530317341505,0.832613963727441,0.9990163353820104,0.8528670192311036,0.4413547522577089,0.733577930649513,0.4481191517252835,0.7058032000000001,0.7202222877801776
PST,2014,0.201973850870615,0.8310391054527007,0.9991761199667248,0.8542054529834373,0.4191976909658783,0.7358614885191316,0.4473623839910023,0.7058032000000001,0.720360243885886
PST,2015,0.1939593357225971,0.8339905326917073,0.9993298993490258,0.8562841767327163,0.5213919007392052,0.7384244934807646,0.4359319278212372,0.7058032000000001,0.7302201314083844
PST,2016,0.189551142413044,0.8370301481950012,0.9994881337625854,0.85835475997811,0.5555231666035418,0.7403642401316141,0.4298156418526523,0.7057692,0.7351183412887646
PST,2017,0.194135016750126,0.8417460302964017,0.999649905602539,0.8590756139293343,0.4833478498688299,0.743376435425389,0.4359730357792579,0.7059092,0.7302189325711734
PST,2018,0.1873652397586461,0.8330277000933923,0.9997837831093964,0.859618624776673,0.3224361776423007,0.7460733768589777,0.4386888401901805,0.7598404000000001,0.7280494531092655
PST,2019,0.1818148067303201,0.8444034537115271,0.9999180844321582,0.861018919038788,0.4242453980261349,0.7482241675847147,0.4315354288087082,0.7057692,0.734428812755585
PST,2020,0.1890659437373971,0.8698270871328249,0.9999665446121306,0.8626239444821984,0.3572093149754086,0.7419252816104197,0.4209640856259849,0.7057692,0.7432980101534107
PST,2021,0.1901075638493431,0.8677183987177398,0.9999858711402994,0.8644827901439857,0.455961267720218,0.7500111798196641,0.4289324934321902,0.7059092,0.734565969738803
PST,2022,0.3842507644223798,0.846049987004859,1.0,0.8699232996326404,0.422125964745401,0.753903975131423,0.5767891585736014,0.7006902,0.5284619932149022
PST,2023,0.1505461521454804,0.8450122444055633,1.0,0.8715742393442751,0.3396105945182431,0.7560304581468692,0.6694483270891963,0.6972415999999999,0.5251750363192014
PST,2024,0.6850590014544261,0.8579525696925498,1.0,0.8739722089631932,0.3814032665734142,0.7577022376189199,0.3081854191576232,0.6082772000000001,0.5971592615535753
PYF,2004,0.1057503552016896,0.6195850824593834,1.0,0.8954297336178882,0.2915300541804266,0.6483265668807395,0.2868145305433805,0.178845,0.7945265188765777
PYF,2005,0.3313662771759428,0.8549279610744375,1.0,0.8959152650525171,0.2929403382411176,0.6466044856916661,0.1310245578367661,0.215422,0.7840707686516893
PYF,2006,0.3247195248284895,0.8549279610744375,1.0,0.897154828260336,0.317955377691251,0.6458262541411152,0.0925077658688745,0.25108,0.7976924083623903
PYF,2007,0.299430794237317,0.8496557416414497,1.0,0.8977356193327554,0.3411882868874688,0.6465180683146073,0.1134985109369491,0.2859,0.7950309120251922
PYF,2008,0.2794812138190289,0.8496557416414495,1.0,0.89842352768342,0.2966818365763783,0.6454742738909881,0.1324302413853418,0.3387,0.7974890246477905
PYF,2009,0.2821846704677394,0.8274594916934405,1.0,0.9107070397001216,0.3056106200706119,0.6386036865437362,0.1471632779343875,0.446,0.7947453867726412
PYF,2010,0.2797647756942459,0.7812807626422344,1.0,0.91254007021706,0.3527759049501934,0.6343884506735883,0.1194066575949117,0.49,0.8019024584578073
PYF,2011,0.2954773042757733,0.7181008900216104,1.0,0.912717332854762,0.4244194021805326,0.6294100820961971,0.1007574907683186,0.49,0.8102398503518532
PYF,2012,0.3051987858712648,0.6768731152459013,1.0,0.9149372315789202,0.4522967699393738,0.6273343527311693,0.1073604822328239,0.5287660000000001,0.8042429685291823
PYF,2013,0.3291556328910605,0.70862847395127,1.0,0.9167765768367078,0.3910593896926057,0.6270408529213368,0.0986880667040534,0.568,0.7993986582377298
PYF,2014,0.3382026923183329,0.7418248493199878,1.0,0.9180858323559178,0.3495331302813337,0.6270259686293812,0.1063862790503991,0.6068,0.7930470322783414
PYF,2015,0.3410817518006904,0.7489559575520736,1.0,0.920332504486775,0.3158006646208491,0.62884558759686,0.1076952397302769,0.645602,0.789141610770534
PYF,2016,0.3404392584487885,0.7142875606445693,1.0,0.9220660081080292,0.3568838359736105,0.6314656698860442,0.1008604951670929,0.684404,0.7894241299218789
PYF,2017,0.331182020098308,0.6924344702160986,1.0,0.9229788880249356,0.3844724271608266,0.6370947205744842,0.0869456168013961,0.7270390000000001,0.7927139683737392
PYF,2018,0.3188722749533025,0.783141906924512,1.0,0.9246349058927662,0.2903196843286893,0.6398350941856014,0.0839047278933099,0.7598404000000001,0.7912447354894073
PYF,2019,0.2783610406005689,0.7353700297782371,1.0,0.925006190252939,0.2977788896582087,0.6440931101052475,0.1015416244971005,0.7598404000000001,0.7934106747516276
PYF,2020,0.2757960994582334,0.7016609243674035,1.0,0.9271203374657564,0.2658597716045485,0.6277801700315971,0.0999040046008338,0.7598404000000001,0.790014429722165
PYF,2021,0.4989718451679327,0.5716934790327752,1.0,0.9270828120837128,0.2562036281696992,0.6322827091906741,0.5723123989864896,0.7563975999999999,0.5121859799381646
PYF,2022,0.1474492177502537,0.5818769874629428,1.0,0.927547794308406,0.273048027979834,0.6361812721003949,0.4910527069749512,0.7707816000000001,0.5211798017135575
PYF,2023,0.1474492177502537,0.5818769874629429,1.0,0.9282005888107008,0.2771327505814307,0.639768775497577,0.6698696168003166,0.7681848,0.5154585952082886
PYF,2024,0.0994151488620525,0.5923599921157381,0.9970864553940446,0.929502446574054,0.2697500040051004,0.6410393105047706,0.2921626352507278,0.3517934,0.7923358520339747
QAT,2004,0.0371062654632733,0.4653933114964619,1.0,0.6837997858094352,0.5299037247338247,0.7944685943250399,0.3985024533900508,0.207016,0.672381846388142
QAT,2005,0.0271054465681034,0.4993400670344243,1.0,0.6822670296832731,0.6493868244597797,0.7954968910516397,0.3963397899413786,0.247335,0.7240867945460594
QAT,2006,0.0246896514860155,0.514034392926525,1.0,0.6751976398963502,0.6581518720872317,0.8053864852538802,0.2661248222199391,0.289741,0.8105971142448337
QAT,2007,0.0221483186898753,0.5465444037372346,1.0,0.5570459957869012,0.66774512583273,0.7978947490496443,0.452037536968412,0.37,0.6868949208218267
QAT,2008,0.025286700618369,0.542288985834138,1.0,0.4562588010488059,0.4973563703305598,0.797399290651163,0.3985024533900508,0.443,0.672381846388142
QAT,2009,0.025004946057297,0.5960683729512407,1.0,0.473847051848523,0.8246796748205887,0.7963714307959274,0.3963397899413786,0.531,0.7240867945460594
QAT,2010,0.0241571280952942,0.565659264530594,1.0,0.5062574934015791,0.5298759363206573,0.8216292802106832,0.0114111080056105,0.6900000000000001,0.9578194914022778
QAT,2011,0.0192668031982526,0.5364113521351651,1.0,0.5400602605982449,0.3204258439696584,0.8391414201574211,1.0,0.6900000000000001,0.0
QAT,2012,0.0187540268986865,0.5210036932583866,1.0,0.5714109522133662,0.2978106316976834,0.837375733982681,1.0,0.693,0.0
QAT,2013,0.0191511133810032,0.5378398085889308,1.0,0.5719155823833945,0.2564999286539542,0.8297332553108844,1.0,0.853,0.0
QAT,2014,0.0237089097102982,0.5698965442286026,1.0,0.5576784921173056,0.3168530795317685,0.8204651448977033,1.0,0.9149,0.0530935028209369
QAT,2015,0.0329468972814315,0.6676321735448169,1.0,0.541291087338816,0.3271102284688117,0.8147488858549562,0.9251281979686812,0.928848,0.3491211060438821
QAT,2016,0.03754109004181,0.6947149646532523,1.0,0.5358069312417666,0.3172145023193801,0.8111465706797131,0.8866387450210089,0.951247,0.4347650949087238
QAT,2017,0.0436537628620857,0.6956332807612652,1.0,0.536111600188044,0.3238522562025823,0.8049848690227875,0.9184952358674277,0.973888,0.3723239733270605
QAT,2018,0.0443652795900562,0.696644642311732,1.0,0.5231974136866111,0.2064137423428775,0.804789143080295,0.9502446049545554,0.996528,0.2904667782465808
QAT,2019,0.0523793145415579,0.7479278214746058,1.0,0.5295820897919875,0.1802368478321129,0.8025628042642287,0.9227042908478196,0.996528,0.3564596002645214
QAT,2020,0.0668518173909684,0.8218134780750836,1.0,0.6837400429605511,0.1743287430833628,0.7889932921767936,0.8783406767322163,0.996528,0.4682266786738706
QAT,2021,0.0595092020917425,0.7945497631558847,1.0,0.7003860468380931,0.2444295326953119,0.8071980901803165,0.946921539472902,0.996528,0.3239744445842634
QAT,2022,0.0517274236586466,0.7489456176473709,1.0,0.7156249689156722,0.2861220826399204,0.804574704359683,0.9900563400661224,0.996528,0.1926372425768615
QAT,2023,0.0574360723071335,0.7799882493923943,1.0,0.7170149332621729,0.2698203346447862,0.8068639028706327,0.9440318149122152,0.996528,0.3235359608684353
QAT,2024,0.0574971905096985,0.7871076788721912,1.0,0.7249111413617626,0.2976854376066309,0.79961994979801,0.932044745722012,0.5118387999999999,0.3491456104836939
ROU,2004,0.6214891016783827,0.33106094867865365,0.9416596607742472,0.5135131492535779,0.8432953171262063,0.4604765886372598,0.630180274044089,0.15,0.3316408071171321
ROU,2005,0.5337467798229864,0.3835982023167801,0.9454677348246712,0.527199801489847,0.7135906312470599,0.4679947212898451,0.6368532831148369,0.215,0.3839286762121123
ROU,2006,0.516407984137539,0.4411707197388671,0.949264000874592,0.5461537936712092,0.8710436943085336,0.4800633154334875,0.6476936475540019,0.2466,0.3898723694083904
ROU,2007,0.4436617079569551,0.5011882512877714,0.951788320985692,0.5498273806635458,0.6606234719360985,0.4923442259036593,0.6669586279740723,0.283,0.4095824777766935
ROU,2008,0.4713470720505436,0.5135174490044575,0.9568214003049156,0.5574789426719285,0.6990613896485363,0.5076797858731651,0.7018764151473861,0.3242,0.3597233773473455
ROU,2009,0.465201518744957,0.5202748555632991,0.960582677672353,0.5759299753848828,0.4573701027410746,0.5006524832067781,0.6970973151865804,0.366,0.3922112247611303
ROU,2010,0.4314625227873136,0.5279259448918145,0.964332435029814,0.5769223696682076,0.4070032750026578,0.4957318917506234,0.7222277434370998,0.3993,0.3477420665962094
ROU,2011,0.4595988290329373,0.5228427634338029,0.9680707427286704,0.5947608637648096,0.3640967776834637,0.5028284084691813,0.7464097906486747,0.4001,0.2748961907380965
ROU,2012,0.405534880628504,0.5138035084739566,0.9730374628066976,0.5944361666055584,0.3947500154570971,0.5062115618221531,0.6690635319243577,0.4588,0.4111490606767791
ROU,2013,0.4439631634266197,0.5023077243472958,0.976749324629734,0.5988344146143958,0.4161981593174435,0.507154570987829,0.633872384794669,0.497645,0.4308508494227551
ROU,2014,0.4224585937288748,0.4810671175802998,0.9804499667021888,0.6004580355283929,0.4100990948963651,0.5135527064977049,0.641509499047058,0.540783,0.4371549216106313
ROU,2015,0.4005395649715177,0.4723801058143768,0.9853668199780375,0.6373284396462652,0.4419861857120406,0.51874639341327,0.6139877561312853,0.557632,0.465918183100082
ROU,2016,0.3945878928194549,0.4620795583292764,0.9890415445582064,0.6448218917388576,0.5036112783596008,0.5236718458734385,0.6027621701337346,0.59504,0.50700196970615
ROU,2017,0.4011063763144518,0.4467846663861882,1.0,0.6451159392531111,0.4683742105113785,0.5359438888887132,0.585912716141136,0.6374730000000001,0.5353017130498136
ROU,2018,0.4040590179740372,0.4384665127807989,0.9975732503052472,0.6509717719784016,0.4816775308329902,0.5444227314627051,0.5858178673127726,0.7068129999999999,0.5332061174681519
ROU,2019,0.3954560434668717,0.4298431399206712,1.0,0.660899153038174,0.4756955739578227,0.5508247705914747,0.562651419188987,0.736575,0.5575072818331752
ROU,2020,0.3844478518605664,0.4398754852694319,1.0,0.6719735382999664,0.377564801893762,0.5463054521431131,0.5417354903251994,0.784553,0.580756262968276
ROU,2021,0.4087639081143141,0.4452788268425664,1.0,0.6734436687372717,0.552692400594845,0.5552797937963952,0.53395397891939,0.8359040000000001,0.5749204562254014
ROU,2022,0.3722061400525429,0.4343573265985436,1.0,0.6802415168156398,0.5369514584352655,0.5617938125321821,0.5595235451854379,0.8550310000000001,0.5877339874782582
ROU,2023,0.3464188284094381,0.4162638025635155,1.0,0.6691363726011733,0.4469979974657152,0.5649387785808965,0.5502823544580586,0.892034,0.5952557214951453
ROU,2024,0.3163231037992505,0.4112261851758286,0.7135231420013345,0.6820610629656553,0.4058078200410312,0.5663328184697908,0.5157610227867466,0.912905,0.6187453340727732
RUS,2004,0.4206922999855699,0.4262223233634798,0.9755132873514472,0.729082977743456,0.4536307026877508,0.4796384628401636,0.6281106133591692,0.128594,0.4326811949531643
RUS,2005,0.3929485313860871,0.4404592464832521,0.9755132873514472,0.7315001987145917,0.4161201872115026,0.4891959260805335,0.6424110577132813,0.1522669999999999,0.3998904856474159
RUS,2006,0.3743385278763064,0.480027216938663,0.976749324629734,0.737733942358398,0.5311748944512455,0.5011101162609698,0.6293299920819231,0.180233,0.4162463905283381
RUS,2007,0.3702615860361927,0.5249468113527798,0.977984115274144,0.7487023638839395,0.5637956874444348,0.513199234366242,0.620542930060833,0.2466,0.4329380433586174
RUS,2008,0.3689827870969914,0.5464204442048933,0.979217661796788,0.7535695288434808,0.5770549121972646,0.5206208265850721,0.6135867507514591,0.32,0.4333314233285493
RUS,2009,0.3850397064945376,0.5657518609659649,0.9804499667021888,0.767766252045029,0.4787475725875662,0.5087899289845536,0.5895329296331283,0.4255,0.4851522001568503
RUS,2010,0.3475042876450507,0.5533114097991365,0.991485247605356,0.7698218363947796,0.4682504259350138,0.5151135589718258,0.6007560647769044,0.49,0.4744912510495215
RUS,2011,0.3366574595561883,0.5472053865112722,0.9902640057882316,0.7728394203643935,0.4592390032681255,0.5210530490400324,0.590992570055765,0.58,0.4856613031758712
RUS,2012,0.3233867280474832,0.5589127728504376,1.0,0.7735271850758603,0.4331054427502779,0.526414224839482,0.585738968597849,0.66,0.497255555984878
RUS,2013,0.3274556902659918,0.5791825377071637,1.0,0.777144921353626,0.4805227247284845,0.5285082385808689,0.5700073611073301,0.6797,0.5229622532478065
RUS,2014,0.3484196391012489,0.6092775043141798,1.0,0.7816528433136807,0.3536482026883927,0.5268705651406024,0.5654344939618453,0.705176,0.5160691649879413
RUS,2015,0.3749162313840852,0.6138734455887266,0.9441996924325458,0.7842001731243663,0.316730549749225,0.5235285669171149,0.5973528780980344,0.700992,0.5232905572468898
RUS,2016,0.3733015475663496,0.6019931873651,0.9927052724399016,0.7866309865699785,0.4498765619191494,0.523397178805323,0.5869448130962,0.730914,0.5368575788291885
RUS,2017,0.3587479077578798,0.5975623188291845,1.0,0.7938550320097473,0.4020815835631495,0.5257209411176319,0.6117553812677885,0.760081,0.5215645377246916
RUS,2018,0.3502525338729182,0.5938997677291983,1.0,0.7954887677654565,0.3185171712754227,0.5296113548995408,0.6412698284057641,0.808647,0.4795972841371677
RUS,2019,0.3575231420737804,0.5996669317495378,0.9975732503052472,0.79596112873114,0.4069250963533255,0.5326876117707205,0.6350757959046321,0.826422,0.4917918113162347
RUS,2020,0.3813487031819963,0.6281807460015766,0.9987872264286616,0.7968783512028068,0.3253368972764208,0.5289729167520779,0.5960731169876666,0.849947,0.526904978867253
RUS,2021,0.3648447547457586,0.6084883730723403,1.0,0.7973598584055636,0.4279359406511371,0.537729441172161,0.629419544972446,0.8821380000000001,0.4923214128703759
RUS,2022,0.3516614058000579,0.5518127755010463,1.0,0.8003228494529309,0.1709899424655241,0.5361281176907947,0.6363034858903007,0.90418,0.5072360774637883
RUS,2023,0.3261766303318978,0.5352030094603437,1.0,0.8066245913478826,0.2524626196954423,0.542346826013813,0.607454355404577,0.92245,0.53256148358089
RUS,2024,0.3120392411767405,0.5188143142098168,0.9861914911176586,0.8084094111130552,0.2560284648545779,0.548813905981829,0.6125113259310934,0.94365,0.5447683251415674
RWA,2004,0.8443329333823771,0.22971586104704705,0.0,0.0293463778597723,0.3051072178568106,0.0741461595955389,0.2489503525649301,0.00430854,0.277431138332472
RWA,2005,0.8435139568850125,0.23974490364140655,0.0,0.0679362567515944,0.301678313414404,0.0832756649910692,0.2607875170260869,0.00556041,0.2791085620485949
RWA,2006,0.8163098514915215,0.26780708436640355,0.0,0.1084924881889917,0.3440941558359509,0.0921968154851868,0.2883590332493544,0.001112082,0.3324928696386558
RWA,2007,0.7837712658354619,0.27255361754906865,0.0,0.1422251212365659,0.415576135002349,0.0989994449994055,0.3150201671299162,0.0211539,0.3888203112412671
RWA,2008,0.7721465609096548,0.29505681288674873,0.0,0.1851626242078582,0.4125381375851355,0.1105215378020795,0.3012887218239465,0.045,0.408929011579736
RWA,2009,0.7774246418745852,0.25650398195413887,0.0,0.2108240044314654,0.4201217435915611,0.1155662667428866,0.2839510999072946,0.077,0.4125005275539273
RWA,2010,0.7677967687176301,0.26272019633654653,0.0,0.2402764150460083,0.5137402118067439,0.1221660470296711,0.3032155427896988,0.08,0.4190363035898517
RWA,2011,0.7632579825456001,0.29346824801015703,0.0,0.268479352292748,0.3900096000522309,0.1297090053482197,0.3548118566258217,0.07,0.3833602533808876
RWA,2012,0.7720070296316455,0.3306411895507492,0.0,0.2964394920583595,0.5132442767215328,0.1382520892532277,0.3563484704306748,0.0802384999999999,0.4006659849859211
RWA,2013,0.7734361400544468,0.33697787965050446,0.0,0.3065430541930056,0.4785650275315244,0.1414530446932553,0.3398902993904109,0.09,0.4176504810606735
RWA,2014,0.77129232345593,0.3552457742726484,0.0,0.3188518632365203,0.5320476955773112,0.1466236976252818,0.3380879297925845,0.106,0.4073475343940699
RWA,2015,0.7646346359746224,0.3937211033217923,0.0,0.3409736899401062,0.4074837661614574,0.1554561609941886,0.3351918551096737,0.125,0.4166277620741036
RWA,2016,0.775564471633465,0.3881357823849798,0.0,0.3537537613834037,0.493397620714557,0.1604275333834417,0.3179976322121771,0.146,0.4085429705440623
RWA,2017,0.7861985874293153,0.3894173411949636,0.0,0.3670391825549244,0.4767568048894238,0.1625989098128248,0.3306668323963837,0.172,0.382971532844292
RWA,2018,0.7706826538806363,0.3978934026584574,0.0,0.3818299619141407,0.531291340755528,0.1710901192296385,0.3325034086211735,0.192,0.4156797633184924
RWA,2019,0.7605879091617538,0.39851936118819,0.0789779975507632,0.4267041949718921,0.4495121029245232,0.1808718771945658,0.3730821895387642,0.21358,0.4051493728951596
RWA,2020,0.7888907057811496,0.4328433162460623,0.0424291694004355,0.3499368447124862,0.3816394353496293,0.1726445828256253,0.3672161709025778,0.238,0.3588008696137502
RWA,2021,0.7654892351354701,0.4354238968587725,0.1318334639400295,0.2863225818044516,0.4211173850226166,0.1844142941815505,0.4124161671695704,0.244416,0.3787514389421775
RWA,2022,0.7731292285688419,0.4123793141032052,0.177765013637977,0.3033265670520144,0.4331325281987064,0.1926139702705442,0.4315436298054573,0.312252,0.3567231909412859
RWA,2023,0.7885128308892075,0.4075539280011647,0.4585275878460342,0.3728958673710436,0.4918349959273465,0.2009213570626599,0.4183663381092622,0.342005,0.3423398806055642
RWA,2024,0.7702918930929257,0.4100682414820864,0.2953988924750291,0.5515468259776888,0.5456473869702129,0.2101673929141069,0.4245193796102423,0.07446862,0.3769555246256953
SAS,2004,0.6985232421803791,0.5096437287360225,0.412086938819737,0.2213820498456884,0.3339729207238862,0.1829381784610044,0.5761841077979714,0.02275228,0.3333215624910469
SAS,2005,0.6951855783849247,0.5318330558757437,0.4948379912643389,0.2322110577752751,0.3432756332895037,0.1913480276474332,0.5831239982431669,0.021,0.3377708958574669
SAS,2006,0.6846874688917557,0.5511047624791373,0.4961448314383343,0.2380862269569026,0.4141243461081045,0.2001980905945838,0.6056515248555268,0.026,0.3302211546061981
SAS,2007,0.6836200696103657,0.5617807378880477,0.5561150263285027,0.2418199534590425,0.4134570815810512,0.2086510957391009,0.6067235665225688,0.037,0.327639695726819
SAS,2008,0.6844814343861405,0.5786493966840446,0.598794610692289,0.2444172583234645,0.504622250127448,0.2116297338041891,0.6086762411317498,0.0409999999999999,0.3625151927147556
SAS,2009,0.6832836716246319,0.5731927960040466,0.6189545093021479,0.2481387411945766,0.444672791071508,0.2199901745640325,0.6092747719448073,0.049,0.3644892861320776
SAS,2010,0.6850627369839584,0.5845369223623349,0.6368595353669843,0.2512477941761906,0.3866482290347506,0.2294328530057198,0.6026432565259562,0.071,0.3451504532906836
SAS,2011,0.6869691694329095,0.5886982128835667,0.6884709977964446,0.2673860816323558,0.4089415757137807,0.2351964593145422,0.5942343850597239,0.094,0.3525407127323496
SAS,2012,0.6813203595790787,0.5911899692496786,0.7057088751280653,0.2833363115149743,0.3689789462563712,0.241274432081762,0.5840864237390457,0.104,0.3680375691354409
SAS,2013,0.6837095324373106,0.5922998297202229,0.7425756955283119,0.2984597505783971,0.3831125529798794,0.2482855791457737,0.5695908572938596,0.1169999999999999,0.3764336181330766
SAS,2014,0.6791821270595507,0.5911991708104235,0.7721408427671185,0.3154293284245768,0.3915880585233616,0.2566871893691341,0.5577176564511422,0.13,0.3953245475733486
SAS,2015,0.6709393273443469,0.5920524352562238,0.8247946175829856,0.3330547843469926,0.4130659701244698,0.265770565590853,0.5527191324105354,0.147,0.3953658578387773
SAS,2016,0.6706021842751694,0.5786844604137344,0.8495189054056359,0.3487756147690718,0.4012499855060231,0.2752293741900243,0.549490288319133,0.167,0.3915546348637831
SAS,2017,0.6725874825850632,0.5791156723973995,0.8910241120712751,0.3669862710026762,0.3766629820423918,0.2831370643944663,0.5478492170530982,0.188,0.389542354932914
SAS,2018,0.6652087454654708,0.5856935494761425,0.9355318065474584,0.3811656917007525,0.3804090141467082,0.2906010715351809,0.5474755590860514,0.209,0.4016227506885079
SAS,2019,0.6731391770531162,0.5868117806858452,0.9438176959822204,0.3931278120686529,0.390748969041232,0.2949473530446534,0.5196548919092464,0.297,0.4277224031921454
SAS,2020,0.6946525854728274,0.6016555648855583,0.9555821855520544,0.3526746513836283,0.4212177860244823,0.2861162359955297,0.5296382609256616,0.425,0.398143930766339
SAS,2021,0.6804913605492838,0.5856478839775044,0.9923310116435344,0.3492090045008161,0.3678678200676034,0.297725077287026,0.5514310585634729,0.48,0.3943458612641454
SAS,2022,0.6699752469979259,0.6044016647191819,0.9889132556288048,0.3423658531367484,0.3721567329170419,0.3065097820487655,0.5359116289391239,0.542,0.4226461722149309
SAS,2023,0.66609797103047,0.6249948210491365,0.9928124419536456,0.3459989124860506,0.3321478610206231,0.3170764000704497,0.5324696046123459,0.583,0.4206769846939108
SAS,2024,0.6676300847305225,0.24706698402994146,0.5712966224842023,0.3594973539456721,0.3274348287301446,0.3245628877674819,0.5195236202897018,0.628,0.4261105360904767
SAU,2004,0.3746837629320115,0.4900412349956113,1.0,0.80431708615805,0.2756120526241428,0.6458282434204569,0.9186514783118852,0.102345,0.1920718566314411
SAU,2005,0.338641238151163,0.5103865161923654,1.0,0.8057679443431632,0.3709126782014967,0.6477842064728446,0.9614211329082404,0.12705,0.0896075706919018
SAU,2006,0.3230178426457195,0.4993600648207739,1.0,0.8079234724334152,0.3872071687672583,0.6463020272440346,0.967901572266152,0.194596,0.076946692875126
SAU,2007,0.3119879634209789,0.5206583332775921,1.0,0.8084139399957269,0.3806369072468653,0.6434570815917385,0.9691596006713628,0.3,0.0781035103648826
SAU,2008,0.2814377456894703,0.5243536970647412,1.0,0.8092202206796248,0.3529570945319047,0.6463926855403609,0.9983200091456148,0.36,0.0
SAU,2009,0.3175087627358473,0.5675901755651794,1.0,0.8130805928070387,0.2906389596100824,0.6391533378316646,0.90004867596101,0.38,0.2621373748524518
SAU,2010,0.3039775471699431,0.5330427620646494,1.0,0.8114523110200512,0.3441331413244308,0.6477306955922465,0.9302726724510986,0.41,0.1941663368604259
SAU,2011,0.2710923342408405,0.4987200241485519,1.0,0.809734929201938,0.3288045022390995,0.6572798918749162,0.9722583532784472,0.475,0.0853677261967071
SAU,2012,0.2641249358083812,0.5113352720011363,1.0,0.8108183593974991,0.3276000322736916,0.6593107061955495,0.9630954757510268,0.54,0.1141595259898718
SAU,2013,0.270709691236696,0.5321602481263155,1.0,0.8132337525868274,0.3125248553142657,0.6556696305165276,0.9383448961882244,0.605,0.183666278319717
SAU,2014,0.2804736124498984,0.5518126538095933,1.0,0.8137409661800132,0.2964975065608976,0.6578402209100359,0.9138390006418656,0.6471370000000001,0.2416256950424715
SAU,2015,0.3126942719966973,0.6005241925712599,1.0,0.8145985810722367,0.3212870478208482,0.6569158242209597,0.7982110950709459,0.6961620000000001,0.449676102526143
SAU,2016,0.3228998681618689,0.6073772784437041,0.9987872264286616,0.8158465879676624,0.4913118958294309,0.6539323459825616,0.7744376124888801,0.748793,0.4816097500654738
SAU,2017,0.3178087920066968,0.588948563513499,1.0,0.8168948122152018,0.2929239737966981,0.6555296199596808,0.8014404835270341,0.941756,0.4460603911225314
SAU,2018,0.2900620548399881,0.7870207973303417,0.9987872264286616,0.8304890675693066,0.3731448027534964,0.663846644420563,0.8454745553204085,0.9331,0.3482414730029716
SAU,2019,0.2928316942265948,0.8011271598386274,1.0,0.8413874232867661,0.3065653300970414,0.6668626841227169,0.8106493710741512,0.957247,0.404531209504204
SAU,2020,0.3251740720125489,0.7233172038403103,1.0,0.8530231411017665,0.2977603132022256,0.6542164716272686,0.7221382668512099,0.978623,0.4985141193629078
SAU,2021,0.2924365587661624,0.8308047752537421,1.0,0.8846164482601845,0.4717798612901653,0.6669617412686363,0.8132038923250812,1.0,0.3440203649370236
SAU,2022,0.2757286491995833,0.7754036335661144,1.0,0.9037566518917962,0.424309679941507,0.6769984918141639,0.8858678831995521,1.0,0.2296804970669211
SAU,2023,0.29309709938519,0.8384410820286137,1.0,0.8552841570694828,0.4058052706293101,0.6710513296407273,0.8308507957803393,1.0,0.3237053968436061
SAU,2024,0.2984190680736334,0.8437133014616014,0.9990293001220988,0.8566376318373825,0.396025883271093,0.6671983647047665,0.8019364052098776,1.0,0.3681152287650826
SDN,2004,0.845088965460372,0.1328928300237406,0.0,0.495397178501234,0.6530817611563935,0.2333138524702568,0.4348785978519259,0.00791562,0.0
SDN,2005,0.8395334816525115,0.1820039183066949,0.0,0.4981271725823897,0.5728966532938189,0.2372535475483993,0.4475288497825745,0.0129204,0.0
SDN,2006,0.8297136618956269,0.2543591446176933,0.0,0.5061173889239596,0.548837200324103,0.2423218057949331,0.4693564182654967,0.069880404,0.0
SDN,2007,0.856145762215984,0.22932241336714335,0.0,0.49273572848765,0.4487321829147619,0.2461768410848034,0.5362730897760084,0.0866,0.0
SDN,2008,0.8594756790366017,0.21986180376221726,0.0,0.5051747783389291,0.4499618045647383,0.2471793751541845,0.5702885779842718,0.15571488,0.0
SDN,2009,0.8416627478952932,0.2639621238063257,0.0,0.5186327080670893,0.5016588868316268,0.238496397083561,0.5234274116724016,0.069747204,0.0
SDN,2010,0.8299468611921326,0.24363660462261735,0.0,0.521887253956493,0.5118028389297413,0.2395930198863926,0.4286065331925002,0.069880404,0.0
SDN,2011,0.7989509551495245,0.21789412950387704,0.0,0.5316922130316205,0.489174835832709,0.2478698772676789,0.4094929236051722,0.1259092,0.18037217193118
SDN,2012,0.8435071523802505,0.2709305458070109,0.0,0.5372632609572825,0.683748509405912,0.2370301281801295,0.3399087301623826,0.1461511999999999,0.3488544335638454
SDN,2013,0.8130718225426647,0.24394024865110334,0.0,0.5453253735908117,0.5393364501580205,0.2364887511384431,0.4072497764058741,0.1224,0.3445201326482562
SDN,2014,0.8354857592080321,0.19069050752234876,0.0344532791712482,0.5494150920363612,0.448476383659261,0.2391683286022096,0.3530111328006192,0.1821892,0.3489016946700564
SDN,2015,0.827790367922777,0.19003413472164635,0.1144672887936366,0.5550616802235704,0.5014751624644546,0.2374933939003726,0.2955483190731112,0.1514984,0.3992067969585416
SDN,2016,0.7548590515989712,0.19243095785624703,0.1753900471897185,0.570123184796506,0.4464161191062326,0.238028313996874,0.3326323634544973,0.141,0.4237317417220309
SDN,2017,0.736819798850043,0.19666074923435015,0.2334243627319419,0.5785890454237771,0.4519551274472257,0.23402854449332,0.3116605214210112,0.186,0.4449451066727752
SDN,2018,0.7448658926101267,0.21930289588620705,0.2844902978481015,0.5869120868031632,0.5126260867783323,0.2250274713167385,0.4200726815617314,0.246,0.4436784597961056
SDN,2019,0.7250964976992337,0.21521818384105945,0.3335112600938448,0.5895794307543905,0.4501218928278038,0.217575972096634,0.4421558517048209,0.259,0.1718248878113813
SDN,2020,0.7268571419414833,0.1840252197065845,0.376617458231559,0.5654521169547525,0.4566080456266391,0.2083150735842293,0.4767769252131635,0.264383,0.1388658647885865
SDN,2021,0.473141641475257,0.14831955324136112,0.418257408970659,0.5564973484400115,0.383432825155076,0.2016726593043508,0.0,0.2255992,0.0
SDN,2022,0.4257608855976068,0.11645418461462761,0.4452508291652521,0.5631939512905972,0.3562597077129033,0.1963588342881049,0.0,0.1335296,0.0
SDN,2023,0.8182202211885558,0.4170841178407313,0.4975152511059333,0.3219215971160677,0.3734400625025346,0.1438933020098279,0.5725445439359416,0.02232842,0.2550618884296934
SDN,2024,0.746806643637326,0.09797569795056701,0.3993569369325662,0.5520581932960946,0.4959405814496619,0.1209231191081727,0.4730581179717095,0.036146172,0.4997916961739927
SEN,2004,0.6461962435069051,0.31063524786858626,0.0,0.4893131265660977,0.3728773121313254,0.2138792144916689,0.5121019524810221,0.0438602,0.4328677178224022
SEN,2005,0.6610723060656539,0.32891348140027693,0.0917711632793278,0.5013860088240318,0.3833008858113249,0.2166068784156484,0.4841607219398614,0.0478667999999999,0.4156218323969001
SEN,2006,0.6331954068923262,0.33093362297069057,0.1610426780719558,0.513111076931031,0.4452694660755993,0.2165722072039962,0.4786038167818171,0.0561174,0.454271055255466
SEN,2007,0.6133557799604361,0.33668289439736765,0.1169633035626708,0.5245758493639329,0.4474657947069406,0.2172467508161627,0.4831944920181293,0.0689,0.4761615064666192
SEN,2008,0.6536823118778042,0.37010168994264625,0.1562226134989671,0.5345771919343822,0.4599995386251794,0.2191274488284375,0.4498698908443501,0.0712,0.4816353774371169
SEN,2009,0.6743611543052295,0.3764446149023923,0.2447082658360229,0.5450959946300862,0.4176292758510763,0.2196340541880727,0.4480714760528183,0.075,0.4619717091257737
SEN,2010,0.6720857771344065,0.3970016575794599,0.3103111808197331,0.5607939482748387,0.3938613938608075,0.2210086436607744,0.4430523028434873,0.08,0.4629153234984631
SEN,2011,0.6256549979962033,0.4221460942840644,0.3103111808197331,0.5764157089298244,0.4077420187794524,0.2192643900273952,0.4763129602454926,0.098,0.4851057576094035
SEN,2012,0.6445576405032136,0.4272811475580451,0.3103111808197331,0.5937223401895388,0.3857847983470764,0.2210743195658194,0.4722061500251663,0.108,0.4846511280388531
SEN,2013,0.6385956120012906,0.4438216765382909,0.3209112021886749,0.6093168311040459,0.3911302768574817,0.2202335318070335,0.4966984521361848,0.131,0.4673784136881933
SEN,2014,0.6327579243401384,0.4521467043377299,0.4025611065361831,0.6344176721944281,0.4165317624748693,0.2243967870149344,0.4730712197379646,0.177,0.4825577587000825
SEN,2015,0.6474599294309553,0.452046545237184,0.3926477339907097,0.6549821027574692,0.4338311234070842,0.2288965371274695,0.4823906426312092,0.217,0.4461155092412968
SEN,2016,0.6495020374883609,0.4560479478849428,0.4697941841058011,0.623584374110636,0.4454904004946971,0.2335144661410656,0.4771104896451291,0.256648,0.455167575733691
SEN,2017,0.6581309804667821,0.4705829510630829,0.4163063411152686,0.6487701059071804,0.4663647490183341,0.2396910185386854,0.475714032631367,0.296431,0.4585980458831145
SEN,2018,0.658212812841069,0.4697271993963895,0.4975152511059333,0.6673221254785359,0.5227110205953266,0.2443669845283308,0.4909879644024359,0.353,0.4586311465023333
SEN,2019,0.6568479828447112,0.4694622691952552,0.5753868291597581,0.6796682055926814,0.580294705073652,0.2469674714655151,0.4818953998599029,0.434,0.4378212289730359
SEN,2020,0.6749325712893266,0.467864704536397,0.4660501603312246,0.6359979864582679,0.7736777508489453,0.2450819127075779,0.4742652804192183,0.533088,0.4303578387743246
SEN,2021,0.6664760756246194,0.4723632797181801,0.5335265184045285,0.5951981850128218,0.896047539392997,0.2505945025992991,0.4889188901399747,0.572554,0.4303422976535936
SEN,2022,0.6774848984204691,0.4888428969816505,0.531750891087989,0.5581127385840196,0.9700340414430104,0.2524955202493885,0.5088061448449871,0.592246,0.4175727397536761
SEN,2023,0.6918708305047461,0.4836653804750024,0.6388706311866367,0.5636997756016875,1.0,0.2550803788951364,0.4674493960604557,0.606122,0.4138575869855754
SEN,2024,0.6815913190706229,0.4672940914730109,0.7906532422012373,0.5743661848544557,0.68400980519384,0.2602495943413748,0.5110353296885312,0.3156962,0.3927036347774229
SGP,2004,0.0101895049410138,0.73647432580369,1.0,0.8654603754535655,1.0,0.7351143911565251,0.6309759397763938,0.62,0.6260868965057781
SGP,2005,0.0100537407600054,0.7203595931590507,1.0,0.8698203264329091,1.0,0.742019728637694,0.6234814610652156,0.61,0.6400029132511872
SGP,2006,0.0086522911392483,0.7073368098848429,1.0,0.8746161642213093,1.0,0.7499955583546992,0.6153126290428518,0.59,0.6510259002105412
SGP,2007,0.0072849196998798,0.7102083135118962,1.0,0.8722779344449261,1.0,0.7564863133834022,0.5706113189183449,0.6990000000000001,0.6667455221901619
SGP,2008,0.0069563987138424,0.7415282921110344,1.0,0.8711752972332254,0.7410942390924149,0.7514418023377162,0.5378956994307013,0.6900000000000001,0.6971394967659421
SGP,2009,0.0067858913351639,0.739168205523662,1.0,0.8803930558959204,1.0,0.7472495254172725,0.5489894032822678,0.6900000000000001,0.6927011606285551
SGP,2010,0.0057436617214494,0.7343818233369801,1.0,0.8873627678574934,1.0,0.7643576876922559,0.5419945933163025,0.71,0.6905832378613168
SGP,2011,0.0053886769580968,0.7570102927965134,1.0,0.8951396026083502,1.0,0.7700835345854345,0.5158606310197317,0.71,0.7058403233704789
SGP,2012,0.005080825172058,0.7744447927784591,1.0,0.8980358860237131,1.0,0.7728220280922863,0.5112147057660441,0.72,0.7082162209112595
SGP,2013,0.0053351125962894,0.7959408490516555,1.0,0.903408187690225,1.0,0.7773014356999094,0.4791799761382075,0.8090210000000001,0.7278724913819495
SGP,2014,0.0053732924293909,0.8033418922893015,1.0,0.9194507564758972,1.0,0.781019864507864,0.4941498695670798,0.790292,0.7226391877823465
SGP,2015,0.0049286492748086,0.7928771055601568,1.0,0.9217169307983404,1.0,0.7835557514866852,0.4965732469406944,0.7901300000000001,0.7176611504641864
SGP,2016,0.0046763008966181,0.7948596177182421,1.0,0.9302001587970352,1.0,0.7870128912982935,0.4741365959821051,0.8445229999999999,0.727669283388451
SGP,2017,0.0045010829520223,0.7898844078202734,1.0,0.9322415924065572,1.0,0.7932416336446287,0.4803070199045063,0.8445229999999999,0.7231839443427905
SGP,2018,0.004351494165164,0.7838598622785738,1.0,0.9311031918492126,1.0,0.7974861200097757,0.5182092317900715,0.881656,0.7101313750497535
SGP,2019,0.0048451844812984,0.7872704656424275,1.0,0.9390173506221192,1.0,0.7977115183015776,0.4921582441194308,0.889493,0.7283700616450883
SGP,2020,0.0049756915962942,0.8052359767036175,1.0,0.9400465052521656,1.0,0.7925185038039381,0.474954383602753,0.920043,0.7444914217046696
SGP,2021,0.0044519855419722,0.7922220660326268,1.0,0.9428509280374742,1.0,0.812085971829623,0.5031272897510748,0.969247,0.720427451639276
SGP,2022,0.0033912826729343,0.7922220660326268,1.0,0.9421031946816076,1.0,0.8131271162324297,0.4874389088227943,0.959539,0.7383120656415643
SGP,2023,0.004057950555872,0.7922220660326268,1.0,0.9474126082002056,1.0,0.8086949748062867,0.4512924010928723,0.942852,0.7516862035375005
SGP,2024,0.0037307936325274,0.7922220660326268,1.0,0.9449712600068876,1.0,0.8120336103549396,0.4340137633994325,0.943776,0.7557998093364234
SLB,2004,0.8553220002059927,0.3105115518930858,0.0,0.5979026772827634,0.2422301685043522,0.2742062328957789,0.0553021577644148,0.0064967299999999,0.1800664745856876
SLB,2005,0.8255020158175803,0.32569620792335807,0.0,0.6034066217447065,0.2904732492718623,0.2819420218303335,0.0009904087309197,0.00844308,0.3327279753482313
SLB,2006,0.8214038901730363,0.36619836568569686,0.0,0.6046106984774063,0.7511714518010939,0.2852888306449451,0.0383235570821341,0.0164635,0.3599542913250229
SLB,2007,0.8223095256902874,0.4164321806042245,0.0,0.603845365233388,1.0,0.287970475065869,0.0699854349624038,0.02,0.3797917231442991
SLB,2008,0.8276565146169282,0.4345478104227157,0.0,0.6027911148360853,0.9142254503462064,0.2942500651147158,0.0828887732332986,0.03,0.3865131214852392
SLB,2009,0.8194076993711517,0.4211637517922605,0.0,0.6042743374373809,0.6765162179775324,0.2957058389124712,0.1491082484732261,0.04,0.4005435910454301
SLB,2010,0.8343487764132823,0.3887880317588218,0.0,0.6016221439531686,1.0,0.3050552992767296,0.1930765398437795,0.05,0.3935168280024783
SLB,2011,0.8368858884122679,0.36980966390197584,0.0,0.5994185741421301,1.0,0.3101152894071274,0.3675406273437164,0.06,0.3498149466412434
SLB,2012,0.8404933372242196,0.3798535182506296,0.0,0.5994692797602214,0.4151530573825097,0.3083271425830062,0.3568744556398051,0.069974,0.3798360357483157
SLB,2013,0.8424309313185477,0.4679248524681728,0.0291070050853596,0.5992908570673221,0.5544521760895722,0.3104342973943591,0.2827005847887612,0.08,0.424323003055803
SLB,2014,0.8501558783881347,0.484895938907575,0.1753900471897185,0.6022903307166833,0.3864566600349587,0.3068901831695744,0.3186773502159097,0.09,0.3872819296182317
SLB,2015,0.8396947876325763,0.4945739619359308,0.2801333721817598,0.6095769052804977,0.4443567062075059,0.3041022884485337,0.2797536657455136,0.100005,0.4401943012727641
SLB,2016,0.8480723450229716,0.5026448214585896,0.3459829620368818,0.6127335520123562,0.4601960751951492,0.3068266946161883,0.2798851993032505,0.110009,0.4151302765901994
SLB,2017,0.8400926008247934,0.4960146274529777,0.4395164167136791,0.6175375478842724,0.4739035289129467,0.3062071091486275,0.3394864786977878,0.151,0.4091491864039049
SLB,2018,0.8448330434367682,0.4782461330203678,0.4938551741792366,0.6216015748646538,0.3847039711589799,0.3052625235350813,0.3394644196682198,0.209,0.3880605149215445
SLB,2019,0.8358203783517486,0.4785453451363921,0.5581186328714194,0.6275229057544164,0.4158045082173033,0.3039329582356099,0.3535694958322605,0.263406,0.4064645234456961
SLB,2020,0.8458604998393613,0.491513690982185,0.6175208847200169,0.5997217572686305,0.3220655172283911,0.2957202852285402,0.3295742776341414,0.331974,0.3968210609879308
SLB,2021,0.8483328437208387,0.4932955967063423,0.6725910462932878,0.5917813942649427,0.4006192203177903,0.2919054107995337,0.3583680152314845,0.418392,0.3712041335389315
SLB,2022,0.8307991034455434,0.505809819166283,0.6678303345777977,0.5972825434664623,0.4647001519624052,0.2846335300066046,0.3843126978309926,0.42094,0.3994548658798322
SLB,2023,0.8201183872498419,0.506318200121226,0.7493263589384919,0.6013145515330097,0.6249283926591223,0.2852220845011098,0.4363834356865387,0.424597,0.3845896014733437
SLB,2024,0.8139920801075369,0.4990663851681204,0.5429535267046475,0.6065120680049915,0.4194701135019494,0.2860675101535378,0.4777115314234112,0.3775476,0.3652395741925876
SLE,2004,0.9306067931841974,0.0,0.0,0.1886729994633201,0.461902729887251,0.1732343613072823,0.1533158933583777,0.00203008,0.16014672823318
SLE,2005,0.9352990203281106,0.0,0.0,0.2015960637066511,0.5160111557081122,0.1755134641492969,0.1327940851675378,0.00215392,0.1553584294492878
SLE,2006,0.796396575568981,0.0,0.0,0.2169584689081158,0.4014088665127952,0.1783948032347776,0.5156254314065513,0.00227669,0.3204899976784026
SLE,2007,0.8034603444785702,0.0,0.0,0.2417472830778456,0.4550433134430033,0.1805480352616955,0.4973938927493324,0.00239835,0.3244136119777475
SLE,2008,0.8082703381756715,0.019064250397133293,0.0,0.2619511830921684,0.3671257768598214,0.1821759454468094,0.4576507064422894,0.0025,0.3486855567817266
SLE,2009,0.8197121489164038,0.09701785051291321,0.0,0.2750739383375438,0.4658077305173968,0.180473454200064,0.3867500599441045,0.0026,0.3739484719195726
SLE,2010,0.8202468130677915,0.08241158323586341,0.0,0.2982821541341783,0.6479894886476683,0.1854618959200284,0.4079323732407305,0.0058,0.3523383442397462
SLE,2011,0.8279968955870817,0.0786942979832706,0.0,0.3186598984563667,1.0,0.1929723853670353,0.3937519041022852,0.009,0.365729768043937
SLE,2012,0.821110608210005,0.02195643311658079,0.0,0.3546532389592978,1.0,0.2038815298202921,0.4809975386060145,0.025,0.3083817977695803
SLE,2013,0.8170551292421434,0.00643246588199869,0.0,0.3920535782771607,0.656716170618522,0.2201619454753413,0.5381762215961036,0.04,0.2583790957407642
SLE,2014,0.8303252540960321,0.00990611873554899,0.0,0.4143542690705992,0.6016149795908987,0.2048957948174555,0.4124261467799269,0.0605729999999999,0.2628927673171707
SLE,2015,0.8470999743917158,0.018431586704211994,0.0,0.4196687094025129,0.5260302690253816,0.1950643181610074,0.3123991792575525,0.0634442,0.3433992897290872
SLE,2016,0.835155207502725,0.027346358454826195,0.0,0.4627452136562028,0.4321837806405939,0.200696865233109,0.3895774785139239,0.1177319999999999,0.3245862212809556
SLE,2017,0.8404529486939972,0.017380836412159192,0.0,0.4992848137449178,0.7522955213826925,0.2018159546703714,0.3895453328010736,0.132369,0.3238583331391536
SLE,2018,0.851667083617045,0.033539307304115695,0.0,0.5217233005790579,0.4730793454159845,0.2025489702659436,0.3369643835882119,0.144223,0.3072110803574959
SLE,2019,0.848746588675997,0.04421433805113639,0.0,0.5310705385151717,0.4055117880541538,0.2069506089422127,0.3484362433996827,0.157137,0.3104210872201011
SLE,2020,0.8526203669532925,0.032503985495777495,0.0,0.5085654969330959,0.3336458513762338,0.2017737590619323,0.3404581783385761,0.171208,0.2965849588274619
SLE,2021,0.8426121372907673,0.061042809278508206,0.0,0.5062706943661727,0.4783447720508028,0.2067840688079057,0.3812306063172173,0.186539,0.2979414667160368
SLE,2022,0.8433852620090556,0.028358055702791797,0.0,0.5126482977573064,0.4165359166707977,0.21106405133805,0.4196173579905017,0.192287,0.2705558297997493
SLE,2023,0.8087082698149711,0.012448157716343392,0.0,0.5218184715875555,0.4320261317990913,0.2159336997552051,0.531582168854197,0.20635,0.2713231907231369
SLE,2024,0.8095467517158915,0.049309980055045104,0.3459543474260623,0.5266285522987765,0.3977149519744549,0.2189517249318543,0.5217630215424988,0.17139106,0.2796607904133814
SLV,2004,0.4518247553763852,0.5797975415160991,0.8368644938731898,0.6835859757312402,0.4562747044160828,0.3635510004984125,0.5225253225588077,0.032,0.589216137300911
SLV,2005,0.4670544579503517,0.5879794339025498,0.8382486600128849,0.690809302067403,0.5103431410480663,0.3673681323191894,0.5002674765886805,0.042,0.5898364280296884
SLV,2006,0.4628451369774964,0.5895760352043143,0.8615431645860174,0.6942362265745927,0.3821008107498729,0.3736079426421966,0.5002776121278225,0.055,0.5860996953991101
SLV,2007,0.4929126627158239,0.59518533821993,0.8870642220841037,0.6985391073263357,0.8771798569371172,0.3760833385086014,0.5012836754874525,0.0611,0.5733607598516955
SLV,2008,0.4957889609735187,0.593063405893479,0.8857341895576939,0.6904582440252442,0.6107601288507076,0.3787071216726411,0.5278316150765258,0.1008,0.5629098358864042
SLV,2009,0.4830296945410487,0.6081150957828717,0.8870642220841037,0.697860887457212,0.4203540736330656,0.3751580267448126,0.5101879970317635,0.1211,0.5963077161616707
SLV,2010,0.4925723601888406,0.598579745909122,0.893692797129321,0.7014541255276826,0.244100698212406,0.3777726040633308,0.5161784682119294,0.159,0.5746048822888451
SLV,2011,0.5027622688905515,0.5883146093814559,0.9068432438655142,0.6935594831129381,0.3233246113884098,0.3826257469550534,0.5337751504658809,0.189,0.5495615317118161
SLV,2012,0.4781849932432188,0.5851081327868394,0.92114743528235,0.70335676825238,0.4149118149881762,0.3861898658752535,0.5411328070010797,0.203214,0.5572385160532929
SLV,2013,0.4477274402816341,0.595052637745332,0.937839705038271,0.7243816089842712,0.3565788817205302,0.3887347386513166,0.5323855059957745,0.231093,0.5752528524791786
SLV,2014,0.456699095584884,0.6027096058691608,0.9391143483810512,0.7273237079024141,0.4298577345297847,0.3906540384805431,0.5303421772905023,0.247617,0.5733626256579358
SLV,2015,0.4446961388821184,0.6061877202981811,0.942930335325417,0.7207949360791887,0.4213376912297313,0.3936087324649392,0.5164318612979443,0.268026,0.5821472243794649
SLV,2016,0.4519745559561164,0.6102187604516746,0.950526811528223,0.7260530216337138,0.4130076391244287,0.3968461807143234,0.5075176094860417,0.289971,0.586836740016876
SLV,2017,0.4396490780038873,0.614265917735505,0.960582677672353,0.7190054474200035,0.4152791934990795,0.3997742050855325,0.5141409734171181,0.338207,0.5836625901961864
SLV,2018,0.4297393999474913,0.619196505490207,0.9630837915557962,0.7348749250716189,0.3872506917063735,0.4030872386480603,0.5122615998624559,0.438,0.5835934028951582
SLV,2019,0.4302701207210803,0.6262267563376369,0.9680707427286704,0.7359819046442815,0.4525932289892376,0.4065236397470931,0.5175829018914603,0.504912,0.5814499862517007
SLV,2020,0.4382196762814546,0.6491656027228973,0.996358069242556,0.7324663916099885,0.3849608758765345,0.3943035588737781,0.4850489911175878,0.546014,0.6032281014434199
SLV,2021,0.4169399860220206,0.6340499692247407,0.9742760009195603,0.7362930620261791,0.4633838505521518,0.4101364226675571,0.4928550673899041,0.6175269999999999,0.5846709823988597
SLV,2022,0.4063063547565409,0.6394754907173655,1.0,0.7400010770623772,0.2893782599829674,0.4137941390028391,0.4851978899443563,0.6552979999999999,0.5886297412871527
SLV,2023,0.401613077433266,0.6368678066452854,0.979217661796788,0.7486859193270534,0.4076260669971668,0.4181660431690363,0.4737466085291393,0.676558,0.593102513982785
SLV,2024,0.3985306734538162,0.6390171820600248,0.990502904721406,0.7505805096557436,0.45403636372303,0.4212384034370188,0.4577130119857914,0.5787802,0.5970889987302257
SMR,2004,0.2696986229946993,0.7451939176157653,1.0,0.868045678587243,0.5451565786256347,0.7905519273505403,0.3936496078553447,0.505663,0.6535390290853911
SMR,2005,0.3786684047992684,0.7451939176157653,1.0,0.8964733541246152,0.7253885320089971,0.7921744455838916,0.4763137307891664,0.502596,0.5590330104814845
SMR,2006,0.1976355242218938,0.7451939176157653,1.0,0.8970966939136099,0.5840644501433999,0.7959470234000824,0.532765218760419,0.5020870000000001,0.6371511413380369
SMR,2007,0.1591725627190456,0.8059960521869652,1.0,0.8893632208078233,0.5744058812940784,0.8010596987934709,0.3249024865237207,0.503648,0.7542663918093943
SMR,2008,0.1685642479843144,0.7486229893735012,1.0,0.868045678587243,0.6208829924982309,0.7982481714544708,0.6158195235754933,0.5452,0.5753379395926896
SMR,2009,0.1300124163710408,0.7571477721425925,1.0,0.8871657070735696,0.7227756970718626,0.7761373835263482,0.3310729090281422,0.5421,0.6930731937525975
SMR,2010,0.2150912481667194,0.7624698530111367,1.0,0.8797557286011841,0.9593815684793484,0.7670733338039205,0.6552291078501303,0.8061574,0.5757514670563769
SMR,2011,0.2861670838201412,0.810057316093236,1.0,0.9017711592267202,0.5872632072769919,0.7573363432221439,0.4997451944953142,0.496,0.6180337687887092
SMR,2012,0.2615742198302394,0.7769389608413545,1.0,0.8737602452495271,0.8330173766243613,0.7430029010661158,0.7599193316513236,0.6095472,0.6823170816830637
SMR,2013,0.417584662236493,0.7201183492271906,1.0,0.8821361578904644,0.8853705027033602,0.7437286627240222,0.5815583511785755,0.7476226,0.5225345211251734
SMR,2014,0.1080401839600625,0.7120757290800249,1.0,0.8700955019733116,0.8388933914992078,0.7444113030727991,0.6608050116748044,0.7794414,0.5976558166659433
SMR,2015,0.0020106680327943,0.841125236404204,1.0,0.8984824570894244,0.8,0.7466282947473738,0.6331224879326216,0.6959826,0.5712466485104734
SMR,2016,0.000502766810406,0.8446618606521118,1.0,0.8948853099040616,1.0,0.7490947380887222,0.6390215884298913,0.6961226,0.5737990773414214
SMR,2017,0.0021099377699798,0.8251517150719347,1.0,0.889946842415338,0.6961392293405534,0.7463284110933494,0.6397235047604496,0.601823,0.5806396939434249
SMR,2018,0.0011565147104092,0.841125236404204,1.0,0.8818964684688588,1.0,0.7455201625560163,0.6942703528790429,0.6531126,0.5263236651019119
SMR,2019,0.0008914511777278,0.8582645871549066,1.0,0.9002851694676974,0.6961392293405534,0.7478964501556328,0.6741073780253739,0.6785070000000001,0.5533737150413987
SMR,2020,0.0006149624606569,0.8582645871549066,1.0,0.8901988700095173,0.6961392293405534,0.7374633680370207,0.6859274406390763,0.7795000000000001,0.5507106938709309
SMR,2021,0.0012078150597014,0.6108995805939539,1.0,0.9070760765675656,0.7235258483306315,0.7585317799719419,0.6999929522603537,0.8167,0.5289760600188579
SMR,2022,0.0,0.7281960073848506,1.0,0.9039632762319636,0.5397126499038369,0.7716884453269451,0.7128742374375462,0.850607,0.5064672733820937
SMR,2023,0.0008481793363227,0.8429778130788597,1.0,0.9042974448234712,0.2258821742674305,0.7718198820844874,0.6880250088424806,0.870278,0.5350481160169339
SMR,2024,0.4832602086474102,0.5350240562334468,0.7377509084852749,0.6173821895359558,0.521044970375395,0.4600931523874124,0.4981522257440442,0.433764261627434,0.4979430980515284
SOM,2004,0.769590807443092,0.11376183993248452,0.0,0.4659066911531996,0.275944178301159,0.0086027251293979,0.4121837335883963,0.0105345,0.3827438597258993
SOM,2005,0.769590807443092,0.11376183993248452,0.0,0.4806355133436909,0.3173720442049403,0.0135155182360061,0.4121837335883963,0.0107733,0.3827438597258993
SOM,2006,0.7247479891967874,0.18753059117868354,0.0,0.4944398817444582,0.4083092045849749,0.018172912937576,0.4504737216938639,0.0110022,0.4254692164333093
SOM,2007,0.7108064988768207,0.25291636221416836,0.0,0.5143823177712561,0.4529902231744298,0.0230428753778041,0.4622604265030265,0.0112223999999999,0.4346965330482447
SOM,2008,0.7247479891967872,0.3885644265813174,0.0,0.527234844017992,0.3797649156649301,0.0281309924372981,0.4504737216938639,0.0114269,0.4254692164333093
SOM,2009,0.6668192409444332,0.3767861192532463,0.0,0.5413756819882583,0.522392382816466,0.033854941963215,0.4871825588770461,0.0116061,0.4359530867886917
SOM,2010,0.7455443822345528,0.2766462297064766,0.2174501123621225,0.5552110532600335,0.5552058132859834,0.0396407536516323,0.327047680956419,0.0150333999999999,0.4565997280691473
SOM,2011,0.7548667831170139,0.30946430473399433,0.2105396811075802,0.573575917763693,0.5124493301656189,0.0479951334615688,0.2732160949208158,0.0125,0.4976930660332633
SOM,2012,0.787643178412856,0.28254265186716493,0.2059109617182548,0.5930300983872789,0.4440560471899824,0.0560643729605803,0.2057448117936162,0.013767,0.4869125634579881
SOM,2013,0.7569716483825398,0.0752429665314081,0.1989349039824899,0.6158175801755822,0.6156613491836271,0.0664514758578789,0.3146554054863177,0.015,0.4727129009625814
SOM,2014,0.7735481994328115,0.0752429665314081,0.1966006900816034,0.630964427436631,0.5805400625913455,0.0737083363768288,0.2485846809911565,0.0163,0.4921337489324475
SOM,2015,0.7735481994328115,0.0752429665314081,0.1919188686203057,0.6500305532585349,0.6045454800308634,0.0831305286482954,0.2485846809911565,0.0176,0.4921337489324475
SOM,2016,0.7735481994328115,0.0752429665314081,0.1895712268268369,0.6591238971546468,0.6087432509314608,0.0874026723749054,0.2485846809911565,0.0188,0.4921337489324475
SOM,2017,0.7735481994328115,0.12833156122096132,0.2128474948355228,0.6846729102638919,0.5991085493183341,0.1016928021450555,0.2485846809911565,0.0200405,0.4921337489324475
SOM,2018,0.7513727160996209,0.0,0.180135381890818,0.682272247692849,0.621281392404266,0.0995257399997283,0.3446015277578504,0.0445954999999999,0.468018721362692
SOM,2019,0.7598276960046537,0.0,0.1440887696777424,0.6812149904188274,0.6200956109992485,0.0982024760248821,0.3410242710972482,0.0965355,0.4545051182107
SOM,2020,0.764121764990196,0.0,0.1610426780719558,0.6362277108498573,0.6868090282625171,0.088642671728418,0.4096336850688333,0.150237,0.41375190118201
SOM,2021,0.8165446392991195,0.0,0.1465251780841092,0.627979777333173,0.6964737040733775,0.0882543536833144,0.340007948783035,0.0955274,0.3163925226998652
SOM,2022,0.779652527842168,0.0,0.1367503172158789,0.6285308094762971,0.689692653694079,0.0877572347381658,0.4451416645418657,0.276,0.3502426064967927
SOM,2023,0.789476699511781,0.0,0.1706262481047571,0.6328010910819667,0.6857951010759316,0.0892217060512867,0.3677722802248874,0.0955274,0.3270254887067419
SOM,2024,0.8252447437630221,0.0,0.2530317398646747,0.6352948006010624,0.7000480584117852,0.0900139920011204,0.360231439855321,0.1950736,0.3535822918782245
SRB,2004,0.5111131621233401,0.3854453131530449,0.9951416808462688,0.5182120171494443,0.6477330733815114,0.4193976040457731,0.5978944577333493,0.235,0.3325857402707249
SRB,2005,0.4666711537620966,0.4394807742810374,0.996358069242556,0.5208850176009393,0.6900760531319222,0.42815801011428,0.5827761572170604,0.263,0.3851728605290595
SRB,2006,0.4687301521829318,0.4377746501950154,0.9951416808462688,0.5417459736748865,0.6900760531319221,0.4342821599210235,0.5858272009532959,0.272,0.3822219311723459
SRB,2007,0.4437850793647718,0.477432352381297,0.9951416808462688,0.5363485814364051,0.9253055299991136,0.4458143965993971,0.5708458386554603,0.3315,0.4152974242526392
SRB,2008,0.4732285305023893,0.5105266257727393,0.9951416808462688,0.5436249127053082,0.7708283467628216,0.4537356439377139,0.5578407490385519,0.356,0.4207068705817637
SRB,2009,0.4609911905784484,0.5298705271644307,0.9951416808462688,0.5697032411965762,0.6900036454891965,0.4496833761757711,0.4973519454563093,0.381,0.4883662877944598
SRB,2010,0.4652138088059006,0.5660754986876149,0.996358069242556,0.5871298684712227,0.5371324466146465,0.4525862906809953,0.5113803056005852,0.409,0.4710448670479713
SRB,2011,0.472846922201182,0.5548005709330428,0.996358069242556,0.5880319862567062,0.9101099610714518,0.4537622974386498,0.5353510044522507,0.422,0.4602925627877828
SRB,2012,0.4627596247746456,0.5630423405918069,0.9975732503052472,0.5945158560289809,0.4680402591031847,0.4538206310530205,0.5409388499247187,0.481,0.4608486920935528
SRB,2013,0.47127264958111,0.5338461259237856,0.9987872264286616,0.602204512061138,0.5496379021225396,0.4551805215014654,0.5644921909581573,0.534504,0.4397937103149174
SRB,2014,0.4652428209290147,0.5326173308272873,0.996358069242556,0.6093675250917227,0.5489729961340934,0.4532437519842257,0.5403287841441645,0.620751,0.4547049481471786
SRB,2015,0.4474621594671601,0.5322630973472183,0.9987872264286616,0.6184496272128656,0.6532712503089024,0.4558549981308603,0.5420701211082521,0.6531699999999999,0.4525840472726698
SRB,2016,0.4510691832314885,0.5344196765761678,0.9987872264286616,0.628202852917054,0.6470164354598851,0.4608701889395289,0.5400666576861027,0.6705679999999999,0.4442692183101895
SRB,2017,0.4268060194650997,0.5304299857989826,1.0,0.6359696582510652,0.6937862291406937,0.4650328771286086,0.541387039302708,0.7033079999999999,0.45651384283717
SRB,2018,0.4325193916271934,0.5362292729253801,1.0,0.6349863917259952,0.7860291340297128,0.4724216705948866,0.5264676172834019,0.733607,0.4649221964342495
SRB,2019,0.4149830023639663,0.538748204586613,0.9975732503052472,0.633283368687505,0.7997693159976285,0.4799361961756899,0.5211426295957519,0.774168,0.4756327567004417
SRB,2020,0.4266466121543461,0.5565045399174128,1.0,0.6410457520712405,0.690030634190594,0.4795175279289642,0.4964403541542877,0.7836799999999999,0.4976044954109941
SRB,2021,0.4306357209034322,0.5457579543429282,1.0,0.6468942157120159,0.7365279104459086,0.4919889304910357,0.4985265542162035,0.8116589999999999,0.4931826584728522
SRB,2022,0.4375862682547635,0.5285181521360702,1.0,0.6501275660722656,0.7333012929240559,0.4995140340351588,0.5151192435656237,0.8353830000000001,0.493436415233891
SRB,2023,0.3706421037390935,0.494780581972137,1.0,0.6578257076545044,0.6790515765580633,0.5057559568127213,0.4861071647485577,0.8535750000000001,0.5487594631156627
SRB,2024,0.3378919358782138,0.491991686782966,0.925662858256366,0.6626268793965402,0.6876258906537913,0.5121853623479619,0.4713642376063567,0.8769070000000001,0.5638611592227212
SSA,2004,0.6555266078938017,0.5975964946099034,0.0,0.3434196212376306,0.3986849065637329,0.2533139104053811,0.5643583638326715,0.0322,0.4118367391731255
SSA,2005,0.6535052562785671,0.6052493619204116,0.0,0.3509062639367239,0.4380112416097943,0.2576827115247057,0.5791141365746567,0.022,0.3965970976078596
SSA,2006,0.6550164569512756,0.6128756445674867,0.0,0.3581726359379537,0.3906415081131504,0.2621211576116137,0.5712733266757661,0.0279999999999999,0.4099663731453798
SSA,2007,0.6614178630230816,0.6160361374167214,0.0,0.3659451166202978,0.4523676695591377,0.2666671056554762,0.5774960403526131,0.037,0.394599616147319
SSA,2008,0.6772478566831245,0.5745749739508683,0.0,0.3734016607655027,0.4831924857802718,0.2698512000401217,0.5982349038948871,0.042,0.367709837533777
SSA,2009,0.6796089115049975,0.58368758017593,0.0,0.3811824522016203,0.4812243485179534,0.2701611965620475,0.5351828361051414,0.049,0.4408245694148753
SSA,2010,0.6638694742444117,0.5903014948686736,0.0,0.3949769241187948,0.4341516003440896,0.2744626784848215,0.5614462311807663,0.067,0.441018813103476
SSA,2011,0.6449453819876536,0.5705497904910908,0.0,0.402169308853406,0.4500193421322739,0.2765485349631219,0.5961266183168894,0.083,0.4281257547968031
SSA,2012,0.6493887392155806,0.5686270165406703,0.0,0.4114939788198622,0.4601961341116355,0.2771347346552441,0.5929618454660325,0.099,0.4340265414352893
SSA,2013,0.6518849752346688,0.5517560523919186,0.0,0.410687961921001,0.4274533619639784,0.280163747718232,0.5792462077630944,0.118,0.4420665588786893
SSA,2014,0.6567033359834002,0.5467964480888388,0.0,0.4189109833741035,0.4327848972468595,0.2826660742440271,0.5609206924826462,0.139,0.4503034820715746
SSA,2015,0.6668551255663249,0.5440222553024842,0.0,0.4246133313598028,0.4541697386563718,0.2825632169405877,0.4986511372999656,0.163,0.4950022294942465
SSA,2016,0.6667618690895871,0.5484493896812751,0.0082887570311208,0.4288996535159168,0.4106295800252125,0.2800430917220519,0.4771152375507059,0.185,0.5035641658561029
SSA,2017,0.6566934038859159,0.5566351857465534,0.0019268962307305,0.4349964537640722,0.3825293486996242,0.2794002959439844,0.5121635727227977,0.204,0.4847069744450465
SSA,2018,0.6576959982258572,0.5374531693642259,0.0788268085436458,0.445251591943109,0.3784365170006116,0.279304388423249,0.53706052537084,0.228,0.4640132505611329
SSA,2019,0.693503748385785,0.5043185604120491,0.0918124576456318,0.4579378161559222,0.3682665967442442,0.2788783403313567,0.5045812195315547,0.253,0.4593946660140021
SSA,2020,0.7154165903025191,0.4941402154239764,0.1207189830950346,0.4328591895904879,0.3593021034301073,0.2697238986875169,0.4730831960621367,0.28,0.4513371665185065
SSA,2021,0.7053708108156062,0.4845849005208231,0.1694365347141953,0.4313512250454858,0.4981719729505098,0.2711296095923684,0.4935739948836072,0.303,0.4236499931110811
SSA,2022,0.7038495807460878,0.4706409911341041,0.1907219789682428,0.4411692470283934,0.3837059723948644,0.273213099314335,0.5097424687155895,0.327,0.4001219919247982
SSA,2023,0.7008236279155879,0.4380821904817577,0.2335823046721071,0.4464347705762078,0.4145927643419784,0.2732415292495148,0.5112493188741204,0.335,0.4235397095689718
SSA,2024,0.6809653126633526,0.3930509869888791,0.5375163284226766,0.4551149396524134,0.4291205102327238,0.2745217907970062,0.5160383217051432,0.347,0.4315791472483539
SSD,2004,0.6611101879470032,0.3774967902429755,0.2588128541860688,0.3723214167632399,0.5143063213749682,0.2657775486416592,0.6167841120589955,0.329989,0.28400830571275
SSD,2005,0.6135373917720702,0.4621163458611267,0.3592033331897398,0.3740922805646174,0.3855725978151718,0.3062443642083367,0.6432955657232226,0.0975999999999999,0.3348790077081837
SSD,2006,0.6648656277161438,0.6154871128179604,0.8057185895094291,0.3759561943515266,0.4817689793892931,0.3119626293480539,0.6576459737210854,0.289885,0.3292820300305009
SSD,2007,0.6176318113232044,0.2641386869561985,0.0,0.3777115583773612,0.4009162161201137,0.2529067784543103,0.6585071619344199,0.0941999999999999,0.3351856331431012
SSD,2008,0.3901890874202856,0.12276332429710332,0.0,0.3790211727298168,0.6466319804013896,0.3204347280309999,0.9401892040265996,0.0567424599999999,0.1478476661703567
SSD,2009,0.4331087678552483,0.12276332429710332,0.0,0.3811239087618741,0.7631342291444625,0.3207271105119954,0.940962021303973,0.0567424599999999,0.1208128721543017
SSD,2010,0.4359194667950951,0.0,0.0,0.3799782936412063,0.6446898006213339,0.3208073351373234,0.9565580559020928,0.0567424599999999,0.0717792782420366
SSD,2011,0.4113228633810877,0.0,0.0,0.3779389682372995,0.7724901806252062,0.3060583153802195,0.9572322084790014,0.0552618599999999,0.0855713857237342
SSD,2012,0.4672032391237493,0.0,0.0,0.3798543233725295,0.3718377183057758,0.2099974207916591,0.8668653484335346,0.05494246,0.2818952457239321
SSD,2013,0.5610250677169725,0.0,0.0,0.3840373720967602,0.0039445783441112,0.2224633006501114,0.453031880090655,0.022,0.6944341438846273
SSD,2014,0.5102661914312003,0.0,0.0,0.3930551929827947,0.2845037928960338,0.2263847884473914,0.8212254474809301,0.026,0.3421427614624017
SSD,2015,0.5766277924138614,0.0,0.0,0.4036461613569496,0.2841023455957616,0.2114752644263543,0.6494411075470236,0.03,0.5296791458337659
SSD,2016,0.4656619258660434,0.0696752356784517,0.0,0.4054916685058392,0.6073956577725574,0.3237234128578108,0.8728846315090665,0.035,0.2070112549220805
SSD,2017,0.5402405531817854,0.0,0.0,0.4123241581359076,0.5897732909668634,0.257304695414374,0.8232514252293737,0.0409999999999999,0.2223281143091006
SSD,2018,0.5885645793667452,0.0,0.0,0.4139440651498862,0.4669733766764418,0.2458150063683422,0.748695211966846,0.048,0.296157028579435
SSD,2019,0.5788212520116621,0.0,0.0,0.4111123478835948,0.4047631576765699,0.2404741768594016,0.7555409529737181,0.067,0.3026731039335674
SSD,2020,0.3931819327604483,0.0,0.0,0.392263786264287,0.4759511650685324,0.3029820256713214,0.8513566905699902,0.0927123,0.2936283464794867
SSD,2021,0.526390361867991,0.0,0.0,0.3785121723882665,0.5130590163427178,0.2875807836074939,0.7914136627909037,0.15354246,0.2232255724497753
SSD,2022,0.526390361867991,0.000148020402198389,0.0,0.379298077041331,0.5700347068052669,0.2875807836074939,0.7914136627909037,0.140555,0.2232255724497753
SSD,2023,0.3826984231025571,0.0019008071526795895,0.0,0.384803275508167,0.570034706805267,0.3280192910706104,0.8658866311732215,0.1476696,0.2640604090724321
SSD,2024,0.4832602086474102,0.5350240562334468,0.7377509084852749,0.6173821895359558,0.521044970375395,0.4600931523874124,0.4981522257440442,0.433764261627434,0.4979430980515284
SSF,2004,0.6603805241831431,0.594959356100628,0.0,0.3063298643519803,0.4023265590029033,0.241056387631586,0.5603331757752847,0.0238,0.409575902137711
SSF,2005,0.6591475465498641,0.602648838078206,0.0,0.3124066273598061,0.4382414024765504,0.2455586270726516,0.5746747488201435,0.02,0.3942157607148324
SSF,2006,0.6611690728810471,0.6101827569121396,0.0,0.3204040663922063,0.3934219619073291,0.2501137113340063,0.566658995711325,0.026,0.4071747429068245
SSF,2007,0.6679580167652266,0.612904148267446,0.0,0.3290467151007155,0.4515646010618581,0.254801688380183,0.5723194149139773,0.031,0.391869509212281
SSF,2008,0.6852051116723836,0.5711013053113757,0.0,0.337173466254437,0.4803090268530554,0.2581427658557235,0.5913016064397189,0.036,0.3643184971288043
SSF,2009,0.6897129663595714,0.5835801114011029,0.0,0.3452560898236346,0.4779485540778377,0.258635037051199,0.5268963583110079,0.043,0.4353637358977723
SSF,2010,0.6713299009890541,0.5902099597036031,0.0,0.3600340979242111,0.4329601971296635,0.2631600513688495,0.5546555762673251,0.06,0.4378195914068801
SSF,2011,0.652939881480063,0.5704660767213426,0.0,0.3685359831146702,0.4497402497032446,0.2655020972728789,0.5895058215943185,0.075,0.425170634738513
SSF,2012,0.6606674724619842,0.5685381248455935,0.0,0.3777487647342445,0.4590188551197466,0.2663028045087355,0.5842935322837662,0.092,0.4287831370291982
SSF,2013,0.6621769841806497,0.5516629303666868,0.0,0.3788509228731936,0.428601864346041,0.2695722117860254,0.5710259580842129,0.1119999999999999,0.4370243526131913
SSF,2014,0.6667095852535465,0.5467187670120605,0.0,0.3902104808407923,0.4350467164691847,0.2723374088794924,0.5532924307379445,0.134,0.4445637783772542
SSF,2015,0.6772944002860757,0.5439405203180984,0.0,0.3994931101254559,0.4583082512522734,0.2726180195825521,0.4924392813119094,0.162,0.4862869420922057
SSF,2016,0.678577304338583,0.5483480053801773,0.0055796629205166,0.4071924017671832,0.4227818158273049,0.2705528094345187,0.47559405109953,0.183,0.4906437415720476
SSF,2017,0.6691386262862802,0.5566351857465529,0.0037390949856374,0.4166972094165874,0.3943790209777247,0.2703166130931161,0.5105813176150492,0.2,0.4720603026542462
SSF,2018,0.6685291978995603,0.5374531693642259,0.0742536935507212,0.4293024310739987,0.3872598214102993,0.2704691555424775,0.5376202085922984,0.22,0.4517157847559798
SSF,2019,0.7024471989214993,0.5043185604120491,0.0942482171231928,0.4443455190210098,0.373351939730287,0.2704113758659935,0.5044930318200197,0.244,0.4482037758970535
SSF,2020,0.7249656261178843,0.4941402154239764,0.1280102367415505,0.4189611110151514,0.3638301082733384,0.2619054272707398,0.4729141312449118,0.267,0.4382997519865325
SSF,2021,0.7168755030875631,0.4845849005208231,0.1791082689937378,0.4186677842079864,0.5004095629495162,0.2634344073717961,0.49103666750553,0.29,0.4116741735249122
SSF,2022,0.7161357114470545,0.4706409911341041,0.2009708468570143,0.4285263990860574,0.3892408301365009,0.2656014776260024,0.5071774287321954,0.311,0.3885080393501161
SSF,2023,0.7144160635987107,0.4762185548887918,0.239211803200966,0.4344886434336397,0.4168559451300224,0.2659124680014549,0.5103996062802859,0.3229999999999999,0.4089581073988634
SSF,2024,0.698808293698381,0.4569366946135753,0.3798171918569676,0.4442219977808451,0.4320401338909604,0.2674957344687513,0.516005034369167,0.336,0.4145040464741262
SST,2004,0.3972474689666445,0.6881423914222655,0.6812663908926279,0.7158016059287132,1.0,0.5208148999552898,0.5624990481225633,0.2494,0.5605175885784538
SST,2005,0.3813991153067435,0.733408445770879,0.6942295888522804,0.7188572728539324,1.0,0.5262189102741978,0.5881479196506242,0.196,0.5447721402024877
SST,2006,0.391432397729005,0.7429774916983996,0.7007834704410165,0.724224427880885,1.0,0.5339735769449586,0.609348450169964,0.211,0.5267937935858407
SST,2007,0.3821534990872133,0.7432970879874372,0.7234796496361005,0.7267534366785289,1.0,0.5390908265482902,0.5916252326982813,0.233,0.5417038522777279
SST,2008,0.3741171537640771,0.7327324991153696,0.7387946352674476,0.7288404845534054,1.0,0.5393011763996262,0.6319158374856255,0.256,0.5179496727457172
SST,2009,0.3860091191259031,0.7461676993504439,0.7362098366139527,0.738780952922817,1.0,0.5314017691099971,0.5448353558307555,0.287,0.5912317884649096
SST,2010,0.3915259243304577,0.7345976716695949,0.7626381065667546,0.7438958711346318,1.0,0.5332710089817133,0.5614701784680811,0.32,0.5829664260854218
SST,2011,0.3871871999098497,0.7209314514124487,0.787495573583948,0.7436123746957777,1.0,0.5354571636146596,0.5935501255888477,0.355,0.5618666663221344
SST,2012,0.3910105553564177,0.7059448062074877,0.8006628005821698,0.7494448974524073,1.0,0.5370524887822593,0.5682756839505405,0.385,0.5733861850336511
SST,2013,0.3894531934428644,0.7009048584109431,0.8070106978314879,0.755288198435263,1.0,0.5371806550710326,0.5466237300231888,0.412,0.5876262442331974
SST,2014,0.3848866696316573,0.6914583227012603,0.828157786335853,0.7588522026528631,1.0,0.5390479065634347,0.5237679683212252,0.447,0.6004229579283517
SST,2015,0.391422633294978,0.6855000930376655,0.84075545203077,0.761531983875668,1.0,0.5407553388765983,0.4679704832623084,0.477,0.6304564073394001
SST,2016,0.3843092996886281,0.6823655662242251,0.8567652297471998,0.7652677290265256,0.6099017363446404,0.5418192861722496,0.4478333848386464,0.509,0.6434289908713677
SST,2017,0.3836308554155643,0.6787416201758715,0.8744377225846878,0.7720873050330287,1.0,0.5449077556834422,0.4508315255763305,0.556,0.6386176649704646
SST,2018,0.3734437939716646,0.6536261599018243,0.8852647893628374,0.7764957712018101,1.0,0.5480054601667211,0.4592543959859344,0.58,0.6332634601661028
SST,2019,0.3715978285695449,0.6406297568806972,0.9001794477026206,0.7790327309998114,1.0,0.5508803349070034,0.4522421215587327,0.621,0.6432543705750651
SST,2020,0.3896718533382094,0.6633915255930715,0.9136207844068488,0.7751684993073631,0.0,0.5391258390711292,0.4477662548259271,0.6559999999999999,0.6503185394040721
SST,2021,0.3760119280322256,0.6412265965553121,0.9217525545444694,0.7789821693063529,1.0,0.547799508752688,0.4874391323918934,0.691,0.6281795838157561
SST,2022,0.3697257191697616,0.6144215505155602,0.923113823815762,0.7845188104864235,0.9445759876304942,0.5566974664100363,0.5391459075843863,0.705,0.6016948953169738
SST,2023,0.3632869789457146,0.6125614081675372,0.935219313902268,0.7874352523230318,0.5382538497395679,0.5625160119233844,0.4808447955101192,0.7170000000000001,0.6351523828354674
SST,2024,0.3608290827407185,0.6093533187816431,0.992752367769544,0.789852010126203,0.3741869126381967,0.5699698316427796,0.5033327225623433,0.725,0.6162126868985662
STP,2004,0.6691686399698307,0.32743006095784233,0.2713727278585602,0.6960845654800637,0.4828684603171942,0.2069630999419754,0.3670198006974789,0.133229,0.4869604527733971
STP,2005,0.6762054322251292,0.4063094360368249,0.2953152562578479,0.7298622691882416,1.0,0.2126787366633161,0.2283408146121048,0.137595,0.588576508204248
STP,2006,0.6235263517509024,0.4421495885969489,0.3187985272551825,0.7330396649794132,1.0,0.2214545354142042,0.2933348067055482,0.14182,0.6133480084063225
STP,2007,0.6235263517509024,0.4789446276438456,0.341839828403891,0.736404782188137,1.0,0.2231282417859684,0.2933348067055482,0.145905,0.6133480084063225
STP,2008,0.557453142007448,0.4546575741255073,0.3644554891447414,0.7466682401803445,1.0,0.2284355566144665,0.2817340724028832,0.1548,0.6977680876879643
STP,2009,0.5794791118143173,0.4924021252382386,0.3187985272551825,0.749258611320905,0.7867094103888732,0.2297986636173724,0.3021768358747798,0.1641,0.6594104995521081
STP,2010,0.6020379916934273,0.5331680541346296,0.4104344122565193,0.7528288306199801,1.0,0.2286992176896117,0.2523613734991614,0.1875,0.6469613922879127
STP,2011,0.614898870772191,0.5363752141250294,0.4337550186923765,0.7566915325861637,1.0,0.2285334997126035,0.1556358854909139,0.201612,0.70396051748573
STP,2012,0.6277195693742003,0.5469357585122729,0.3397629919089984,0.759984207141464,0.9316480584385978,0.229809208451689,0.1679095802671723,0.215724,0.741187992906406
STP,2013,0.6333909338102324,0.5160800149743369,0.4791044557424534,0.7623769825371524,0.5804246700256462,0.2342388229289947,0.206488730457226,0.23,0.7304105875239236
STP,2014,0.6312732334479964,0.4927312095373136,0.5441265397734713,0.7643209638943766,0.8721639863995374,0.2384935185015878,0.187325014966854,0.2441,0.7498223598102219
STP,2015,0.645144079678903,0.4962211043951567,0.5210427048635704,0.7669578307830095,0.982979256416746,0.2381350556765301,0.1433946820192352,0.2582,0.7677699880458395
STP,2016,0.6274322551738628,0.4840318934599908,0.5581186328714194,0.7693606937955895,0.803538554614778,0.2430160043844874,0.0858036079455359,0.28,0.8307025127164664
STP,2017,0.6222188296702498,0.468870251160394,0.6404976012867373,0.7722907646219245,0.9754054773978946,0.2465447369653454,0.0257504494976573,0.326,0.8479106522205929
STP,2018,0.6055277401103871,0.4303423753283476,0.5856320338851064,0.7744214657253522,0.6859520971323403,0.2505231088225012,0.0,0.38,0.8583226277118302
STP,2019,0.6075935555062285,0.4088921046420012,0.6534361081800768,0.7762103433156122,0.6652524372955778,0.2512208044308254,0.0,0.443,0.8779353588256286
STP,2020,0.6453359097740198,0.3817592617740571,0.6804846572623648,0.7692636500868703,0.934669195182552,0.2522566613334217,0.0,0.515547,0.7808683545601577
STP,2021,0.6623331053525253,0.35596115341925394,0.7069485127165751,0.7673229376399606,1.0,0.2519974595096484,0.0,0.615241,0.7847574330445378
STP,2022,0.6419223967597187,0.28664751580676734,0.6992242295538014,0.7698498918997657,0.9531697761293224,0.2494304412659461,0.0,0.615535,0.8208570586456985
STP,2023,0.6345721435082312,0.18207573789146442,0.7493263589384919,0.772606568658674,0.0408442985206383,0.2470718347790576,0.0,0.614607,0.8100255539562755
STP,2024,0.6179797678291641,0.4782231575852922,0.7997794913041387,0.7752788240834889,0.1519714801517876,0.2457569447612489,0.0,0.3275166,0.8403959691327171
SUR,2004,0.4332942012637735,0.36882188311292935,0.937839705038271,0.7962862029180606,0.1204548790952721,0.4830962061273073,0.6174670091474981,0.0607605,0.2559397158572373
SUR,2005,0.4212944577755168,0.3753363130490437,0.93656373324987,0.794925199362644,0.3856280215479246,0.4879705558505175,0.6605598889265752,0.0640309,0.2543725136435577
SUR,2006,0.5688728015714468,0.35347508969155667,0.8857341895576939,0.7934551861093887,0.0,0.4945648606158875,0.7046951400747826,0.0949963,0.336404513793597
SUR,2007,0.572232168975821,0.3974649693076307,0.934007793239812,0.7934011896208519,0.0,0.5001458515658618,0.7058292100729673,0.1411,0.3235350914411561
SUR,2008,0.5446438927929977,0.4220548617871598,0.934007793239812,0.7903216326977992,0.0,0.5043458019047752,0.7446713305816816,0.2105999999999999,0.3118204489593903
SUR,2009,0.5656051855310521,0.4270554905136032,0.9327278194482108,0.7935076996041974,0.1271745313513138,0.5069571108906105,0.6671032841935651,0.3136,0.3798399127820051
SUR,2010,0.5573283413622533,0.4234830162157428,0.8883928112759634,0.7936096617707028,0.0,0.5125848235601899,0.6796800700658083,0.3159,0.389713642616789
SUR,2011,0.5398577481792745,0.4201164352049286,0.9327278194482108,0.7915608161046133,0.4978327317249175,0.5191704961265972,0.6788138850046376,0.32,0.366664398590395
SUR,2012,0.5311931149927475,0.4251078290200822,0.9327278194482108,0.7936208885120221,0.5054515899627914,0.5213726989111388,0.6809760675881353,0.3468119999999999,0.3789352744606336
SUR,2013,0.5337430244049776,0.4561845488175311,0.9327278194482108,0.7941868453402322,0.5202273996989384,0.5239307971785817,0.6366659486678768,0.374,0.4347997837195287
SUR,2014,0.5553291207593384,0.4710764943525794,0.9327278194482108,0.793447643986922,0.2099167822956182,0.5226896319196938,0.6048309014559632,0.4008,0.4601180203396375
SUR,2015,0.5777408882751309,0.4994162725606842,0.937839705038271,0.7909260427861661,0.5171923043851677,0.5160801118457384,0.5534183950058437,0.427638,0.497047036442821
SUR,2016,0.5851080712388341,0.516101645757078,0.94799988633776,0.7897737390771778,0.7384945855513485,0.5072483573099035,0.5442017925238269,0.454,0.5379565040657477
SUR,2017,0.5881613910605527,0.4599419400298309,0.958076443797858,0.7891246515987721,0.458105754637646,0.5080403462871735,0.7217897908149841,0.489452,0.3886398865744029
SUR,2018,0.5697561212321602,0.425871693692585,0.9680707427286704,0.7877395010794468,0.4972957937260119,0.5136393961570006,0.7017121186902545,0.551,0.435676214264153
SUR,2019,0.5364952616625109,0.4147686672227568,0.9742760009195603,0.7890751570759119,0.4204023250899107,0.5138177563218503,0.6611046969652583,0.62,0.5111753234506968
SUR,2020,0.5247805347324188,0.4253476371020991,0.9804499667021888,0.7859417614673377,0.2863451851017998,0.4869937245222034,0.6989739782947929,0.698369,0.4538034537586882
SUR,2021,0.5619615877881786,0.36106511529488083,0.9853668199780375,0.7855315328679106,0.0061363789544945,0.4820987981426133,0.7143785272383829,0.7657200000000001,0.4278355776261333
SUR,2022,0.5017717988762895,0.3760035055548353,0.9878178614776724,0.7855296504176335,0.2680491882169516,0.4843176681178048,0.7708987102981841,0.776494,0.3864532673613227
SUR,2023,0.4978881026153576,0.34205624408012814,0.9951416808462688,0.7887089162437333,0.1845163552478163,0.4864567952978654,0.7396163221078863,0.7839579999999999,0.400355241174575
SUR,2024,0.4861648564190857,0.34754477951034113,0.9929451478755305,0.7900368168311884,0.2286846788865319,0.4876592367422881,0.6779932049777244,0.6845344,0.4359365010306229
SVK,2004,0.2163819346792684,0.5080084614923077,1.0,0.6628464072074716,0.7462232568720039,0.5444774530708306,0.6353903402916212,0.5289,0.5031925744828977
SVK,2005,0.213008164397546,0.5158899138566263,0.9987872264286616,0.6699017277445389,0.6922541792715475,0.553583355693054,0.6336202934821293,0.5519,0.5020978876369949
SVK,2006,0.2333747691101983,0.4996076532276314,0.9987872264286616,0.6744766296266782,0.8084566075521751,0.5659863075227106,0.6661336020395165,0.5608,0.482728282710511
SVK,2007,0.2697021692528626,0.5224430345987577,1.0,0.6706893119698956,0.6641998324839191,0.5808544682662947,0.654015627513846,0.618,0.4893967507439699
SVK,2008,0.2862966418314905,0.5417152172865823,1.0,0.6707271133712477,0.5835623654236379,0.5883133984629191,0.6467609784019209,0.6605,0.5025497588234382
SVK,2009,0.2519300899455549,0.5640371646966222,1.0,0.6989237879585574,0.39482054119215,0.5799005318186389,0.5888618223287453,0.7000000000000001,0.5712521278191561
SVK,2010,0.2156312112757403,0.5611158157205796,1.0,0.7121762602430503,0.4351509125855288,0.5893016212990326,0.6000470341457474,0.7571,0.5698550526152213
SVK,2011,0.2422539860012174,0.5694507888097567,1.0,0.7072403424435745,0.6385528230325149,0.5927870109416457,0.5995990368519184,0.7444,0.5570002476691487
SVK,2012,0.2423309813184439,0.5702014077770002,1.0,0.7074422910440054,0.4060786292539194,0.5947999786111032,0.6019349652308296,0.7671,0.5676351119602322
SVK,2013,0.2650754378351571,0.5775732221553201,1.0,0.7243805766386311,0.3499251484138225,0.5956613146128286,0.5658718914521251,0.778826,0.5888591325073333
SVK,2014,0.3037010337359029,0.5860481763665066,1.0,0.7233081325212966,0.2608003505262041,0.5993988164443497,0.5990240126171956,0.7998430000000001,0.549096278445289
SVK,2015,0.2628659174883284,0.5986789515794808,1.0,0.723528640986318,0.394973466331785,0.6065871875073096,0.5996376860218047,0.776347,0.5534193648586624
SVK,2016,0.2641675308318045,0.616779613209637,1.0,0.723724731339669,0.6274924997447757,0.6092001787290658,0.5783368302926298,0.804759,0.5735172961475127
SVK,2017,0.2468533997819353,0.6293026364465055,1.0,0.7181047795816797,0.5703627678526948,0.6130888340950679,0.5679969401130633,0.816257,0.5776450682481195
SVK,2018,0.259980159597698,0.6351735072717448,1.0,0.7297171455961278,0.4215145303764266,0.6186674654377785,0.5769998742574644,0.804489,0.5675961814452725
SVK,2019,0.2266723571472531,0.6389331042700079,1.0,0.7282089674488673,0.4241990785484685,0.621737542472168,0.5864847726740235,0.8285370000000001,0.5619388679003398
SVK,2020,0.236679663984837,0.6502599126100479,1.0,0.7259889626524436,0.2150523491966786,0.6178107206843845,0.5760431607786839,0.899209,0.5743481167911968
SVK,2021,0.2487896234080901,0.648394105043812,1.0,0.7268889294634813,0.4308914300654384,0.6261048710533995,0.5561829092183181,0.889256,0.583802856511664
SVK,2022,0.2536422779488698,0.6540191733167733,1.0,0.7402164044811533,0.5553199765684631,0.6273067068406407,0.5403317390698319,0.890677,0.5911013204585303
SVK,2023,0.2690273123189821,0.6352488035126352,1.0,0.7459605123363503,0.309653361239614,0.6304753322723339,0.5875245241981125,0.872131,0.5823268323601215
SVK,2024,0.2235331719945081,0.6284376202017644,0.9992716138485112,0.7520498095522384,0.5153816506414833,0.6333874567437455,0.5829204641503705,0.8982510000000001,0.5813807541349144
SVN,2004,0.2892346980231742,0.5641962906502211,1.0,0.7111647189283908,0.4294171177536342,0.6231170462147472,0.6050929044922171,0.4081,0.5048540621685388
SVN,2005,0.2907713115354793,0.600111878719519,1.0,0.7107658556267462,0.459773375942126,0.6283549159246938,0.5976408983011289,0.4681,0.5137491151021318
SVN,2006,0.2664468840231909,0.6310812361829631,1.0,0.7217852537752075,0.398733468826146,0.63622470213353,0.6026310050038248,0.5401,0.5150503871353855
SVN,2007,0.2618352901276932,0.6692262872575944,1.0,0.7213507982543329,0.5401663478863803,0.645422689777598,0.6105428896652617,0.5674,0.5046368260278559
SVN,2008,0.2392464025008758,0.6859963231669207,1.0,0.7259921955876029,0.4107282108450995,0.6500073774068976,0.596709664323166,0.58,0.5213861790981117
SVN,2009,0.2394767745906015,0.7067141739672185,1.0,0.7395482960532793,0.2388373015805,0.6372366749484829,0.5556316436674981,0.64,0.5541578348052152
SVN,2010,0.2444370364774523,0.7113940112698321,1.0,0.748280747625838,0.3274786761399229,0.6382090903167853,0.5367098926723421,0.7000000000000001,0.5617374653175488
SVN,2011,0.2624665298822209,0.7023288704117882,1.0,0.7590583035098328,0.3953631880971335,0.6388558493059248,0.5403787549146074,0.6734,0.554565539177262
SVN,2012,0.2449935736776758,0.6953356606846726,1.0,0.7675154006080105,0.2887486713972476,0.6342560477973668,0.5500131581545569,0.6835,0.5472636477687178
SVN,2013,0.2453946397635953,0.6518086111390962,1.0,0.7658569131933961,0.2981638305733186,0.6328583391981962,0.5511766880966944,0.7267560000000001,0.5363069379706792
SVN,2014,0.2446001684676302,0.6101056153929802,1.0,0.7557232281740862,0.4180039881257356,0.6366715413508902,0.5626345873348872,0.7158629999999999,0.5272932417080768
SVN,2015,0.2571331056708866,0.5898801358635827,1.0,0.7709214538293979,0.5476567409155626,0.6399954637895456,0.5600248052753011,0.7309869999999999,0.5254323140346671
SVN,2016,0.2471173507846742,0.5749785331824573,1.0,0.7802680200167703,0.4965330981513689,0.6442282965289646,0.5595346080237914,0.7549850000000001,0.5307143032678432
SVN,2017,0.2335008678781385,0.5667982539055318,1.0,0.7744338679123094,0.4456928588064932,0.6514567329739857,0.5671935239911994,0.788854,0.5302209187100672
SVN,2018,0.2585507145312617,0.5578236783652172,1.0,0.7741936196238629,0.4704677169716136,0.6571516372543306,0.567910226144305,0.7975,0.5289479948240106
SVN,2019,0.2402548616907074,0.5526531609350095,1.0,0.7789315455661981,0.5437531075436954,0.661141828072659,0.5763642873349856,0.831084,0.5291647248954097
SVN,2020,0.2509336419610556,0.5571364328821204,1.0,0.7813800255477582,0.3457387063541676,0.6541155433698395,0.5830469304877541,0.8660129999999999,0.5394101751915762
SVN,2021,0.2168575100380049,0.5439441227797804,1.0,0.7820891954849409,0.5187074286927726,0.6654557849249897,0.5692979111344172,0.89004,0.5498709105417406
SVN,2022,0.2273813338413923,0.5443977317140263,1.0,0.7782644838186842,0.5209181070244601,0.6690035268376219,0.566488030598601,0.8891249999999999,0.5546061810720708
SVN,2023,0.2187952632265068,0.5161793107550818,1.0,0.7623238120777313,0.420056275343281,0.6718367209661039,0.5938657955569053,0.903779,0.5500139338490564
SVN,2024,0.2192970715275161,0.5103711958163175,0.9995146500610492,0.7653307030116141,0.45054460030283,0.6738542017042458,0.5851216890426894,0.907636,0.5510958394256741
SWE,2004,0.2323986399229423,0.7264650575248449,1.0,0.8631527459728738,0.5692656399985889,0.7531021480476986,0.5057650563628868,0.8389,0.6170116120633617
SWE,2005,0.180943293050364,0.7447959436688606,1.0,0.8682548223498818,0.629328766841285,0.7565204745731312,0.5024833373516943,0.8483,0.6218164596888368
SWE,2006,0.1896141585368411,0.7526354615724922,1.0,0.8689860935028545,0.6236857201555388,0.7623377712142095,0.5076741571393346,0.8776,0.6190961552662541
SWE,2007,0.2098583618177371,0.7709226919025589,1.0,0.8709709807451409,0.8968193812922389,0.7658686144134724,0.5112644950338395,0.8201,0.6137412317350063
SWE,2008,0.1916541198625201,0.7852436721043555,1.0,0.8746256748708433,0.8080404256779579,0.7633915837339217,0.4936807311417894,0.9,0.6262060418315974
SWE,2009,0.1786157469147773,0.7968594771933813,1.0,0.8835660682964981,0.4182956733027014,0.755842305604867,0.45545066558148,0.91,0.6484508532961935
SWE,2010,0.2021869169227537,0.7944819332895352,1.0,0.8862188731456361,0.2922769683972875,0.7627212983628168,0.4878194887623653,0.9,0.6242814243411535
SWE,2011,0.2071885096962744,0.7972354564439031,1.0,0.8869234280426019,0.3636324518789009,0.7661466226829928,0.4852346229536323,0.9277,0.6306387646600656
SWE,2012,0.1909117398261909,0.8044357433350303,1.0,0.8885924091991361,0.3346122166755834,0.7644700118267206,0.4720649966495606,0.9318,0.6431522375209364
SWE,2013,0.1885799421898216,0.8084704924633218,1.0,0.8926197776845507,0.3005966151987338,0.7648821095321311,0.4477144949548553,0.947836,0.6584603546692308
SWE,2014,0.1908109636264144,0.8072310300125956,1.0,0.8974564608176917,0.215984121268015,0.7667366474055236,0.439271039967838,0.925236,0.6650802524183252
SWE,2015,0.1962057922760929,0.8022417010363947,1.0,0.8994311571914777,0.4108786716351571,0.7714357678215232,0.4541218535638619,0.906102,0.6554012470899396
SWE,2016,0.1939245493023139,0.8052031470387253,1.0,0.9012874097462698,0.4802584038848436,0.7726730016694608,0.4481903252791279,0.896509,0.6548978226898023
SWE,2017,0.1980519138397598,0.8114194748468183,1.0,0.9019939095684262,0.579584723791434,0.7734247356001108,0.4521296660026697,0.930063,0.6520508817402894
SWE,2018,0.1906510661496495,0.8123710530895503,1.0,0.9026398191034622,0.2755652485547572,0.7742857051460489,0.4540916226410816,0.89247,0.6513233404164143
SWE,2019,0.1914022177446769,0.80986782463828,1.0,0.9011108866694394,0.4763918894316071,0.7765517370238538,0.456352654675951,0.944934,0.6532458395375247
SWE,2020,0.1848739033294166,0.821153066665834,1.0,0.901636636623796,0.5029331414337355,0.7726681025891379,0.4440004042028377,0.945394,0.6614719767160454
SWE,2021,0.1808449134569702,0.8183793275949921,1.0,0.9012978587552568,0.8813667056085974,0.7791905160620224,0.4607402220757102,0.946703,0.6513274754825975
SWE,2022,0.1894489945857351,0.8171664528194506,1.0,0.9090895168425974,0.8926645825353401,0.7800136207560046,0.4857614398028139,0.950097,0.6346353094572725
SWE,2023,0.1940390018573686,0.8051398678668763,1.0,0.909276473517042,0.4939110204729673,0.7790309147722531,0.4609539973443956,0.957033,0.659003437082066
SWE,2024,0.2082358804522199,0.7986196867883779,1.0,0.9109394650551664,0.5754533180961314,0.7797614913908993,0.4410253165603749,0.955293,0.6719309795667818
SWZ,2004,0.5194864844069887,0.32964267355400306,0.0,0.7163222929752967,0.451099253806893,0.3344969805011922,0.7570638410648625,0.0322869,0.3611166023756331
SWZ,2005,0.5474514294240616,0.35500196135127526,0.0,0.716293444679057,0.1877014935687116,0.3421509441657643,0.7563844268624436,0.0369696,0.3457599790329581
SWZ,2006,0.5511046250553632,0.3776135209485411,0.0,0.7170627088809569,0.5289949756484637,0.3508742740839176,0.7536878921135755,0.0369654,0.350772936079464
SWZ,2007,0.5425693567424503,0.4009567454147375,0.0,0.7184272881044363,0.3559761371838985,0.3561718108977992,0.7582672224446069,0.0409999999999999,0.3509587105676742
SWZ,2008,0.5259774328885698,0.3902678520311646,0.0,0.7211988873533475,0.4966601097121335,0.3572679604702572,0.7447127513068366,0.0684999999999999,0.3750029598471099
SWZ,2009,0.509025457841557,0.3928997428585241,0.0,0.7241659031897314,0.4053219108009999,0.3584025682249946,0.7512913662114761,0.0894,0.3753676769474739
SWZ,2010,0.5292695770127331,0.3770243355768052,0.0529835004549471,0.7253086321377823,0.4864817821659599,0.3629982402867332,0.7274907656902166,0.1104,0.3929188987932938
SWZ,2011,0.5205193533618356,0.4123225329003651,0.1919188686203057,0.7282851983119839,0.4200367821338328,0.3648388105158194,0.716627427866654,0.1813,0.4085118145658998
SWZ,2012,0.5326120967171437,0.3801719198892807,0.2625489432117835,0.7295005471618092,0.3203179083539291,0.3698758374320524,0.7145678313982758,0.207818,0.3797829253623141
SWZ,2013,0.5309491182808637,0.3986637000344166,0.3314202351275533,0.7324395008350942,0.4032772075540363,0.3749103592104273,0.6990720987141068,0.247,0.3983001784571619
SWZ,2014,0.5265449654186918,0.4024431703931475,0.4791044557424534,0.7372604250909278,0.323178509829386,0.3770577191447785,0.6935628532391314,0.25,0.4064012327797164
SWZ,2015,0.5041432219275164,0.3964232479375018,0.4622946518031601,0.7419368156226875,0.3364716416850413,0.3786805384798647,0.7044633438033575,0.25643,0.4067049180745253
SWZ,2016,0.4390463289744226,0.399748740565332,0.4490589032156761,0.7475255450477892,0.3309683504405906,0.3820509037504517,0.7158641862839196,0.2857,0.4361663013860198
SWZ,2017,0.5242252545047665,0.3898549228637607,0.6274208967794325,0.7624242166519174,0.1999522062971073,0.3859799300147953,0.6759998085413008,0.353,0.4358680693920426
SWZ,2018,0.5043365460803104,0.3936085293613188,0.6356101903245078,0.7766651218111765,0.3276491691607376,0.3847360354498522,0.6628985688331746,0.394,0.4538351430196162
SWZ,2019,0.5054328171572215,0.3854060027287203,0.6836279062807179,0.7892114689781056,0.4644037688866802,0.3924296835143835,0.6722224826630507,0.439,0.444012444574696
SWZ,2020,0.511160620254027,0.393348857144933,0.7298331943409359,0.7971585435952657,0.3450725816943484,0.3865088423011461,0.6240700023381334,0.49013,0.4722016401620982
SWZ,2021,0.4981438642282136,0.3918571312531382,0.772899550641932,0.8076037127636398,0.4368217247118994,0.3908527336020156,0.6504211254334971,0.539953,0.4667895990294378
SWZ,2022,0.5095623046748063,0.3973037471245297,0.7641127079951033,0.7612893528874174,0.3023250080592701,0.3899371870324105,0.6727861909292425,0.57465,0.434718232887326
SWZ,2023,0.4818582366070198,0.3969578747770074,0.8229360749305092,0.7097785910332752,0.3236397186167529,0.3936020272646353,0.6702000761600603,0.5761999999999999,0.453910287288059
SWZ,2024,0.4770064407079464,0.4001888249084244,0.8140160845635916,0.7134894435250997,0.3851866422873853,0.3964096341064752,0.673505173084126,0.3006964,0.4448558858492726
SXM,2004,0.5455500068403276,0.5487058014432843,0.9975732503052472,0.8108111740789085,0.448107015275308,0.4617953966411046,0.6137341377626749,0.5532784,0.5551730622946545
SXM,2005,0.5205875603179523,0.5806503085651198,0.996358069242556,0.7466425246090216,0.4532373418824524,0.4898751893911298,0.494214514819536,0.6057138,0.5341212993014316
SXM,2006,0.5205875603179523,0.5806503085651198,0.996358069242556,0.7466425246090216,0.4532373418824524,0.4898751893911298,0.494214514819536,0.6057138,0.5341212993014316
SXM,2007,0.5205875603179523,0.5806503085651198,0.996358069242556,0.7466425246090216,0.4532373418824524,0.4898751893911298,0.494214514819536,0.6057138,0.5341212993014316
SXM,2008,0.5205875603179523,0.5806503085651198,0.996358069242556,0.7466425246090216,0.4532373418824524,0.4898751893911298,0.494214514819536,0.6057138,0.5341212993014316
SXM,2009,0.2008271626827779,0.8476495280141503,0.996358069242556,0.8362689726306459,0.4192043413133806,0.7264566779403782,0.5091553874893027,0.4537295999999999,0.6767846602365619
SXM,2010,0.1146095582844673,0.7221514250145944,1.0,0.849417010333304,0.8777912666959748,0.7297215703214343,0.487384133555548,0.812394,0.5588801239053174
SXM,2011,0.0241630270751241,0.6144886611422121,1.0,0.903485499776478,0.0,0.7342321795071899,0.1916145447184369,0.6771092000000001,0.8113309656642255
SXM,2012,0.0240863620980211,0.8130498655323729,1.0,0.903485499776478,0.3731934650682236,0.7330690975245145,0.1420039895221719,0.6470202,0.8148288687814397
SXM,2013,0.0148447641655563,0.5716361319769477,1.0,0.9049964598309512,0.5853210926922252,0.7315496634843223,0.1262509175861327,0.6470202,0.8236242375615203
SXM,2014,0.0773225103729161,0.6409132257966227,1.0,0.9046500244002982,0.512020165465379,0.7305512491267573,0.0,0.6805064,0.9088672788313964
SXM,2015,0.1288939864141466,0.8419777062765212,1.0,0.903485499776478,0.4114868878606794,0.7275760706804651,0.0,0.7059092,0.9113138577422212
SXM,2016,0.1084279825104912,0.7760036266982652,1.0,0.9050596737217368,0.473525419862231,0.7259910877720582,0.0,0.7057692,0.9156367985319944
SXM,2017,0.129988081638508,0.5925499956266133,1.0,0.903485499776478,0.593008683264074,0.7118115533392771,0.0,0.7059092,0.921886272199384
SXM,2018,0.1237948674765236,0.6936552591641159,1.0,0.9049964598309512,0.0363798188153831,0.6988594427255382,0.0,0.6470202,0.9237436452496124
SXM,2019,0.1237948674765236,0.582371399466975,1.0,0.9070760765675656,0.6254795412105632,0.7115228722720525,0.0,0.7057692,0.9118201440241914
SXM,2020,0.1134486459902197,0.8089337538097549,1.0,0.9070760765675656,0.4006999334992895,0.6885563727671283,0.0,0.6470202,0.9248815562002208
SXM,2021,0.1229496981402329,0.8089337538097547,1.0,0.9042974448234712,0.412995698913212,0.6930741503724985,0.0,0.6470202,0.934652194577254
SXM,2022,0.1505461521454804,0.7028652360372419,1.0,0.903485499776478,0.3538236969126335,0.7099964935611446,0.5023178569092362,0.8100618,0.5082791646334075
SXM,2023,0.1474492177502537,0.7617501176864677,1.0,0.9046500244002982,0.4586981858907045,0.7133240237852861,0.6694483270891963,0.8384050000000002,0.5081942911684293
SXM,2024,0.2422068256184219,0.7713386591124095,1.0,0.8887659674604346,0.4183685899628335,0.7155881701992329,0.3263926103402371,0.6068346,0.7212640284291137
SYC,2004,0.3410053556583999,0.4213468461744706,0.9403876660414872,0.7979325087410147,0.5610602662280787,0.5402715339296161,0.4314725675977847,0.242721,0.5381001899283654
SYC,2005,0.3300926058551428,0.4174986238952629,0.9441996924325458,0.8919485045635251,0.8212813809829462,0.5521152375130362,0.4818599883467704,0.254133,0.5386086796359971
SYC,2006,0.314491041533377,0.3978527538885661,0.9878178614776724,0.903485499776478,1.0,0.5621436841746704,0.4771067350697693,0.34952,0.5802084536221754
SYC,2007,0.3045553349980957,0.4213506922168701,0.951788320985692,0.8844541723553755,1.0,0.5737462169152231,0.4701657902959177,0.3838,0.6061113983305668
SYC,2008,0.2984587538061355,0.4538298036205324,0.9568214003049156,0.903485499776478,1.0,0.5664886142237985,0.4571897648163195,0.4044,0.5970095758041487
SYC,2009,0.2776859748665826,0.3828695877283948,0.960582677672353,0.8844541723553755,1.0,0.5622746903565908,0.4059404240746729,0.4084799999999999,0.6153274688018697
SYC,2010,0.2772567248736547,0.4247443659885947,0.9630837915557962,0.9039632762319636,1.0,0.5646177945588396,0.3920107924120298,0.41,0.6046763267430049
SYC,2011,0.2741413187215695,0.4079104462758099,0.976749324629734,0.903485499776478,1.0,0.5816192746882246,0.4181779022281179,0.43164,0.577494745598567
SYC,2012,0.2592280981385972,0.3922475318736427,0.979217661796788,0.903485499776478,1.0,0.5846417484677578,0.3950023509856923,0.47076,0.5921475055009934
SYC,2013,0.3100685209500116,0.3975555485000948,0.9755132873514472,0.9039632762319636,0.5636838350633306,0.583769484804454,0.309445648277761,0.504,0.6434083979774682
SYC,2014,0.2841784589740087,0.4265333464803529,1.0,0.903485499776478,0.7922258497247068,0.5872936069445337,0.2864423911048065,0.512547,0.6504758093950073
SYC,2015,0.2634214458804578,0.4265268637803178,1.0,0.9070760765675656,0.7651370104368067,0.5964512936112246,0.236255176719983,0.542596,0.682759068953859
SYC,2016,0.2523789915175754,0.4280455141119005,1.0,0.9070760765675656,0.5676006323931175,0.6111118414923992,0.2187263494127596,0.565147,0.6988751944879292
SYC,2017,0.2694926900784232,0.871284578772449,1.0,0.9070760765675656,1.0,0.6190937790759973,0.1471906287019515,0.626,0.7090537465454111
SYC,2018,0.2653872587126809,0.7470391130359513,1.0,0.9070760765675656,1.0,0.6247069508849928,0.1486338864256838,0.6920000000000001,0.7176200029640869
SYC,2019,0.2693210577643312,0.733970883525604,1.0,0.9049964598309512,1.0,0.6312093969912921,0.1646968911073765,0.766,0.7301304489189289
SYC,2020,0.256139385391177,0.722450302212894,1.0,0.903485499776478,0.6608499486165609,0.611843229660947,0.2385555081861592,0.848223,0.7094815702396263
SYC,2021,0.2921968019085976,0.6102880670847258,1.0,0.9070760765675656,0.7739466439679041,0.611473930144863,0.1463825625813349,0.873383,0.7406774709663296
SYC,2022,0.291568733640706,0.8225297874705839,1.0,0.903485499776478,0.896101537265444,0.6014439066438692,0.1553308211702139,0.870353,0.6996178661560254
SYC,2023,0.2957552231813171,0.6582149675213499,1.0,0.9058716187687298,0.9972035228580328,0.6048139612986955,0.1998590477670743,0.8740089999999999,0.6837713706621528
SYC,2024,0.2926368300903402,0.4939020879901285,1.0,0.9257371069413092,0.9630754604006796,0.6078558016772949,0.1675688002557718,0.7426328000000001,0.6630599466424356
SYR,2004,0.7493835935747784,0.26572475178933885,0.9029129200401428,0.596399591894869,0.3553605161577695,0.2452764995753967,0.6011505105534001,0.0432158999999999,0.3768277160338296
SYR,2005,0.7265464671895573,0.31658735060786597,0.8989699381451771,0.6124462681657723,0.3967756927550774,0.2502960199074865,0.6199896342716065,0.0564811,0.3947123894068848
SYR,2006,0.739234409680527,0.31561530738918786,0.9939240827149284,0.6203411798272708,0.4110883603323043,0.2512272215089562,0.6770210187752167,0.0783255,0.2999437133469686
SYR,2007,0.7170157209795142,0.32124364457922777,0.8923699500852781,0.6330857906447488,0.4837631636870205,0.2503019864457482,0.6636946937780619,0.115,0.3570037061190174
SYR,2008,0.7086852707264288,0.3540972212912382,0.8897199602624543,0.6422386094771054,0.4655013792861545,0.2515202313493488,0.6661183993578952,0.14,0.3670826201350249
SYR,2009,0.7530365048318797,0.3789263479157847,0.8870642220841037,0.6291005948349321,0.5930581882428017,0.2575879221141167,0.5540944332962946,0.173,0.4195375647127968
SYR,2010,0.7167844242529071,0.4033722768406192,0.9081505529274267,0.6536642201727455,0.439768786164417,0.2616319693405441,0.6077538358009227,0.207,0.4235294903668306
SYR,2011,0.7304759517181981,0.3909994231334743,0.8923699500852781,0.6737686090064369,0.3615085377718869,0.2631776759716667,0.6589359511937358,0.225,0.3405222375267948
SYR,2012,0.7593387265914778,0.3837932965403731,0.8817354005259436,0.6885888876031838,0.6664851961961709,0.2195880519900003,0.5117375959349827,0.243001,0.4475190121347658
SYR,2013,0.7751284429507761,0.36215218490041373,0.8777235078475191,0.6973544709521484,0.6181865719202356,0.1824694627430432,0.4739390580247288,0.262,0.4506354267661877
SYR,2014,0.790644904366741,0.31252521290781077,0.8750415904110872,0.7010753508756477,0.6023017084141019,0.176328884524953,0.3890672289157107,0.2809,0.4831514443798888
SYR,2015,0.8390487104161042,0.5026251303613062,0.8723537851160632,0.7001506565461211,0.5115505250061847,0.1763411574877481,0.2778684518092714,0.299798,0.4451101375059598
SYR,2016,0.8461817457449022,0.5026251303613062,0.8696600660532473,0.7050505069643401,0.5115505250061847,0.1684760701066557,0.3004862313009993,0.318696,0.4140282409686176
SYR,2017,0.8864442601722057,0.27298501921036517,0.8669604071420459,0.7026496695029129,0.6647560511942584,0.1671909292757696,0.3284977427098088,0.327,0.2712208864466556
SYR,2018,0.8769469782475655,0.3945084488942644,0.8173200337976688,0.7072618211554084,0.5740609984047477,0.1665575580261503,0.3634950132245662,0.3377,0.2781985859090007
SYR,2019,0.887047342460975,0.32269657174531413,0.8615431645860174,0.7124432670031737,0.6583155726137011,0.1626833904392797,0.2908770589488906,0.3465,0.2955539129430165
SYR,2020,0.8442470018051662,0.24112750371102523,0.858825527909305,0.6920060206705048,0.6972241740630676,0.1567954763956198,0.4274119300287115,0.3183792,0.3290265946961476
SYR,2021,0.8835219472684219,0.21317360752866885,0.8561018453173163,0.6875457636301913,0.7050241994062153,0.1555224277179864,0.3680142853514705,0.2479214,0.2511275409916806
SYR,2022,0.899939630934325,0.30501102907185174,0.858825527909305,0.6938653113947617,0.3874039573477263,0.1511005363092898,0.1562049286597243,0.3297344,0.327310844675626
SYR,2023,0.5345189245190094,0.5281344975358506,0.8506362343642287,0.6993765351840787,0.6596043907268566,0.4358396446373473,0.4956561562004845,0.4372848,0.4753880521169872
SYR,2024,0.4263218822491611,0.5744142566498245,0.9427231481191408,0.7041005254381895,0.5497785932632484,0.4730054771684734,0.6109072859974354,0.5664666,0.4941581888940621
TCA,2004,0.1941541353879601,0.6581238744718474,0.9467344652223652,0.8858993409467831,0.5593127430380778,0.6245606886499167,0.314528682919618,0.6662724000000001,0.7698151178277555
TCA,2005,0.1796112866183692,0.6874000776049589,0.950526811528223,0.9064895599834776,0.4703635469598732,0.6443091960624947,0.3556457186716519,0.6737492,0.7574046841392094
TCA,2006,0.1592571165114398,0.74015010080172,0.9530485319257332,0.888465001954549,0.3359930931502361,0.6712371670472432,0.4069405156038659,0.5832532,0.7371403726682554
TCA,2007,0.1501407193125179,0.8731440544912834,0.958076443797858,0.864208423329573,0.3809182413424712,0.7261363695031592,0.400884220988535,0.482,0.7775358659289925
TCA,2008,0.1046535270555551,0.8128808425110473,0.9618338733051676,0.864208423329573,0.3582171260243709,0.7314164853798034,0.3902573452338271,0.482,0.8077593388494703
TCA,2009,0.1239192351256767,0.6502624606455042,1.0,0.8801821279191013,1.0,0.6938213190618882,0.2993828034628969,0.7255428,0.846470482609728
TCA,2010,0.1110191996536535,0.6109750842660215,1.0,0.9001969852814613,0.9018927045736318,0.6895143538143141,0.1536537851404437,0.7254926000000002,0.8737307786733548
TCA,2011,0.1021211254485314,0.6084012848735376,1.0,0.8926066421023505,0.948369815777784,0.690765827119174,0.0,0.7607408,0.8242340227352193
TCA,2012,0.0964797321119279,0.7349665009057259,0.9133658742118916,0.9168158494009072,0.3233303524423916,0.6809362492359156,0.0,0.7729566,0.8120621551472631
TCA,2013,0.0989221134886841,0.6084012848735376,1.0,0.885550259150732,0.8374051943685024,0.6757464118166087,0.0,0.7405160000000001,0.8106143216841298
TCA,2014,0.0960928021616127,0.6930189471618222,1.0,0.903485499776478,0.0,0.6819666504624012,0.0,0.6805064,0.7934052540915509
TCA,2015,0.0795195997110799,0.6930189471618222,1.0,0.903485499776478,0.0,0.6912251600865608,0.0,0.6805064,0.7832534741746977
TCA,2016,0.0719558562241062,0.8104618004749757,1.0,0.9049964598309512,0.373838114637047,0.6947592565449959,0.0,0.6805064,0.8024738848225331
TCA,2017,0.0735679464576586,0.8637735561802176,1.0,0.9049964598309512,0.4039065302061748,0.7697183316171542,0.0220913915175061,0.6470202,0.7933794024871739
TCA,2018,0.0675942948311469,0.6450814860264381,1.0,0.9039632762319636,0.4931101765013982,0.7733374599635346,0.0268100850632637,0.6470202,0.7885440305434187
TCA,2019,0.059200617009054,0.8637735561802176,1.0,0.9070760765675656,0.4119265382325322,0.7748872988924805,0.0026175327497128,0.6805064,0.8173586672336861
TCA,2020,0.0838118024691803,0.5873088125104925,0.9927052724399016,0.8874877134512896,0.4995784564896028,0.7109280042977596,0.1209897354764796,0.4537295999999999,0.7849216094905781
TCA,2021,0.0697397896929475,0.8545764468779696,1.0,0.9049964598309512,0.4350291774218221,0.7458217439326956,0.0617256202285194,0.6470202,0.7680875515992854
TCA,2022,0.0830662249476122,0.8006408394085353,0.9987872264286616,0.903485499776478,0.4428494350173368,0.7630273948141632,0.0730169588726968,0.6216514,0.74858214976978
TCA,2023,0.0717894640640696,0.8722980487632697,1.0,0.9070760765675656,0.4137296249545973,0.7805974330607682,0.0460137826881201,0.6470202,0.7626025264776111
TCA,2024,0.0691310064232384,0.7122585540649241,1.0,0.9228301501697516,0.4480823246233776,0.7875024350045602,0.0388968266838833,0.5195292,0.7510149576662164
TCD,2004,0.8143663954464422,0.006770443394244091,0.0,0.0,0.9708797986413056,0.1759620807785747,0.7324189820053435,0.0036092,0.0
TCD,2005,0.8105212511728389,0.0,0.0,0.0,0.2093298945116017,0.1932940181737173,0.7433539494250694,0.00399258,0.0
TCD,2006,0.8319801181802366,0.0,0.0,0.0,0.0974113754380833,0.1872879511810019,0.73700316584592,0.00581046,0.0
TCD,2007,0.8110673312811566,0.0,0.0,0.0,0.0913613893518001,0.188258901568746,0.7564237555054585,0.00847225,0.0
TCD,2008,0.8087473321495469,0.0,0.0,0.0,0.5106501428059864,0.1875852950327016,0.7707921421286162,0.0118999999999999,0.0
TCD,2009,0.839231881464246,0.0,0.0,0.0003194135020087,0.4820980960669285,0.180348013352899,0.6758761895737818,0.015,0.0
TCD,2010,0.8398890150200352,0.011273589931255192,0.0,0.0001773252095166,0.4289150472254045,0.1939137610783223,0.7172747654403452,0.017,0.0
TCD,2011,0.7931667136819864,0.028317737961863796,0.0,0.0097198424130863,0.393973508570137,0.195171165470653,0.7570354130334164,0.019,0.0
TCD,2012,0.792556718756516,0.0517752027669658,0.0,0.0150963756806353,0.4949100229929288,0.2026565434775576,0.7845878945690388,0.021,0.0
TCD,2013,0.8289331941971988,0.0692568995346248,0.0,0.0296105861304634,0.4735194493068176,0.2015387518251087,0.7243995857615367,0.025,0.0
TCD,2014,0.824934153876523,0.12848666187141541,0.0,0.0365093163125335,0.041717737504905,0.1993226913535956,0.706394330642807,0.0289999999999999,0.0
TCD,2015,0.8424515932553145,0.1378223836196386,0.0,0.0442573302769357,0.5341743410024471,0.1994204096479771,0.6616547566345673,0.035,0.0
TCD,2016,0.8790931414977956,0.22622166888479575,0.0,0.056616042675459,0.4062648119562981,0.1887642455383161,0.5175222197449079,0.0579999999999999,0.0663427772330485
TCD,2017,0.8734662472869682,0.21367882406004193,0.0,0.0667405462049406,0.4611779960914987,0.1816054484939301,0.5387021490151657,0.064,0.0421268562270451
TCD,2018,0.8685048519011854,0.19315833537837665,0.0,0.0740123005049103,0.4797188313947551,0.1848284702038255,0.584098478208938,0.07,0.0
TCD,2019,0.8683332679363602,0.17474554156449681,0.0,0.0802464400656289,0.5314238958118825,0.187761902720133,0.5798619676245418,0.076,0.0048224729889444
TCD,2020,0.8867410952096428,0.16612394407648062,0.0,0.0398402452132352,0.5270712826547709,0.1825761189472604,0.4887240993718288,0.0834311,0.0331993456161836
TCD,2021,0.8674153404268509,0.19500712807733114,0.0,0.0323980437684231,0.5559976644479674,0.1780070035810439,0.5772908831806058,0.1312829999999999,0.0
TCD,2022,0.8532702070211939,0.1395716304924675,0.0,0.0268410987945719,0.5081571321500817,0.1788624824891667,0.6489767835653609,0.124865,0.0
TCD,2023,0.8531917971432288,0.1733714665432647,0.0,0.0368064637839323,0.608113945796718,0.177889420210757,0.6129793367903197,0.131832,0.0
TCD,2024,0.8690017002951351,0.16677348467295441,0.0,0.0407855003752678,0.6239383379080903,0.1766786732751231,0.5785639438612882,0.0263664,0.0
TEA,2004,0.6253866899195135,0.7698948557366245,0.9155256821560152,0.3465580098394831,0.4839905196162161,0.3531821660856374,0.7929624371582565,0.0887999999999999,0.291006192571124
TEA,2005,0.6050396623585187,0.7569100640743456,0.9100488590480096,0.3570730231682846,0.552300300063004,0.3659086822070004,0.8037695184564808,0.084,0.2911272730287229
TEA,2006,0.5904436419197197,0.7517354414909888,0.9255547885645448,0.3740189984350551,0.5471680527523559,0.3799861265083141,0.8089926658630572,0.103,0.295745104945865
TEA,2007,0.5868220287857266,0.7470304321690179,0.9256827942100506,0.3798309714811372,0.547465200326511,0.3958636181385023,0.8027645049707735,0.145,0.3106582041794427
TEA,2008,0.588557630231976,0.7392762583997393,0.933649433663476,0.3919400439109544,0.511491696997886,0.406762550939617,0.8049989562919885,0.195,0.3041435901357992
TEA,2009,0.579478918409007,0.767389113241453,0.941759486617494,0.4063063637854869,0.4384438263736329,0.4168530332265142,0.7941338244481512,0.24,0.3324151715643033
TEA,2010,0.5729300673980672,0.7680483670678049,0.9492463360719208,0.4149284427644898,0.5268469182057615,0.4294680282928366,0.7937546697390322,0.293,0.3303835465665222
TEA,2011,0.5706931238771724,0.7656062067977987,0.955588815983806,0.4298466486682721,0.5087613395783012,0.4402792856151521,0.7959441837909839,0.327,0.3302595118651207
TEA,2012,0.566200283572132,0.7776305122150486,0.9579082280777784,0.43605703721,0.4659659847502185,0.4496060873107533,0.78606851005623,0.361,0.3513146926697633
TEA,2013,0.5601882582337424,0.7889713042957798,0.9613124381170626,0.4665732330944411,0.4796310435724752,0.4586035348446161,0.7731394102004144,0.387,0.3772247177649936
TEA,2014,0.5518645569874359,0.7995614165041576,0.9632429684211892,0.492453110208069,0.4491525899409593,0.4672675212859137,0.7623829444855297,0.411,0.4005343734571361
TEA,2015,0.543712855952603,0.8193114129925292,0.967262329454882,0.5145793912809413,0.4311792712841716,0.4755121493172317,0.7373888378832375,0.441,0.4417952442233893
TEA,2016,0.5367793759648275,0.8236080807294903,0.9681035797335532,0.5245782144055987,0.3876564892431718,0.4835754723944699,0.7230341700593812,0.502,0.4647487382652024
TEA,2017,0.5231172999181424,0.8223863943933882,0.9768999045306443,0.5312708002317771,0.3873622130182044,0.4918374915186684,0.7270781260736904,0.546,0.4681596541793897
TEA,2018,0.5103939046580157,0.827938911970832,0.9761466620577222,0.5395004025833214,0.4039410258993282,0.5000914513305804,0.7263187906382423,0.598,0.4772619181562234
TEA,2019,0.5118337818945619,0.8367912455459187,0.978783473290218,0.5487747800062124,0.3811382573080035,0.5075910991415206,0.7117260302410968,0.643,0.4944060146658774
TEA,2020,0.5270901356006222,0.8605188410100416,0.9773936857189462,0.5562720811941538,0.3949034548931892,0.5088725279978882,0.7005482519286369,0.7270000000000001,0.4995047024493805
TEA,2021,0.514964030229851,0.8561728650748053,0.9820001417923084,0.5608862154833503,0.4183306580574591,0.5192097566012631,0.7170712347946822,0.783,0.4871016218161556
TEA,2022,0.5149658487215207,0.8639377901011254,0.9825266339211878,0.5559747284457663,0.3682415531962448,0.5239317648321326,0.7170676559672458,0.823,0.4862028111864703
TEA,2023,0.5090528823969503,0.8735306510332081,0.9847219007585348,0.5674833161196231,0.3227060177387774,0.531098972264835,0.7015801547094273,0.85,0.5082071986097999
TEA,2024,0.5066364598777355,0.8789549215840181,0.9891394163555912,0.5730208564858655,0.3167658102369903,0.5378861076257441,0.6967880498525619,0.868,0.5150612899049692
TEC,2004,0.4956585945029476,0.5716926742080151,0.981516648042832,0.6485027273198649,0.5219539228732697,0.4469303550088196,0.587367756052581,0.404,0.4492442816889617
TEC,2005,0.4732197325996884,0.4682196182011188,0.9825209815114736,0.6545758801802131,0.5004178164189442,0.4561946821949721,0.5992294764920951,0.146,0.4357712271920104
TEC,2006,0.4488142947796124,0.5045909486494696,0.9830179965776136,0.6621585630856219,0.6171592274276861,0.4670613162550435,0.6045380586675224,0.177,0.4400427679075639
TEC,2007,0.4346246718688368,0.5107242552716603,0.9844426146561672,0.6698964440152119,0.6405178626163565,0.4777389211247879,0.6049516289324184,0.23,0.4526117322518758
TEC,2008,0.4303571008766476,0.552305865806662,0.9855289854615084,0.6726818908602934,0.5924021773028642,0.4837604846341589,0.6066950787846418,0.282,0.4504614348049868
TEC,2009,0.4441660714155974,0.5641446428804611,0.9869302099687992,0.686409996461332,0.5100713806045621,0.476254068594086,0.5863158677843165,0.347,0.4875373782944542
TEC,2010,0.4436107201088627,0.5668425124693447,0.9918355796918537,0.6871288285725929,0.4770131949078238,0.4823702263525834,0.5933605449415287,0.4,0.4683426833694829
TEC,2011,0.4339106652297112,0.5674371005470712,0.9918138526655412,0.6884882610275432,0.4902632875464177,0.4900165665698374,0.6008583255937477,0.454,0.4590153201635557
TEC,2012,0.4211512014611915,0.5747503162509713,0.9958069146919432,0.6922489143634311,0.4472032448022391,0.4942645323507307,0.592469420383089,0.507,0.47657552265921
TEC,2013,0.4200406034747673,0.5906369396929492,0.9963323344761444,0.6967585259898574,0.4442320892939971,0.4983391154528148,0.5807113765704659,0.535,0.4930021730709262
TEC,2014,0.4289262333692481,0.606848142800246,0.9969851356945396,0.7009185273876416,0.4115690823200847,0.5008560004546115,0.5834289603248851,0.5770000000000001,0.488137627743306
TEC,2015,0.4484162777903627,0.6052595706282663,0.979610809940932,0.708439025923567,0.416425318305147,0.5021963955276855,0.5896232820428622,0.594,0.4919565459729008
TEC,2016,0.4447881628274999,0.6018419136408498,0.9958400851187196,0.71294794645851,0.4935450972760451,0.5041547283004467,0.5851572445661564,0.633,0.4974897415553199
TEC,2017,0.4279512843774826,0.5954546083092389,0.9991297347067728,0.7177697742348559,0.4275550369237377,0.509698275448356,0.5942895610810611,0.67,0.499381523218184
TEC,2018,0.4139104039369689,0.5868503086174978,0.99929102497159,0.7213156388890405,0.3981893046634479,0.5145050784671003,0.6087898308857606,0.718,0.4865707060271779
TEC,2019,0.4191447662561112,0.5841627656901731,0.9988711825154276,0.725606492342571,0.4400730172502841,0.5179104152560786,0.5965753794767776,0.752,0.5024750735677415
TEC,2020,0.4347722582754756,0.6063341723783306,0.9994188289165344,0.7253540482146509,0.3901377825107831,0.5154933579811557,0.5760012597027685,0.7859999999999999,0.5163768208981218
TEC,2021,0.4214294867915202,0.5897627085022923,0.999713739742922,0.7269019984254474,0.475011313115964,0.5260308815781677,0.6023695516647499,0.826,0.4917685174461213
TEC,2022,0.4176717496757848,0.5976842877187257,0.9999447571407608,0.7306488197728718,0.3525890693447592,0.5295160441791346,0.6139759829368784,0.8520000000000001,0.4991314145821319
TEC,2023,0.4048260628546823,0.5795736880519164,1.0,0.7382742800427533,0.3807532016642629,0.5357044344445933,0.5837292106299018,0.873,0.5264094949870148
TEC,2024,0.392168462487282,0.5732653281950272,0.9980641409087224,0.7424628968221915,0.3527980555392222,0.540767512467124,0.5645105033775938,0.8890000000000001,0.547977207073403
TGO,2004,0.6643721527759283,0.21926622071935675,0.0,0.4374264788411293,0.447084474276363,0.1440139611873806,0.5673243549182581,0.015,0.4148169682210517
TGO,2005,0.6908495463983584,0.23662690363497435,0.0,0.4242884704144016,0.477939597791524,0.1333671463733541,0.4994317672947191,0.018,0.4464951956150404
TGO,2006,0.6859658737624224,0.25811232137655726,0.0,0.4300809628763318,0.4631307856496318,0.1330981275112842,0.5117835969703146,0.02,0.4315225965542833
TGO,2007,0.6855522127696277,0.33629467962479836,0.0,0.4380090238668746,0.3920384089877595,0.1271630257634795,0.5355215453522575,0.022,0.4066860838594612
TGO,2008,0.7308585805017423,0.2991934152776111,0.0,0.4601916701585937,0.356354901425749,0.1287307489344201,0.4878884705507242,0.024,0.4005617386239823
TGO,2009,0.738080093470545,0.30778343075164627,0.0,0.475273049781774,0.3478404093697532,0.1323200163428989,0.4174137626859473,0.026,0.429979081267623
TGO,2010,0.7351758318153412,0.33012935703070617,0.0,0.5067579303921957,0.4555015778191232,0.1366221496591443,0.409653725376811,0.03,0.4320681630856092
TGO,2011,0.7217032184681186,0.3839040858091214,0.0,0.536361915645363,1.0,0.140920183250834,0.4427820764512412,0.035,0.4360292852350533
TGO,2012,0.7340732274266804,0.4027694134499682,0.0,0.5435385601643031,0.4300978958507161,0.1459684317503599,0.40189110450358,0.04,0.4580510153298713
TGO,2013,0.7132653486100317,0.4515789219635746,0.0,0.5512735835863963,0.4824453929923079,0.1504518277233294,0.4524521603121693,0.045,0.4451548064119981
TGO,2014,0.7156133357387316,0.4365831247113262,0.0556079276553053,0.55589925687014,0.3390100926380171,0.1547220654628103,0.4875865180241562,0.057,0.3937063302498763
TGO,2015,0.7106739374129355,0.4668572809604641,0.0291070050853596,0.5627092838552029,0.5755955329218352,0.1587856996373183,0.4669735871621523,0.0712,0.4064475569135259
TGO,2016,0.7275742474069056,0.4761927848457877,0.0841113166860514,0.566354030082582,0.2343809131206461,0.161126247044733,0.4225955160521505,0.1131,0.4273317393402649
TGO,2017,0.726797826865777,0.4703948746085102,0.1144672887936366,0.571535521671145,0.3742509736979947,0.1632003771031256,0.4112063512446199,0.123602,0.4307357570765172
TGO,2018,0.7192277060353386,0.4561118440524226,0.1634456127396165,0.5262563999556547,0.1164681846326695,0.1664071973917109,0.4260054875614751,0.155,0.4304853461335121
TGO,2019,0.7176649743119855,0.4543947250729374,0.2220354915804558,0.4871045382381919,0.6057570200177935,0.1698316106199288,0.3852888839645525,0.207273,0.4426967297062691
TGO,2020,0.7136554053394901,0.4486596585787394,0.2581130875614901,0.4775625517955773,0.2325496338634776,0.1694354712100633,0.4033369079412185,0.290237,0.4473641380905793
TGO,2021,0.7294150343410651,0.4429640815223888,0.2931579079989189,0.4854789202811161,0.1802326765123406,0.1732390670060942,0.4020407189238406,0.303384,0.4160479350200566
TGO,2022,0.7367050887454987,0.4459995790612871,0.3251256463508609,0.5054198196680924,0.1535818774757459,0.1786784576963822,0.430535883683888,0.355105,0.3990754629202658
TGO,2023,0.7376176509092891,0.4415049719429898,0.3664908924733231,0.5186501910929533,0.3368849603369825,0.1840063567011406,0.4216752670242833,0.370223,0.3992524847877309
TGO,2024,0.7378716963522982,0.4354557796965881,0.1964151366237949,0.5270300221412816,0.3351959008194466,0.1899314391649998,0.411878229367731,0.256365,0.4062630139747549
THA,2004,0.5531690774623045,0.6232909443364346,0.9016000032171076,0.4612231276381553,0.504606949159887,0.4096306893469724,0.716928873794053,0.106773,0.4692720465575814
THA,2005,0.550916618736764,0.6572369732747405,0.9094564675260748,0.4646299933235014,0.5664399488048962,0.4143360770458913,0.7247967696958038,0.15026,0.4607843605304364
THA,2006,0.5557245513472506,0.71214147772295,0.9890415445582064,0.4682720316295535,0.545723107782663,0.4201677751162832,0.7330393616352899,0.1716069999999999,0.4463599871100918
THA,2007,0.5544763454549965,0.7606144107173693,0.9263078004360528,0.4723040867349714,0.497714648546134,0.4266878129138002,0.7366521897542548,0.2003,0.4424098639752907
THA,2008,0.5706183815149202,0.7593112626288762,0.9352864302439208,0.4785546862449168,0.475241309026403,0.4280561390220622,0.7372622408066767,0.182,0.4290175550740148
THA,2009,0.564391568253558,0.7661964685299558,0.9878178614776724,0.484235245455744,0.4321359859148697,0.4259785079867771,0.7261339049800019,0.201,0.4489794330554887
THA,2010,0.5801122336959924,0.7800106827102008,0.996358069242556,0.490920555876991,0.565374086801876,0.4355193244268914,0.7428195206855313,0.2239999999999999,0.4133135811942889
THA,2011,0.6012798045536418,0.8078559639498741,0.991485247605356,0.4671977187735269,0.3274348360011843,0.4358310906537913,0.717967988243673,0.236699,0.4286484202990203
THA,2012,0.599613386666997,0.8174252285494467,0.9890415445582064,0.4432510927532192,0.4951762185954932,0.4450803501535049,0.7095294902097143,0.2646,0.4412270178714444
THA,2013,0.5961194211210857,0.8275432977224887,0.9927052724399016,0.4654740832309849,0.5307552875962459,0.4480769337315547,0.7035559925765116,0.2894,0.4519590641489157
THA,2014,0.570973189083148,0.8326543195008556,0.9939240827149284,0.5178241525029608,0.3635127713887438,0.4487293516346239,0.7017229407965151,0.348861,0.4749528535283914
THA,2015,0.5432723056595865,0.8385926384538765,0.9951416808462688,0.5318515828602739,0.4288028158009042,0.4525391026720601,0.6937512627056408,0.393161,0.5043209458506434
THA,2016,0.5335449136629861,0.8336938065400286,0.9987872264286616,0.5470384164301096,0.3389068681648905,0.4567860879358133,0.6855338754894161,0.47505,0.5200262506348035
THA,2017,0.5317351292930224,0.8311906644289766,0.9987872264286616,0.5541633580442312,0.4021733215989196,0.4621123381745328,0.6775291112778326,0.528919,0.5300594445183472
THA,2018,0.5264915175690229,0.8303125312351782,0.9975732503052472,0.5457814119639224,0.4605690479326803,0.4676757791071898,0.6735899643138363,0.568175,0.5375286334830568
THA,2019,0.5245857399712877,0.8291616931728909,0.9987872264286616,0.5548368866273969,0.350229720695082,0.4704158516300406,0.6568799845813811,0.666524,0.5562323342536238
THA,2020,0.5391337999886586,0.8545564515672575,1.0,0.5600409892278887,0.2281832914271169,0.4611163833689854,0.6523765036068727,0.778437,0.5521159031193458
THA,2021,0.5388894164578029,0.8602104140960963,1.0,0.5576619347244252,0.4818796822139568,0.4631780386881635,0.6777130492123972,0.852696,0.5253764951382913
THA,2022,0.5395413812283717,0.8492400551079311,0.9987872264286616,0.5776205794139556,0.4396784728562823,0.4668594618480831,0.678989966251217,0.879772,0.5235466851548418
THA,2023,0.5356663086800435,0.8458168059332903,1.0,0.5842659669051484,0.4142997109948209,0.4698254081379246,0.6477257506337806,0.8953530000000001,0.5589444598855763
THA,2024,0.539337060237843,0.8364365970507602,0.9934304978144808,0.595784905022726,0.4608013799073249,0.4735381707692986,0.6348516948605927,0.908672,0.5693969595206407
TJK,2004,0.7142437208604734,0.5464017132609776,0.9816810324873144,0.2198659065669415,1.0,0.1240382530427415,0.6156651980373751,0.000774799,0.2103694374838013
TJK,2005,0.7364026678970492,0.3827022961112636,0.991485247605356,0.2429060453884287,0.4373495290354753,0.1306010018470882,0.5553457387881449,0.0029869,0.2389070048878324
TJK,2006,0.7391735602005018,0.5464017132609776,0.9829108616416083,0.2612252389633743,1.0,0.1376528481311258,0.555302261226717,0.0377240999999999,0.2439768523070778
TJK,2007,0.7167348643786627,0.5054143466606821,0.9829108616416083,0.2811840773748169,0.9138478679785936,0.1457543651838642,0.5381396713801516,0.0719762,0.2859337292337777
TJK,2008,0.7217296434278773,0.4480979611243099,0.9829108616416083,0.3023062524109541,0.8976010963346019,0.1539048157249649,0.5019965164482494,0.0877999999999999,0.3074012109554533
TJK,2009,0.7062054203657906,0.4123139817910227,0.9878178614776724,0.3219421964902633,0.4788370818003893,0.156482332907842,0.5010205582670375,0.1007,0.367410831304892
TJK,2010,0.7185014082564504,0.30769652321248836,0.9853668199780375,0.3351455950091008,0.3923759935237262,0.1625114312157387,0.5103178980908133,0.1155,0.3302937154375778
TJK,2011,0.7632417944610689,0.33455295177716643,0.9865929541017062,0.3519978395994493,0.4295739217460266,0.1696268243598754,0.4583769441228583,0.1303,0.2769093351348263
TJK,2012,0.7583070377278363,0.31487322666694406,0.9890415445582064,0.366359307382561,0.490126721549137,0.1766465491682807,0.4490027126884331,0.1451,0.2991063919312771
TJK,2013,0.7377869223558119,0.366295763179918,0.9878178614776724,0.3824431975678575,0.5021295616527528,0.1833770355212121,0.4722775873511404,0.16,0.309978189674471
TJK,2014,0.7626484140969647,0.401740943719832,0.9890415445582064,0.3969558344396448,0.517265171621051,0.1891413659061804,0.461332887512981,0.1749,0.2491654765699762
TJK,2015,0.7406506684185191,0.3996845841340578,0.9755132873514472,0.4099387494918748,0.6412382246485304,0.1939081985380991,0.6043842128748079,0.1898,0.2069744988928092
TJK,2016,0.7327788233362011,0.37277540766966644,0.991485247605356,0.4256467885927051,0.5088976297161949,0.1999100552844427,0.6360451249143155,0.2047,0.1606676503028857
TJK,2017,0.7264366334423145,0.28935240954716857,0.991485247605356,0.4404579531249282,0.444489687873753,0.2062975774385155,0.6303683102338689,0.2196,0.200206761596495
TJK,2018,0.7206379377358473,0.27092854847098247,0.991485247605356,0.4545196461414765,0.4691290930008185,0.2134294531682113,0.6686404571354032,0.4537296,0.1509044653032545
TJK,2019,0.732888949931524,0.26440139256856116,0.9927052724399016,0.4606914725625896,0.4508671635649207,0.220354936342232,0.6489549131922514,0.4537295999999999,0.1588129222348321
TJK,2020,0.751986190894101,0.2896398780427982,0.9939240827149284,0.4353980112504623,0.369259264946741,0.2232997728610796,0.659867839923683,0.275441,0.1146414736214241
TJK,2021,0.7495444856688365,0.24042531011079715,0.9951416808462688,0.4307134167786337,0.3452124963333858,0.2331287819854507,0.6797814224458509,0.498409,0.0669091703542566
TJK,2022,0.7544337586513429,0.24190751768354884,1.0,0.4373218466416795,0.3897314049060978,0.2411917825488173,0.6730184158147411,0.5310779999999999,0.0859066765602804
TJK,2023,0.7536754922418604,0.27589403279983843,1.0,0.4446909576970618,0.3587413766266573,0.2498303585181577,0.6575429762188884,0.56791,0.1010665700243323
TJK,2024,0.7078816143081055,0.33105942353515383,0.3061697815590737,0.4523913225874088,0.4174887562846353,0.2587494059560723,0.5130447089736857,0.2094298,0.4122379716078611
TKM,2004,0.7037963060518565,0.5316020574475282,0.9939240827149284,0.443389571258859,0.6206326129870721,0.3251174558390181,0.7165282490574293,0.00754054,0.1846233453215911
TKM,2005,0.705961306483434,0.6946289812774981,0.9939240827149284,0.4583592870084912,0.6198632086925413,0.3401653486953565,0.7057839556658042,0.00997257,0.2873668295537965
TKM,2006,0.6890911802520906,0.5791055719490321,0.9975732503052472,0.470988955987672,0.746882227219309,0.3525750339987404,0.6883702237803752,0.0131957,0.3403596828897345
TKM,2007,0.7098701019309225,0.5565112749341729,0.9951416808462688,0.4817958134444053,0.7239095278759635,0.3650888494609153,0.7143887816223609,0.0140636,0.2739808658246899
TKM,2008,0.584204988254629,0.3888974723555237,0.9951416808462688,0.4861202197247226,0.7152622440368013,0.3822237560199607,0.9516119194733946,0.0175,0.0
TKM,2009,0.5799709978542494,0.5755732132707048,0.996358069242556,0.4957636624272183,1.0,0.3879518377604162,0.9546325137057656,0.0195,0.0
TKM,2010,0.5964738112888331,0.5755732132707048,1.0,0.5064074976911445,1.0,0.3977530405535817,0.9397157300804712,0.03,0.0
TKM,2011,0.543553054328014,0.530126754144693,0.9975732503052472,0.5151436695864284,1.0,0.4145845502230191,0.9940530770647223,0.05,0.0
TKM,2012,0.5341326308171523,0.44372236719547,0.9987872264286616,0.5243563303020901,0.8632301935147946,0.4267003781861106,0.9994606965556168,0.071958,0.0
TKM,2013,0.5334522448046992,0.44372236719547,0.9987872264286616,0.5344005128965739,0.7591026955389808,0.4375647821915848,0.9750237869970958,0.096,0.0
TKM,2014,0.5289053741005225,0.44372236719547,1.0,0.5439852948215287,0.8567222950855795,0.4485083770873094,0.9526400961321164,0.122,0.0035810837010466
TKM,2015,0.55352629781369,0.5011075576479187,1.0,0.5541554979281594,0.8371969158734822,0.4543303115504241,0.8968051870986067,0.149968,0.1426382610092087
TKM,2016,0.580221119366588,0.5189759456973178,1.0,0.5621940629972868,0.6876329700964747,0.4597306561317277,0.8696267739166197,0.179903,0.1811755324630782
TKM,2017,0.5921307081195708,0.5462669306554909,1.0,0.5708706964937371,0.6419589879246468,0.4655538238966973,0.8249069517070186,0.21251,0.2645536943897257
TKM,2018,0.5906257738350684,0.7553969807112333,1.0,0.5785040714781634,0.5405119439075285,0.4710102490858446,0.8016240165863555,0.7598404000000001,0.309801475303998
TKM,2019,0.5860229330684538,0.7638758856552288,0.9987872264286616,0.5857780078194956,0.5796191123985629,0.4766764635754622,0.7730451948459257,0.7058032000000001,0.3625275692713126
TKM,2020,0.5993835287871346,0.596626587542508,1.0,0.5808322322177208,0.5091965638673446,0.4819158050630358,0.7100494962537969,0.7598404,0.4407629002881622
TKM,2021,0.6053386214466084,0.6053270822299077,1.0,0.5835677721669289,0.490425348515468,0.4877083005746797,0.7065924891122055,0.7057692,0.4397731339446877
TKM,2022,0.5884958339339268,0.8013726326197109,1.0,0.5878765805963381,0.4283446237519056,0.4936390285189537,0.7493540733480357,0.6805064,0.3964889185314078
TKM,2023,0.595527263253841,0.7414726884582374,1.0,0.5945523833343931,0.4794693306705836,0.499836550762977,0.7346341388689571,0.7598404000000001,0.4111803524218947
TKM,2024,0.6119263501501643,0.633724482996019,0.9956200026870312,0.5999458342966922,0.4923240335547578,0.5061623732454666,0.7113797389878806,0.5423359999999999,0.427317275113385
TLA,2004,0.4654611091923839,0.4107777733626956,0.913220416586378,0.7261763378727889,0.4770480965433419,0.4784159281618804,0.6586709410869716,0.1976,0.6283898855960812
TLA,2005,0.4476412307502957,0.4291339435662884,0.9172445760131048,0.7285679988155422,0.4650110779362366,0.482587415824493,0.6601851536217682,0.167,0.6296338131246992
TLA,2006,0.4383729161814852,0.4570280952170907,0.9270293406787412,0.7347341665137828,0.4366361732313742,0.4884152504929876,0.6687509484046457,0.209,0.6243747153144072
TLA,2007,0.4433677136549222,0.4863308838851705,0.9298652004707896,0.7389813814033213,0.5000890513553681,0.4943821212545841,0.6552171226755147,0.239,0.631381657704477
TLA,2008,0.448221252603344,0.5027827538965831,0.9396462324139488,0.742935911315583,0.5019899942116999,0.4981581895256503,0.6565371618319948,0.267,0.6256711815726015
TLA,2009,0.4492689551954082,0.5157478618004084,0.9422434743596908,0.7493589234286835,0.4279316539134626,0.4930279378793797,0.6138190257774492,0.313,0.6608158399704351
TLA,2010,0.4452946403547108,0.5326756090943386,0.9481127077836552,0.7529926465343948,0.4958241470778753,0.5004524266285278,0.6344558543492657,0.35,0.6367593098044656
TLA,2011,0.4479098383978823,0.553155215512505,0.9520180789084858,0.7567754659878151,0.5147075135774446,0.5053284990743142,0.6311813456856867,0.397,0.6368017429049971
TLA,2012,0.4346680560834419,0.5645298856427955,0.95693749210802,0.760054309934574,0.5168571581992509,0.5076320209775148,0.619523472203938,0.434,0.6417595472671594
TLA,2013,0.4459449439354851,0.5745045210443848,0.9606975694697824,0.7622084441517336,0.5016776107455889,0.5100938354990828,0.6120417951212161,0.4639999999999999,0.6730028119732235
TLA,2014,0.447382552330728,0.5838975518047741,0.963090683770062,0.7642374596118354,0.4932364638167784,0.5103746802563659,0.6059120777335226,0.49,0.687825764951877
TLA,2015,0.447664729873556,0.5819502727171302,0.9659835831414784,0.7673283714324269,0.5087470199271519,0.5091791873523385,0.5932785760362993,0.547,0.7118445913821442
TLA,2016,0.4681961020502019,0.5800013220973835,0.9684201810710328,0.7719928212754151,0.5059037425723896,0.5066706994704605,0.5762793676679767,0.5770000000000001,0.7208201692912429
TLA,2017,0.4573785438697284,0.5798872786962972,0.9713428514577348,0.7735010084933418,0.4743322381623932,0.5076385695872084,0.5797169185194601,0.6020000000000001,0.7233173211106988
TLA,2018,0.4496469592145518,0.6001056755287874,0.971895471153424,0.7752411745442429,0.4950879434486055,0.5082246576057364,0.5977874647207523,0.635,0.7186241630968975
TLA,2019,0.4505065008325009,0.5921479385770676,0.9749220469979474,0.7802436575500614,0.4825723513653697,0.5074343948631456,0.5971148364991243,0.677,0.726933918304393
TLA,2020,0.4896232319932123,0.6089826011335729,0.9768290463966892,0.7716233488827124,0.4408230014124207,0.4961798215908101,0.5999610895101523,0.738,0.721134802146729
TLA,2021,0.5004093297700763,0.594418438884276,0.9784012962319036,0.7712287555072358,0.4702419662954854,0.5054815615004616,0.6367041105647656,0.7590000000000001,0.6783442506321993
TLA,2022,0.4897593550017424,0.5915164081840264,0.982233131689261,0.7780758335338979,0.51006786734453,0.5104311420791022,0.6470391127886445,0.773,0.6775891934809188
TLA,2023,0.4877442651988131,0.5923212972467395,0.9802682688599388,0.7840176129427207,0.4514525380479784,0.5127345807717819,0.6372270523716542,0.802,0.6874494852207905
TLA,2024,0.486372303842405,0.5979618335176125,0.9878193592860968,0.7872843447034524,0.4684122378455549,0.5149671538368531,0.6227361337691179,0.818,0.6878991855395553
TLS,2004,0.8220976872070771,0.3835264284966875,0.0,0.4373932212623865,0.4381130304579809,0.1936889351800584,0.0,0.0075980635999999,0.5844686580048315
TLS,2005,0.8075940522889448,0.413002168896072,0.0,0.4444458542516518,0.296804120168774,0.1949817111092265,0.0,0.000990318,0.6273550367442906
TLS,2006,0.8324886120981503,0.4284557195975534,0.0,0.4458037772409832,0.4056076500156044,0.18462490433097,0.0,0.005,0.6261781659785822
TLS,2007,0.8160891765288005,0.36599038138837825,0.0,0.4535731144803087,0.3882723881898532,0.1946536852915478,0.0,0.01,0.6242416505756304
TLS,2008,0.8173023508983923,0.33127241079242725,0.0,0.4574217696435426,0.6823922376310378,0.206381653007568,0.0,0.015,0.6170362226147138
TLS,2009,0.7738272382802905,0.3088047114929928,0.0712374354953239,0.4678790650727816,0.7133396925301113,0.2167424317966889,0.0723090834170224,0.02,0.6858890478962109
TLS,2010,0.7795759939972156,0.27956243551236043,0.0,0.4725901701862158,0.5078591304941065,0.2261769399235064,0.0289195851054945,0.03,0.7046182414182346
TLS,2011,0.7465890601677015,0.28471321482466583,0.2266037611350633,0.4802723173726514,0.5902640781847306,0.2311976353616714,0.1935592423938288,0.04,0.6791254563494897
TLS,2012,0.7813631738636189,0.30184254469478217,0.2996185816731254,0.482148274592077,0.510470973133926,0.2348929654616115,0.1863907550724995,0.07,0.7071605043595098
TLS,2013,0.7377773324200665,0.2894979209109547,0.3664908924733231,0.4858419215706694,0.5444703267847659,0.2363156707884958,0.4040955495202434,0.11,0.6032739721881618
TLS,2014,0.7348830090010053,0.29316708041990786,0.4298989688270579,0.4947312986575592,0.4364565690107784,0.2397855748539478,0.3220630168535357,0.175,0.6318809217275365
TLS,2015,0.6972050454936727,0.29437992979673555,0.5210427048635704,0.5070097723544785,0.459972983110293,0.2405159677627405,0.3601992964248642,0.186,0.6352449308237479
TLS,2016,0.6873183097783311,0.28370096998981575,0.6757546005603808,0.5148890851010174,0.3057558040664261,0.2420539023871201,0.382381126123246,0.212,0.6693989286223059
TLS,2017,0.6881920955135945,0.33917620765062156,0.7222523972398747,0.5391753700322419,0.3115985602397954,0.2346265299679327,0.2867620127665408,0.242,0.7061032049652063
TLS,2018,0.6964896878479417,0.33483343239337715,0.8060100705009462,0.5604388538966013,0.4844714989927732,0.2311644445934125,0.3082110573864358,0.276,0.6995268103334515
TLS,2019,0.6450540525135294,0.28862490349059117,0.8803995631646636,0.5781371002775677,0.0,0.2598031875944818,0.6075360005009512,0.280046,0.5089109208252491
TLS,2020,0.6309821203421178,0.29602741598139837,0.950526811528223,0.5961404491311949,0.0,0.2970059913917607,0.7015734804974635,0.320127,0.3912361559071046
TLS,2021,0.5383295532021685,0.19632084875369285,1.0,0.6190299358017324,0.0,0.301983268297766,0.9650702744618904,0.35042,0.0
TLS,2022,0.5759884998412533,0.28449621036734957,0.996358069242556,0.5807950619961907,0.3928658299365188,0.26661507283439,0.8988266728087467,0.3451019999999999,0.1407533543006307
TLS,2023,0.6888543837965059,0.4203577620199897,1.0,0.5926455168706065,0.6663636649466953,0.2360078738096552,0.4880053730998471,0.340207,0.5965474978025492
TLS,2024,0.7250571185431748,0.5063754030856233,1.0,0.6091956517025267,1.0,0.2204650419048232,0.1490906855808597,0.6966036000000001,0.7386721078733504
TMN,2004,0.6006090629547278,0.4677500714366306,0.7854817900231429,0.5145792238833191,0.3895049863538582,0.3331040858309623,0.7125530879477313,0.1142,0.3655926902108287
TMN,2005,0.5839543998128116,0.468052672148975,0.800393588456987,0.5174144729288027,0.4418130048096133,0.3367658581072613,0.7482727727994828,0.074,0.3495315594537991
TMN,2006,0.5793286943538883,0.4784121967120264,0.826049608191112,0.515709989926814,0.5136226773639416,0.3411535763033461,0.7629302672917964,0.083,0.3422643342731062
TMN,2007,0.5691406199077059,0.4839251464250236,0.818027226832678,0.5151210452459523,0.497043893665543,0.346211649730248,0.7636098513176387,0.096,0.3545562832297874
TMN,2008,0.5515715401100484,0.4738822687337625,0.8318665755713488,0.5174045418039191,0.4670979320409441,0.3479801396030043,0.7828608097901719,0.1159999999999999,0.3454155831983095
TMN,2009,0.5820418001756178,0.4896854053664574,0.8413222384096068,0.527680806655538,0.4284900464111517,0.3487749840007578,0.7109505904910197,0.134,0.4059814023759452
TMN,2010,0.572522341543447,0.5131407676568496,0.8685625146455705,0.5285717063400085,0.3966181980453944,0.3524761909134054,0.7374231975772139,0.153,0.3873631536848962
TMN,2011,0.5617005626479754,0.5079345979257303,0.8715326845848798,0.5338458893578778,0.3466367228048938,0.3487894101586902,0.7482447425860204,0.167,0.3778497766383201
TMN,2012,0.5672658996275061,0.4985214905705131,0.8870160400970138,0.537095604907452,0.361733775814929,0.3509334127225089,0.7451700279088957,0.186,0.3967966323685882
TMN,2013,0.5890225757213984,0.4822888195879203,0.9054266752672554,0.5404407673660949,0.3453454199917775,0.3497437754757889,0.7278091048723397,0.211,0.3988991100087751
TMN,2014,0.5958729833201822,0.4958757945867164,0.917942984720202,0.5443174025503182,0.3178071308645616,0.3505374082402454,0.6961351240009956,0.245,0.4327678661059218
TMN,2015,0.6130613233178073,0.5134987328487287,0.9091942294472516,0.5504117138435085,0.3253932720815072,0.34963384763826,0.6134943369681095,0.2739999999999999,0.4949556937946792
TMN,2016,0.6026288642332083,0.5324153910601499,0.9336093337429224,0.5506223091657132,0.34290958883708,0.3550901424863454,0.5979410154784831,0.306,0.5018511627844746
TMN,2017,0.5988298096088226,0.4770973628577027,0.9453893273555154,0.5593672326195915,0.3539499027185773,0.3575375856947081,0.6255231082828061,0.346,0.4774797484579293
TMN,2018,0.6027166561197121,0.4450397309889292,0.931082045551516,0.5766015064314923,0.3467173476965661,0.358013254508197,0.6482279790150381,0.374,0.4486421526336935
TMN,2019,0.60679609733724,0.4451965654317565,0.9456393984070436,0.5743917011914986,0.3467820760794614,0.3574361342275814,0.6387647261570096,0.413,0.4585820556542351
TMN,2020,0.6235026306092355,0.4764897991971359,0.9491231947585824,0.5673503475943397,0.3341377650870273,0.3511262638923357,0.5823831914198948,0.462,0.4939273700059454
TMN,2021,0.6175915653542735,0.4737303314165322,0.9513863686253088,0.5696973020433771,0.3245255658352277,0.3547832394461706,0.6495866033088923,0.5,0.4245317003579287
TMN,2022,0.606309224490952,0.4596262143736819,0.9435867343375351,0.5762003833385574,0.3398127243050347,0.3584828208071756,0.706334175218708,0.538,0.3719364849774275
TMN,2023,0.6168885066650818,0.4580102735375502,0.951252271223822,0.5805900431991616,0.3307975707040188,0.3601249134965972,0.6741408095976631,0.557,0.3978465743652555
TMN,2024,0.6313911996838033,0.4030481723320854,0.9793576349809224,0.580613071966828,0.4372522453383876,0.3611120887261106,0.6521270089343361,0.578,0.4032010553205061
TON,2004,0.7260407431677242,0.5410274258698123,0.8492660105836505,0.4936524577220057,0.4401386448086163,0.3987881595985648,0.3100016784496962,0.0395237,0.4153699063211841
TON,2005,0.6963564079435496,0.6008225832735874,0.858825527909305,0.5010228428661272,0.433295175893979,0.3970042343383367,0.3130329385328165,0.0490778,0.4440998561629296
TON,2006,0.669632094988357,0.5801483435164183,0.9029129200401428,0.508608911698403,0.5287098985951177,0.393029721246073,0.2726493092590181,0.0585394,0.4815482450610904
TON,2007,0.6825841044003195,0.6102824262219495,0.8790622666688919,0.5107713254648624,0.6673634750050645,0.3887640601679524,0.2843409411921084,0.0717987,0.4487531851281491
TON,2008,0.6545467928224121,0.5984169945281724,0.8883928112759634,0.5109073897863674,0.6905863061242268,0.3952556995185466,0.278487961907342,0.0811077,0.4693542196758751
TON,2009,0.6659260851562443,0.5790956461175955,0.8989699381451771,0.5177252946976154,0.2891664136573908,0.3873664841253025,0.3161795457980642,0.1,0.4996925513370044
TON,2010,0.6789203838560169,0.5373645414136964,0.9094564675260748,0.5157840753532519,0.3666994353279335,0.3882915209253618,0.351455333572911,0.16,0.4823184198326966
TON,2011,0.6873563441563378,0.4945191808059461,0.9016000032171076,0.5071999876086608,0.4041024052839229,0.3974783773163953,0.3787888599762442,0.25,0.4516294946697647
TON,2012,0.6816127668805448,0.4774836707839207,0.9094564675260748,0.5072005058021565,0.2723965285612905,0.3989555507127035,0.3731204595261196,0.3,0.4529575078107675
TON,2013,0.6874533600179108,0.4775719560737789,0.9391143483810512,0.5109719888666087,0.374332700476668,0.4000429154116195,0.2902466007304191,0.32754,0.4926623315392547
TON,2014,0.6772958509478105,0.4840080615669593,0.949264000874592,0.5095589236677586,0.4794299775302086,0.4035403503865363,0.2972531045433274,0.359544,0.4900968483623134
TON,2015,0.684497656516864,0.5014742732303599,1.0,0.5078461391524268,0.5035658533253369,0.4058491417426565,0.2795988420709558,0.386513,0.4784871816556897
TON,2016,0.6812167480536773,0.5225820193092036,0.9630837915557962,0.5082277308508169,0.5411233032702025,0.4159061268602636,0.2925776654914969,0.3995,0.4566825391491673
TON,2017,0.6840793619900309,0.526374165365661,0.977984115274144,0.5111442650361863,0.062289067250418,0.4207119923504919,0.3059315232600246,0.462,0.4313710523098777
TON,2018,0.6897524580975753,0.5338260755251646,0.9878178614776724,0.5156589090433791,0.5900914884727695,0.4211856460896493,0.2693856096588624,0.4349921999999999,0.4319832670481372
TON,2019,0.7064459003061496,0.5274797110131659,0.9804499667021888,0.5331398068725405,0.2054623428852787,0.4206309742478774,0.2738336859677349,0.412,0.4183072210049098
TON,2020,0.6877217862423759,0.5251790755993351,0.9987872264286616,0.5403005071343134,0.3331539647693701,0.4231808363138675,0.2542321507760132,0.7058032000000001,0.4617938814419467
TON,2021,0.6800646759372302,0.5165332507849834,1.0,0.557701607571699,0.2872603579523877,0.4221117120197563,0.3022940245491406,0.575486,0.4331936318590871
TON,2022,0.6920569319331291,0.5138344173981716,1.0,0.6012443803846789,0.3180691273932612,0.4196068690941491,0.3294880982568018,0.577181,0.4110318423187953
TON,2023,0.7111171717502425,0.5118643260812563,1.0,0.6375782516389638,0.3128886330450083,0.4242168713073894,0.2580676979099928,0.585334,0.4209706622979678
TON,2024,0.5959905728481771,0.5064111390818298,0.8293942150258237,0.6410338422553119,0.7505955507862014,0.3612063805294516,0.6151711069217776,0.465265,0.3696048764612811
TSA,2004,0.6985232421803791,0.5096437287360225,0.412086938819737,0.2213820498456884,0.3339729207238862,0.1829381784610044,0.5761841077979714,0.02275228,0.333321562491045
TSA,2005,0.6951855783849247,0.5318330558757437,0.4948379912643389,0.2322110577752751,0.3432756332895037,0.1913480276474332,0.5831239982431669,0.021,0.3377708958574669
TSA,2006,0.6846874688917557,0.5511047624791373,0.4961448314383343,0.2380862269569026,0.4141243461081045,0.2001980905945838,0.6056515248555268,0.026,0.3302211546061981
TSA,2007,0.6836200696103657,0.5617807378880477,0.5561150263285027,0.2418199534590425,0.4134570815810512,0.2086510957391009,0.6067235665225688,0.037,0.327639695726819
TSA,2008,0.6844814343861405,0.5786493966840446,0.598794610692289,0.2444172583234645,0.504622250127448,0.2116297338041891,0.6086762411317498,0.0409999999999999,0.3625151927147556
TSA,2009,0.6832836716246319,0.5731927960040466,0.6189545093021479,0.2481387411945766,0.444672791071508,0.2199901745640325,0.6092747719448073,0.049,0.3644892861320776
TSA,2010,0.6850627369839584,0.5845369223623349,0.6368595353669843,0.2512477941761906,0.3866482290347506,0.2294328530057198,0.6026432565259562,0.071,0.3451504532906836
TSA,2011,0.6869691694329095,0.5886982128835667,0.6884709977964446,0.2673860816323558,0.4089415757137807,0.2351964593145422,0.5942343850597239,0.094,0.3525407127323496
TSA,2012,0.6813203595790787,0.5911899692496786,0.7057088751280653,0.2833363115149743,0.3689789462563712,0.241274432081762,0.5840864237390457,0.104,0.3680375691354409
TSA,2013,0.6837095324373106,0.5922998297202229,0.7425756955283129,0.2984597505783971,0.3831125529798794,0.2482855791457737,0.5695908572938596,0.1169999999999999,0.3764336181330766
TSA,2014,0.6791821270595507,0.5911991708104235,0.7721408427671185,0.3154293284245768,0.3915880585233616,0.2566871893691341,0.5577176564511422,0.13,0.3953245475733486
TSA,2015,0.6709393273443469,0.5920524352562238,0.8247946175829856,0.3330547843469926,0.4130659701244698,0.265770565590853,0.5527191324105354,0.147,0.3953658578387773
TSA,2016,0.6706021842751694,0.5786844604137344,0.8495189054056359,0.3487756147690718,0.4012499855060231,0.2752293741900243,0.549490288319133,0.167,0.3915546348637831
TSA,2017,0.6725874825850632,0.5791156723973995,0.8910241120712751,0.3669862710026762,0.3766629820423918,0.2831370643944663,0.5478492170530982,0.188,0.389542354932914
TSA,2018,0.6652087454654708,0.5856935494761425,0.9355318065474584,0.3811656917007525,0.3804090141467082,0.2906010715351809,0.5474755590860514,0.209,0.4016227506885079
TSA,2019,0.6731391770531162,0.5868117806858452,0.9438176959822204,0.3931278120686529,0.390748969041232,0.2949473530446534,0.5196548919092464,0.297,0.4277224031921454
TSA,2020,0.6946525854728274,0.6016555648855583,0.9555821855520544,0.3526746513836283,0.4212177860244823,0.2861162359955297,0.5296382609256616,0.425,0.398143930766339
TSA,2021,0.6804913605492838,0.5856478839775044,0.9923310116435344,0.3492090045008161,0.3678678200676034,0.297725077287026,0.5514310585634729,0.48,0.3943458612641454
TSA,2022,0.6699752469979259,0.6044016647191819,0.9889132556288048,0.3423658531367484,0.3721567329170419,0.3065097820487655,0.5359116289391239,0.542,0.4226461722149309
TSA,2023,0.66609797103047,0.6249948210491365,0.9928124419536456,0.3459989124860506,0.3321478610206231,0.3170764000704497,0.5324696046123459,0.583,0.4206769846939108
TSA,2024,0.6676300847305225,0.24706698402994146,0.5712966224842023,0.3594973539456721,0.3274348287301446,0.3245628877674819,0.5195236202897018,0.628,0.4261105360904767
TSS,2004,0.6603805241831431,0.594959356100628,0.0,0.3063298643519803,0.4023265590029033,0.241056387631586,0.5603331757752847,0.0238,0.409575902137711
TSS,2005,0.6591475465498641,0.602648838078206,0.0,0.3124066273598061,0.4382414024765504,0.2455586270726516,0.5746747488201435,0.02,0.3942157607148324
TSS,2006,0.6611690728810471,0.6101827569121396,0.0,0.3204040663922063,0.3934219619073291,0.2501137113340063,0.566658995711325,0.025,0.4071747429068245
TSS,2007,0.6679580167652266,0.612904148267446,0.0,0.3290467151007155,0.4515646010618581,0.254801688380183,0.5723194149139773,0.034,0.3918695092122792
TSS,2008,0.6852051116723836,0.5711013053113757,0.0,0.337173466254437,0.4803090268530554,0.2581427658557235,0.5913016064397189,0.038,0.3643184971288043
TSS,2009,0.6897129663595714,0.5835801114011029,0.0,0.3452560898236346,0.4779485540778377,0.258635037051199,0.5268963583110079,0.045,0.4353637358977723
TSS,2010,0.6713299009890541,0.5902099597036031,0.0,0.3600340979242111,0.4329601971296635,0.2631600513688495,0.5546555762673251,0.061,0.4378195914068801
TSS,2011,0.652939881480063,0.5704660767213426,0.0,0.3685359831146702,0.4497402497032446,0.2655020972728789,0.5895058215943185,0.076,0.4251706347385116
TSS,2012,0.6606674724619842,0.5685381248455935,0.0,0.3777487647342445,0.4590188551197466,0.2663028045087355,0.5842935322837662,0.092,0.4287831370291982
TSS,2013,0.6621769841806497,0.5516629303666863,0.0,0.3788509228731936,0.428601864346041,0.2695722117860254,0.5710259580842129,0.111,0.4370243526131913
TSS,2014,0.6667095852535465,0.5467187670120605,0.0,0.3902104808407923,0.4350467164691847,0.2723374088794924,0.5532924307379445,0.133,0.4445637783772542
TSS,2015,0.6772944002860757,0.5439405203180984,0.0,0.3994931101254559,0.4583082512522734,0.2726180195825521,0.4924392813119094,0.161,0.4862869420922057
TSS,2016,0.678577304338583,0.5483480053801773,0.0055796629205166,0.4071924017671832,0.4227818158273049,0.2705528094345187,0.47559405109953,0.182,0.4906437415720459
TSS,2017,0.6691386262862802,0.5566351857465529,0.0037390949856374,0.4166972094165874,0.3943790209777247,0.2703166130931161,0.5105813176150492,0.1989999999999999,0.4720603026542462
TSS,2018,0.6685291978995603,0.5374531693642259,0.0742536935507212,0.4293024310739987,0.3872598214102993,0.2704691555424775,0.5376202085922984,0.221,0.4517157847559798
TSS,2019,0.7024471989214993,0.5043185604120491,0.0942482171231928,0.4443455190210098,0.373351939730287,0.2704113758659935,0.5044930318200197,0.244,0.4482037758970535
TSS,2020,0.7249656261178843,0.4941402154239764,0.1280102367415505,0.4189611110151514,0.3638301082733384,0.2619054272707398,0.4729141312449118,0.268,0.4382997519865342
TSS,2021,0.7168755030875631,0.4845849005208231,0.1791082689937378,0.4186677842079864,0.5004095629495162,0.2634344073717961,0.49103666750553,0.289,0.4116741735249139
TSS,2022,0.7161357114470545,0.4706409911341041,0.2009708468570143,0.4285263990860574,0.3892408301365009,0.2656014776260024,0.5071774287321954,0.311,0.3885080393501161
TSS,2023,0.7144160635987119,0.4762185548887918,0.239211803200966,0.4344886434336397,0.4168559451300217,0.2659124680014549,0.5103996062802859,0.321,0.4089581073988652
TSS,2024,0.698808293698381,0.4569366946135753,0.3798171918569676,0.4442219977808451,0.4320401338909604,0.2674957344687513,0.516005034369167,0.3329999999999999,0.4145040464741262
TTO,2004,0.1322759302759541,0.5260041961366798,0.960582677672353,0.7670277214905644,0.7731369987916616,0.5796509838058564,0.8974981820382895,0.270243,0.3223918641310779
TTO,2005,0.0914018447657123,0.4978059346725627,0.937839705038271,0.7648466108816883,0.6666632853350107,0.5939911513412693,0.9440858661298408,0.289767,0.2196490780440189
TTO,2006,0.1043601192239248,0.4923936534129449,1.0,0.7665309221422014,0.5967473692020535,0.6116119915359551,0.9538816265470328,0.300037,0.1811693402006656
TTO,2007,0.072631644599321,0.4879399970455944,1.0,0.764479701679009,0.5336147723783526,0.6177685764908126,0.9441291121994968,0.3229999999999999,0.214060137950258
TTO,2008,0.0715605991985549,0.4471172943064551,1.0,0.7613157728559627,0.9380030607259238,0.6220100273754702,0.9793768975297154,0.348,0.1127458456048953
TTO,2009,0.1086237653922218,0.5137588694414886,0.9878178614776724,0.7757388972958217,0.5247241323060253,0.6153226784381035,0.885982076133365,0.443,0.3578202613204834
TTO,2010,0.0971403388301954,0.4793271852343628,1.0,0.7837290358875144,0.4453844074757469,0.6192275329636384,0.8923504960182036,0.485,0.3384131343108608
TTO,2011,0.0869487799406968,0.4586640986095727,0.9693143129931838,0.7951104554118038,0.2945244792700331,0.6176689034580093,0.9217044542112662,0.552,0.2882999075944664
TTO,2012,0.1128781392104865,0.4493239016020817,1.0,0.7947993608027502,0.0,0.6263147374547605,0.8225610430032718,0.5750000000000001,0.3999529500535157
TTO,2013,0.1255887934079953,0.4464818538576405,1.0,0.7954207322428334,0.0265404063542945,0.6305413983462075,0.8024451668265861,0.599,0.4330968443661672
TTO,2014,0.1193534798369206,0.4551555761983762,1.0,0.7990300745024167,0.4300626477894376,0.6352570390538285,0.7872135000602652,0.624,0.4656131759196382
TTO,2015,0.1530776816365591,0.4915254132076189,1.0,0.8027873890985792,0.3268955520969263,0.6342003169674054,0.6909623350152765,0.6509999999999999,0.5595567886504657
TTO,2016,0.1616530730511131,0.5181150183100962,1.0,0.8103750413941202,0.2775202133326009,0.6223728359377853,0.6688748968862848,0.6779999999999999,0.5889408471589601
TTO,2017,0.1726350330723417,0.5231790057982442,1.0,0.8153041660269703,0.1554270866936444,0.6148285018821685,0.6931543879876244,0.706,0.5705034713379431
TTO,2018,0.1582884411836324,0.5317308094843649,1.0,0.8173120305268997,0.093225204735752,0.6131759763848502,0.7152467102867816,0.728,0.5396690809543826
TTO,2019,0.1327585714114822,0.545845316683287,1.0,0.8206046684953313,0.3350177421598853,0.6133424695623909,0.680054086739879,0.75,0.586175846271491
TTO,2020,0.1698398440104785,0.5716551048398858,1.0,0.8237693227565952,0.6130158412622791,0.5996982424378178,0.619439514072197,0.7728130000000001,0.6211133954298645
TTO,2021,0.1513731246840142,0.5421880407647478,1.0,0.821838185331365,0.0328737290477793,0.5985656915123693,0.731770784420305,0.8436579999999999,0.5030139632180811
TTO,2022,0.1324561331298666,0.5209961677281909,1.0,0.8304692109629551,0.5532538399182352,0.5999966583084765,0.8101272250137835,0.844957,0.4403091758019249
TTO,2023,0.1421367211735869,0.5670902431016317,0.9841394566470218,0.8242350840731643,0.0,0.6019287115383124,0.6701848460135514,0.846994,0.586846565866525
TTO,2024,0.1344516653382792,0.5808378846961331,1.0,0.8290787936511123,0.1689712698604728,0.6054386105129795,0.6721740771459728,0.7605304,0.5698279171254316
TUN,2004,0.5669313973238573,0.5865778734283135,0.9878178614776724,0.5958472576384201,0.4076001146814045,0.3698858387821219,0.522060728793931,0.0852882,0.517933288554398
TUN,2005,0.5503422993117655,0.5886222991869524,0.9902640057882316,0.5999590173771938,0.4277461628333335,0.3735899245502615,0.5382358049462775,0.0965509,0.5262200552653667
TUN,2006,0.5529279681140988,0.5818806194357398,0.9927052724399016,0.5904180792344682,0.8973796975642476,0.379726112026261,0.5520555018636361,0.129864,0.5300495111226642
TUN,2007,0.5376341279725027,0.5791202385015741,0.9927052724399016,0.5927682196077577,0.5374381312359735,0.3878197926468446,0.582422282566242,0.171,0.52153107032853
TUN,2008,0.5171594789209621,0.5814542839913435,0.9927052724399016,0.5929343335781251,0.6613130585371056,0.3924469449217419,0.6241403700988115,0.2753,0.506375397615933
TUN,2009,0.5330041505188772,0.5882208793271498,0.9939240827149284,0.602329352886419,0.5124429487405314,0.3953180946132054,0.5673704405427173,0.3407,0.5211630098139479
TUN,2010,0.4884877154851613,0.5983046564172528,0.9939240827149284,0.5951155955446079,0.4719803783223457,0.3980045062258156,0.5928389506964703,0.368,0.5194351599754118
TUN,2011,0.5097201289873255,0.621794309560734,0.9939240827149284,0.6110765944573459,0.3425326653938864,0.393394178762212,0.6097295828017049,0.391,0.5340941413703253
TUN,2012,0.529028824777968,0.621469077914075,0.9939240827149284,0.6097484699658847,0.4978200741320964,0.3977494617335494,0.6027646700722019,0.414416,0.538131842097893
TUN,2013,0.520388968577426,0.6218927985359635,0.996358069242556,0.6276949439436821,0.4255310853951822,0.3995078268489841,0.5863347798243334,0.438,0.5523783546478777
TUN,2014,0.5358877195998781,0.6290384668913374,0.9975732503052472,0.6317033148870856,0.4166812021495157,0.4022035293730616,0.5510407780554653,0.4615999999999999,0.5444671513708925
TUN,2015,0.5511864820683324,0.6302835523635459,0.9987872264286616,0.6371410732114667,0.4219894357321585,0.4019632905201969,0.5087483144493781,0.465,0.5662994394291019
TUN,2016,0.5347327844439433,0.6381383410600019,1.0,0.6340240097190394,0.3753567801751654,0.4019756231267398,0.4908684429389612,0.496,0.5775607722770892
TUN,2017,0.5459937123740358,0.6471347308416483,1.0,0.6342197060210887,0.409189560456367,0.4036829614422491,0.4829621555174028,0.555002,0.5858907999940414
TUN,2018,0.5666245764463016,0.6427595225257082,0.9975732503052472,0.6325560768231595,0.4351672746690724,0.4059921884095087,0.4842512312156001,0.6419079999999999,0.5739572431809956
TUN,2019,0.5639318891380122,0.6270576327955161,1.0,0.6317585675846151,0.4105929343830176,0.4068792810143266,0.4748201364504741,0.667,0.5810967333001075
TUN,2020,0.5773966607505115,0.657134054554147,0.9987872264286616,0.6395656613048184,0.3794501273408057,0.3920275862806329,0.4370838871258481,0.685564,0.5847479242575805
TUN,2021,0.5709971918835501,0.6468311310324476,0.9987872264286616,0.6492791854128694,0.3597016940966334,0.3978419767339364,0.4773797405483347,0.6831550000000001,0.5749968250745376
TUN,2022,0.5862321454636098,0.6515039007201656,1.0,0.6632831513443878,0.3771885398850755,0.400933012633904,0.5293736911934787,0.705532,0.5975528789832504
TUN,2023,0.5573622016802442,0.6399013759029272,1.0,0.6568228460084832,0.379265970659721,0.4002319457186866,0.4926279596238915,0.723542,0.6122530960426036
TUN,2024,0.563319272475576,0.6320755074279154,0.9290723962018488,0.6591570465993435,0.3803241871630773,0.4016469611675116,0.4603025755706888,0.5794826000000001,0.6195436571533899
TUR,2004,0.5534523309598582,0.6620313068411179,0.996358069242556,0.5459518520209766,0.3282106505828046,0.4839130955010552,0.5139015690149971,0.1458,0.4740303712011132
TUR,2005,0.5495236228769732,0.6150771303047232,0.996358069242556,0.5708122791784569,0.4124483050468047,0.4950185120754841,0.5165333285036797,0.1546,0.47361813329907
TUR,2006,0.5228399162052458,0.5543027847349814,0.996358069242556,0.5860861231276876,0.5187374914045337,0.5034395406543523,0.531882200934935,0.1823999999999999,0.480161819370519
TUR,2007,0.5052697199083266,0.5451982294094193,0.996358069242556,0.5932831646569305,0.4934127230975356,0.5104371257533477,0.5381896057043859,0.2863,0.5039844301333165
TUR,2008,0.5041901421841891,0.4955853123499923,0.996358069242556,0.5898593370967955,0.4506279319160212,0.50992956760254,0.5340719413170244,0.3437,0.5146276647056284
TUR,2009,0.5217202938105137,0.5191181118240895,0.996358069242556,0.6173672922833903,0.3694642985107003,0.5006603679757914,0.4918046653013769,0.364,0.540899230696171
TUR,2010,0.5441078639307394,0.5595920551544622,1.0,0.5964048122162782,0.3596919733961933,0.5103522628867315,0.5010166218230312,0.3982,0.4996571015007835
TUR,2011,0.5245339255630905,0.5825451998674681,1.0,0.5875729694134448,0.4087697180498244,0.5233429858721598,0.5458980041147143,0.430657,0.4754233879709435
TUR,2012,0.5119752713508505,0.5952927228982707,1.0,0.6006793810395068,0.3850519657237303,0.5283083083146124,0.5428765713773517,0.4513,0.4904449371925091
TUR,2013,0.4824500728562337,0.6296874174304645,1.0,0.603923123304363,0.3757592344804689,0.5382693768329266,0.5622388068000272,0.4625,0.478533116185135
TUR,2014,0.478942962211992,0.6417356176412423,1.0,0.6094876561112829,0.3761283542950333,0.5428400787409867,0.5701280319872909,0.510374,0.4861690618271083
TUR,2015,0.4894204679237254,0.6528233690280847,1.0,0.6254513601411634,0.4288722661694397,0.5490947715049946,0.5659959798187748,0.53745,0.4785741268039053
TUR,2016,0.4701564624616872,0.662551365571769,1.0,0.6415045895541737,0.3874154272584558,0.5518877147249331,0.5725810615346343,0.583477,0.4831471987356319
TUR,2017,0.4678765222480725,0.6651767617798894,1.0,0.6457284402893434,0.3683204569372409,0.560942062702705,0.5845795639978278,0.646846,0.4817879649722599
TUR,2018,0.4614202350236323,0.6538781577656613,1.0,0.6548696278361268,0.3867970221776877,0.5639259920139944,0.5871360255397267,0.7104280000000001,0.4989501470295327
TUR,2019,0.4825803574252128,0.6453751918956844,1.0,0.6737232729677762,0.3637670755916514,0.5637279043021243,0.549932120957962,0.739767,0.5294064390722806
TUR,2020,0.4898537983435939,0.6821991436207895,1.0,0.6693689965899454,0.3507481559724549,0.5649132154952362,0.5630581625992632,0.776696,0.4982931815629304
TUR,2021,0.4510066262210132,0.6688915687783885,1.0,0.6730351593926882,0.3822210021975452,0.5797963515716896,0.6141284977477424,0.814084,0.475737344490693
TUR,2022,0.4838063736479431,0.6040222560312054,1.0,0.6879870205862246,0.3808853419213852,0.5860578197569303,0.6152453490237734,0.8343720000000001,0.45872713051299
TUR,2023,0.4742008656531884,0.5832054211761375,1.0,0.7003008121855642,0.3447928152670909,0.5926122643441359,0.5700422507977448,0.859607,0.4947012406594928
TUR,2024,0.4550807444205391,0.5542555172326648,0.9231726143151012,0.7036704064896876,0.3400351714535425,0.597036308635024,0.5205918747625335,0.873079,0.5447018117404842
TUV,2004,0.6949141886187441,0.6215175339690586,0.9416596607742472,0.8432574254255231,0.2806820164924085,0.3617204938111752,0.0217448077397509,0.076,0.6853316117879575
TUV,2005,0.7167186181121102,0.5597337458170184,0.9441996924325458,0.842923256834016,0.2807777331101271,0.352987446889245,0.0,0.083,0.6853316117879575
TUV,2006,0.7413757704273093,0.4909751892708596,0.9467344652223652,0.8444219500493436,0.2811628690265491,0.3548006231403265,0.0,0.091,0.6853316117879575
TUV,2007,0.7457554420249792,0.4909751892708596,0.9593302020437828,0.8568791464928782,0.2814923927525588,0.3630054224620399,0.0,0.1,0.6853316117879575
TUV,2008,0.734448124937784,0.5567726538579296,0.9530485319257332,0.903485499776478,0.6286278514492953,0.3704032979688262,0.166318438167965,0.1119999999999999,0.5122954501018006
TUV,2009,0.7584253404285323,0.5669044972099044,0.9568214003049156,0.899026237007403,0.6899028635997935,0.3590826300924813,0.1168729974166147,0.128,0.5701829300651224
TUV,2010,0.78766639959498,0.4685283849573506,0.9593302020437828,0.903485499776478,0.3762996879513286,0.3537145539994887,0.0,0.146,0.6745932778805817
TUV,2011,0.7816283748223672,0.4909751892708596,0.9630837915557962,0.8593051986601459,0.2642485579883023,0.3610339078437244,0.0163930451280071,0.165,0.6745932778805817
TUV,2012,0.7189418316688168,0.5329409898258166,0.9717976704778122,0.8977709331141936,0.5031900820261953,0.3558547199525975,0.0,0.187,0.6871584908544885
TUV,2013,0.7117801964140437,0.5358197217369605,0.9705566213901408,0.891028303332943,0.3408158757872133,0.3611441645635175,0.0,0.212,0.6745932778805817
TUV,2014,0.7024215201893488,0.5412498900436702,0.9742760009195603,0.9039632762319636,0.3343909786370136,0.3613685838809289,0.0,0.241,0.6745932778805817
TUV,2015,0.6716782626786063,0.5412498900436702,0.976749324629734,0.9070760765675656,0.3370578709959493,0.3760259512407456,0.0,0.273,0.6860534223996871
TUV,2016,0.3982149685392663,0.5897131182319482,0.9668259080305232,0.6461691910940219,0.3309206805569732,0.3844536748093862,0.4855950856538915,0.31,0.5969789143911297
TUV,2017,0.5144413541901971,0.5577060632291087,0.9841394566470218,0.7005619220631727,0.3271423904158024,0.3887761951760627,0.5844277380337032,0.352,0.4560754708367384
TUV,2018,0.5583426568788121,0.5166645253099359,0.9878178614776724,0.9070760765675656,0.3245283431628292,0.3923597586254838,0.4784554533557468,0.422865,0.5280974239196354
TUV,2019,0.5884709830050544,0.5368896029116746,0.996358069242556,0.9046500244002982,0.319956985764842,0.4134617613653834,0.4231312668157652,0.507996,0.5318839825473037
TUV,2020,0.6327975170306255,0.548644267030704,0.9927052724399016,0.9046500244002982,0.2965975936212842,0.4096391492296342,0.2851762864702108,0.610265,0.5309581676351769
TUV,2021,0.5978789729056108,0.4670424813078497,0.996358069242556,0.9039632762319636,0.3055818064600303,0.4151236514769419,0.5843206684338957,0.733124,0.4402202354468203
TUV,2022,0.5978789729056108,0.4670424813078497,1.0,0.9046500244002982,0.3059944444211615,0.4190079927512121,0.5843206684338957,0.735846,0.4402202354468203
TUV,2023,0.5996311998536699,0.4359833821044155,1.0,0.9039632762319636,0.301397421286217,0.4270736645661838,0.58672575397722,0.743146,0.4413849483602828
TUV,2024,0.4832602086474102,0.5350240562334468,0.7377509084852749,0.6173821895359558,0.521044970375395,0.4600931523874124,0.4981522257440442,0.433764261627434,0.4979430980515284
TZA,2004,0.7805548640125776,0.16273883781954052,0.0,0.0761301414496038,0.4567567050382099,0.1379546643717604,0.4720725093729684,0.00877575,0.3303735247859386
TZA,2005,0.7709255746069188,0.18231370975027042,0.0,0.0910424270380375,0.6149919909778545,0.1443903495763243,0.468537613231286,0.011,0.330041757550887
TZA,2006,0.7616407274165186,0.22883308656419266,0.0,0.1048051697939679,0.4248902012746896,0.1495106483690781,0.4665185588985098,0.013,0.3392164832021936
TZA,2007,0.7575085280298657,0.26230560429286703,0.0,0.1195576729372465,0.457140164343889,0.154965811295082,0.4740147770629098,0.016,0.3389132769620444
TZA,2008,0.7720076022000405,0.27036942972507516,0.0,0.1259986559403003,0.6061288340557254,0.1590727223156902,0.4853135539518586,0.019,0.3031419835975103
TZA,2009,0.7834777964300688,0.2585336203215756,0.0,0.1365734893369364,0.4948905474534497,0.1629482603614164,0.4408176932297811,0.024,0.31970217364114
TZA,2010,0.7794504386149723,0.26688776859392443,0.0,0.1475592816975048,0.6526302419363659,0.1681741955019724,0.4815489289948257,0.0289999999999999,0.2950134250840905
TZA,2011,0.7739557746038704,0.27819399446744797,0.0,0.1621251836683087,0.514872198832853,0.1748398967049399,0.5372747713846704,0.032,0.2554247814123732
TZA,2012,0.7879837320157077,0.28609031649777505,0.0,0.1692919002653714,0.5794036846334372,0.1770541639780289,0.5185790785791113,0.0395,0.2384599156196659
TZA,2013,0.7900514025565357,0.28133322317639015,0.0,0.1827349270463399,0.581593188478323,0.1822203057114603,0.5194938454377891,0.044,0.2309631602542141
TZA,2014,0.7814172796756078,0.2940791311191108,0.0,0.1958175621599187,0.4683870601501901,0.1872245812787492,0.5135548040310094,0.07,0.2531062000026149
TZA,2015,0.7896651362276725,0.31435840321495007,0.0,0.2046491194773171,0.4907358631416347,0.1911871347343031,0.5005899729294314,0.1,0.2345601209651532
TZA,2016,0.7955917275309944,0.29993597912337266,0.0,0.2140659780199596,0.3969935973754534,0.1959008031700231,0.5079841722520362,0.135042,0.2130058567580215
TZA,2017,0.8063228861117039,0.29037288613964457,0.0,0.2228872074283588,0.3985688074622448,0.2005203766103046,0.5116067525198112,0.144634,0.1793682134410028
TZA,2018,0.7991236977291856,0.28409847302129443,0.0,0.2312899712110113,0.3949434365853036,0.2037359620034308,0.5488331807124679,0.154907,0.1626473820159758
TZA,2019,0.7883589318677845,0.28305321356904567,0.0,0.2406377489900113,0.4138285037766493,0.2076138096980463,0.5783606248389097,0.165909,0.1529606320298505
TZA,2020,0.7764944022262787,0.27958006882461284,0.0,0.2168215994171302,0.3769846877109825,0.2061577739425329,0.5502320056110117,0.177693,0.089147769909613
TZA,2021,0.7722199633160727,0.28874099039003304,0.0,0.2147955090376529,0.3936765748165911,0.2079650833940095,0.5540737861859488,0.190314,0.0451312065093713
TZA,2022,0.7672543435707817,0.3222872353906994,0.0582267411033547,0.2209239359164595,0.4075299266541869,0.2101857209290073,0.5610531168384547,0.2210099999999999,0.0
TZA,2023,0.7618130713482832,0.33925475056571724,0.1219401186279812,0.2298387010830681,0.4198042618299403,0.2131727545007443,0.5672423200815692,0.290638,0.0
TZA,2024,0.7582213684495299,0.3441038861654224,0.0414841587185438,0.2313123281674129,0.4257929348498225,0.2168300945896685,0.5766286841194956,0.180931,0.0
UGA,2004,0.7414912626247697,0.23929690854034225,0.0,0.1033213607581272,0.5261727804609448,0.122654106499493,0.4221417467665552,0.00719971,0.4562560801028905
UGA,2005,0.7748543097700354,0.271757760132856,0.0,0.0817769770802477,0.5515522565460742,0.1272990349588041,0.4805882794307753,0.0174221,0.3345767584423944
UGA,2006,0.7651488411201579,0.22335906644802334,0.0,0.0760327347939243,0.7042442942009519,0.1378998440047687,0.4648194938739353,0.0252936,0.3689598046570987
UGA,2007,0.7477995843888203,0.23654840787165066,0.0,0.0614357192211028,0.7172302447866041,0.1453444396402218,0.5122973982724159,0.0367197,0.3653376641388822
UGA,2008,0.7384665618833692,0.23547336938764685,0.0,0.0453187545461118,0.6125023632203219,0.1531803189195562,0.5256729778041338,0.0388,0.3647712915531597
UGA,2009,0.8509212883019184,0.22905028641554095,0.0,0.0274504799261788,0.5019833656326538,0.1584554289364916,0.5538937387766109,0.0409999999999999,0.3211910081886179
UGA,2010,0.8372080170533295,0.18026130744075103,0.0,0.1938972314512948,0.4167187688776747,0.1621384539458065,0.5593921633751084,0.043,0.3243116009680081
UGA,2011,0.8080458373641016,0.26575927433037483,0.0,0.1555957312125666,0.4928360566216657,0.1709016563169428,0.5587917148485254,0.046,0.3435398069684232
UGA,2012,0.7933438473229357,0.27492472094575227,0.0,0.1630996802508192,0.5713078291862779,0.1721505967571464,0.5519443315757392,0.048,0.3175832309275085
UGA,2013,0.7834348691117409,0.27595213028051724,0.0,0.0400810493916792,0.5306936303217569,0.1730995621118306,0.5198403721188856,0.051,0.3194224677012793
UGA,2014,0.7725112801662345,0.28751150450171964,0.0,0.0908083913866136,0.4952628843322575,0.1760410318157169,0.5151410251912725,0.054,0.3096802541586941
UGA,2015,0.7597294874826699,0.30148174894984875,0.0,0.095117591914896,0.4322468058133977,0.1789183580584832,0.5506951204882425,0.0579999999999999,0.3147071633075842
UGA,2016,0.7516829536238887,0.29945874114402216,0.0,0.0990992339785295,0.4234561941092305,0.1808733213913174,0.5332302036684049,0.059,0.3173519140726445
UGA,2017,0.759597577731166,0.29694452044582603,0.0,0.1023960188848641,0.4539368309917971,0.1802828736624193,0.5306727517786752,0.0233999999999999,0.2982957119054398
UGA,2018,0.7575557825789613,0.29944515472385924,0.0,0.2117237307271692,0.4926097141332102,0.1842206904381504,0.5345383102386739,0.0404,0.2954725904273735
UGA,2019,0.7545398858942393,0.30205231888722733,0.0,0.316244010907539,0.5238846736160981,0.1883512429086,0.5417087802260903,0.0788,0.2885437913423736
UGA,2020,0.7641380454965915,0.30845600636879467,0.0,0.2539340945619625,0.4902463499736653,0.187735233461547,0.5392968264974455,0.074,0.2852699361714935
UGA,2021,0.7633022163521814,0.31691509697964254,0.0424291694004355,0.2162105426029703,0.5486830068424575,0.188108969744057,0.5514145418912619,0.1,0.2647231238481097
UGA,2022,0.7649276619583614,0.32130384771448056,0.0917711632793278,0.2231081723888028,0.7057813555090885,0.1902525606403633,0.5444006129487857,0.111246,0.2606426202866652
UGA,2023,0.7656687185639269,0.31728988497582483,0.1989349039824899,0.2327583229748128,0.6834908375888986,0.1937307120622379,0.5253881548084157,0.152524,0.2785776586459519
UGA,2024,0.7706475296101106,0.30966594444137663,0.0212214571920012,0.2425355085620233,0.6772132275238094,0.1982631759744838,0.5081308168612119,0.0894983,0.2914628147166421
UKR,2004,0.5783437634664573,0.5215828422174243,0.9927052724399016,0.6886646121702487,0.4500599676286774,0.3038870431720289,0.5902886336464934,0.0348948,0.4424367500274966
UKR,2005,0.5433347035106624,0.5393556816758387,0.9987872264286616,0.6905526390915242,0.8534390180215727,0.3094723298834775,0.6038264005888555,0.0374976,0.4102148128179919
UKR,2006,0.5001393077769181,0.573936725192878,0.9939240827149284,0.6928093476655288,0.6099872600724113,0.321000794801845,0.609653777756647,0.0450612,0.4180454843244467
UKR,2007,0.4707281221479031,0.5349503257560354,0.9975732503052472,0.6949259694413401,0.7300238217255458,0.3331217230101136,0.6115166815795802,0.0655,0.4491964643106959
UKR,2008,0.4788518796968141,0.7080867372578571,0.9975732503052472,0.6972240057900174,0.6542039600800292,0.3370942241721776,0.568113632340359,0.11,0.4704694068141672
UKR,2009,0.4902815916194066,0.7155031753833682,0.9987872264286616,0.7010804157534201,0.5393558453282984,0.3138865480824392,0.5060303236908673,0.179,0.5209676991433648
UKR,2010,0.504814769295388,0.6829314843906142,1.0,0.7021437894553748,0.5813310338111657,0.3202285632852722,0.5233968551287769,0.233,0.5129664285006736
UKR,2011,0.5251506945479107,0.6599058015726056,1.0,0.7021929953916609,0.5610059685535576,0.3283854971344103,0.5076026819751899,0.287083,0.4807769947609959
UKR,2012,0.5147942535194306,0.65485439366241,0.9987872264286616,0.7037444426179189,0.575395825681305,0.3289131039573459,0.4961285743828229,0.3527,0.4966998079893578
UKR,2013,0.5388744759268547,0.6671440259312565,1.0,0.7145644639360259,0.438060948671856,0.3292407802166038,0.4575373411873253,0.409541,0.531117429278307
UKR,2014,0.5723815067098249,0.6813487630345729,1.0,0.7162820799360269,0.3253100417505464,0.3216629344480014,0.4659554701291009,0.46236,0.4915634887278778
UKR,2015,0.609973963734516,0.616723898503361,1.0,0.7260677049110796,0.2698656026538499,0.3075367815898276,0.4419680761374835,0.488846,0.4415100314373789
UKR,2016,0.6038022409451783,0.5757695254396626,1.0,0.727238697792024,0.5717896543440373,0.3117431393518913,0.4736165462415942,0.53001,0.4196529890741295
UKR,2017,0.5728736667127206,0.5280386794865887,1.0,0.7286410233862486,0.4976815823676943,0.3158350109146978,0.475948010595597,0.588895,0.437889035880088
UKR,2018,0.5720590327215005,0.5045489132343747,1.0,0.7317898918359309,0.5313804046079882,0.3216644074895453,0.4760434753866139,0.625532,0.4443228463862963
UKR,2019,0.5454949784786469,0.4733013716699979,1.0,0.7351472768421351,0.5291434103257506,0.3271778220922282,0.4608054787591153,0.701248,0.4968651438646639
UKR,2020,0.5536098573872027,0.4590572395305765,1.0,0.7354097003924901,0.2966531561004134,0.3226316007419371,0.4206404713347655,0.7503789999999999,0.5177340313256984
UKR,2021,0.5875205228268277,0.4191606081593679,1.0,0.7305814363944821,0.5431462536945382,0.3288941415976115,0.473094750910397,0.792183,0.4541038518280526
UKR,2022,0.535920519145415,0.4168910380990695,1.0,0.903485499776478,0.2928997102071991,0.2914503618365801,0.3506038695125524,0.826753,0.606886763839969
UKR,2023,0.5090268900813196,0.36753839005546407,1.0,0.9070760765675656,0.4482091697671156,0.3122924537301897,0.3787682044335931,0.823755,0.5996213689788126
UKR,2024,0.4964088281101662,0.4793414207560384,0.998786504419976,0.7216726187080277,0.4211125458224344,0.3159193549165319,0.377194511778594,0.5792676000000001,0.5909769904654113
UMC,2004,0.5426614592008919,0.6597058360934872,0.9489572207335936,0.4561702715044323,0.4663308354755766,0.4039248477235643,0.7060937717134068,0.1948,0.4087916905751255
UMC,2005,0.5216654708751369,0.6514953249518372,0.9470416841212989,0.4650987159883244,0.502336708716062,0.4132768284299734,0.7129097209155891,0.102,0.4093278709373831
UMC,2006,0.5088335475361675,0.6561364706712718,0.9591181989751196,0.478936571975985,0.4936635783937578,0.4240858113264926,0.7215472858296036,0.125,0.4088166575858966
UMC,2007,0.5091544773696176,0.6639898387557422,0.9609736287970873,0.4844138447423513,0.5238197670727165,0.436074875544863,0.7183813859694131,0.166,0.4145341683029952
UMC,2008,0.5122465704676267,0.6543054310156624,0.9668345503950904,0.4944073256857531,0.5012745587005379,0.4437988038815775,0.7279221281222377,0.212,0.402251352847438
UMC,2009,0.514363362199699,0.6923714314006992,0.9719410487028152,0.5077243318887429,0.4371555170919505,0.447661712398247,0.7104475444247405,0.258,0.4307554947564243
UMC,2010,0.5096784972913562,0.6970032982128503,0.9779997683698536,0.5149900101928047,0.4995452319532058,0.4583979483011825,0.7146946902109778,0.306,0.4212775723801849
UMC,2011,0.5076477780880015,0.6998454446467539,0.9806433227514126,0.5266135810959889,0.49444948842162,0.4669037700095279,0.7222394473515743,0.345,0.4133121385680374
UMC,2012,0.5074380499422158,0.715165432427423,0.9835349669584186,0.5315875656501555,0.4655310688493809,0.4737429996239451,0.7191440678579353,0.383,0.4239338466590145
UMC,2013,0.5089662888864539,0.729693234140729,0.9855679602083972,0.5543780317225658,0.4695058791717419,0.4804146100175651,0.7079994589953117,0.414,0.4393366785647759
UMC,2014,0.5060033419072415,0.7433479180837523,0.986819518885161,0.5742201305176919,0.4417053560799387,0.48620966426844,0.6994133412349989,0.443,0.455702885799063
UMC,2015,0.5064978322324487,0.7674956417891476,0.9877976741408904,0.591221607269092,0.4348354214909492,0.4914062533810822,0.6800224687777335,0.479,0.4847302607489453
UMC,2016,0.5044887823650664,0.7721848736273829,0.9882400997753132,0.5995399978168682,0.4118335295152989,0.4967318229096692,0.6692740105372984,0.533,0.4994607701005142
UMC,2017,0.4916267148697875,0.7727462416371759,0.9897852754409372,0.6049988542330892,0.3997841371195353,0.5031529729170775,0.6738208814495839,0.5770000000000001,0.501083402841188
UMC,2018,0.4831569326050882,0.7862322345497975,0.9900148294008176,0.6114768896952564,0.4145881812344973,0.5090361029924017,0.6823335383264449,0.622,0.5016427376089815
UMC,2019,0.4868125987075839,0.7918606677929141,0.9912060208787828,0.6199848467866539,0.3942754914687863,0.5140412577565999,0.6694425994566945,0.675,0.515843153723004
UMC,2020,0.5074387628158032,0.8217011194104132,0.9904787506986292,0.6213098556150181,0.3948274834609473,0.5127100519667102,0.6629291180452487,0.7490000000000001,0.5180658960087349
UMC,2021,0.4982257337805348,0.8160251097609441,0.9931397627278702,0.6248593156353852,0.4252134792082732,0.5229038079511447,0.6875628065731475,0.794,0.494879767288515
UMC,2022,0.4960697443445517,0.8180285920759525,0.9940321543250028,0.6238249635448323,0.3868911390286911,0.5274654463907061,0.6899472742743755,0.8270000000000001,0.491787598044225
UMC,2023,0.4902469308000148,0.822194051416835,0.9930541274158328,0.6327394955746268,0.3463679444045306,0.5336632849137833,0.6690375841720935,0.853,0.5144857506318179
UMC,2024,0.4875081208926878,0.8284090743073467,0.9945291452637112,0.6383186745529124,0.3415439495222769,0.5391516202474832,0.6589274692929495,0.8690000000000001,0.5238265726481756
URY,2004,0.5897374185454854,0.4250949673843984,0.9755132873514472,0.8018056844415499,0.4517389718992864,0.5396403397802504,0.457636479411929,0.1706309999999999,0.5253473968122128
URY,2005,0.5401878225504807,0.4087433499103173,0.9755132873514472,0.8050497749499728,0.5938582666996386,0.5499677678160503,0.4860946484246582,0.200882,0.5322072994188054
URY,2006,0.544263426534247,0.421003370726724,0.9816810324873144,0.8087894668706392,0.7812646406988408,0.5556332120354596,0.4676180046082517,0.294,0.533457845719392
URY,2007,0.5340798575993042,0.4141519873657805,0.9841394566470218,0.8050540270753764,0.6555941785238664,0.5645815549076859,0.4833764196841207,0.34,0.5347393506016275
URY,2008,0.5503210295313425,0.4509305202431267,0.9853668199780375,0.8071152483025634,0.7319659492772654,0.5743318778123533,0.4648451129435315,0.3929999999999999,0.5465191600378752
URY,2009,0.5181905811592243,0.3814612883968532,0.9890415445582064,0.8086739414883518,0.6028884009405409,0.5800167744477126,0.4923352899940206,0.418,0.5576951250706912
URY,2010,0.4990661558209246,0.3979362922086317,0.991485247605356,0.7989423541427381,0.6239322779869634,0.5905515210293496,0.5014224173438341,0.4639999999999999,0.5557284319713413
URY,2011,0.5422178607324764,0.4037507325819185,0.9902640057882316,0.8213624151714265,0.6317804571462927,0.597497273155328,0.4635038244456402,0.514047,0.556436356934802
URY,2012,0.524408165450428,0.405722343024498,0.9951416808462688,0.8295772121907939,1.0,0.6021705480676366,0.4668833002117853,0.5445380000000001,0.5721718239076063
URY,2013,0.5108117878270346,0.426774599494894,0.9951416808462688,0.8195325373758441,0.3887350154449007,0.6083188632969306,0.4838991168123652,0.5769,0.5686496016688909
URY,2014,0.4851000031046936,0.4338691963678715,0.996358069242556,0.8256503619734554,0.7163491419464167,0.6124691580036216,0.504853446288235,0.614625,0.5685420072962641
URY,2015,0.4657136219010415,0.4561743245898326,0.996358069242556,0.8330548966036659,0.5856154743951867,0.6125019219129354,0.5193973664593032,0.6457080000000001,0.5719696707640456
URY,2016,0.4833444389833877,0.4383784228004235,0.996358069242556,0.8418462881312982,0.2256391337775219,0.6144494943623945,0.3731483337694968,0.664,0.632321702146357
URY,2017,0.4401479791881352,0.4226282598153964,0.9975732503052472,0.8397781702763897,0.5529764506982153,0.6165612618650075,0.3511706214942944,0.7032240000000001,0.6575769497375662
URY,2018,0.4552010402457199,0.4318976916448084,0.9975732503052472,0.8476086516492144,0.4559760842913619,0.6165393404612406,0.3592112980276352,0.807268,0.649032024754736
URY,2019,0.477817861698377,0.4351170854079598,0.9987872264286616,0.8504582176362109,0.4374159771136129,0.6177664424601684,0.33833016389337,0.833515,0.6511134389009278
URY,2020,0.4992009650137836,0.456740964082957,1.0,0.8493669671932922,0.4023037964425929,0.6065985524974277,0.3213880137095495,0.8547100000000001,0.6475037871101336
URY,2021,0.5140570600785024,0.4471567570720928,1.0,0.8464732814399819,0.8374613568449965,0.6149401406003098,0.3430490770409658,0.8764440000000001,0.6303715647334387
URY,2022,0.4906735924944088,0.4464110572576971,1.0,0.8479559418379023,1.0,0.6215574948782686,0.3424067358255095,0.89873,0.6357708467873342
URY,2023,0.4643578567714426,0.4622242159383954,1.0,0.8420990844247398,0.0,0.62275202122624,0.3155548602101247,0.89896,0.6615359612325635
URY,2024,0.4752325440021311,0.4810198192422177,1.0,0.8444597409737872,0.0,0.6272590423382353,0.3157055988779307,0.919911,0.65627099313124
USA,2004,0.1922774086684856,0.8875632402620893,1.0,0.8691934194138548,0.3978252659579394,0.77118143665638,0.4241507574503788,0.647583,0.7694605394769031
USA,2005,0.1798577980616747,0.8922825820240621,1.0,0.8706738843954391,0.3550660106829538,0.7748140782155716,0.4300882648891134,0.6796810000000001,0.7678090026014944
USA,2006,0.1636852216389397,0.9037716934347513,1.0,0.8700879272660724,0.4246149248015994,0.7774011266196824,0.4387844404301745,0.689312,0.7639186554481034
USA,2007,0.171349313082529,0.9129567523301357,1.0,0.8725991183897781,0.4398667171066995,0.7789006005390492,0.4350772835170544,0.75,0.7665678383746485
USA,2008,0.1687934974557382,0.8879616327694929,1.0,0.8776926969339421,0.4343146442798111,0.7776923837899309,0.4204894201418344,0.74,0.7748892429167359
USA,2009,0.1577742379523872,0.8908709574117416,1.0,0.8892646047570056,0.356428662796626,0.7726308146939082,0.3833756068740584,0.71,0.7971139385218892
USA,2010,0.1660408711161041,0.8839415513495031,1.0,0.8914590290490443,0.3982054185975446,0.7752630933145536,0.3844290861659423,0.7169,0.7943626617856969
USA,2011,0.1853440575656168,0.8743227244780193,1.0,0.8907455265445358,0.3939479110697906,0.7763661558373004,0.3868727486358839,0.697295,0.789985765335597
USA,2012,0.1797272650456753,0.8755976085975173,1.0,0.8911431061487715,0.3842572429733128,0.7784926179207207,0.3806964477603038,0.747,0.7930436606187377
USA,2013,0.1980588895756981,0.8872732065363417,1.0,0.8899495784824174,0.3953506882767945,0.7804365178929705,0.3826974062755155,0.7140000000000001,0.7889874375785753
USA,2014,0.1822363220263616,0.8883013130200916,1.0,0.8893749282776416,0.3774117181717542,0.7828990963411023,0.3849642733321556,0.73,0.7891217230732308
USA,2015,0.1665685985077666,0.8872195348422407,1.0,0.8896151560780133,0.4668394287427367,0.7859548294078661,0.3658821105575021,0.7455419999999999,0.7997522390882519
USA,2016,0.1556186270581552,0.8907990072579289,1.0,0.890233702446808,0.4491605338022497,0.7874317791663842,0.35144789195907,0.855444,0.8077710709407521
USA,2017,0.1561365537826305,0.9004378543044339,1.0,0.8906978383453116,0.411265491511786,0.7899502876059722,0.3619042334208373,0.872749,0.8031021498018904
USA,2018,0.150814948142686,0.88675101261612,1.0,0.8900349412062805,0.3520750692851568,0.7933425372428314,0.3670239624135938,0.884989,0.7996730200951564
USA,2019,0.1425205831979552,0.9013193265428805,1.0,0.889882765835965,0.3802005924074358,0.7962978273176252,0.3578079440451175,0.8943030000000001,0.8048057913000709
USA,2020,0.1563787856473611,0.9291518119765829,1.0,0.89285233272022,0.3263762125134778,0.7925306738904888,0.3369019774162535,0.903447,0.8157245718186987
USA,2021,0.1576867339225059,0.9316314926069997,1.0,0.8953560282738098,0.4174334591857318,0.8008359369296049,0.3471970029117009,0.912684,0.8095954827322803
USA,2022,0.451518560835139,0.894585175534852,1.0,0.8949541135515382,0.3899816555431735,0.8036020718594113,0.4525193401838046,0.922016,0.5282233247895334
USA,2023,0.4299623226819929,0.9005750326078105,1.0,0.8948917723533758,0.3703285244021289,0.8065272569475307,0.5281988070092236,0.931444,0.47356242286238
USA,2024,0.3643602983208481,0.9067708087974389,1.0,0.8971828515229846,0.3512620199173895,0.8091086019284012,0.3718677977497593,0.7714584,0.6662047002246595
UZB,2004,0.7870565787601226,0.4033400283612268,0.9939240827149284,0.5697558150399211,0.3795575577908843,0.2558387257924485,0.4548098971409633,0.0259373,0.1612214168614793
UZB,2005,0.7860731821448019,0.4191255564432536,0.9927052724399016,0.5776200903245512,0.3811303231677426,0.263771335260497,0.5303137424010013,0.0334351,0.1579425784600374
UZB,2006,0.7748952065467072,0.429368339407379,0.9939240827149284,0.5850985627871882,0.3618110934834581,0.2723266949614892,0.5457314165654491,0.0638832,0.1792989518443477
UZB,2007,0.7574142036128892,0.35023106418162137,0.9939240827149284,0.5932627592919711,0.4787239195278223,0.2834232200034167,0.5461768170895905,0.074906,0.2198742081640343
UZB,2008,0.7196906269290306,0.5407027132767039,0.9939240827149284,0.6014065115972179,0.4047039640625606,0.2937381785672154,0.5850962057782277,0.0908011,0.2543448554694861
UZB,2009,0.7071873622591585,0.5407027132767039,0.9939240827149284,0.6078940642005632,0.4024563621606515,0.3026455569216201,0.6065497148493458,0.119,0.25459293046641
UZB,2010,0.7911741217684802,0.4050133435396156,0.9951416808462688,0.6139422025433057,0.5014622796574761,0.310971030583597,0.4306235104932575,0.159,0.2220840573294724
UZB,2011,0.8137792555281604,0.4372176202454613,0.996358069242556,0.6102280929698769,0.4586786629491106,0.3192781394434157,0.3960769611026371,0.186,0.2088098849991846
UZB,2012,0.8080005545022194,0.4469066189979418,0.996358069242556,0.6165956017785909,0.3557583980096833,0.3270423438742759,0.4118350153285555,0.236,0.2116500469914073
UZB,2013,0.7986441652147359,0.21869793947621774,0.9975732503052472,0.6094681039848524,0.3455234965385697,0.3349875342301519,0.4321173636939127,0.268,0.2361655495804235
UZB,2014,0.8058644193988918,0.23391874592082965,0.9975732503052472,0.6045839824157129,0.3491185497150011,0.3422185463867652,0.4496297141632372,0.355,0.2118089683820904
UZB,2015,0.8100383136678628,0.23971886119494965,0.9987872264286616,0.605244835517505,0.3626333477197515,0.3498273614948081,0.459502968680295,0.428,0.2065095799554027
UZB,2016,0.8104792538314776,0.26753311409210123,0.9987872264286616,0.6053492900089454,0.4096563182455343,0.3556858237956751,0.46814757824151,0.467913,0.2034385619998479
UZB,2017,0.7783160529702688,0.3060550103359693,1.0,0.6087079028147014,0.4519224964113439,0.3594688964124485,0.5053456165504098,0.487,0.2264303344445263
UZB,2018,0.7641115363364016,0.387601253465389,1.0,0.6196463793651484,0.3532837484255894,0.3648135835985454,0.5778614952949601,0.552,0.1758374243254424
UZB,2019,0.7432889494829641,0.4399042474005451,1.0,0.6184839598943117,0.5080480747825913,0.3717069138085919,0.6327343118797857,0.7040000000000001,0.1927725664686028
UZB,2020,0.7503427276452321,0.4887890193686396,1.0,0.6035683672652934,0.4532989756090841,0.3712468092791375,0.6331391746968841,0.711,0.1986355014550783
UZB,2021,0.746532323311947,0.4879584193099753,0.9987872264286616,0.6027333107920755,0.4759016046660174,0.3796491407145247,0.638863111414378,0.765904,0.205502032055427
UZB,2022,0.7340496131929182,0.4924915795427851,1.0,0.6055689720708328,0.4759718564888461,0.3851900620471516,0.6246435638090009,0.8390000000000001,0.2582885433870756
UZB,2023,0.7251374403275649,0.5035285901822121,1.0,0.6080225184222143,0.4207435774449091,0.3911114400709251,0.6173954752456225,0.890136,0.3078221686720973
UZB,2024,0.7034328930275997,0.4958330055372248,0.9953757601303372,0.6109086616669235,0.4530505198150599,0.3973906679745079,0.6297902253812442,0.5223542,0.3322386272237898
VCT,2004,0.4562132090626817,0.5558216046449609,0.8017417518714691,0.7672640450935222,1.0,0.4619978016883675,0.2988563756712114,0.0737117,0.6737396668687154
VCT,2005,0.4808027489255582,0.5557973678220195,0.8201312745739847,0.7709518795707465,0.7318825746585284,0.466061493865891,0.2874607094575173,0.0919828,0.6754035347085403
VCT,2006,0.4662713898248353,0.5624785899426953,0.8382486600128849,0.7720853998392436,1.0,0.4764410624123568,0.2909512937306212,0.12,0.663755690919266
VCT,2007,0.4598767386634172,0.5707375650075182,0.8561018453173163,0.7730240325043506,1.0,0.4818128120687895,0.3388467677800633,0.16,0.6343562986081112
VCT,2008,0.4624977631961691,0.5714091732586091,0.8736984253612241,0.7788471713593689,1.0,0.4830549830216725,0.2846015941059309,0.21,0.6317714684566377
VCT,2009,0.4727540336846947,0.5816586845890068,0.891045672162595,0.783092658229632,1.0,0.4817221163256165,0.2893633248654463,0.31,0.6244235118307544
VCT,2010,0.47014027508278,0.5837862151395757,0.9081505529274267,0.7877958128486466,1.0,0.475807021870935,0.2904839852760242,0.337,0.6383059022274893
VCT,2011,0.4722802759021074,0.5892093597803129,0.9263078004360528,0.7921919731295326,1.0,0.4757318028828196,0.2666969158176888,0.367,0.6552084792836541
VCT,2012,0.4664121412910986,0.5950195751960871,0.942930335325417,0.7961309309107323,1.0,0.4782347356604098,0.2486568948725513,0.4,0.6653503546591416
VCT,2013,0.4791211030303922,0.5872140176597357,0.960582677672353,0.7984766357081016,1.0,0.4825699322955074,0.2529366825122721,0.435,0.6635330182109975
VCT,2014,0.4794443509783851,0.5849167284619223,0.976749324629734,0.803036420309794,1.0,0.4850309684105759,0.2331966233186329,0.474,0.6582882869024459
VCT,2015,0.4699837204195113,0.5858649020869594,0.9927052724399016,0.8047303598760522,1.0,0.48979619316187,0.2607583163436131,0.494,0.6489052965394293
VCT,2016,0.485580112746506,0.5793455128624065,0.996358069242556,0.8075562568410838,0.8476595604268449,0.4965289996259433,0.2422491743080803,0.515,0.6351530197940543
VCT,2017,0.4861323733946387,0.5728762464536532,1.0,0.8098333571972539,1.0,0.4996980103340113,0.2517524512797665,0.537,0.6315395870753424
VCT,2018,0.4963563557275348,0.5615646341448983,1.0,0.8122420312725418,0.5784495428184614,0.5052514454810074,0.2480491713873989,0.56,0.631437576861388
VCT,2019,0.4932139504976085,0.5573557128556351,1.0,0.8159073071031545,0.7760661302804577,0.5072721363839655,0.2188330145723097,0.595763,0.6443145397129876
VCT,2020,0.5376518592607853,0.5767768553213607,1.0,0.8149896476272753,0.7751430068054508,0.5018358412331049,0.1776760535348377,0.63381,0.6281068226291175
VCT,2021,0.4326269832214781,0.5705216184133682,1.0,0.814152547485139,1.0,0.5058064693287004,0.189420527269693,0.6742870000000001,0.648656669510778
VCT,2022,0.4097416583524124,0.5444301141240355,1.0,0.8130940333884406,0.7132310924867636,0.5113792264551548,0.250008700527007,0.717226,0.6509404002082145
VCT,2023,0.3904271675412918,0.5361304593072065,1.0,0.8135781168989199,0.7321678158972365,0.5199433260320586,0.2542497631015424,0.759927,0.6713612647046782
VCT,2024,0.3583590811584231,0.5181562647563113,1.0,0.8155071790142889,1.0,0.5267386452647541,0.2756788486118069,0.7252586000000001,0.6715779716133464
VEN,2004,0.3672445828318479,0.25500478862802123,0.9890415445582064,0.8076773362991401,0.3701947887540916,0.3853578853371243,0.8665040573578153,0.0840447,0.1634116533892551
VEN,2005,0.3660473194329115,0.29263673400832,0.9853668199780375,0.8108279937797991,0.3935951744087564,0.3971773204113947,0.8855334158005533,0.12553,0.1101395666101038
VEN,2006,0.3640902137207583,0.34775555882988757,0.991485247605356,0.8048208420262132,0.2910440636977022,0.4084818803433733,0.8744350839987374,0.152247,0.1414176953256075
VEN,2007,0.3719836459032333,0.4184575563762757,0.9865929541017062,0.801511220685382,0.4071379868863994,0.418413830094318,0.848209787108826,0.2082999999999999,0.2108726931001092
VEN,2008,0.3884836279986042,0.3986133912838475,0.9865929541017062,0.8067250227798872,0.326926356481744,0.4237713192466587,0.8615618030828511,0.2588,0.1984524764696986
VEN,2009,0.4494830645827894,0.4197064586638067,0.9878178614776724,0.809399325065543,0.2615836313039431,0.4170716565264679,0.753831355234272,0.327,0.3461521171374691
VEN,2010,0.438986334204221,0.36997257720576104,0.9890415445582064,0.8146009494932741,0.3102221884247598,0.4129945285275579,0.8392365223069673,0.3737,0.2037058077400258
VEN,2011,0.4250338053614578,0.3881255781760101,0.9853668199780375,0.8204844101560005,0.4044200356994727,0.4170702689399123,0.8415458176775309,0.4022,0.1947958538901401
VEN,2012,0.4820101449564848,0.4221324457767351,0.991485247605356,0.8278991928638301,0.3711101465295517,0.423192247186159,0.343813314782884,0.490501,0.6750250366356911
VEN,2013,0.5557516677848378,0.4534171662069524,0.9927052724399016,0.8299337271780066,0.3379334572803367,0.4233792326189319,0.3119314462161756,0.549,0.6435290901938915
VEN,2014,0.6067505612111143,0.4769223283515441,1.0,0.8350277980541188,0.3184266716001676,0.415964994190911,0.2667203522551198,0.5700000000000001,0.6516609070048528
VEN,2015,0.5174054758163147,0.5714940758482836,1.0,0.8386568083617274,0.4373702971417673,0.4051165550084493,0.4232404835849285,0.58,0.5707150591301116
VEN,2016,0.57569977825252,0.5528727896761932,0.9927052724399016,0.8435260436759655,0.3754892815617159,0.3770981302493129,0.2821307183378055,0.6,0.6295150453543678
VEN,2017,0.3785299154259965,0.4778515752269551,0.9902640057882316,0.8353121531649561,0.2672292341186271,0.3533117615560691,0.2859832597339052,0.616,0.6971159750742015
VEN,2018,0.2687330539802063,0.5280025585293473,0.9987872264286616,0.8412005002582974,0.3236986237768218,0.3251987854607098,0.5862282504538044,0.7486664000000001,0.5127415645298993
VEN,2019,0.383311221872364,0.5280025585293473,0.9975732503052472,0.8473040025233824,0.3342920264087157,0.2825190035921471,0.5892188230927118,0.5450262,0.5257270750750274
VEN,2020,0.3842507644223798,0.4502372749017518,0.9987872264286616,0.8425373189935705,0.5125092426407827,0.2332793665247751,0.4993272842703289,0.7488556,0.5211798017135575
VEN,2021,0.3853947471184986,0.4828867925618013,1.0,0.8418145369753314,0.4234569826138089,0.2357141938884729,0.5892188230927118,0.8051138,0.5154764826697741
VEN,2022,0.1474492177502537,0.449337780470313,1.0,0.8456566850074014,0.4557619011367919,0.2470062677944925,0.6698696168003166,0.7765813999999999,0.5109113218468188
VEN,2023,0.383311221872364,0.487796452695993,1.0,0.8493189366008679,0.2848473774732633,0.252246985170048,0.4993272842703289,0.8995384,0.5104441565559709
VEN,2024,0.7728119975648994,0.4464430599462657,0.7243144703543793,0.8526237450783194,0.3727066101954207,0.2592028552913182,0.1395086968666236,0.2583388,0.619703550702387
VGB,2004,0.4324650893831261,0.5379270367949293,0.9693143129931838,0.6767963327130763,0.4186105456768282,0.471499976215507,0.6855418134497324,0.3409765999999999,0.4178259695755464
VGB,2005,0.5184931683946269,0.4057205343713983,0.9705566213901408,0.724712074619004,0.4060383136886895,0.4300896092396661,0.4534722790181281,0.2199516,0.4393991600655226
VGB,2006,0.4612386137009645,0.5196820506451064,0.9730374628066976,0.7224274787850247,0.5528215655038359,0.4563851828173592,0.5508788454186805,0.2874562,0.4845380581518213
VGB,2007,0.49117904968049,0.5863789450962118,0.9742760009195603,0.6527673102025742,0.6487384612936102,0.4443776817611784,0.4843497598341497,0.36410212,0.5087887898837441
VGB,2008,0.5095054504051576,0.5295610865921917,0.976749324629734,0.7266019345700043,0.4508800426211302,0.471932253607675,0.69166433205283,0.410914,0.524563457326072
VGB,2009,0.4009323522212572,0.5425196276345117,0.979217661796788,0.6286700014108262,0.6602190752352983,0.5392003331954178,0.5469418725195738,0.36,0.5398019692320489
VGB,2010,0.4476109668113018,0.5425196276345117,0.979217661796788,0.617831291895924,0.6195878351428415,0.4949250972767879,0.5469418725195738,0.37,0.5398019692320489
VGB,2011,0.4353370849707444,0.682557980232874,0.9841394566470218,0.5868911104978124,0.570074187596659,0.5207390013709958,0.5599269100260945,0.374,0.5244652953034191
VGB,2012,0.3804492432133086,0.6453479737990317,0.9865929541017062,0.6032381522863509,0.4626913754598593,0.551434864965878,0.4223992942154366,0.376,0.6064077885966571
VGB,2013,0.523286698131711,0.36569947823021487,0.9890415445582064,0.7182860103369748,0.5196777756056947,0.4224323553552234,0.5902576847369221,0.3565379999999999,0.4698268739048403
VGB,2014,0.5471622400138387,0.536985677497218,0.9902640057882316,0.6621866806923388,0.4281530944533258,0.4455571423227712,0.5159708695902427,0.29407728,0.5052563127207776
VGB,2015,0.114582832229129,0.584709702263375,1.0,0.8221590337060404,0.1930998871196398,0.713381279646957,0.2435327797284502,0.423605,0.7279149108544634
VGB,2016,0.2845966285398127,0.742070717951454,1.0,0.7886135140906213,0.6036576640235521,0.7196902356378961,0.2559481338815749,0.7770140000000001,0.7949597000139873
VGB,2017,0.0822710141769212,0.742070717951454,1.0,0.86258259592873,0.4983841452213952,0.7594728804445873,0.2559481338815749,0.777043,0.7792994050456009
VGB,2018,0.114582832229129,0.584709702263375,1.0,0.8221590337060404,0.1930998871196398,0.713381279646957,0.2435327797284502,0.423605,0.7279149108544634
VGB,2019,0.114582832229129,0.584709702263375,1.0,0.8221590337060404,0.1930998871196398,0.713381279646957,0.2435327797284502,0.423605,0.7279149108544634
VGB,2020,0.114582832229129,0.584709702263375,1.0,0.8221590337060404,0.1930998871196398,0.713381279646957,0.2435327797284502,0.423605,0.7279149108544634
VGB,2021,0.0014005645670527,0.5989972094890986,1.0,0.755278168649956,0.2383614978001722,0.6912788903703789,0.311867450395431,0.3186,0.769568807168885
VGB,2022,0.114582832229129,0.584709702263375,1.0,0.8221590337060404,0.1930998871196398,0.713381279646957,0.2435327797284502,0.423605,0.7279149108544634
VGB,2023,0.114582832229129,0.584709702263375,1.0,0.8221590337060404,0.1930998871196398,0.713381279646957,0.2435327797284502,0.423605,0.7279149108544634
VGB,2024,0.4832602086474102,0.5350240562334468,0.7377509084852749,0.6173821895359558,0.521044970375395,0.4600931523874124,0.4981522257440442,0.433764261627434,0.4979430980515284
VIR,2004,0.093198062832324,0.8447851462028125,1.0,0.8558242837629535,0.4139612690642794,0.7510008163402307,0.5748689417212904,0.27377,0.6167196297213131
VIR,2005,0.4721436514159872,0.8049254943208223,1.0,0.8571025835010572,0.4422303385989657,0.7559912553007081,0.4541184672706239,0.273443,0.5894120595858126
VIR,2006,0.4380884997495462,0.8148025309040109,1.0,0.8589761977116322,0.4944899930594409,0.7611043803077103,0.3876369416843236,0.273326,0.596557518996674
VIR,2007,0.4235126109287413,0.838312807592436,1.0,0.8604399381172684,0.3948887513136373,0.766855248899322,0.3830167551665633,0.273393,0.6167665044680145
VIR,2008,0.3310312030852199,0.8363596417873979,1.0,0.863140113415394,0.3459911050454062,0.768533123345195,0.3952672855483198,0.273618,0.6459006955032796
VIR,2009,0.4697962742454045,0.8314484023564828,1.0,0.868758663856733,0.6020595203348937,0.7586206069703142,0.4640878946882849,0.273965,0.5779090212400774
VIR,2010,0.4697962742454044,0.8314484023564828,1.0,0.8716321253999176,0.5942465247669217,0.7595466839534476,0.4640878946882849,0.3122,0.5779090212400774
VIR,2011,0.0203459657109678,0.8573120573907073,1.0,0.8770031785487604,0.5045707962117493,0.7472103332124106,0.5586761332202219,0.356,0.586145139967341
VIR,2012,0.0385265298476025,0.6753313329281204,1.0,0.8834474952767378,0.4467089350136269,0.7240761018780989,0.1778709584306941,0.405479,0.8101421859901491
VIR,2013,0.0754300600629959,0.5785818737182544,1.0,0.8881418059186189,0.4191110000656349,0.7148507907853928,0.3802094500555629,0.4529999999999999,0.6205280552424738
VIR,2014,0.1164969285561935,0.6142548918574131,1.0,0.8913181945393126,0.406202021455595,0.7124655853803888,0.3779311045685531,0.5007,0.6366043969043199
VIR,2015,0.204981199446936,0.5697785130799141,1.0,0.8942826828374206,0.406202021455595,0.7120761553435885,0.3802094500555629,0.5483910000000001,0.6205280552424738
VIR,2016,0.1037664852767326,0.5979724375819495,1.0,0.8968587950031471,0.4191110000656349,0.7146458823281249,0.4427445003991348,0.596083,0.5984312417598616
VIR,2017,0.1099430841743739,0.6001399598044618,1.0,0.9006902389063696,0.5354372820730683,0.7138922275248961,0.3802094500555629,0.643775,0.6238742566472963
VIR,2018,0.1505421817008675,0.510306463161403,1.0,0.9035549438829564,1.0,0.7169727850064552,0.4882489527394563,0.9206326,0.5067575685759954
VIR,2019,0.1425074218603529,0.6189404828548248,1.0,0.9062421051560652,1.0,0.7215853100502804,0.670649105698812,0.9017294,0.5237383137267675
VIR,2020,0.2637872876456926,0.6507451549556488,1.0,0.9097126360851362,0.8,0.7197386437632959,0.5885923189201464,0.9120198,0.4989453012450484
VIR,2021,0.0300826753687931,0.6477889618155842,1.0,0.9062610207087848,1.0,0.7255418585800691,0.496888489176838,0.8888344,0.5180658244365844
VIR,2022,0.2658050750628951,0.6477889618155842,1.0,0.9089867020133172,1.0,0.7242538642072641,0.4910527069749513,0.8100617999999999,0.5045952611391231
VIR,2023,0.1382703067765998,0.6026832523044915,1.0,0.9113573522022652,0.0654490669555713,0.7051618070021306,0.3151070509665933,0.4009999999999999,0.7632621643986367
VIR,2024,0.1726407315138794,0.6710604049798976,1.0,0.9139618741044938,0.8234146339922166,0.7616086067521229,0.3915895982121488,0.7039685999999999,0.7027294118100021
VNM,2004,0.7429315342297578,0.6248670522834304,0.8857341895576939,0.2195769736330695,0.5146686670277072,0.260158575346029,0.7463953099194075,0.0764241,0.1798756920452456
VNM,2005,0.7151573193712756,0.6315303921131769,0.951788320985692,0.2579310870508526,0.5046673877940187,0.2693669374891371,0.7199294455464023,0.127399,0.2797398967092211
VNM,2006,0.7083275335733572,0.6492574198420572,0.950526811528223,0.2964131319570953,0.5193491871273649,0.2772338092356544,0.7258255284524421,0.172546,0.2822017353846744
VNM,2007,0.707459446085692,0.7109787731981588,0.9133658742118916,0.3050587793998499,0.8472672986208709,0.2846603940818398,0.7248798264725327,0.207554,0.2851730636224767
VNM,2008,0.727886974998722,0.7034665474485652,0.9224395671385988,0.3066775635571381,0.9128885355600602,0.2899991703432173,0.7059680855864775,0.2392,0.2785080854880964
VNM,2009,0.7136074314024138,0.753965778283554,0.951788320985692,0.3104737309918746,0.7505655336312655,0.295455457931102,0.7101227774650835,0.2655,0.297585831775895
VNM,2010,0.6639243803317763,0.7232399308063849,0.9680707427286704,0.290567432680806,0.6377121117199014,0.3028273463158167,0.6483647295317999,0.3065,0.2388028934620696
VNM,2011,0.676462308315815,0.6952373233376843,0.9878178614776724,0.3066954889247555,0.5641808551015455,0.3101748990565,0.671264765508538,0.3507,0.2009007088129374
VNM,2012,0.6756368928728308,0.6823199877681936,0.9742760009195603,0.3270326030968059,0.5624528936080332,0.3162505895541304,0.6893435633245298,0.368,0.2056548380733718
VNM,2013,0.6615907159740754,0.6883151555800151,0.9816810324873144,0.3377878380556574,0.5550482762728908,0.322380212199482,0.6853714368101032,0.385,0.23695948104341
VNM,2014,0.6566090096067561,0.6954029676013042,0.9902640057882316,0.3418638747106589,0.5404910383381496,0.3296500386794697,0.6814880423327428,0.41,0.2451710227840952
VNM,2015,0.6504392909713338,0.7233565916881828,0.991485247605356,0.360863373601011,0.6049879913160162,0.3376511939986134,0.6667318553950238,0.45,0.2719588846011326
VNM,2016,0.6401029204492064,0.7438451166207669,0.9902640057882316,0.3633363038459657,0.6029695640878309,0.3452197282285117,0.6645320365108499,0.53,0.2856075907172204
VNM,2017,0.6253610679657505,0.7554026992596028,1.0,0.3759116216679752,0.6101669992179375,0.3531510367326448,0.6827801843710875,0.5814,0.2799839708714122
VNM,2018,0.6144470272491019,0.7582600608604417,1.0,0.4022895385702201,0.6093076856499428,0.3619906859321368,0.6987255013121533,0.698479,0.2714994723617762
VNM,2019,0.6049019923927931,0.7641854978105636,0.9927052724399016,0.4074995859436898,0.5977750227118288,0.3708901548510629,0.7022658609022924,0.6866160000000001,0.2776730765064598
VNM,2020,0.6206157228145528,0.7795697148678377,0.9975732503052472,0.4149875871446552,0.5806777499219488,0.3736440301867983,0.7014610400176485,0.703,0.2644039529302666
VNM,2021,0.619700481044941,0.7963419919399166,1.0,0.4402094198305244,0.5621159620835896,0.3760425100754875,0.7101671923090016,0.7421,0.2522935845698558
VNM,2022,0.606681605516242,0.7975922405774506,1.0,0.4071481111820307,0.5657817334002575,0.386842023353623,0.7245007818103382,0.7859,0.2497014699256217
VNM,2023,0.6063364881332572,0.7468941277996659,0.9975732503052472,0.4671747299189692,0.5615253923361184,0.3930380022881475,0.7126935074471311,0.7808,0.2740608856430785
VNM,2024,0.6063702191972545,0.7203012858533475,0.992453982486921,0.4711436288526467,0.5595645813870838,0.4020644034025199,0.7134871109307711,0.8415,0.2754158973655021
VUT,2004,0.7609577697651004,0.5366311996315093,0.0,0.4207809274955615,0.6377872702788626,0.336416778804126,0.0,0.047466,0.5988328093631632
VUT,2005,0.7477625348337866,0.557288942753494,0.0,0.4237381032998946,0.5023740861870889,0.3403993450036507,0.0,0.0508233,0.6148243206681979
VUT,2006,0.7341710173094248,0.5511967015505201,0.0,0.4264151341886794,0.9275768355853848,0.348672781664337,0.0,0.0585059,0.6314278227416554
VUT,2007,0.7338914841576547,0.5582987048554979,0.0,0.4266626169830345,0.7144707172819649,0.3492335153664238,0.0,0.068,0.6112563580080074
VUT,2008,0.723400657352242,0.610199987291163,0.0,0.4269638457135878,0.6992816852778655,0.3535021616129702,0.0274958057026376,0.0726912,0.6006513188620892
VUT,2009,0.7162210430474019,0.6474103603027407,0.0,0.4313218141608786,0.6369803869468421,0.3541594256329913,0.1234894543368386,0.075,0.597089520539661
VUT,2010,0.7179919613197172,0.6568999424224583,0.0129266618238579,0.3599114973655342,0.8963753009068345,0.3525749936733554,0.1894220957134942,0.08,0.6070469014446545
VUT,2011,0.7328025765822797,0.6627867186021917,0.0,0.3849396335368899,0.8004793656222955,0.3539125053930491,0.0704668275564881,0.092,0.6305070927596268
VUT,2012,0.7409473082829424,0.6766869107268578,0.0074853425551577,0.4090210983480753,0.8095436686931379,0.3521823597865511,0.0,0.10598,0.6380561778390114
VUT,2013,0.7399175872403947,0.6732889048381377,0.0,0.4329631546232014,0.7936290262895898,0.3496249425679355,0.0,0.113,0.6320689935386912
VUT,2014,0.7632430980948166,0.6823414215719159,0.141647503026072,0.4529411752926907,0.3956067099468033,0.3500675658428432,0.0,0.188,0.613736413698701
VUT,2015,0.7407964117835866,0.6640928246132718,0.2174501123621225,0.4764352505405035,0.5497678615013867,0.3524794847932876,0.1044056241795509,0.223514,0.6006283934019871
VUT,2016,0.7335589976000624,0.655317020870459,0.3376826263784339,0.5012356060569502,0.6414800359770091,0.3542034772663956,0.0924162463251818,0.24,0.6211385074421466
VUT,2017,0.7383182819284897,0.6461876626726445,0.4375989616308172,0.5226750163327893,0.5666798849825812,0.3570853174315566,0.0785487388178056,0.308,0.5944782662576505
VUT,2018,0.7367002586990373,0.6353853904653891,0.4143521590241509,0.5432476008968353,0.5514141948313891,0.3577579630159074,0.0751101403851839,0.3398899999999999,0.5789172906308306
VUT,2019,0.735636779648782,0.6262767657899706,0.4697941841058011,0.5638492338514653,0.651277848299272,0.3590048859008127,0.0470057169600192,0.375081,0.6138271835764734
VUT,2020,0.7537747626000723,0.6305669358632311,0.5210427048635704,0.5417490388106643,0.5785613341340413,0.348196974963853,0.0835322567497439,0.4139159999999999,0.5887426862459636
VUT,2021,0.7656166512508971,0.6333160091386073,0.5685087502820465,0.533806124678249,0.578850250986957,0.3425624655022575,0.0253706000507257,0.456772,0.6415160418350618
VUT,2022,0.7677099132027706,0.6109814940713791,0.5957922151845957,0.5406721162398501,0.349993063345076,0.3465334358745277,0.0,0.456747,0.5678714044490547
VUT,2023,0.7301014621398647,0.6039075508651789,0.4143521590241509,0.5437114088674859,0.3380773823904083,0.3461667612503097,0.3418494348346848,0.4573129999999999,0.5071769124535945
VUT,2024,0.6796886037571367,0.6154175018134829,0.8213524502716438,0.5478689705978638,0.4520334593798609,0.3442284902577769,0.1244101618951128,0.14369238,0.6554461622119522
WLD,2004,0.3479407175972493,0.7966058783963653,0.7291097045416075,0.5016513748245105,0.4285066394837592,0.5089064074718433,0.5454039638004299,0.267,0.6499950510623576
WLD,2005,0.340934595627022,0.7982137250443343,0.7403880106153107,0.508239770055389,0.4958925790255498,0.5128298926846436,0.5543800748294677,0.156,0.6430025198790041
WLD,2006,0.3394169895701663,0.8028743311399487,0.7501214208042207,0.5163579362908094,0.5584248963369403,0.5173403141046918,0.563489545801131,0.172,0.6333619203568485
WLD,2007,0.3493508823289056,0.8032227930164905,0.7592700101156172,0.5211431597762837,0.627454272631627,0.5217791951274883,0.5645807708035622,0.2019999999999999,0.6280663717945598
WLD,2008,0.3580436068419859,0.7883683114594372,0.7695119677293398,0.5279923752776206,0.5263480406485006,0.5229452904422293,0.5703240916966714,0.228,0.6231412037605188
WLD,2009,0.363968781923047,0.7970189433496747,0.7724007233678941,0.5358358458898449,0.4419869580657626,0.5192009614448619,0.5427992795366473,0.253,0.6503007952299211
WLD,2010,0.3744906566939928,0.7870786374088573,0.7808576418657107,0.5405811255556013,0.4601294641167115,0.5238572932869904,0.5599191318389912,0.284,0.6316180899179533
WLD,2011,0.3812851017700395,0.7780050130500511,0.7961166673910651,0.5483936874888193,0.4895306897575145,0.5268555351006746,0.5697409992118705,0.309,0.6197911508447723
WLD,2012,0.382929118065148,0.7796984169929901,0.8022588742084503,0.5541050768616375,0.4568572880560758,0.5289388513151537,0.5693544052848956,0.3329999999999999,0.621973658197091
WLD,2013,0.3895557518504974,0.783930191098366,0.8132419455197059,0.5653931383910321,0.4565892925158666,0.5312833566467968,0.5641199240846756,0.353,0.6250034199277518
WLD,2014,0.3887716971253995,0.7866519543214355,0.8200692722824442,0.5767994389111786,0.4412295859791627,0.5340102091482207,0.5604541340013915,0.374,0.6290976034639307
WLD,2015,0.3902847087560764,0.7949404373646961,0.8302543181581127,0.5877249245334669,0.5197124247234555,0.5367419150146547,0.5442524173708148,0.399,0.6461846932084905
WLD,2016,0.3875055803626903,0.7983153054835376,0.8465824994941562,0.5943300454162904,0.51399963757391,0.5390501652691208,0.5340451965496336,0.436,0.6548594638514541
WLD,2017,0.3858568687570255,0.7999437937884484,0.8578969270254327,0.6003083449196461,0.461413916818748,0.5423340963963869,0.5431326964646224,0.4629999999999999,0.6480364574445178
WLD,2018,0.3778655350698308,0.7987468596453846,0.8696248449039625,0.6070838059483773,0.3643556251000143,0.5454419193085552,0.5517708598262573,0.494,0.6444912111332723
WLD,2019,0.384271428379115,0.8070486016632031,0.8738112007041746,0.6133866787339681,0.424810231547494,0.5477641765760969,0.5413538305699636,0.539,0.6530489470257554
WLD,2020,0.3998644330840527,0.8338250041338112,0.8776657423811639,0.6052146920124253,0.371473808164828,0.5420687639936924,0.5299990901763797,0.601,0.66110135151239
WLD,2021,0.3962620126589797,0.8292236011291614,0.8901743964803195,0.6060057537366761,0.4493162776712106,0.5498810425654305,0.5512730429675737,0.638,0.6431553515903272
WLD,2022,0.3944995142806408,0.822171133863075,0.8895648972698382,0.605280753720052,0.4057797018956138,0.5534787916299321,0.5533924237448088,0.67,0.6183916822173949
WLD,2023,0.3870090025435011,0.8258602965994282,0.8936819217758903,0.6103885914835562,0.3403269555998964,0.556349331047194,0.5352282894779264,0.6920000000000001,0.629643823143415
WLD,2024,0.3833581265178283,0.8364598958984776,0.9566493638091458,0.6152279529355574,0.3714815592123914,0.5590664223696097,0.5229764472625945,0.7120000000000001,0.6404574519051769
WSM,2004,0.6040769113996993,0.5568087960470786,0.8790622666688919,0.539786877249628,0.3236186562043927,0.3835178613543114,0.6383243223147834,0.0307553,0.5405520495488665
WSM,2005,0.6176492757574489,0.5568087960470786,0.8870642220841037,0.5562850928491053,0.3353920333122367,0.3922795049126043,0.6259669339260856,0.0335259,0.5413595144169588
WSM,2006,0.5895228848029354,0.5466355860732488,0.9555650689271988,0.5739292653577754,0.5694737115621351,0.3947749275032252,0.6222850652814154,0.0446917,0.5673351807728605
WSM,2007,0.5830495790887699,0.6273665860304771,0.9055345373591228,0.5980886501395125,0.3614261030016409,0.3946735826575368,0.6204286484642606,0.0474998,0.5730748374546591
WSM,2008,0.5696997175100523,0.6188880332393921,0.976749324629734,0.6127615107668255,0.7497754649868682,0.3987073812676526,0.6106444951509093,0.0503162,0.5891128644470792
WSM,2009,0.5944725658256721,0.6182704946307471,0.9742760009195603,0.6273141310341558,0.3862833500457395,0.3968497753338226,0.4584359751642822,0.06,0.6852325775815568
WSM,2010,0.5721138627661797,0.6371811822556571,0.9555650689271988,0.6434198656719511,0.2872396121410821,0.4043369326451861,0.2552393567745107,0.07,0.6937262416802147
WSM,2011,0.5402688169004409,0.6428875594427275,0.9593302020437828,0.6570824652446641,0.4168876887172809,0.4085530186771026,0.286323571477343,0.11,0.7247072001575678
WSM,2012,0.5461030434984044,0.6484379356384586,0.960582677672353,0.6621029656046153,0.4597085666466179,0.4017087134318829,0.3025683519016231,0.129225,0.703196313767238
WSM,2013,0.5549207276990253,0.657667226696432,0.9630837915557962,0.664655786306504,0.3965342466995802,0.4005629460849121,0.2670647483416579,0.153,0.6953195031858841
WSM,2014,0.5457879109609979,0.6740355928619021,0.9742760009195603,0.6729593474419138,0.4706761308610021,0.4002284130935515,0.2690503893751491,0.212,0.6840577469978388
WSM,2015,0.5296356048122269,0.6717219375866679,0.977984115274144,0.6765620400249966,0.4961825449620543,0.404450874620805,0.2461943054562341,0.25407,0.7101397971760043
WSM,2016,0.5376929244189673,0.6826503331302944,0.9865929541017062,0.6778507423322475,0.3034592821065017,0.4143686231448974,0.2431291162944475,0.317,0.6879826156223996
WSM,2017,0.5670413937629841,0.6885799788060374,0.960582677672353,0.6817688059732652,0.3517993971998605,0.415035288053836,0.2007949731769333,0.394,0.6801601103370953
WSM,2018,0.5498218980843252,0.699784649621302,0.9975732503052472,0.6888876029821981,0.4078422669934538,0.4126248208816164,0.1450443633690159,0.431336,0.7128797848904861
WSM,2019,0.5488067043311822,0.7045195401682931,0.9902640057882316,0.6907003456062089,0.268489291369116,0.4174174177097139,0.1545763978067811,0.472211,0.7052812198643084
WSM,2020,0.5587865544355174,0.7146154018170215,1.0,0.6822511195848185,0.3171724410690453,0.4113448780067733,0.1204158100186822,0.5169590000000001,0.7112224852223256
WSM,2021,0.5618283953277776,0.7344652626522236,0.979217661796788,0.6808175788110754,0.3517627887891531,0.4025833036012384,0.1238413275658419,0.5659470000000001,0.7191319728977384
WSM,2022,0.5546848615958339,0.7196284888679405,0.979217661796788,0.6852847993041489,0.3191410398676758,0.4048340382048888,0.10874182732715,0.573288,0.7458801136471969
WSM,2023,0.5658691661809272,0.6780463391185697,1.0,0.6880747278027811,0.2989433639284444,0.4244697876169089,0.0743787445568367,0.581386,0.7275604368601756
WSM,2024,0.5645682747335368,0.6647189253935055,0.9909882546603564,0.6905761817051842,0.3047281234271586,0.4302970696360547,0.0971626862619306,0.5863308,0.7101885927100896
XKX,2004,0.4832602086474102,0.5350240562334468,0.7377509084852749,0.6173821895359558,0.521044970375395,0.4600931523874124,0.4981522257440442,0.433764261627434,0.4979430980515284
XKX,2005,0.4832602086474102,0.5350240562334468,0.7377509084852749,0.6173821895359558,0.521044970375395,0.4600931523874124,0.4981522257440442,0.433764261627434,0.4979430980515284
XKX,2006,0.4832602086474102,0.5350240562334468,0.7377509084852749,0.6173821895359558,0.521044970375395,0.4600931523874124,0.4981522257440442,0.433764261627434,0.4979430980515284
XKX,2007,0.4832602086474102,0.5350240562334468,0.7377509084852749,0.6173821895359558,0.521044970375395,0.4600931523874124,0.4981522257440442,0.433764261627434,0.4979430980515284
XKX,2008,0.5949346145420767,0.5146027774428545,0.7993059222201728,0.4824169749376776,0.9672062651194212,0.3357261576648817,0.5494836487379712,0.5819604,0.3277387182279457
XKX,2009,0.5284095703624265,0.5304098925978107,0.7932198334471066,0.6445668351435795,0.8070929651118197,0.3433526220939863,0.5664769881850968,0.0450256,0.36324885037323
XKX,2010,0.5569783650669136,0.5302930604730651,0.6621154702033916,0.698940928334981,0.8808120478153003,0.3508303932416187,0.5494435066131171,0.06031952,0.3450991261528645
XKX,2011,0.5246902063190254,0.5290445423446416,0.6509507159784477,0.6445668351435795,0.8333903036645873,0.3594631759057035,0.5580123798549081,0.0517830999999999,0.3353967032768646
XKX,2012,0.5060391003404092,0.5256202106012995,0.7952200185155394,0.5540482666515764,0.593491913745176,0.3607028982432049,0.5578984747508483,0.38068544,0.3586408281587657
XKX,2013,0.5323730537993555,0.5183778516328276,0.7971200388852573,0.580566328038473,0.6429730058790597,0.3673732109702975,0.5521006072331017,0.1353182,0.362926406628958
XKX,2014,0.5289890592170804,0.5202949509278909,0.6248304262960817,0.6385749300674604,0.4679048831955298,0.3725794006291011,0.539790536101946,0.3647872,0.3675411292390195
XKX,2015,0.5124930986726379,0.5220171125207554,0.7971200388852573,0.580566328038473,0.6389397890680738,0.3828963755899123,0.5476530539447845,0.4624732,0.3599481494853518
XKX,2016,0.5257051507581351,0.5318275312566468,0.6648259718206682,0.6786733882940215,0.5214346754151395,0.3916363988749146,0.5460980286530449,0.4062732,0.3335225320680186
XKX,2017,0.5049995747082195,0.5470000533389844,0.9929393324258716,0.6492792744300039,0.5439812519976852,0.3973817948958834,0.5582410319587101,0.8389360000000001,0.336104012945818
XKX,2018,0.4787177607254341,0.561712831225895,0.990502904721406,0.6743937247308329,0.5471419632997498,0.4017525378558807,0.5650246414176181,0.89443,0.3516021610290132
XKX,2019,0.5001279772144256,0.5727071582344855,0.9929393324258716,0.5850588255846465,0.5188770022482796,0.4091600429418821,0.5503036668495584,0.5264532000000001,0.3560680890520487
XKX,2020,0.5036713118707223,0.5955817139516499,0.798224349955657,0.5310992919251356,0.6168136526397636,0.4010931203925002,0.5587945981049826,0.4044532,0.378576958348582
XKX,2021,0.4908211851880347,0.591878493992094,0.798224349955657,0.583518030671275,0.6303379752427258,0.4162361212976128,0.5568329414964123,0.4798532000000001,0.3453682285374435
XKX,2022,0.5045421814846422,0.6006197738818466,0.796273272190142,0.6256774175610389,0.8156290493939284,0.4237849481017851,0.553133474905449,0.20327122,0.3417249448405488
XKX,2023,0.4996002177993353,0.611021214476261,0.7957840433280303,0.6336786562268651,0.8489229902531255,0.4367587505329052,0.5365945972376497,0.3315702000000001,0.3585392771052548
XKX,2024,0.5029057635663654,0.6335365540857052,0.9904990257982448,0.6889274944380057,0.7837532470797804,0.4510731580406807,0.5263382635898168,0.31562142,0.341692001385602
YEM,2004,0.6163869390158431,0.1642425924264792,0.1538054462376777,0.6106975346896301,0.3514009754592627,0.3137286356446228,0.8329119637731589,0.00881223,0.1276984051306695
YEM,2005,0.591646829956077,0.15782482907588552,0.2735687729678149,0.6228730905090307,0.1665319369610431,0.3171301667738678,0.8705123479408053,0.010486,0.0671128098741511
YEM,2006,0.5838779172524279,0.1570629099563405,0.2953152562578479,0.6354975636207659,0.6667090562424793,0.3169423258246752,0.8747360720730964,0.0124782,0.0658643369418455
YEM,2007,0.577973447862942,0.19153473237176635,0.3251256463508609,0.6450899979649684,0.5597537242880883,0.3170077639178471,0.878056377460263,0.0501,0.0643321415342899
YEM,2008,0.5732829816464918,0.1791327394521778,0.3501121221740851,0.6529861529994309,0.6599838790904875,0.3175450450541069,0.8806210928751119,0.0689,0.0631403101454042
YEM,2009,0.5694664009147484,0.17994370598528023,0.3745988348226369,0.659361911030893,0.3174798049445705,0.3184104432063374,0.8826619865987074,0.0996,0.0621861943706148
YEM,2010,0.5662998866641673,0.13805570912270362,0.3986053847745148,0.668134620340798,0.3237428837600835,0.324621481416791,0.8843246135865156,0.1235,0.0614053456618409
YEM,2011,0.5636301671605813,0.09563882485026781,0.4221502415672862,0.6705531328962152,0.1810428437085244,0.3004650460145873,0.8857052254513975,0.14905,0.0607544947072038
YEM,2012,0.686356100914719,0.07890326435338141,0.2197449486856611,0.6754728086627656,0.2814033340110944,0.2994887145162902,0.740648731303799,0.174465,0.2088360982732948
YEM,2013,0.6953899386538615,0.11634661698993341,0.661453784641567,0.6796072690351883,0.2625123782448837,0.3019046894439775,0.7310930843927801,0.2,0.2101597997299175
YEM,2014,0.695282578710951,0.30919013745179963,0.4993411945020403,0.68417894017756,0.2489275846745112,0.2971788907502847,0.7424009431689198,0.2255,0.1902194243556481
YEM,2015,0.7255683557405138,0.3421874773865887,0.5228339192579227,0.6872307629955813,0.2816528449819346,0.2451226366264448,0.6608904019121256,0.240854,0.2664300522670154
YEM,2016,0.7750003708183811,0.2634870651203132,0.549392332063943,0.6899093556424574,0.1674429494490841,0.2264894015754447,0.5282306179990678,0.245792,0.3286345687823309
YEM,2017,0.7915072761570328,0.27820794288166667,0.7176812849471429,0.6932270262455498,0.2185951424330069,0.2145716327572967,0.5286445015826317,0.267184,0.2909242281085571
YEM,2018,0.8062560333960529,0.3334216854368716,0.4221502415672862,0.6977164519013414,0.1990504431423655,0.211365419794493,0.5194213533372694,0.297182,0.2639992320180279
YEM,2019,0.5852971394947388,0.4155486762676513,0.6158630715755059,0.7012634234142381,0.5573018897300314,0.4004964625478243,0.3846098710899828,0.4616719999999999,0.5526559548781086
YEM,2020,0.5497182132263315,0.5433200975398761,0.6339767080005975,0.6823685928422851,0.4783538785168678,0.4348735026920666,0.5545382193552406,0.138152,0.4395460535981177
YEM,2021,0.6379869129063056,0.5360820743838219,0.6502142778466726,0.6764156340808319,0.3815129636337965,0.3618527136853752,0.3794077701150803,0.4808854,0.5498709080840436
YEM,2022,0.5164618429418742,0.4341891984462706,0.6678303345777977,0.6811219007635503,0.4012812773563968,0.4183178808259379,0.4641724025489966,0.4725466,0.5466631588548325
YEM,2023,0.5831168062528638,0.4700120021269033,0.783071791642467,0.6858103701161616,0.4931589735321003,0.4647468486705998,0.3723478850560915,0.4984809999999999,0.5161700734681162
YEM,2024,0.3968165910589993,0.5829635894228368,0.9672613660519108,0.6901808046974793,0.5714555199718142,0.5154937196353165,0.7738341126224744,0.5380556000000001,0.3569705515759806
ZAF,2004,0.2899051702670349,0.7741346321441128,0.7388686214775774,0.7819325018919817,0.3018658175461007,0.4391454417338997,0.5358069894272371,0.0842512,0.6184428230723668
ZAF,2005,0.2659110505543055,0.7926178208100493,0.7418656727175902,0.8003805227646289,0.4309591176862078,0.4451393534924323,0.5303714414613221,0.0748854,0.6200707942774967
ZAF,2006,0.2632575362970573,0.8220610742678125,0.7403680641881564,0.8022093703879347,0.2973704868654244,0.4515698493883026,0.5079983825377807,0.0760714,0.632049825415503
ZAF,2007,0.2859728351562581,0.8276382766610114,0.7596955240568131,0.8045409040430793,0.4127198181171202,0.4576171967896342,0.5165425554363865,0.0806538,0.6216178757552515
ZAF,2008,0.3008850758748295,0.7994122595838635,0.7582195807555132,0.8066655278030449,0.4875164501006954,0.4605026528077792,0.5476223551932335,0.0843,0.6043044092330001
ZAF,2009,0.2890495654512953,0.7903754753571716,0.7685140122684332,0.8164090052425995,0.4344965864302368,0.4565201782764484,0.5251943041064852,0.1,0.6339504884989395
ZAF,2010,0.2676567769101855,0.79599256553021,0.771439449311864,0.823378648471655,0.3416102959859303,0.4591493861295471,0.5167146131559164,0.24,0.64278734075402
ZAF,2011,0.2627032861418815,0.7863138737064373,0.783071791642467,0.8300681785473049,0.3428127611646483,0.4618824331533585,0.5076099459520867,0.3397,0.6437077422431986
ZAF,2012,0.2573813789262043,0.7979710149634331,0.8060100705009462,0.8342888439523918,0.3533258034276371,0.4631787706733069,0.5002134772553976,0.41,0.6431896409523493
ZAF,2013,0.2533534813140236,0.8013609224062215,0.8060100705009462,0.8324585931841126,0.4176673861160873,0.4643434000970837,0.5018808456431546,0.465,0.6397345706446533
ZAF,2014,0.2690308987966085,0.8046085331956615,0.8159119889959446,0.8362387287106885,0.3828983347438381,0.4639696409567558,0.4969222921189273,0.49,0.6391551373486655
ZAF,2015,0.2771475551481052,0.8016752157412664,0.8074295429152051,0.8242657154794625,0.3125737689778604,0.4629584865308292,0.4852053560399685,0.519191,0.6404084330800421
ZAF,2016,0.2900777367273061,0.7964853035254797,0.7874055831417844,0.8289456032469055,0.3285753515827534,0.4625547603592891,0.4862433111496509,0.54,0.6377951436902678
ZAF,2017,0.2955741091073691,0.8013627507733705,0.7945946514800386,0.8315171802557375,0.3191427931153592,0.4632767567006352,0.482680670502097,0.561674,0.6435459319267554
ZAF,2018,0.2791099934965027,0.7851731688514272,0.7988879164996509,0.8341635534887523,0.3734594199884212,0.4630770769187357,0.4811505837648247,0.624,0.642483429706463
ZAF,2019,0.2552581039168404,0.7828440774965341,0.8031661788153401,0.8404793457067194,0.369540734600849,0.4610597007453968,0.4829188161902461,0.6969690000000001,0.6437779236062244
ZAF,2020,0.3012967076164933,0.7663465467237793,0.8723537851160632,0.8480378441046432,0.3447451241449037,0.4494639431202115,0.4770134931318439,0.721128,0.6473842360375828
ZAF,2021,0.2931094436576865,0.7303336673978928,0.8628997240823172,0.8507974466203555,0.9140561414180536,0.4541137239480627,0.5088184442691848,0.749686,0.6214772350294079
ZAF,2022,0.3030965052460606,0.7263018531140216,0.8243360691598521,0.8482084001255146,0.431537287722655,0.4550183153307675,0.5104242889387743,0.754556,0.6147949049495287
ZAF,2023,0.2983811685998438,0.7232888552933926,0.8410123063786304,0.8529686476118037,0.3499296392907919,0.4542560194853534,0.5021255301257154,0.756592,0.6211396208299914
ZAF,2024,0.3163080876694657,0.7778317344114576,0.8797296527911596,0.8515220216497646,0.3218252315624955,0.4532167064449229,0.4970283974501553,0.6238788,0.624959392793937
ZMB,2004,0.6669032595013646,0.21211487164987056,0.0,0.0,0.664847044587086,0.1842854958623866,0.5242953414674529,0.011,0.3999605146772905
ZMB,2005,0.6521868012337105,0.23725938191423065,0.0,0.0,0.56282445386286,0.1896273026845025,0.5459363517468142,0.013,0.4026192340327335
ZMB,2006,0.6300459726904234,0.21184709114097686,0.0,0.0,0.5981690061102454,0.1956625631308097,0.6072586003710466,0.016,0.3763139823686217
ZMB,2007,0.6108164018724654,0.5172593380512568,0.0,0.0,0.896948738283391,0.2021798173804397,0.6313458461199019,0.019,0.375187936930139
ZMB,2008,0.598656067132061,0.33154985200313486,0.0,0.0,0.6250716073408777,0.2078644788687996,0.6168552904316641,0.022,0.4039165165746805
ZMB,2009,0.6005399642197596,0.24179506648573523,0.0,0.0426919714900276,0.5790128689135794,0.2155230790967991,0.604453939531398,0.025,0.4481294887795002
ZMB,2010,0.5561586161292796,0.4209437981974625,0.0,0.1208889818181739,0.8393587320202056,0.22471805309893,0.6364385051257527,0.03,0.4692698490670188
ZMB,2011,0.5612995145466725,0.3002930866091704,0.0,0.1933046037889021,0.5915330156914801,0.2277558023204605,0.6693037026334799,0.035,0.4279288157338591
ZMB,2012,0.5538754101153015,0.33212172917910393,0.0,0.268462583918348,0.7258717852884752,0.2336736025967242,0.6329130650643123,0.0409999999999999,0.4757087049842181
ZMB,2013,0.5271308203195828,0.3315437809541039,0.0,0.2671789129216934,0.7714239094823774,0.23618452704626,0.6413026240371681,0.048,0.4747804355821691
ZMB,2014,0.4864566418141667,0.34840896086202977,0.0,0.2704517276487553,0.6455664896093839,0.2382359156252506,0.6471795236354512,0.065,0.480975760979592
ZMB,2015,0.4237576921694672,0.3803505277832278,0.0,0.2767167738706785,0.7686965261629791,0.2378854866399858,0.6578158169586318,0.088,0.5245143386297573
ZMB,2016,0.468936083024683,0.32632631403365764,0.0,0.281190907067398,0.4898367755469636,0.2387445038172079,0.6755140218252553,0.103,0.4919474385871065
ZMB,2017,0.3822006776309832,0.31865384695055476,0.0,0.2857523630757221,0.5625946562850914,0.2393212038563062,0.709000202490827,0.122,0.4572975593552302
ZMB,2018,0.3473519516854411,0.319636999750303,0.0,0.3041032666405871,0.3850454066627139,0.2406980488714124,0.6698957177541417,0.143,0.4929564438297067
ZMB,2019,0.3193900648392129,0.32890301880173883,0.0,0.3664274760919174,0.4370180559311809,0.2384778977582967,0.6764374205885675,0.187,0.4987768103019948
ZMB,2020,0.3262005175663366,0.32237140978806605,0.0264250876489277,0.3418447529830909,0.3720025853380628,0.2301685589911649,0.7462579862862619,0.245,0.483826655070137
ZMB,2021,0.3278922228223536,0.26026510465578523,0.0815473475392119,0.3379938030204596,0.4001282484226978,0.234857763966268,0.7661600001212074,0.325,0.4375113658219025
ZMB,2022,0.3333771467465555,0.28869919494658947,0.1094599410356984,0.3784863895155669,0.2694895490002218,0.2382175608836488,0.6812801479369189,0.15,0.513685456870637
ZMB,2023,0.2768629214237204,0.4060947452646443,0.1895712268268369,0.3766245201070251,0.4353086932385965,0.2417492013070795,0.6787919332825282,0.33,0.5338251772824482
ZMB,2024,0.3177124438352589,0.00468081769332369,0.0,0.3865110933038563,0.8908485734939613,0.2431084454074757,0.6807548298363824,0.0567424599999999,0.539577448571889
ZWE,2004,0.700178915619786,0.34789456062086205,0.0,0.1948288823038818,0.293768648709487,0.2225108986092719,0.498478419564654,0.021,0.4182036335147606
ZWE,2005,0.6884539543604687,0.31927200436661124,0.0,0.1593444917201129,0.4002054432882471,0.2126099706788328,0.5390897410758783,0.024,0.3976569820113225
ZWE,2006,0.7143533763999477,0.31083302676571567,0.0,0.1282743984768226,0.3318143894202857,0.2057343320469528,0.6114000526020235,0.024,0.3272326386849891
ZWE,2007,0.7364439086716321,0.3100919578035716,0.0,0.1094544283772523,0.3687084623612809,0.1984263525833259,0.6398514739092243,0.03,0.3184393444208424
ZWE,2008,0.711831262992475,0.24820877545181655,0.0,0.0823763492103279,0.3600307555216424,0.1684896917336474,0.6086764539629478,0.035,0.395184409980732
ZWE,2009,0.5846538958363452,0.16414489407709712,0.0,0.1297731773433536,0.3546811377972443,0.184518524424721,0.4357609601524962,0.04,0.5037990827872277
ZWE,2010,0.5604384983346864,0.29792967383897734,0.0,0.1814753072048548,0.3502400000905059,0.208225042323164,0.4181655142422136,0.064,0.5494630891957812
ZWE,2011,0.5382376267781804,0.3714722541890296,0.0,0.1858745193024731,0.4428340517362625,0.2249038671023772,0.4417929416727938,0.084,0.5504287067868101
ZWE,2012,0.5223796097011504,0.3845028547411827,0.0102090251471446,0.2069380954945533,0.4169852021801666,0.244907210625387,0.5172438154899933,0.12,0.5065175544060393
ZWE,2013,0.497401600421486,0.36854121708425364,0.0,0.1973435456083665,0.4111258179687465,0.2457224662270148,0.4866059953587446,0.155,0.5569701554154548
ZWE,2014,0.5401665996788114,0.37408599209714755,0.0,0.1966358062998241,0.4417696975079451,0.247140359021221,0.4849289896885467,0.163647,0.545777971638763
ZWE,2015,0.5286329810540373,0.36360721516368333,0.0,0.2032856782945356,0.4140940084533852,0.2477557473027126,0.4559713501325954,0.227428,0.5618718257775136
ZWE,2016,0.5178304691163447,0.34854162807271716,0.0,0.2039426549006521,0.3926009707017699,0.2468342793380672,0.4506145959096006,0.2312,0.5879644438184808
ZWE,2017,0.500394437485335,0.12231397237833541,0.0102090251471446,0.2081335228234007,0.3231929695170561,0.2514513222826787,0.6329919025371691,0.244,0.5042490180374246
ZWE,2018,0.5024474366830637,0.12299993809907782,0.0477177081644762,0.2219458930299821,0.3629090707104698,0.256384920114319,0.617608912747789,0.25,0.5208065747548152
ZWE,2019,0.7521393509648773,0.022686200078518293,0.0815473475392119,0.2210109726644296,0.3327313742282632,0.2446273771571759,0.7308439929926563,0.265883,0.1017247841419114
ZWE,2020,0.7326705169682395,0.03361554471872329,0.2266037611350633,0.2791980160433011,0.314639812506884,0.2304143910640316,0.7491797328742048,0.292986,0.1077485139331863
ZWE,2021,0.7395406115414153,0.0835352344531365,0.1392013587155129,0.3544507137552635,0.3214538189081766,0.2397010433085752,0.7037951625320079,0.370967,0.1728099824089794
ZWE,2022,0.6872939671566369,0.12286624025917742,0.1658438403823882,0.3812660546771331,0.3377933351185426,0.2458686652512819,0.8187845685636236,0.378861,0.0
ZWE,2023,0.5994372938304192,0.14396046061197743,0.4221502415672862,0.3594026877335416,0.3936360789345531,0.2509971982072659,0.6518515049968565,0.384266,0.4134442295169864
ZWE,2024,0.5387796216222347,0.11126284631128341,0.0,0.3637362525312957,0.3569402467219911,0.2509201824570567,0.6771575782186621,0.12677566,0.4317598086897947
